MIGPUMA,Total number of jobs,Number of jobs for workers age 29 or younger,Number of jobs for workers age 30 to 54,Number of jobs for workers age 55 or older,Number of jobs with earnings $1250/month or less,Number of jobs with earnings $1251/month to $3333/month,Number of jobs with earnings greater than $3333/month,"Number of jobs in NAICS sector 11 (Agriculture, Forestry, Fishing and Hunting)","Number of jobs in NAICS sector 21 (Mining, Quarrying, and Oil and Gas Extraction)",Number of jobs in NAICS sector 22 (Utilities),Number of jobs in NAICS sector 23 (Construction),Number of jobs in NAICS sector 31-33 (Manufacturing),Number of jobs in NAICS sector 42 (Wholesale Trade),Number of jobs in NAICS sector 44-45 (Retail Trade),Number of jobs in NAICS sector 48-49 (Transportation and Warehousing),Number of jobs in NAICS sector 51 (Information),Number of jobs in NAICS sector 52 (Finance and Insurance),Number of jobs in NAICS sector 53 (Real Estate and Rental and Leasing),"Number of jobs in NAICS sector 54 (Professional, Scientific, and Technical Services)",Number of jobs in NAICS sector 55 (Management of Companies and Enterprises),Number of jobs in NAICS sector 56 (Administrative and Support and Waste Management and Remediation Services),Number of jobs in NAICS sector 61 (Educational Services),Number of jobs in NAICS sector 62 (Health Care and Social Assistance),"Number of jobs in NAICS sector 71 (Arts, Entertainment, and Recreation)",Number of jobs in NAICS sector 72 (Accommodation and Food Services),Number of jobs in NAICS sector 81 (Other Services [except Public Administration]),Number of jobs in NAICS sector 92 (Public Administration),Number of jobs for workers with Educational Attainment: Less than high school,"Number of jobs for workers with Educational Attainment: High school or equivalent, no college",Number of jobs for workers with Educational Attainment: Some college or Associate degree,Number of jobs for workers with Educational Attainment: Bachelor's degree or advanced degree,Proportion of jobs for ages 29 and younger,Proportion of jobs for ages 30 to 54,Proportion of jobs for ages 55 and older,Proportion of jobs paying 1250 a month or less,Proportion of jobs paying 1251 to 3333 a month or less,Proportion of jobs paying more than 3333 a month,Proportion of agriculture jobs,Proportion of extraction jobs,Proportion of utilities jobs,Proportion of construction jobs,Proportion of manufacturing jobs,Proportion of wholesale trade jobs,Proportion of retail trade jobs,Proportion of transportation jobs,Proportion of information jobs,Proportion of finance jobs,Proportion of real estate jobs,Proportion of professional jobs,Proportion of management jobs,Proportion of support/administrative jobs,Proportion of educational jobs,Proportion of health jobs,Proportion of entertainment jobs,Proportion of hospitality jobs,Proportion of other services jobs,Proportion of public administration jobs,Proportion of jobs with less than high school education,"Proportion of jobs with high school education, no college",Proportion of jobs with some college or associate degree,Proportion of jobs with bachelor's degree or advanced degree
0100190,98529,25250,51644,21635,25062,41438,32029,779,432,1269,4032,21656,3399,13693,2146,698,3255,901,2028,565,3573,8608,14647,625,9351,1962,4910,9455,24292,24304,15228,0.2562697276943844,0.52415025018015,0.2195800221254656,0.25436166001887767,0.42056653371088715,0.3250718062702352,0.007906301697977245,0.004384495935206893,0.01287945680967025,0.04092196206193101,0.21979315734453816,0.03449745760131535,0.13897431213145367,0.021780389529986094,0.007084208710125953,0.033035958956246385,0.00914451582782734,0.02058277258472125,0.005734352322666423,0.03626343513077368,0.08736514122745588,0.14865674065503556,0.006343310091445158,0.09490606826416588,0.01991291903906464,0.04983304407839316,0.12902741576713656,0.331500156934456,0.33166391462765593,0.2078085126707515
0100290,245485,59460,132801,53224,57826,83060,104599,861,148,1392,9340,36580,7110,30755,4344,3246,4743,2830,34900,1226,20043,17766,30295,2984,22751,4707,9464,21545,52341,59277,52862,0.2422143919180398,0.5409739902641709,0.21681161781778927,0.23555818074424098,0.33835061205368966,0.4260912072020694,0.0035073426074912926,0.0006028881601727193,0.005670407560543414,0.03804713118927837,0.14901114121025724,0.02896307310018942,0.12528260382508097,0.017695582214799273,0.013222803837301669,0.01932093610607573,0.011528199278978348,0.14216754587856692,0.004994195164674013,0.0816465364482555,0.07237102063262521,0.12340876224616576,0.012155528851049962,0.09267776035195634,0.019174287634682364,0.03855225370185551,0.11581776642924338,0.2813654078752856,0.31865071898938313,0.2841661067060879
0100400,36988,8958,20085,7945,8844,17100,11044,335,21,456,1219,12229,1297,4595,1422,244,775,281,648,87,870,3299,3988,119,2856,477,1770,3995,10033,9017,4985,0.24218665513139395,0.5430139504704229,0.21479939439818319,0.2391045744565805,0.46231210122201793,0.29858332432140156,0.009056991456688656,0.0005677517032551098,0.012328322699253812,0.032956634584189466,0.33062074186222556,0.035065426624851306,0.12422947983129663,0.03844490104898886,0.0065967340759165135,0.02095274142965286,0.0075970585054612304,0.017519195414729103,0.0023521141991997407,0.023521141991997403,0.08919108900183843,0.10781875202768465,0.0032172596517789556,0.07721423164269493,0.012896074402508922,0.04785335784578782,0.14252586514448806,0.3579379236532287,0.32169104530859793,0.17784516589368535
0100600,54389,12461,30161,11767,12460,19939,21990,220,82,435,3405,13467,2161,6405,1569,280,1446,401,1670,806,3643,3884,6261,324,4793,1075,2062,5395,13647,13970,8916,0.22910882715254924,0.5545422787696042,0.21634889407784663,0.2290904410818364,0.3665998639430767,0.4043096949750869,0.004044935556822151,0.0015076577984518928,0.007997940760080164,0.06260457077717921,0.24760521428965415,0.03973229881042122,0.1177627829156631,0.02884774494842707,0.005148099799591829,0.026586258250749232,0.007372814355844012,0.030704738090422696,0.014819172994539337,0.06698045560683226,0.0714114986486238,0.11511518873301586,0.0059570869109562595,0.08812443692658442,0.019765026016290058,0.03791207780985126,0.1286729631749666,0.32548654836863194,0.33319023087197097,0.21265025758443046
0100700,36722,9555,19259,7908,8776,16409,11537,418,6,270,1515,8704,1301,4707,2771,274,877,264,732,238,1341,2961,4641,198,3053,652,1799,3442,9382,9094,5249,0.2601982462828822,0.5244540057731061,0.21534774794401176,0.23898480474919667,0.446843853820598,0.3141713414302053,0.011382822286367845,0.00016338979358422744,0.0073525407112902345,0.04125592288001743,0.23702412722618593,0.03542835357551331,0.12817929306682643,0.07545885300364903,0.007461467240346386,0.023882141495561244,0.007189150917706008,0.019933554817275746,0.006481128478841022,0.03651761886607483,0.08063286313381623,0.12638200533739993,0.005391863188279505,0.08313817330210772,0.017755024236152717,0.0489897064430042,0.12669783192844258,0.34534545588397686,0.33474435896492066,0.19321235322265984
0100800,28396,7391,15148,5857,7129,11977,9290,121,25,237,2144,4652,1639,4340,688,150,697,142,908,220,1119,2743,2840,151,3037,1053,1490,2834,7008,6789,4374,0.26028313847020706,0.5334554162558107,0.20626144527398224,0.25105648682913084,0.4217847584166784,0.3271587547541907,0.004261163544161149,0.0008804056909423862,0.008346245950133821,0.07550359205521905,0.16382589097055925,0.05771939709818284,0.15283842794759825,0.024228764614734468,0.0052824341456543175,0.02454571066347373,0.0050007043245527535,0.03197633469502747,0.007747570080292999,0.03940695872658121,0.09659811241019862,0.10001408649105507,0.005317650373292013,0.10695168333568109,0.03708268770249331,0.05247217918016622,0.13492025708164723,0.333634848845513,0.3232087598190907,0.2082361342537491
0100900,37519,9854,20000,7665,10413,15766,11340,15,39,270,1143,5651,952,4869,887,350,1016,361,729,61,3644,2941,7687,305,3832,768,1999,3625,8694,9554,5792,0.262640262267118,0.5330632479543698,0.20429648977851222,0.2775393800474426,0.4202137583624297,0.30224686159012765,0.00039979743596577733,0.001039473333511021,0.007196353847383992,0.030464564620592233,0.1506170207095072,0.025373810602628003,0.12977424771449134,0.0236413550467763,0.009328606839201472,0.027079612996081984,0.009621791625576375,0.019430155387936777,0.0016258429062608278,0.09712412377728617,0.07838695061169007,0.20488285935126202,0.008129214531304139,0.10213491830805725,0.0204696287214478,0.05327967163303926,0.13103198987890838,0.3142598951744081,0.34534610518705944,0.20936200975962407
0101000,46308,10355,25737,10216,9890,17583,18835,567,442,538,1400,14524,945,4718,1940,272,879,364,643,93,2818,5005,4882,388,2972,700,2218,4664,12341,11930,7018,0.2236114710201261,0.5557786991448562,0.2206098298350177,0.213570009501598,0.37969681264576316,0.40673317785263885,0.012244104690334283,0.009544787077826725,0.01161786300423253,0.03023235726008465,0.3136391120324782,0.020406841150557138,0.10188304396648527,0.0418934093461173,0.005873715124816446,0.018981601451153147,0.00786041288762201,0.01388528979873888,0.002008292303705623,0.06085341625637039,0.10808067720480262,0.10542454867409519,0.00837868186922346,0.0641789755549797,0.015116178630042325,0.04789669171633411,0.12972491864378494,0.3432536923205296,0.3318221010764053,0.19519928795928018
0101100,41729,10669,22121,8939,11207,16380,14142,175,0,293,1034,6602,1668,5725,987,537,921,342,1354,129,3219,4003,6568,285,4746,1004,2137,3972,9781,10446,6861,0.2556735124254116,0.5301109540127968,0.21421553356179157,0.2685662249275084,0.39253277097462197,0.3389010040978696,0.0041937261856263034,0.0,0.0070214958422200385,0.024778930719643412,0.15821131587145632,0.039972201586426705,0.13719475664406047,0.02365261568693235,0.012868748352464713,0.02207098181121043,0.008195739174195403,0.03244745860193151,0.003091375302547389,0.07714059766589182,0.09592849097749766,0.1573965347839632,0.006829782645162837,0.11373385415418534,0.024060006230678905,0.0512113877639052,0.1278815196394076,0.31490663232453314,0.33631680618158405,0.2208950418544752
0101200,89925,21745,50281,17899,19808,28628,41489,180,404,1965,4802,5283,6184,11836,1275,1240,11892,1265,7057,2227,6291,6295,7572,1608,8069,2574,1906,7171,18361,21900,20748,0.2418126216291354,0.5591437308868501,0.19904364748401446,0.22027244926327494,0.31835418404225746,0.4613733666944676,0.002001668056713928,0.004492632749513483,0.021851542952460383,0.05340005560189046,0.058748957464553796,0.06876841812621629,0.13162079510703364,0.014178482068390326,0.013789268835140395,0.13224353628023353,0.014067278287461774,0.07847650820127884,0.024765082012788434,0.06995829858215179,0.07000278009452321,0.08420350291909925,0.017881567973311092,0.08973033083124826,0.028623853211009173,0.02119544064498193,0.10517747139923732,0.2693018480492813,0.3212085655617483,0.30431211498973304
0101300,366766,84200,201661,80905,78161,116818,171787,56,1523,6162,16476,23467,19748,42801,13342,6818,24316,5746,20260,6557,24461,26685,63795,4421,32801,10811,16520,30760,78398,93432,79976,0.22957416990669802,0.5498355899947105,0.22059024009859146,0.21310863057099078,0.31850825867174165,0.4683831107572676,0.000152685908726545,0.004152511410545143,0.016800903028088753,0.044922375574617056,0.06398357535867556,0.05384359509878233,0.11669838534651522,0.03637741775409934,0.018589509387456852,0.06629840279633335,0.015666664848977278,0.055239580549996455,0.017877883991427777,0.06669375023857173,0.07275756204228309,0.17393924191446317,0.012054007187143846,0.08943304450248933,0.02947655998647639,0.04504234307433077,0.1088595230848722,0.2774502240184594,0.33065549287600066,0.28303476002066774
0101590,96954,26896,51489,18569,24577,33563,38814,429,1229,284,4381,16427,1745,10854,3012,876,2047,1693,3718,568,5818,12378,13977,1061,10686,2121,3650,8859,21296,23450,16453,0.2774099057284898,0.5310662788538895,0.19152381541762073,0.2534913464117004,0.34617447449305855,0.40033417909524105,0.004424778761061947,0.012676114446025951,0.0029292241681622214,0.04518637704478413,0.16943086412112962,0.017998225962827734,0.11194999690574912,0.031066278853889472,0.009035212575035584,0.021113105183901644,0.017461889143305074,0.038348082595870206,0.005858448336324443,0.060007838768900715,0.12766879138560555,0.14416114858592735,0.01094333395218351,0.11021721641190668,0.021876353734760816,0.037646719062648264,0.12645236803791143,0.303976705015844,0.3347226583687802,0.23484826857746438
0101700,33531,6703,18101,8727,8483,14187,10861,1016,68,339,1688,6445,657,3897,698,172,696,328,473,160,1314,4729,4976,298,2202,805,2570,3944,9268,8608,5008,0.19990456592407027,0.539828815126301,0.2602666189496287,0.2529897706599863,0.4231010110047419,0.32390921833527186,0.03030031910769139,0.002027974113506904,0.010110047418806478,0.05034147505293609,0.19221019355223523,0.01959380871432406,0.11622081059318243,0.02081655781217381,0.005129581581223346,0.020756911514717723,0.009781992782798008,0.014106349348364201,0.0047717037964868335,0.03918761742864812,0.14103367033491396,0.1483999880707405,0.008887298320956727,0.06567057349915004,0.024007634726074378,0.07664549223106976,0.1470105859549724,0.3454599671984494,0.320858804234382,0.1866706426121962
0101800,32781,7897,17679,7205,8169,14223,10389,473,28,384,1947,7679,703,4188,675,295,623,246,657,262,2317,2524,3995,276,2722,705,2082,3600,8443,7960,4881,0.24090174186266436,0.539306305481834,0.21979195265550167,0.24919923126201154,0.43387938134895215,0.31692138738903636,0.014429090021658889,0.0008541533205210335,0.011714102681431316,0.05939416125194472,0.23425154815289345,0.02144534944022452,0.1277569323693603,0.020591196119703486,0.008999115341203746,0.019004911381592996,0.007504347030291937,0.020042097556511394,0.007992434642018242,0.07068118727311552,0.0769958207498246,0.12186937555291175,0.008419511302278759,0.08303590494493762,0.021506360391690307,0.06351240047588542,0.14467127471467608,0.33929432567111395,0.31988426298022826,0.19615013663398168
0101900,57415,18051,29009,10355,17070,20902,19443,338,48,268,2823,7037,1413,6908,2493,443,1109,896,2119,256,4625,9541,6335,846,7412,1127,1378,5067,11742,12436,10119,0.31439519289384305,0.5052512409649046,0.18035356614125228,0.2973090655751981,0.36405120613080205,0.33863972829399985,0.0058869633371070275,0.0008360184620743708,0.0046677697465819035,0.04916833580074893,0.12256378995036141,0.02461029347731429,0.12031699033353653,0.043420708873987635,0.007715753722894714,0.01931550988417661,0.015605677958721588,0.03690673169032483,0.004458765131063311,0.08055386223112428,0.16617608638857442,0.11033701994252373,0.014734825394060786,0.12909518418531743,0.019629016807454498,0.02400069668205173,0.12872167462656234,0.2982928564170308,0.3159231785387664,0.2570622904176405
0102090,167243,38991,91637,36615,39552,62850,64841,506,201,1086,5849,18740,5792,19257,5581,2134,5691,1951,8220,1224,12238,12503,20622,3574,15529,4860,21685,15775,38343,43148,30986,0.23313980256273806,0.547927267508954,0.2189329299283079,0.23649420304586738,0.37580048193347404,0.3877053150206586,0.003025537690665678,0.0012018440233671963,0.006493545320282464,0.03497306314763548,0.1120525223776182,0.03463224170817314,0.1151438326267766,0.033370604449812546,0.012759876347590033,0.034028330034739866,0.011665660147210944,0.04915003916456892,0.007318691963191284,0.07317496098491416,0.07475948171223908,0.12330560920337473,0.021370102186638602,0.09285291462123975,0.029059512206788925,0.12966163008317239,0.12300003118859745,0.2989660979945732,0.33643140067991145,0.24160247013691794
0102200,39157,7617,21546,9994,8973,14854,15330,1416,343,705,1416,7978,1135,4679,2071,284,1179,181,558,94,913,3923,4217,1266,2579,704,3516,4133,10681,10442,6284,0.19452460607298822,0.5502464438031515,0.2552289501238604,0.22915442960390223,0.3793446893275787,0.39150088106851905,0.036162116607503125,0.008759608754501111,0.018004443649922108,0.036162116607503125,0.20374390275046608,0.028985877365477437,0.11949332175600787,0.05288964936026764,0.007252853895855147,0.03010955895497612,0.004622417447710499,0.014250325612278776,0.0024005924866562812,0.02331639298209771,0.10018642899098501,0.10769466506627168,0.03233138391603034,0.06586306407538882,0.017978905431978956,0.08979237428812217,0.1310399492707673,0.33864933417882054,0.3310716550412175,0.19923906150919468
0102300,38696,9117,20792,8787,9743,17869,11084,906,39,949,1284,8870,1236,5202,946,238,963,386,880,119,1609,3293,5171,250,3432,913,2010,4233,9996,9686,5664,0.23560574736406864,0.5373165185032045,0.2270777341327269,0.25178313003928054,0.46177899524498656,0.2864378747157329,0.023413272689683687,0.0010078561091585695,0.024524498656191853,0.03318172420922059,0.22922265867273103,0.03194128592102543,0.13443249948315072,0.024446971263179657,0.006150506512301013,0.024886293156915443,0.009975191234236097,0.022741368616911308,0.0030752532561505066,0.04158052511887533,0.08509923506305561,0.13363138308869132,0.006460616084349804,0.0886913376059541,0.023594169940045484,0.051943353318172424,0.14310828628418812,0.3379424591771189,0.3274620507792691,0.1914872037594239
0102400,43167,9838,23282,10047,10465,18487,14215,938,207,365,1519,9251,891,4355,2989,296,1279,539,852,173,1105,5251,5048,369,3963,733,3044,4817,10748,10843,6921,0.227905576018718,0.5393471865082123,0.23274723747306972,0.2424305603817731,0.42826696318947344,0.32930247642875343,0.02172956193388468,0.004795329765793314,0.008455533161906085,0.035188917460096836,0.21430722542683067,0.020640767252762527,0.10088725183589316,0.06924270855051312,0.006857089906641647,0.02962911483309009,0.012486390066485973,0.019737299325873932,0.004007691060300692,0.025598257928510205,0.12164384831005166,0.11694118192137512,0.008548196539022865,0.09180624087844881,0.016980563856649755,0.07051682998586883,0.14452878874253652,0.3224819226499445,0.32533229319811574,0.20765699540940322
0102500,70810,15679,38851,16280,17813,27057,25940,864,99,1192,2851,9319,3242,9885,3202,686,1671,656,2468,494,3560,5765,12794,406,6781,1559,3316,6658,17182,19060,12231,0.22142352775031776,0.5486654427340771,0.22991102951560513,0.2515605140516876,0.38210704702725606,0.3663324389210563,0.012201666431295015,0.0013981076119192204,0.016833780539471824,0.04026267476345149,0.13160570540884056,0.0457844937155769,0.1395989267052676,0.04521960175116509,0.009687897189662478,0.023598361813303204,0.009264228216353622,0.03485383420420844,0.006976415760485807,0.05027538483265075,0.08141505437085157,0.18068069481711624,0.005733653438779834,0.09576331026691146,0.022016664312950147,0.04682954384973874,0.12076690065480401,0.3116576880520941,0.3457220075819412,0.2218534037111607
0102600,71849,19500,37074,15275,20670,29213,21966,858,68,688,4195,4175,2159,12981,1512,478,1658,1882,2211,365,3413,6258,8792,1279,13198,1973,3706,6735,16164,17339,12111,0.271402524739384,0.515998830881432,0.21259864437918413,0.28768667622374705,0.40658881821598075,0.30572450556027225,0.011941711088532895,0.0009464293170399032,0.009575637795933137,0.05838633801444697,0.0581079764506117,0.030049130816016924,0.18067057300727915,0.02104413422594608,0.0066528413756628485,0.02307617364194352,0.026193823156898496,0.030772870881988615,0.0050800985399935975,0.04750240086848808,0.08709933332405462,0.12236774346198277,0.017801222007265236,0.1836907959748918,0.027460368272348955,0.05158039777867472,0.12865575273644195,0.3087738065674607,0.33121931651034403,0.23135112418575332
0102700,176756,41959,95478,39319,43493,62140,71123,763,352,1360,11152,18738,8411,21687,7982,2236,5516,3066,10003,1047,13003,14866,25604,1563,17125,5783,6499,17321,41523,44218,31735,0.23738373803435245,0.5401683676933173,0.22244789427233022,0.2460623684627396,0.3515580800651746,0.4023795514720858,0.004316685147887483,0.0019914458349362964,0.0076942225440720545,0.06309262486139085,0.10601054561089863,0.047585371925139744,0.12269456199506665,0.04515829731381113,0.012650207065106701,0.03120686143610401,0.017345945823621263,0.05659213831496526,0.005923419855620177,0.07356468804453598,0.08410464142659937,0.14485505442530947,0.008842698409106339,0.09688497137296612,0.0327174183620358,0.03676820023082668,0.12849692500574939,0.30804098014050757,0.3280340066915436,0.23542808816219946
0400100,1956165,463456,1079122,413587,412564,694454,849147,6322,2236,14497,112658,118512,79124,234691,67496,38544,144309,42411,118632,28949,193616,143367,259668,40222,187045,54535,69331,229887,370507,490838,401477,0.236920709653838,0.5516518289612584,0.21142746138490362,0.21090449936482863,0.3550078853266468,0.4340876153085246,0.003231833715458563,0.0011430528610827818,0.007410929037172222,0.05759125636129877,0.060583846454670236,0.04044853067098123,0.11997505322914989,0.034504246829894204,0.019703859337019118,0.07377138431574023,0.021680686445161836,0.06064519097315411,0.014798853879912994,0.09897733575644181,0.07328982984564185,0.13274340354724679,0.0205616601871519,0.09561821216512922,0.027878527629315523,0.03544230675837672,0.15400657462372103,0.24821113827276448,0.32882363541721793,0.2689586516862965
0400200,355848,80708,189286,85854,80783,142244,132821,754,1487,2330,16537,25043,8016,39424,7982,5474,10282,5928,20202,1938,32008,38281,60371,8555,39901,11650,19685,45992,71510,92494,65144,0.2268047031316742,0.5319293630988512,0.2412659337694746,0.2270154672781637,0.3997324700433893,0.37325206267844696,0.0021188822193745644,0.004178750477732065,0.0065477394842741845,0.04647208920662755,0.07037555360715811,0.022526471976799082,0.11078887614936715,0.022430925563723836,0.015382972505114544,0.028894359389402217,0.016658798138531057,0.05677143049841506,0.005446145545289,0.08994851734448416,0.10757683055686698,0.16965389716957802,0.02404116364290371,0.11212933612104044,0.03273869742137092,0.05531856298194735,0.1671585374718325,0.2599040488478593,0.3361706767463837,0.23676673693392455
0400300,42918,7135,23989,11794,8896,18898,15124,342,564,1305,2011,362,374,4592,394,1342,401,658,469,139,674,6864,6153,268,4855,633,10518,4948,10848,13217,6770,0.16624726222097955,0.5589496248660236,0.27480311291299686,0.20727899715736986,0.44032806747751524,0.35239293536511485,0.007968684468055362,0.013141339298196561,0.03040682231231651,0.04685679668204483,0.008434689407707722,0.008714292371499137,0.10699473414418192,0.009180297311151497,0.03126893145067338,0.009343399040029824,0.015331562514562655,0.01092781583484785,0.003238734330583904,0.015704366466284543,0.15993289528869006,0.14336641968404865,0.006244466191341628,0.11312269910061047,0.014749056339997204,0.24507199776317629,0.13827795321800856,0.3031607187770729,0.36936534108375485,0.18919598692116368
0400400,57674,15102,29419,13153,14770,21898,21006,81,47,593,2757,4625,886,6243,1116,529,598,730,1547,145,1736,7736,8201,2912,12417,1324,3451,5778,11903,14030,10861,0.26185109408052154,0.5100912022748553,0.22805770364462322,0.2560946006866179,0.3796858203003086,0.3642195790130735,0.0014044456774283038,0.0008149252696188924,0.010281929465617089,0.04780316953913375,0.08019211429760377,0.015362208274092312,0.10824635017512224,0.019350140444567742,0.00917224399209349,0.010368623643236121,0.01265734993237854,0.026823178555328224,0.002514131150951902,0.0301002184693276,0.13413323161216492,0.14219579013073483,0.050490689045323715,0.21529632069910185,0.022956618233519438,0.05983632139265527,0.13572301042939022,0.2795969181621723,0.3295593347740299,0.2551207366344076
0400500,60934,12244,30291,18399,15448,24872,20614,451,892,285,4629,4099,2265,7425,838,704,794,945,1951,89,2004,6345,11701,1637,8167,1836,3877,6428,14225,16861,11176,0.20093872058292578,0.49711162897561295,0.30194965044146127,0.2535202021859717,0.40817934158269603,0.33830045623133226,0.007401450749991795,0.014638789509961598,0.0046771917156267434,0.07596744018117964,0.06726950471001411,0.03717136573998096,0.12185315259132833,0.013752584763842847,0.011553484097548167,0.013030492007746086,0.01550858305707815,0.03201824925329044,0.00146059671119572,0.032888042800407,0.10412905766895329,0.19202743952473167,0.02686513276659993,0.13403026225096004,0.03013096136803755,0.06362621853152592,0.13201889505031833,0.2921544464982543,0.3462928732799343,0.22953378517149312
0400600,54642,12433,27842,14367,13894,24510,16238,807,98,620,3156,3406,1141,9280,1516,648,1127,781,1111,65,2678,4149,8297,1141,7883,1716,5022,6816,13149,14440,7804,0.22753559532959994,0.5095347900882106,0.2629296145821895,0.2542732696460598,0.44855605578126717,0.29717067457267304,0.014768859119358735,0.0017934921854983346,0.01134658321437722,0.057757768749313716,0.0623330039164013,0.02088137330258775,0.16983272940229127,0.027744226053219134,0.011859009553091028,0.020625160133230847,0.014293034661981625,0.020332345082537243,0.0011895611434427729,0.049009919109842245,0.07593060283298561,0.15184290472530287,0.02088137330258775,0.14426631528860584,0.031404414186889204,0.09190732403645548,0.1614821483569855,0.31152123954606836,0.3421071335497169,0.18488947854722926
0400700,58403,14090,31550,12763,19289,24290,14824,10745,26,465,2561,2827,1361,7383,1189,410,1091,600,2244,284,4184,3584,7198,1483,6225,1362,3181,16849,10427,11145,5892,0.24125473006523637,0.540211975412222,0.21853329452254164,0.33027412975360854,0.41590329263907677,0.2538225776073147,0.18398027498587402,0.00044518261048233826,0.007961919764395664,0.043850487132510316,0.048405047685906546,0.023303597417940858,0.12641473896888858,0.02035854322551924,0.007020187319144565,0.018680547232162732,0.010273444857284729,0.038422683766244886,0.004862763899114771,0.0716401554714655,0.06136671061418078,0.1232470934712258,0.025392531205588754,0.10658699039432906,0.023320719826036333,0.05446638015170453,0.38022702141583736,0.23530340983458578,0.2515063299708889,0.13296323877868796
0400800,87064,17845,47594,21625,19612,32210,35242,3140,5483,673,4183,4768,1540,10980,1276,923,957,897,1585,97,5585,11557,10365,2098,9192,1974,9791,11673,20282,23993,13271,0.20496416429293393,0.5466553340071671,0.24838050169989892,0.22525957916015804,0.3699577322429477,0.40478268859689426,0.036065423137002665,0.06297666084719288,0.007729945787007259,0.04804511623633189,0.05476431131121933,0.01768813746209685,0.12611412294404117,0.014655885325737389,0.010601396673711292,0.010991913994303042,0.010302765781494073,0.018204998621703574,0.001114122944041165,0.06414821280896811,0.13274143159055407,0.11905035376274924,0.02409721584122025,0.10557750620233392,0.022672976201415052,0.11245750252687678,0.16863866857365753,0.2930120342680478,0.34662448171744753,0.19172481544084716
0400900,40359,7960,21413,10986,10166,17252,12941,1000,100,317,1782,1080,2633,5428,2225,452,597,409,2405,57,2120,5912,4537,636,4388,987,3294,7814,8589,9867,6129,0.19722986198865186,0.5305631953219851,0.27220694268936296,0.2518892935900295,0.4274635149532942,0.3206471914566763,0.02477762085284571,0.002477762085284571,0.00785450581035209,0.044153720359771054,0.026759830521073367,0.06523947570554275,0.1344929259892465,0.055130206397581705,0.011199484625486261,0.01479223964914889,0.010134046928813895,0.05959017815109393,0.0014123243886122055,0.05252855620803291,0.14648529448202383,0.11241606580936099,0.01575856686240987,0.10872420030228698,0.024455511781758716,0.08161748308927377,0.24118028334207847,0.265100774715269,0.30454643661841413,0.1891725053242384
0500100,124608,33209,68338,23061,24650,47880,52078,629,50,611,5395,12285,7436,11514,9868,1081,2998,1144,9050,21868,5172,8275,10706,1754,10499,2183,2090,12645,26596,28432,23726,0.2665077683615819,0.5484238572162301,0.185068374422188,0.197820364663585,0.38424499229583975,0.41793464304057526,0.005047829994863893,0.0004012583461736004,0.004903376990241397,0.04329577555213148,0.09858917565485362,0.05967514124293785,0.0924017719568567,0.07919234720082177,0.008675205444273242,0.02405945043656908,0.009180790960451978,0.07262776065742167,0.1754943502824859,0.041506163328197225,0.06640825629173087,0.08591743708269133,0.014076142783769903,0.08425622752953262,0.017518939393939392,0.0167725988700565,0.13834943489534895,0.29098786638803487,0.31107561351874746,0.25958708519786866
0500200,108857,29989,57945,20923,25154,43111,40592,294,15,619,5908,13247,4298,12766,5917,1043,2441,1343,4341,3752,5450,14285,16085,1324,11241,2126,2362,11520,22034,24404,20910,0.27548986284758903,0.5323038481677798,0.1922062889846312,0.2310737940600972,0.3960333281277272,0.3728928778121756,0.0027007909459198765,0.00013779545642448349,0.005686359168450352,0.054273037103723235,0.12169176075034219,0.039482991447495334,0.11727311978099708,0.05435571437757793,0.00958137740338242,0.02242391394214428,0.01233728653187209,0.03987800508924552,0.03446723683364414,0.05006568250089567,0.13122720633491644,0.14776266110585448,0.012162745620401077,0.10326391504450794,0.019530209357230127,0.021698191204975334,0.146066845869047,0.27937820155196025,0.3094284120302277,0.265126540548765
0500300,47584,10557,25050,11977,11868,23040,12676,266,60,491,1970,10541,1123,6039,1639,647,1333,488,1087,110,1927,4037,8064,514,4649,845,1754,4795,13024,12164,7044,0.2218602891728312,0.5264374579690653,0.25170225285810355,0.24941156691324814,0.484196368527236,0.2663920645595158,0.005590114324142569,0.0012609280430396772,0.01031859448554136,0.0414004707464694,0.22152404169468728,0.023600369872225958,0.12691240753194352,0.034444351042367184,0.01359700739744452,0.02801361802286483,0.010255548083389375,0.02284381304640215,0.002311701412239408,0.040496805648957634,0.08483944182918628,0.1694687289845326,0.010801950235373234,0.097700907868191,0.017758069939475454,0.036861129791526566,0.12950009452561645,0.35174332244038137,0.3285170281146191,0.19023955491938316
0500400,38182,9000,20247,8935,9944,17276,10962,437,499,572,1771,5437,791,4569,1472,347,1247,327,555,172,1610,3979,8248,380,3176,762,1831,3341,10343,9659,5839,0.2357131632706511,0.5302760463045414,0.2340107904248075,0.26043685506259495,0.45246451207375205,0.287098632863653,0.011445183594363837,0.013068985385783877,0.014980881043423603,0.04638311246136923,0.14239694096694777,0.02071656801634278,0.1196637158870672,0.03855219737048871,0.009088051961657325,0.032659368288722436,0.00856424493216699,0.014535645068356817,0.004504740453616887,0.04216646587397203,0.1042114085171023,0.21601801896181447,0.009952333560316379,0.08318055628306532,0.01995704782358179,0.047954533549840236,0.1144883832499486,0.3544308135151806,0.33099170721677745,0.20008909601809335
0500590,118094,31176,62673,24245,32042,47941,38111,1976,71,1005,5106,21383,4504,13617,4247,825,2378,1245,2053,637,10369,11495,19231,1334,10184,2554,3880,11342,29583,28332,17661,0.26399309025013973,0.5307043541585517,0.2053025555913086,0.2713262316459769,0.40595627212220775,0.32271749623181534,0.016732433485189765,0.000601215980490118,0.008510169864684065,0.04323674361102173,0.18106762409605906,0.03813910952292242,0.11530645079343574,0.03596287703016241,0.006985960336680949,0.02013650143106339,0.010542449235354887,0.017384456449946652,0.005394008162988805,0.08780293664369061,0.09733771402442122,0.1628448524057107,0.011296086168645317,0.08623638796213186,0.021626839636221994,0.032855183159178285,0.13049080742769048,0.34035527738788285,0.3259624013437953,0.2031915138406314
0500700,27217,5799,14313,7105,7357,12046,7814,1491,25,305,1044,2212,2119,3607,758,316,694,444,468,214,292,3537,5384,151,1787,375,1994,3062,7095,7116,4145,0.21306536355954,0.525884557445714,0.2610500789947459,0.27030899805268765,0.44259102766653197,0.2870999742807804,0.05478193775948856,0.0009185435573354888,0.011206231399492964,0.038358378954330016,0.08127273395304406,0.07785575191975604,0.13252746445236432,0.02785024065841202,0.01161039056472058,0.02549876915163317,0.016313333578278282,0.017195135393320352,0.007862732850791785,0.01072858874967851,0.12995554249182495,0.19781754050777087,0.005548003086306353,0.06565749347834074,0.013778153360032333,0.0732630341330786,0.14296386217200485,0.33126342328882247,0.3322439069941171,0.19352880754505555
0500800,32372,8059,16906,7407,8300,13989,10083,783,126,279,1557,3074,1148,4283,2259,224,859,305,743,200,865,4648,5714,251,2942,653,1459,2843,8123,7892,5455,0.24894970962560237,0.522241443222538,0.22880884715185965,0.2563944149264797,0.4321327072778945,0.3114728777956258,0.02418756950451007,0.0038922525639441493,0.008618559248733473,0.048097120968738416,0.09495860620289139,0.03546274558260225,0.13230569628073643,0.06978252811071296,0.006919560113678488,0.026535277400222414,0.009421722476214011,0.022951933769924625,0.006178178672927221,0.02672062276041023,0.1435808723588286,0.1765105646855307,0.0077536142345236625,0.09088100827875942,0.020171753367107376,0.045069813419004075,0.11693332784929873,0.3341010981779295,0.3246000082260519,0.22436556574671987
0500900,265489,59549,147738,58202,56622,94888,113979,142,458,2684,10672,13037,13900,27498,10349,6739,13875,3982,15191,5161,19276,15044,56782,3468,21983,6995,18253,22808,56684,68961,57487,0.22429931183589527,0.5564750328638851,0.2192256553002196,0.2132743729495384,0.3574084048679983,0.4293172221824633,0.0005348620846814746,0.0017251185548177138,0.010109646727359702,0.04019752230789223,0.049105612661918194,0.05235621814839786,0.1035749127082478,0.03898089939696183,0.02538334921597505,0.05226205228841873,0.01499873817747628,0.05721894315772028,0.019439600134092183,0.07260564467831059,0.05666524790104298,0.21387703445340486,0.013062688096305309,0.08280192399685109,0.02634760762216137,0.06875237768796447,0.11075070408856949,0.27524521705351074,0.33485966786442656,0.27914441099349324
0501100,55260,15370,29183,10707,13871,21440,19949,530,391,247,3858,5152,1116,7908,952,444,1589,648,3595,573,2862,7337,8230,500,6013,1098,2217,4473,12064,13093,10260,0.27813970322113646,0.5281035106768006,0.19375678610206298,0.25101339124140426,0.3879840752804922,0.3610025334781035,0.009591024249004706,0.0070756424176619615,0.004469779225479551,0.06981541802388708,0.09323199420919291,0.020195439739413682,0.14310532030401737,0.0172276511038726,0.008034744842562433,0.02875497647484618,0.011726384364820847,0.0650560984437206,0.010369163952225842,0.05179153094462541,0.1327723488961274,0.14893231994209194,0.009048136083966703,0.10881288454578357,0.01986970684039088,0.04011943539630836,0.11213336675858611,0.302431687139634,0.3282276259714214,0.25720732013035846
0501200,25349,7038,13140,5171,6861,10429,8059,54,16,199,2414,1509,806,4216,481,245,625,249,717,102,1028,2237,4971,369,3024,1079,1008,2085,5728,6166,4332,0.27764408852420214,0.5183636435362342,0.20399226793956368,0.2706615645587597,0.41141662392993805,0.3179218115113022,0.0021302615487790444,0.0006311886070456428,0.007850408300130183,0.09523058108801136,0.05952897550199219,0.031796126079924256,0.1663181979565269,0.018975107499309637,0.009665075545386407,0.024655804962720424,0.009822872697147817,0.02828513945323287,0.004023827369915973,0.04055386800268255,0.08824805712256893,0.19610241035149314,0.014556787249990138,0.1192946467316265,0.04256578168764054,0.0397648822438755,0.11386598219649391,0.31281743214461255,0.3367374802031566,0.236579105455737
0501300,50441,12451,26923,11067,11477,22257,16707,1161,311,1168,3304,10106,935,5153,2697,343,1199,320,1132,171,2580,5891,7065,314,4156,869,1566,5689,12158,11978,8165,0.24684284609742074,0.533752304672786,0.21940484922979323,0.22753315755040543,0.4412481909557701,0.33121865149382446,0.023016990146904306,0.006165619238318035,0.02315576614262207,0.0655022699787871,0.20035288753196803,0.018536507999444896,0.10215895799052359,0.053468408635831965,0.006800023790170694,0.023770345552229337,0.006344045518526595,0.02244206102178783,0.0033900993239626494,0.05114886699312068,0.11678991296762554,0.14006462996372,0.006225094665054221,0.08239329117186416,0.017228048611248787,0.031046172756289528,0.14974993419320873,0.32003158725980524,0.3152934982890234,0.2149249802579626
0501400,86839,20799,47018,19022,19185,37613,30041,415,525,621,4044,16928,3588,9101,4303,1130,1979,1101,1984,2069,7346,5853,14055,550,7511,1798,1938,9300,20873,21867,14000,0.23951220073929916,0.5414387544766752,0.21904904478402562,0.22092608159928143,0.4331348817927429,0.3459390366079757,0.004778958762767881,0.006045670723983464,0.007151164799226154,0.04656893791959834,0.19493545526779443,0.041317841062195555,0.10480314144566381,0.049551468810096845,0.01301258651066917,0.022789299738596714,0.012678635175439606,0.022846877555015604,0.023825700434136735,0.08459332788263338,0.06740059189995279,0.16185124195350015,0.006333559806077914,0.08649339582445675,0.02070498278423289,0.022317161643961813,0.1408237431859479,0.31606602059357963,0.3311175045427014,0.21199273167777105
0501500,29742,6809,15828,7105,6841,14715,8186,758,308,402,1074,8763,449,3191,667,183,736,235,489,44,760,3686,4132,90,1757,604,1414,3668,7745,7224,4296,0.22893551207047272,0.5321767197901957,0.23888776813933157,0.2300114316454845,0.4947548920718176,0.27523367628269785,0.02548584493309125,0.010355725909488266,0.013516239661085333,0.03611055073633246,0.2946338511196288,0.015096496536883868,0.10728935512070473,0.022426198641651535,0.0061529150695985475,0.02474615022527066,0.00790128437899267,0.01644139600564858,0.0014793894156411808,0.025553089906529488,0.12393248604666801,0.13892811512339454,0.003026023804720597,0.05907470916548988,0.020307981978347118,0.04754219622083249,0.1599441852352505,0.33772293201936077,0.31500457855492087,0.1873283041904679
0501600,55840,13686,28714,13440,16044,24185,15611,508,162,461,2609,5291,1290,7743,929,560,1432,703,1383,329,3701,4952,10590,2575,7091,1392,2139,5248,13665,14048,9193,0.24509312320916907,0.5142191977077364,0.24068767908309455,0.28732091690544415,0.43311246418338106,0.2795666189111748,0.009097421203438396,0.0029011461318051578,0.008255730659025788,0.04672277936962751,0.0947528653295129,0.023101719197707735,0.13866404011461317,0.016636819484240686,0.01002865329512894,0.025644699140401146,0.012589541547277937,0.024767191977077364,0.005891833810888252,0.06627865329512894,0.08868194842406876,0.18964899713467048,0.046113896848137534,0.1269878223495702,0.02492836676217765,0.03830587392550143,0.12449589600037957,0.32416852493239073,0.33325425819613796,0.21808132087109172
0501790,69513,14828,37223,17462,16625,29307,23581,2263,55,644,3087,14003,2287,7194,1928,386,1843,634,962,374,2414,7666,12479,310,4231,1293,5460,7681,18355,17831,10818,0.2133126177837239,0.5354825716053112,0.25120481061096483,0.23916389740048624,0.4216045919468301,0.33923151065268364,0.03255506164314589,0.0007912189086933379,0.009264454130881993,0.044408959475206074,0.20144433415332383,0.032900320803302976,0.10349143325708861,0.027735819199286464,0.005552918159193244,0.02651302634039676,0.009120596147483204,0.013839138002963474,0.005380288579114698,0.0347273171924676,0.11028153007351144,0.17952037748334843,0.00445959748536245,0.060866312776027505,0.01860083725346338,0.07854645893573864,0.14045899241108165,0.3356496296973576,0.3260674773703941,0.1978239005211667
0501900,38437,7873,20551,10013,8625,14776,15036,482,702,325,2722,8178,991,3969,1416,293,1010,411,575,1000,1472,3890,6072,246,2500,858,1325,4077,10359,10276,5852,0.2048286806982855,0.5346671176210422,0.2605042016806723,0.22439316283789057,0.38442126076436767,0.39118557639774176,0.012540000520331971,0.01826365221011005,0.008455394541717617,0.07081718136170877,0.2127637432682051,0.025782449202591252,0.10325987980331451,0.036839503603298906,0.007622863386840805,0.02627676457579936,0.010692822020449046,0.014959544189192705,0.026016598589900356,0.038296433124333326,0.10120456851471239,0.15797278663787495,0.006400083253115488,0.0650414964747509,0.022322241590134507,0.03447199313161797,0.1333922261484099,0.3389281507656066,0.3362125376259652,0.1914670854600183
0502000,30042,6286,16396,7360,7239,12682,10121,669,123,311,1801,6508,929,3181,2243,233,663,278,521,17,1124,2899,3546,271,2359,705,1661,3500,8184,7819,4253,0.20924039677784434,0.5457692563744092,0.24499034684774648,0.24096265228679847,0.42214233406564144,0.3368950136475601,0.022268823646894347,0.0040942680247653285,0.010352173623593636,0.05994940416749883,0.21663005126156715,0.030923373943146263,0.1058850942014513,0.07466213967112709,0.007755808534718061,0.022069103255442382,0.009253711470607816,0.01734238732441249,0.0005658744424472405,0.037414286665335195,0.09649823580320883,0.11803475134811264,0.009020704347247187,0.07852340057253179,0.02346714599560615,0.055289261700286266,0.14733120053881124,0.3445024414884661,0.32913790200370435,0.17902845596901834
0600100,793317,158068,451720,183529,139975,205343,447999,515,233,4465,45599,80758,43387,71592,31822,20104,20758,10318,82892,14378,53575,67374,116094,13270,62073,26700,27410,92809,120175,186933,235332,0.1992494803464441,0.569406681061921,0.23134383859163488,0.176442708274246,0.2588410433660189,0.5647162483597351,0.0006491730291926178,0.0002937035258288931,0.005628267136592308,0.05747891448185278,0.1017978941583251,0.05469062178170895,0.09024387476885028,0.04011259055333492,0.025341698211433766,0.0261660849320007,0.013006150126620254,0.10448786550647471,0.01812390255093487,0.06753290298833883,0.08492695858023967,0.1463399876720151,0.016727235140555415,0.07824488823509392,0.03365615510571436,0.03455113151489253,0.14609861644803848,0.18917778697801965,0.2942672873156825,0.37045630925825934
0600300,56476,12135,28591,15750,14794,20056,21626,776,188,767,3078,2273,607,6065,602,537,591,1063,1515,63,1380,4652,8223,3589,10515,1686,8306,5863,12439,15689,10350,0.2148700332884765,0.5062504426659112,0.2788795240456123,0.2619519796019548,0.3551243005878603,0.38292371981018486,0.0137403498831362,0.003328847652100007,0.013580990155110136,0.05450102698491394,0.040247184644804875,0.01074792832353566,0.1073907500531199,0.010659395141298959,0.009508463772221828,0.010464622140378214,0.01882215454352291,0.0268255542177208,0.0011155180961824492,0.02443515829732984,0.08237127275302783,0.14560167150648062,0.06354911820950493,0.18618528224378497,0.02985338905021602,0.14707132233160988,0.13222525427933515,0.28053043458650007,0.3538260300850229,0.2334182810491419
0600700,79979,21236,40413,18330,22502,29321,28156,2964,55,603,3869,4248,1996,9109,791,891,1989,1343,2514,601,3008,9694,18525,1410,8746,3796,3827,8104,15147,20480,15012,0.2655196989209668,0.5052951399742432,0.22918516110479,0.28134885407419447,0.36660873479288314,0.3520424111329224,0.037059728178646896,0.0006876805161354856,0.007539479113267232,0.04837519848960352,0.0531139424098826,0.024956551094662348,0.11389239675414796,0.009890096150239438,0.011140424361394867,0.024869028119881467,0.016791907875817403,0.031433251228447465,0.007514472549044124,0.037609872591555286,0.12120681678940722,0.23162330111654308,0.01762962777729154,0.10935370534765376,0.04746245889546006,0.04785006064091824,0.1379568629453722,0.257851999387161,0.34863728444240166,0.25555385322506513
0601100,37046,7650,19571,9825,8418,14233,14395,6726,33,379,1126,3810,1238,3213,1968,127,392,232,597,186,601,4043,3783,1497,2450,728,3917,6419,8255,9435,5287,0.2065000269934676,0.528289154024726,0.26521081898180643,0.22723101009555688,0.3841980240781731,0.38857096582627004,0.1815580629487664,0.0008907844301678994,0.01023052421314042,0.03039464449603196,0.10284511148302111,0.03341791286508665,0.08673001133725639,0.053123144199103814,0.0034281703827673702,0.01058143929169141,0.006262484478756141,0.016115100145764723,0.005020784970037251,0.016223074016088107,0.1091345894293581,0.10211628785833828,0.040409220968525617,0.06613399557307131,0.019651244398855478,0.10573341251417157,0.21836304259082867,0.28082051979861206,0.320962035651109,0.17985440195945027
0601300,377937,77347,208771,91819,74505,104610,198822,803,1442,1896,26439,16597,10984,43699,7398,9099,22675,7506,24860,9070,24879,32821,68603,7041,34525,13517,14083,41470,58474,93128,107518,0.2046558024220968,0.5523962988540418,0.24294789872386138,0.19713603060827598,0.2767921637733273,0.5260718056183967,0.002124692739795257,0.003815450723268693,0.0050167091340620265,0.06995610379507695,0.04391472652849549,0.02906304489901756,0.11562509095431249,0.019574691019931895,0.02407544114495273,0.05999677194876395,0.01986045293263163,0.06577815879366138,0.02399870877950558,0.06582843172274744,0.08684251608072245,0.18151967126796265,0.0186300891418411,0.09135120403665162,0.03576522012928081,0.03726282422731831,0.13796200805083336,0.19453075617951363,0.30981735919358594,0.35768987657606705
0601500,36928,7122,19380,10426,9085,12461,15382,1956,12,505,1195,1530,437,3661,512,405,426,388,736,133,740,4256,6118,716,3691,1135,8376,3742,8912,10773,6379,0.19286178509532062,0.5248050259965338,0.28233318890814557,0.246019280762565,0.33744042461005197,0.416540294627383,0.05296793760831889,0.0003249566724436742,0.013675259965337956,0.03236026863084922,0.041431975736568455,0.011833838821490469,0.09913886481802427,0.01386481802426343,0.010967287694974003,0.011535961871750433,0.010506932409012132,0.01993067590987868,0.0036016031195840554,0.020038994800693242,0.11525129982668977,0.16567374350086655,0.019389081455805892,0.09995125649913345,0.03073548526863085,0.22681975736568458,0.1255451922431725,0.2990002013017513,0.3614372945044622,0.21401731195061396
0601700,55441,12643,29257,13541,14175,18778,22488,326,15,560,5050,2576,933,4894,399,643,3135,889,2442,403,5071,5638,7221,3432,6577,1779,3458,5667,10293,14509,12329,0.22804422719647913,0.5277141465702279,0.24424162623329304,0.25567720639959596,0.33870240435778576,0.4056203892426183,0.005880124817373424,0.0002705578903699428,0.010100827907144533,0.09108782309121409,0.046463808372864845,0.016828700781010442,0.08827402103136668,0.007196839883840479,0.011597914900524883,0.05654659908731805,0.016035064302591946,0.04404682455222669,0.007268988654605797,0.091466604137732,0.10169369239371584,0.13024656842409046,0.06190364531664292,0.11863061633087427,0.03208816579787522,0.062372612326617484,0.1324127295668022,0.2405018926118043,0.3390111687462031,0.28807420907519043
0601900,378818,91373,203784,83661,98807,146550,133461,44104,164,2476,17451,24822,15292,35274,11031,3997,8635,5017,11523,2195,22271,39999,66499,3880,30465,10868,22855,62999,69181,90885,64380,0.24120553933551203,0.5379469824559551,0.22084747820853284,0.2608297388191691,0.3868612367944501,0.3523090243863808,0.1164253018599961,0.0004329255737583747,0.006536120247717901,0.04606697675400852,0.06552486946238036,0.04036766996288455,0.09311595541922506,0.029119524415418485,0.010551240965318438,0.022794587374411986,0.013243826850888818,0.03041830113669361,0.005794339234144101,0.05879076495837051,0.10558896356561726,0.1755434007887693,0.010242385525503012,0.08042120490578589,0.028689238631744003,0.060332402367363744,0.21916888448224878,0.24067560750752318,0.31618222616500546,0.22397328184522255
0602300,48288,11883,24666,11739,12961,18275,17052,1308,8,333,1979,2067,984,6986,807,466,1019,637,1574,216,1345,6375,8463,897,5779,1838,5207,4522,10773,12449,8661,0.24608598409542742,0.51081013916501,0.24310387673956263,0.2684103711066932,0.37845841616964876,0.35313121272365805,0.027087475149105367,0.0001656726308813784,0.006896123260437375,0.04098326706428098,0.042805666003976145,0.020377733598409543,0.14467362491716368,0.016712226640159044,0.009650430748840292,0.021102551358515572,0.013191683233929755,0.0325960901259112,0.0044731610337972166,0.02785371106693174,0.1320203777335984,0.17526093439363818,0.018576043737574554,0.11967776673293572,0.03806328694499669,0.10783217362491716,0.1242137069083917,0.29592088998763905,0.3419585221810191,0.23790688092295015
0602500,59516,12411,33492,13613,18809,20766,19941,11158,446,1592,1720,1519,2020,6592,1853,285,803,496,864,291,1543,6299,9596,319,4813,977,6330,18283,9995,11802,7025,0.20853215941931583,0.5627394314134014,0.22872840916728274,0.3160326634854493,0.34891457759258016,0.33505275892197056,0.18747899724443848,0.007493783184353787,0.026749109483164193,0.02889979165266483,0.02552254855837086,0.03394045298743195,0.11076013172928288,0.031134484844411586,0.0047886282680287655,0.013492170172726662,0.008333893406814974,0.01451710464412931,0.004889441494724108,0.025925801465152228,0.10583708582566033,0.16123395389475098,0.005359903219302372,0.08086901001411385,0.016415753746891592,0.10635795416358626,0.38813289459717654,0.21218554293599406,0.25054665109860946,0.14913491136821994
0602900,285329,68729,155891,60709,69003,107375,108951,49985,7419,1670,15531,12634,8553,25776,8726,1842,4775,2951,9335,4715,13143,32424,34639,2987,21915,7226,19083,53268,54035,65898,43399,0.2408763217198392,0.546355260068202,0.21276841821195883,0.24183661667758974,0.3763199674761416,0.3818434158462687,0.17518373526700756,0.02600156310785094,0.005852892625705764,0.05443190141906361,0.04427870984021954,0.029975922531533774,0.09033782055101304,0.03058224015084341,0.006455705518892226,0.016735067238170673,0.010342446789495635,0.03271661835985827,0.016524783670780047,0.046062615436916685,0.11363723981789443,0.12140020818073172,0.01046861692993001,0.07680607298942624,0.025325150966077757,0.06688068860858869,0.24592797783933518,0.2494690674053555,0.3042382271468144,0.2003647276084949
0603100,44062,9831,24756,9475,9318,15987,18757,7399,0,152,1185,4523,656,3379,1030,181,530,437,782,153,544,4481,7599,2016,2946,668,5401,8371,8478,11035,6347,0.2231174254459625,0.5618446734147338,0.2150379011393037,0.2114747401388952,0.36282964913077026,0.4256956107303345,0.16792247287912487,0.0,0.0034496845354273524,0.02689392220053561,0.10265081022195996,0.014888112205528574,0.0766873950342699,0.02337615178611956,0.004107848032318097,0.012028505288003269,0.009917843039353638,0.017747719123053878,0.0034723798284235848,0.012346239389950523,0.10169760791611819,0.1724615314783714,0.04575371068040488,0.06686033316690118,0.015160455721483364,0.12257727747265217,0.244544418801671,0.24767024042534544,0.32236861324530397,0.1854167275276796
0603300,46125,9433,23334,13358,12901,18443,14781,2524,126,678,2013,2894,991,5886,683,301,632,686,916,342,1113,4886,10291,1807,4788,1172,3396,6688,10395,12283,7326,0.20450948509485095,0.5058861788617887,0.28960433604336044,0.2796964769647696,0.3998482384823848,0.32045528455284555,0.054720867208672086,0.0027317073170731706,0.014699186991869919,0.04364227642276423,0.06274254742547425,0.02148509485094851,0.12760975609756098,0.014807588075880758,0.006525745257452574,0.01370189701897019,0.014872628726287264,0.01985907859078591,0.007414634146341463,0.024130081300813008,0.10592953929539295,0.22311111111111112,0.03917615176151761,0.10380487804878048,0.025409214092140923,0.0736260162601626,0.18227406519132236,0.2833042625095389,0.3347596206257495,0.1996620516733893
0603700,4611067,1010166,2552797,1048104,1078908,1517033,2015126,5994,2114,28966,143423,352617,240572,445783,191781,316372,153346,88139,310748,66009,299991,378935,727116,105362,438465,157658,157676,718253,724683,1050472,1107493,0.21907424030056383,0.5536239226192116,0.2273018370802246,0.23398228652934341,0.3289982557182535,0.4370194577524031,0.0012999160497993198,0.00045846221709639005,0.006281843226307491,0.031104080682410384,0.07647188817685797,0.05217274006211577,0.0966767561607758,0.04159145811587643,0.06861145153605445,0.03325607717259368,0.019114664783660702,0.06739177721772423,0.014315341763630847,0.0650589115274187,0.08217946084930017,0.15768931572670708,0.022849808948774763,0.09508970483404383,0.03419121864852538,0.034195122300326584,0.19946480061517938,0.20125046481422287,0.29172476555173277,0.307559969018865
0603900,48378,10502,26581,11295,12511,17671,18196,10787,82,319,1816,3383,887,3233,907,384,426,325,554,366,1235,4400,8321,1533,3925,831,4664,9047,9284,11936,7609,0.21708214477655133,0.5494439621315474,0.23347389309190128,0.2586092852122866,0.36526933730207944,0.37612137748563396,0.22297325230476664,0.0016949853239075613,0.006593906321055025,0.03753772375873331,0.06992847988755219,0.018334780272024474,0.06682789697796519,0.018748191326636073,0.007937492248542725,0.008805655463227086,0.006717929637438505,0.011451486212741328,0.007565422299392286,0.02552813262226632,0.09095043201455207,0.1719996692711563,0.031687957335979164,0.08113191946752656,0.017177229319111992,0.0964074579354252,0.2388583799767663,0.24511564051114162,0.31513359383250605,0.200892385679586
0604100,113502,22147,61543,29812,22695,30732,60075,481,8,869,7450,4410,2933,12951,1868,2870,3368,2005,9732,2319,6289,9733,18511,3375,12279,5993,6058,12106,17209,27034,35006,0.19512431499004423,0.5422195203608747,0.2626561646490811,0.19995242374583708,0.27076174869165304,0.5292858275625099,0.004237810787475111,7.048333950062554e-05,0.007656252753255449,0.06563760990995754,0.03885394089971983,0.025840954344416838,0.11410371623407517,0.016457859773396064,0.025285898045849412,0.029673485929763353,0.017664886962344275,0.08574298250251097,0.02043135803774383,0.05540871526492925,0.08575179291994854,0.16308963718700992,0.0297351588518264,0.10818311571602263,0.05280083170340611,0.05337350883684869,0.13251600897597285,0.18837502052432817,0.29592250013682886,0.3831864703628701
0604700,74718,16967,40674,17077,17560,31106,26052,13229,1,629,2604,9658,1775,7124,2863,265,1099,584,1157,1329,1877,11282,8720,680,5044,1303,3495,14339,13627,17505,12280,0.22708048930645897,0.5443668192403437,0.22855269145319734,0.2350169972429669,0.41631199978586153,0.3486710029711716,0.17705238362911213,1.3383655879440029e-05,0.008418319548167777,0.03485103991006183,0.1292593484836318,0.02375598918600605,0.09534516448513077,0.0383174067828368,0.003546668808051607,0.014708637811504591,0.007816055033592976,0.015484889852512113,0.017786878663775797,0.025121122085708932,0.15099440563184238,0.11670547926871705,0.009100885998019219,0.0675071602558955,0.017438903610910356,0.046775877298642896,0.24829007289917057,0.23596128205572198,0.30311163443057265,0.21263701061453483
0605300,188976,40556,101059,47361,43905,66815,78256,47924,239,1363,7782,8697,5721,14391,3575,1253,2326,1993,5882,712,7326,17232,20917,2872,21793,5622,11356,37689,32576,43140,35015,0.21460926255185844,0.5347716112098891,0.2506191262382525,0.23233108966217933,0.35356341546016423,0.4141054948776564,0.2535983405300144,0.0012647108627550589,0.00721255609177885,0.04117983235966472,0.046021717043434086,0.030273685547371094,0.0761525273050546,0.01891774616882567,0.006630471594276522,0.012308441283549234,0.010546312759292185,0.031125645584624502,0.003767674202015071,0.03876682753365507,0.09118618237236474,0.11068601303869274,0.01519769706206079,0.11532152230971128,0.029749809499618998,0.06009228685124037,0.2539347796792885,0.21948524457620266,0.29066163589812694,0.23591833984638189
0605500,74925,16144,40545,18236,14405,22682,37838,5087,27,122,4141,12088,1932,6032,1866,402,1427,727,2215,566,4612,5352,10663,1063,11196,2195,3212,12023,12787,18031,15940,0.2154688021354688,0.5411411411411411,0.24339005672339006,0.19225892559225893,0.3027293960627294,0.5050116783450117,0.06789456122789456,0.00036036036036036037,0.001628294961628295,0.0552686019352686,0.16133466800133467,0.025785785785785786,0.08050717384050718,0.024904904904904906,0.005365365365365365,0.01904571237904571,0.009703036369703037,0.029562896229562895,0.007554220887554221,0.06155488822155489,0.07143143143143144,0.14231564898231566,0.014187520854187521,0.14942942942942944,0.029295962629295964,0.04286953620286953,0.20453888161140504,0.21753627872952144,0.3067487793674827,0.2711760602915908
0605700,30358,6229,15610,8519,8224,10122,12012,150,24,504,2846,1571,402,3537,436,274,544,715,1373,33,1153,3177,5517,1265,3131,1839,1867,2789,6486,8330,6524,0.20518479478226498,0.5141972461954015,0.2806179590223335,0.2709005863363858,0.33342117399038146,0.39567823967323273,0.004941036958956453,0.0007905659134330325,0.01660188418209368,0.09374794123460044,0.051749127083470584,0.013241979050003294,0.11650965149219317,0.014361947427366756,0.009025627511693788,0.0179194940378154,0.02355227617102576,0.045226958297648064,0.0010870281309704197,0.0379801040911786,0.10465116279069768,0.18173133935041835,0.04166941168719942,0.1031359114566177,0.060577113116806115,0.06149944001581132,0.11558705292386755,0.26880517219942807,0.3452277342616768,0.2703800406150276
0605900,1657885,385082,907612,365191,332189,545477,780219,2428,589,6074,104918,161954,94570,157316,26565,30282,87363,40105,137548,37419,147997,120302,191791,49448,171416,48639,41161,235141,251152,385313,401197,0.23227304668297258,0.5474517231291676,0.22027523018785983,0.20036914502513745,0.3290198053544124,0.47061104962045014,0.0014645165376368082,0.0003552719277875124,0.0036637040566746184,0.06328424468524656,0.09768711340050727,0.057042557234066295,0.09488957316098523,0.016023427439177024,0.01826544060655594,0.05269545233837088,0.02419045953127026,0.08296594757778736,0.022570323032055903,0.08926855602167823,0.07256353727791735,0.11568413973224922,0.02982595294607286,0.10339438501464215,0.029337981826242473,0.024827415653076057,0.18474265066942802,0.1973219736282834,0.30272791626041107,0.3152074594418775
0606100,162113,38994,88218,34901,37523,51316,73274,393,104,733,14653,6160,4648,20890,2335,2195,9141,3775,9440,1792,10003,11756,26277,7083,18744,5884,6107,15155,27814,41763,38387,0.24053592247383,0.5441759760167291,0.21528810150944094,0.23146200489781818,0.31654463244773706,0.45199336265444473,0.002424234947228168,0.0006415278231850622,0.00452153744610241,0.09038756916471843,0.03799818645019215,0.02867135886696317,0.128860732945538,0.014403533337856928,0.01353993819126165,0.056386594535910134,0.023286226274265482,0.05823098702756719,0.011054017876419535,0.06170387322423248,0.07251731816695761,0.16209064047917193,0.04369174588095958,0.11562305305558468,0.03629567030404718,0.037671254001838225,0.12309229282239134,0.22591151650029645,0.3392084081254721,0.3117877825518401
0606500,708225,178199,381983,148043,169064,275885,263276,12863,351,4165,63091,43055,25978,85576,42093,6402,11824,10110,20980,2745,45296,74838,99632,16359,88999,20701,33167,124508,124447,163378,117693,0.25161354089448973,0.5393526068692859,0.20903385223622437,0.23871509760316284,0.3895442832433196,0.3717406191535176,0.018162307176391685,0.0004956052102086201,0.005880899431677786,0.08908327155917964,0.0607928271382682,0.03668043347806135,0.12083165660630449,0.05943450174732606,0.009039500158847824,0.016695259274947933,0.014275124430795299,0.029623354160048007,0.0038758869003494654,0.0639570757880617,0.10566980832362596,0.14067845670514315,0.023098591549295774,0.12566486639133043,0.029229411557061668,0.04683116241307494,0.23490923086791968,0.2347941421741575,0.30824525589310714,0.22205137106481568
0606700,660517,139839,372611,148067,132807,187423,340287,2648,178,6284,35749,21543,18543,63158,17124,9720,25597,9093,42930,10020,45575,51490,109751,9821,54723,20960,105610,70756,110604,171045,168273,0.2117114321054568,0.5641202270342777,0.22416834086026552,0.20106522617888714,0.2837519700477051,0.5151828037734077,0.004008980843793574,0.0002694858724302327,0.009513759676132483,0.0541227553567887,0.03261536039193541,0.028073463665583172,0.09561903781431817,0.025925146514018563,0.014715745393381245,0.03875297683481273,0.013766488977573628,0.0649945421541005,0.015169935066016469,0.06899898110116773,0.07795408747995888,0.16615923587129475,0.01486865591650177,0.08284873818539114,0.03173271846144762,0.1598899044233532,0.1358920484445281,0.21242303304537546,0.3285043731442465,0.3231805453658499
0607100,737242,187324,397799,152119,170433,277888,288921,1992,567,5172,37300,56614,42866,86845,70149,5462,17618,8619,22085,7588,59594,66665,115706,11140,67382,19758,34120,125109,130878,171592,122339,0.25408753163818665,0.5395772351548067,0.20633523320700664,0.23117646580091747,0.3769291494516048,0.3918943847474778,0.0027019621779551355,0.0007690826078818082,0.007015335534329298,0.050593970500866746,0.0767916098106185,0.05814373028123737,0.1177971412372057,0.0951505747095255,0.007408693481923168,0.02389717351968553,0.011690869483832989,0.02995624231934697,0.010292414159800988,0.08083370182382447,0.09042485371153569,0.15694439546309083,0.015110370814467977,0.09139739732679364,0.026799883891585125,0.046280597144492584,0.22750482799253707,0.23799548296291448,0.3120319756763736,0.2224677133681749
0607300,1410893,324423,784199,302271,283363,454650,672880,9126,332,6819,81443,109857,52994,136528,26467,26233,45949,28304,137396,23629,87138,140272,194029,35939,169839,53267,45332,194452,222196,329495,340327,0.229941604359792,0.5558174858050894,0.21424090983511862,0.2008394683367201,0.32224272145371763,0.4769178102095623,0.006468243871080231,0.0002353119619985357,0.0048331092435783575,0.057724434099538376,0.07786345243756967,0.03756060877756145,0.09676708297510868,0.01875904125968447,0.018593188852733693,0.032567317294791315,0.020061053531345043,0.09738229617696026,0.016747549247178913,0.061760884772977115,0.09942072148632107,0.13752212251389723,0.02547251988634149,0.12037695275261838,0.03775410325233735,0.032130005606378374,0.17897594963505664,0.20451185950831594,0.30327114416412787,0.3132410466924996
0607500,731962,154314,430510,147138,105195,145202,481565,207,9,13080,21780,12251,15138,45878,23897,43031,42682,14848,130334,25334,44037,50401,90364,17819,81999,30376,28497,71807,95989,155849,254003,0.21082241974310142,0.5881589481421167,0.2010186321147819,0.143716477084876,0.19837368606567007,0.6579098368494539,0.00028280156620152415,1.2295720269631483e-05,0.017869780125197757,0.02975564305250819,0.01673720766925059,0.020681401493520154,0.06267811717001702,0.03264786969815373,0.05878857099139027,0.058311770283156775,0.020285206062609806,0.17806115618023888,0.03461108636787156,0.06016295927930685,0.06885739970107738,0.12345449627166438,0.024344159942729267,0.11202630737661244,0.04149942210114733,0.038932348947076485,0.12430926792787303,0.16617213250976373,0.2697992549095643,0.43971934465279894
0607700,246317,58863,132582,54872,56731,88959,100627,15257,107,3469,11818,19607,13414,26280,24467,2232,4663,2754,5275,2024,13640,24293,35613,3017,18612,7099,12676,35771,43152,61833,46698,0.2389725435110041,0.5382576111271248,0.22276984536187108,0.23031703049322622,0.36115655841862315,0.40852641108815063,0.061940507557334656,0.0004343995745320055,0.014083477794874085,0.04797882403569384,0.07960067717615918,0.054458279371703944,0.10669178335234678,0.09933134943994934,0.00906149392855548,0.018930889869558334,0.011180714282814423,0.021415493043517093,0.008217053634138122,0.05537579623006126,0.09862494265519635,0.14458198175521786,0.012248444078159445,0.0755611671139223,0.028820584856100066,0.05146214025016544,0.19082548251837783,0.23020047585007522,0.32985692489890855,0.2491171167326384
0607900,109876,28076,55253,26547,28779,36993,44104,4828,92,947,7437,7342,2936,11090,1887,1085,1800,1906,6069,612,3937,10407,15616,1532,15802,6524,8027,13026,19732,27317,21725,0.2555244093341585,0.5028668681058648,0.2416087225599767,0.2619225308529615,0.33667952965160725,0.40139793949543123,0.04394044195274673,0.0008373075102843205,0.008618806654774472,0.06768539080417926,0.0668207797881248,0.02672103098037788,0.10093195966362081,0.017173905129418618,0.009874767920200953,0.016382103462084532,0.01734682733262951,0.05523499217299501,0.005569915177108741,0.03583130073901489,0.09471586151661873,0.14212384870217337,0.013942990279951946,0.1438166660599221,0.05937602388146638,0.07305508027230696,0.15924205378973105,0.24122249388753056,0.33394865525672374,0.2655867970660147
0608100,400660,80591,233650,86419,57808,92992,249860,1512,68,686,18780,27565,13190,34260,23298,34749,16202,7053,56018,7254,27020,22149,40843,6534,38271,15595,9613,41742,53517,87856,136954,0.20114560974392254,0.5831627814106723,0.2156916088454051,0.1442819348075675,0.2320970398841911,0.6236210253082414,0.0037737732740977387,0.00016971996206259672,0.0017121749113961963,0.04687266011081715,0.06879898168022762,0.032920680876553685,0.08550891029800829,0.05814905406079968,0.08672939649578196,0.040438276843208706,0.017603454300404334,0.13981430639444917,0.01810512654120701,0.06743872610193181,0.05528128587830081,0.10193930015474467,0.016308091648779513,0.09551989217790645,0.03892327659362053,0.023992911695702092,0.13041562912996885,0.16720457151426724,0.27449081291846444,0.42788898643729945
0608300,185236,43248,95483,46505,40598,63311,81327,21640,955,1105,8586,12504,5022,13909,2933,4965,2960,3008,11586,2079,7803,20388,24802,3922,23924,6465,6680,28162,30657,43323,39846,0.2334751344231143,0.515466755922175,0.25105810965471076,0.21916906000993328,0.34178561402751084,0.43904532596255585,0.11682394350990088,0.005155585307391652,0.005965363104364163,0.046351681098706514,0.06750307715562849,0.02711136064263966,0.07508799585393768,0.015833855190135828,0.026803645079790106,0.01597961519359088,0.01623874408862208,0.06254723703815673,0.011223520266038999,0.04212464099851001,0.11006499816450366,0.1338940594700814,0.021172990131507915,0.12915416009846897,0.03490142304951521,0.036062104558509146,0.19834070484829705,0.21591261233343662,0.30511733385919937,0.28062934895906694
0608500,1065645,208423,630870,226352,155217,221873,688555,2969,256,4182,49462,153615,39985,83730,18931,85199,21411,14260,151554,13715,66160,82051,126770,17585,83302,28514,21994,108385,133821,226628,388388,0.19558389519962088,0.5920076573342905,0.2124084474660886,0.1456554481088918,0.20820535919560454,0.6461391926955037,0.0027861060672175067,0.00024023009538823905,0.003924383823881311,0.04641508194567609,0.1441521332150951,0.037521876422260694,0.07857213237053616,0.017764827874198256,0.0799506402225882,0.02009205692327182,0.013381567032173003,0.14221809326745774,0.012870139680662885,0.06208446527689803,0.07699656076836095,0.11896081715768385,0.01650174307578978,0.07817049767980894,0.026757503671485345,0.02063914342956613,0.12643749227154694,0.15611008583540786,0.26437492271546925,0.45307749917757595
0608700,100637,23927,51996,24714,24340,33538,42759,5825,17,422,4824,6942,3406,11044,1657,929,2023,1446,4867,1365,4583,13575,15468,2747,11349,4283,3865,13457,16462,24096,22695,0.23775549748104574,0.5166688196190268,0.24557568289992746,0.24185935590289853,0.3332571519421286,0.42488349215497284,0.057881296143565485,0.0001689239544104057,0.004193288750658306,0.04793465623975277,0.06898059361864921,0.03384441110128482,0.10974095014756004,0.016465117203414252,0.009231197273368642,0.02010195057483828,0.014368472828085097,0.0483619344773791,0.013563599868835518,0.04553991076840526,0.13489074594830927,0.15370092510706798,0.027296123692081443,0.11277164462374674,0.042558899808221626,0.03840535787036577,0.17542693260331116,0.21460044322774086,0.3141181071568244,0.29585451701212356
0608900,62360,14444,32522,15394,16581,22990,22789,941,98,488,3049,2623,1814,8008,1289,668,1621,763,2456,586,3716,6479,13666,1408,6067,1920,4700,5696,13962,17315,10943,0.23162283515073764,0.5215202052597819,0.24685695958948042,0.265891597177678,0.3686658114175754,0.3654425914047466,0.015089801154586273,0.001571520205259782,0.00782552918537524,0.04889352148813342,0.042062219371391915,0.0290891597177678,0.12841565105837074,0.020670301475304683,0.010711994868505452,0.02599422706863374,0.01223540731237973,0.039384220654265556,0.009397049390635022,0.05958948043617704,0.10389672867222578,0.2191468890314304,0.022578576010262988,0.09728992944194997,0.030788967286722257,0.0753688261706222,0.11887469738709408,0.29138492361632856,0.3613615493780783,0.22837882961849904
0609500,149188,32484,81536,35168,31137,40462,77589,1554,353,601,10187,9568,4881,17254,3777,1332,3615,1544,4194,958,6067,27016,27022,3045,12414,3929,9877,17438,24921,37926,36419,0.21773869212000965,0.546531892645521,0.23572941523446925,0.2087098158028796,0.2712148430168646,0.5200753411802558,0.01041638737700083,0.002366142048958361,0.004028474140011261,0.06828297182078988,0.06413384454513768,0.03271710861463389,0.11565273346381746,0.02531704962865646,0.008928332037429284,0.024231171407888035,0.01034935785720031,0.02811218060433815,0.006421427996889831,0.040666809662975575,0.18108695069308522,0.18112716840496554,0.020410488779258384,0.08321044588036572,0.026335898329624366,0.06620505670697376,0.1494207567863998,0.21354023855223472,0.3249760076775432,0.31206299698382234
0609700,201605,43722,105234,52649,44774,65053,91778,5932,135,972,13225,22639,8091,21614,3304,2928,4595,3558,9506,2392,11673,16999,32878,6215,20292,7317,7340,25108,35235,51343,46197,0.21686962128915455,0.521981101659185,0.2611492770516604,0.22208774583963692,0.32267552888073214,0.45523672527963094,0.029423873415837902,0.0006696262493489745,0.004821308995312616,0.06559857146400139,0.11229384191860321,0.04013293321098187,0.10720964261799062,0.016388482428511198,0.014523449319213313,0.022792093450063243,0.017648371816175193,0.04715160834304705,0.011864785099575904,0.05790034969370799,0.08431834527913494,0.1630812727858932,0.030827608442250937,0.1006522655688103,0.036293742714714416,0.036407827186825725,0.15902915450048455,0.2231715890881222,0.325196506273633,0.2926027501377602
0609900,186983,46066,100240,40677,45154,67529,74300,13292,22,1983,9567,21469,6424,21869,7793,1099,3006,2042,5952,1856,7653,22183,31674,2530,16881,4867,4821,26676,33509,46999,33733,0.24636464277501163,0.5360915163410578,0.2175438408839306,0.24148719402298605,0.3611504789205436,0.3973623270564704,0.07108667632886412,0.00011765775498307332,0.010605242187792473,0.05116507917832103,0.1148179246241637,0.034356064455057414,0.11695715653294685,0.04167758566286775,0.005877539669381708,0.016076327794505383,0.010920778894337988,0.031831770802693296,0.009926036056753823,0.040928854494793644,0.11863645358134162,0.16939507869699386,0.013530641823053432,0.09028093463042094,0.026029104250118996,0.025783092580608933,0.18930292299722531,0.23779245939098903,0.333522570023489,0.23938204758829665
0610100,44767,10024,24047,10696,10949,16316,17502,4334,191,254,2111,2105,1667,5196,1394,276,756,627,1098,195,1992,6317,7506,577,3642,953,3576,5955,8295,11593,8900,0.2239149373422387,0.537159068063529,0.23892599459423236,0.24457747894654544,0.3644648960171555,0.39095762503629905,0.09681238412223289,0.004266535617754149,0.005673822235128555,0.04715527062345031,0.04702124332655751,0.03723725065338307,0.11606763910916523,0.03113900864476065,0.006165255657068823,0.01688743940849286,0.014005852525297652,0.02452699533138249,0.004355887149016017,0.04449706256840977,0.14110840574530345,0.16766814841289343,0.012888958384524314,0.0813545692139299,0.021288002323139814,0.0798802689481091,0.17140143338226405,0.23875313012693206,0.33367872664997267,0.25616670984083123
0610700,158948,37872,85882,35194,44754,65364,48830,37773,59,851,5875,13156,4429,13153,6451,831,2623,1271,3102,791,9211,16644,19991,1513,10516,3217,7491,32793,29464,36255,22564,0.2382666029141606,0.540315071595742,0.22141832549009738,0.2815637818657674,0.41122882955431966,0.3072073885799129,0.23764375770692303,0.00037119057805068325,0.00535395223595138,0.03696177366182651,0.08276920753957269,0.027864458816719933,0.08275033344238367,0.04058560032211792,0.005228124921357928,0.016502252308931223,0.007996325842413872,0.019515816493444398,0.0049764702921710246,0.057949769736014296,0.10471349120467072,0.1257706923018849,0.00951883634899464,0.06616000201323703,0.020239323552356747,0.04712862068097742,0.27084641051901287,0.2433512834913608,0.2994400211437444,0.18636228484588194
0611100,311376,70397,167049,73930,67388,110340,133648,27365,801,1501,16398,31140,14044,32994,4787,4951,12046,4362,16656,2175,17683,27906,41064,5377,29966,8218,11942,49224,50453,72484,68818,0.22608357741123272,0.5364864344072761,0.2374299881814912,0.21642001952623194,0.35436257129643906,0.42921740917732903,0.08788410153640615,0.0025724525975026977,0.004820538512923282,0.05266301834438107,0.10000770772313858,0.045103026565952414,0.10596192384769539,0.015373696110169055,0.01590039052463902,0.03868634705308052,0.014008786804377987,0.053491598581778946,0.006985124094342531,0.05678986177483172,0.08962155079389549,0.131879142901187,0.017268511381737836,0.09623734648784749,0.026392528647037665,0.03835234571707517,0.20426676183401873,0.20936679129716698,0.30078969536764616,0.2855767515011681
0611300,80604,19505,43411,17688,17673,26877,36054,5311,55,143,3526,5760,5229,7675,6377,1070,1040,1473,4336,1291,3868,5730,8828,1340,8873,2479,6200,11053,13930,19585,16531,0.2419855094039998,0.538571286784775,0.21944320381122526,0.21925710882834598,0.3334449903230609,0.4472979008485931,0.06589003027145054,0.0006823482705572924,0.0017741055034489603,0.04374472730881842,0.07146047342563644,0.06487271103171058,0.09521859957322218,0.07911518038807007,0.013274775445387325,0.012902585479628803,0.018274527318743485,0.053793856384298545,0.016016574859808445,0.04798769291846559,0.07108828345987792,0.1095231005905414,0.016624485137214033,0.11008138553917919,0.030755297503845962,0.07691925959009478,0.1809031244373885,0.22799063814465048,0.3205453444409892,0.2705608929769718
0800100,148605,39042,77014,32549,35581,51783,61241,881,482,771,10639,12993,4826,16403,2677,2832,3497,2915,11128,869,7791,15871,21861,2874,16951,4375,7969,11273,27799,35305,35186,0.26272332694054706,0.5182463577941523,0.21903031526530062,0.23943339726119578,0.3484606843645907,0.4121059183742135,0.005928468086538138,0.0032434978634635443,0.005188250731805794,0.07159247669997645,0.08743312809124862,0.03247535412671175,0.11037986608795128,0.018014198714713502,0.01905723226001817,0.02353218263180916,0.01961575990040712,0.07488307930419569,0.005847717102385519,0.05242757646108812,0.10679990579051848,0.14710810538003433,0.019339860704552337,0.11406749436425423,0.02944046297230914,0.05362538272601864,0.10289057437273533,0.2537261666803574,0.32223469601964166,0.32114856292726557
0800190,1779985,408475,989079,382431,351525,533730,894730,11022,17526,7775,108827,109477,88579,176051,60470,59363,88818,34157,171298,39139,110858,135984,216275,32484,167595,54189,90098,162972,322609,428909,457020,0.22948227091801335,0.5556670421379956,0.2148506869439911,0.19748761927769054,0.29985084143967505,0.5026615392826344,0.006192187012811906,0.009846150388907772,0.0043680143371994705,0.0611392792635893,0.061504450880204044,0.04976390250479639,0.09890588965637351,0.03397219639491344,0.03335028104169417,0.04989817329921319,0.01918948755186139,0.09623564243518906,0.02198838754259165,0.06228030011488861,0.07639614940575341,0.12150383289746823,0.018249591990943743,0.0941552878254592,0.030443514973440788,0.0506172804827007,0.11882669466500427,0.235221762874496,0.31272757763341136,0.3332239648270884
0800200,45901,10241,24664,10996,12528,14378,18995,385,1997,888,4594,631,1218,4707,1073,347,947,1375,1835,200,1923,4794,5765,2562,5778,1665,3217,4494,10588,11693,8885,0.2231106076120346,0.5373303413868978,0.2395590510010675,0.27293523016927734,0.31323936297684146,0.4138254068538812,0.008387616827520098,0.04350667741443542,0.01934598374763077,0.10008496546916189,0.013746977190039433,0.026535369599790855,0.10254678547308338,0.02337639702838718,0.007559748153634997,0.02063135879392606,0.02995577438400035,0.039977342541556826,0.004357203546763687,0.04189451210213285,0.10444216901592558,0.1255963922354633,0.05581577743404283,0.1258796104660029,0.0362737195268077,0.0700856190496939,0.12602355580482333,0.29691531127313514,0.3279024116657319,0.24915872125630958
0800400,73130,19622,38188,15320,26558,22174,24398,239,102,426,5483,880,711,6871,1379,651,805,4264,2733,235,3225,3377,4401,9556,20891,2506,4395,7679,13930,16646,15253,0.26831669629427046,0.5221933543005607,0.20948994940516888,0.36316149323123204,0.3032134554902229,0.3336250512785451,0.003268152604950089,0.0013947764255435526,0.005825242718446602,0.07497607001230686,0.012033365239983591,0.009722412142759469,0.0939559688226446,0.01885683030220156,0.008901955421851498,0.011007794338848626,0.05830712429919322,0.03737180363735813,0.0032134554902228905,0.0440995487488035,0.04617803910843703,0.060180500478599755,0.13067140708327635,0.2856693559414741,0.03426774237658964,0.06009845480650896,0.1435112506541078,0.26033490319204605,0.3110936682365254,0.2850601779173208
0800690,113026,24139,59155,29732,30015,47573,35438,2869,467,1156,6618,6937,2930,13995,1987,1301,2538,1358,3542,330,5399,12219,22225,1775,11424,3102,10854,13021,27216,30953,17697,0.21357032895086087,0.5233751526197512,0.26305451842938793,0.2655583671013749,0.4209031550262771,0.31353847787234795,0.025383540070426272,0.004131792684868968,0.010227735211367297,0.058552899332896854,0.06137525879001292,0.02592323890078389,0.12382106771893192,0.017580025834763684,0.011510625873692778,0.022455010351600517,0.01201493461681383,0.03133792224797834,0.0029196821970166155,0.04776777024755366,0.10810786898589705,0.19663617220816448,0.015704351211225737,0.10107408914762975,0.027445012651956188,0.09603100171641923,0.1464893628989616,0.30618650646326234,0.3482286498588095,0.19909548077896655
0800900,46218,11073,24093,11052,13865,17207,15146,287,909,422,3297,1485,913,5979,1008,624,1407,1099,1975,170,1195,3614,6340,2402,6991,1247,4854,4309,10384,11882,8570,0.2395819810463456,0.5212904063351941,0.23912761261846033,0.29999134536327837,0.3723008351724436,0.32770781946427796,0.0062097018477649405,0.019667661949889653,0.009130641741312909,0.07133584317798261,0.03213033882902765,0.01975420831710589,0.1293651823964689,0.021809684538491497,0.013501233285732831,0.030442684668311046,0.02377861439266087,0.042732268813016575,0.003678220606690034,0.025855727205850533,0.07819464277986932,0.13717599203773423,0.051971093513349775,0.15126141330217663,0.026980829979661603,0.1050240166169025,0.12260634514155641,0.29546165884194053,0.3380850761132451,0.24384691990325794
0801000,89930,20297,46443,23190,23919,34358,31653,1000,2335,684,6229,4830,2933,11631,2810,1252,2661,1719,3207,311,3709,7209,16553,2356,10685,2488,5328,8889,21373,23209,16162,0.22569776492827756,0.516435005003892,0.2578672300678305,0.2659735349716446,0.3820527076615145,0.3519737573668409,0.011119759813188036,0.025964639163794063,0.007605915712220616,0.06926498387634827,0.05370843989769821,0.032614255532080506,0.12933392638719005,0.03124652507505838,0.01392193928611142,0.02958968086289336,0.019114867118870234,0.03566106972089403,0.003458245301901479,0.041243189147114424,0.08016234849327254,0.18406538418770155,0.02619815411987101,0.11881463360391416,0.027665962415211832,0.05924608028466585,0.1276549911679807,0.30693780247870983,0.3333046113193457,0.23210259503396377
0804100,269195,64379,143360,61456,62591,96550,110054,417,796,2727,16591,11870,5809,30828,3931,8450,13444,4803,24386,1347,19868,27734,39669,5688,31566,11413,7858,23875,53015,67080,60846,0.23915377328702242,0.5325507531714928,0.2282954735414848,0.23251174798937574,0.35866193651442263,0.40882631549620163,0.0015490629469343785,0.0029569642823975184,0.010130203012685971,0.0616319025241925,0.04409442968851576,0.021579152658853247,0.11451921469566671,0.01460279722877468,0.03138988465610431,0.049941492226824424,0.017842084734114676,0.09058860677204257,0.005003807648730475,0.07380523412396219,0.10302568769850852,0.14736157803822508,0.02112966436969483,0.11726072178160812,0.04239677557161166,0.029190735340552387,0.11656804155925318,0.25884208264979297,0.3275134755097258,0.297076400281228
0900100,430016,88762,228787,112467,82781,107116,240119,358,40,1296,13828,33110,16560,48447,8920,15021,34737,5611,34367,12615,27365,39771,66205,11702,31836,19301,8926,37805,71775,95219,136455,0.20641557523440987,0.5320429937490698,0.26154143101652033,0.1925067904450067,0.24909770799226075,0.5583955015627325,0.0008325271617800268,9.30197946122935e-05,0.003013841345438309,0.032156942997469865,0.07699713499032594,0.03851019496948951,0.11266324973954457,0.02074341419854145,0.034931258371781515,0.08078071513618099,0.01304835168923947,0.07992028203601727,0.02933611772585206,0.06363716698913528,0.09248725628813811,0.15395938755767227,0.027212940913826464,0.07403445453192439,0.04488437639529692,0.020757367167733295,0.11078258423344488,0.21032720495583934,0.2790267659866258,0.39986344482409
0900300,531819,109307,284092,138420,101481,132258,298080,764,59,1199,17989,53475,21215,49729,17782,11824,57429,6408,34409,12297,31904,42860,86124,8466,35542,18034,24310,44796,100141,126084,151491,0.20553421370804728,0.534189263640449,0.26027652265150364,0.19081868079177314,0.24868987381045055,0.5604914453977763,0.001436578986459679,0.00011094000026324746,0.00225452644602769,0.0338254180463654,0.10055112735723996,0.03989139162008127,0.0935073775100175,0.03343618787595028,0.022233128188349795,0.10798598771386506,0.012049212231981181,0.06470058422132342,0.023122528529443288,0.059990335057604184,0.08059132900479299,0.1619423149605411,0.015918949868282253,0.06683100829417528,0.03391003330080347,0.045711040786432976,0.10602302419812928,0.23701338660203733,0.29841519294126556,0.3585483962585678
0900500,59138,12832,28739,17567,14042,18820,26276,379,87,192,3744,9423,1579,8077,1357,657,1148,376,1727,1053,2331,6860,9605,1401,4850,2806,1486,4675,13252,14764,13615,0.21698400351719707,0.48596503094457033,0.2970509655382326,0.2374446210558355,0.3182386959315499,0.44431668301261457,0.006408738881937164,0.0014711353106293755,0.003246643444147587,0.06330954716087794,0.1593391727823058,0.026700260407859583,0.13657884947072949,0.022946328925563936,0.011109608035442524,0.019412222259799113,0.006358010078122358,0.02920288139605668,0.017805810138996923,0.039416280564104296,0.11599986472318982,0.16241672021373735,0.023690351381514423,0.08201156616726978,0.047448341168115256,0.025127667489600596,0.10095883902733988,0.28618321599792684,0.31883557206409535,0.29402237291063793
0900700,66491,14945,33312,18234,15558,19342,31591,429,6,436,3317,9371,2532,8161,1260,698,1751,498,2979,650,3063,6143,13053,1252,6215,2730,1947,5300,13603,16338,16305,0.22476726173467085,0.5010001353566648,0.27423260290866436,0.23398655457129536,0.2908965123099367,0.47511693311876796,0.006452001022694801,9.023777654118602e-05,0.006557278428659518,0.04988645079785234,0.14093636732790904,0.0380803417003805,0.12273841572543652,0.018949933073649065,0.01049766133762464,0.026334391120602787,0.00748973545291844,0.04480305605269886,0.009775759125295153,0.046066384924275464,0.09238844354875096,0.19631228286535019,0.01882961603826082,0.09347129686724519,0.04105818832623964,0.029282158487614864,0.10282078143793894,0.26390020564156286,0.3169596088930276,0.3163194040274706
0900900,376289,86638,191596,98055,87883,107073,181333,818,189,2479,14530,30667,16977,44122,9896,5518,11334,5808,17048,5407,21043,53879,74476,6881,28293,15382,11542,32522,71558,88434,97137,0.2302432438896699,0.5091724711591357,0.2605842849511944,0.23355187103529468,0.28454990711926204,0.4818982218454433,0.0021738610482900113,0.0005022735184924353,0.006588021440966916,0.038613937691508386,0.08149852905612441,0.045116918113471294,0.11725562001546684,0.02629893512699016,0.014664260714504012,0.03012046591848287,0.015434944949227853,0.045305602874386446,0.01436927467983385,0.05592244259066834,0.14318515821615832,0.19792234160445826,0.018286476617706073,0.07518954845876441,0.04087815482249016,0.030673232542008936,0.11227995069928984,0.24704903487300234,0.30531225509319837,0.3353587593345095
0901100,119358,26375,60224,32759,25133,35452,58773,1363,62,1484,4291,18115,3245,13366,2761,1452,1736,863,5036,868,3116,10746,16679,13976,12313,3606,4280,10054,24911,28994,29024,0.22097387690812514,0.5045660952763954,0.27446002781547946,0.21056820657182593,0.29702240319040196,0.4924093902377721,0.01141942726922368,0.000519445701167915,0.01243318420214816,0.035950669414701986,0.15177030446220613,0.027187117746611037,0.11198243938403793,0.023132090014913117,0.012165083195093752,0.014544479632701621,0.007230349033998559,0.04219239598518742,0.0072722398163508105,0.026106335561922954,0.09003166943145831,0.13973927177063958,0.11709311483101259,0.10316024062065383,0.030211632232443573,0.03585850969352704,0.10812729208565007,0.2679091877009776,0.3118204402955379,0.31214307991783447
0901300,40757,10678,19789,10290,11168,12336,17253,355,29,125,2103,3301,964,4734,1219,387,544,445,1284,76,846,10344,5785,1012,3888,1805,1511,2884,7738,9254,10203,0.2619918050886964,0.4855362269058076,0.252471968005496,0.2740142797556248,0.3026719336555684,0.4233137865888068,0.008710160217876683,0.0007115342149814755,0.0030669578231960156,0.05159849841744976,0.08099222219496037,0.02365237873248767,0.11615182668007949,0.02990897269180754,0.009495301420614864,0.013347400446549059,0.010918369850577815,0.03150379075986947,0.0018647103565031773,0.02075717054739063,0.25379689378511666,0.1419388080575116,0.02483009053659494,0.09539465613268887,0.04428687096695046,0.03707338616679343,0.09588084710262974,0.25725589281558564,0.3076565045380498,0.3392067555437348
0901500,38063,8640,19099,10324,9072,12982,16009,296,68,113,1150,6232,1139,4321,2151,299,534,216,778,283,1494,6265,6945,271,3225,1484,799,3144,8738,9504,8037,0.226992092057904,0.5017733757192023,0.2712345322228936,0.2383416966607992,0.3410661272101516,0.4205921761290492,0.0077765809316133775,0.001786511835640911,0.002968762315109161,0.030213067808633056,0.1637285552899141,0.02992407324698526,0.11352231826182907,0.05651157291858235,0.007855397630244594,0.014029372356356568,0.0056748023014476,0.02043979717836219,0.007435041904211439,0.0392507159183459,0.16459553897485749,0.1824606573312666,0.007119775109686572,0.08472795102855792,0.03898799358957518,0.020991514068780706,0.10685518132073547,0.2969785541922985,0.323012609183292,0.27315365530367397
1000100,299190,69584,160528,69078,67126,80911,151153,221,4,1541,15235,11199,8003,35596,7838,3908,40669,3818,22016,7766,19692,24925,52111,5678,22441,7916,8613,23254,56363,69712,80277,0.23257461813563288,0.5365419967244894,0.23088338513987766,0.22435910291119357,0.270433503793576,0.5052073932952305,0.0007386610515057321,1.336943079648384e-05,0.005150573214345399,0.050920819546107825,0.03743106387245563,0.026748888666065042,0.11897456465790969,0.026197399645710082,0.013061933888164711,0.1359303452655503,0.012761121695243825,0.07358534710384705,0.025956749891373376,0.06581770781108995,0.08330826565058992,0.17417360205889235,0.01897790701560881,0.07500584912597347,0.026458103546241517,0.02878772686252883,0.10127784117139796,0.24547703457226727,0.3036157591700565,0.34962936508627823
1000200,66001,15263,34480,16258,16858,23103,26040,338,36,284,3407,4809,1574,9544,2173,716,1241,568,2343,308,2860,6957,10051,2994,5069,1644,9085,6044,14783,16587,13324,0.2312540719080014,0.5224163270253481,0.2463296010666505,0.2554203724185997,0.35004015090680446,0.3945394766745958,0.005121134528264723,0.0005454462811169527,0.004302965106589294,0.05162042999348495,0.07286253238587294,0.0238481235132801,0.14460386963833882,0.032923743579642735,0.010848320479992728,0.01880274541294829,0.008605930213178589,0.03549946212936168,0.004666595960667263,0.04333267677762458,0.10540749382585113,0.1522855714307359,0.04536294904622657,0.07680186663838427,0.024908713504340842,0.13764942955409767,0.11912176278134731,0.2913595332886594,0.3269147384603256,0.2626039654696677
1000300,73778,17701,36762,19315,20344,29347,24087,824,11,273,5214,10008,1540,11418,1555,436,1537,1219,2027,308,4644,5604,11458,1320,10221,2488,1673,8121,17409,17509,13038,0.23992247011304182,0.4982786196427119,0.26179891024424623,0.2757461573910922,0.397774404293963,0.32647943831494486,0.011168641058310065,0.00014909593645802272,0.003700290059367291,0.07067147388110277,0.1356501938247174,0.02087343110412318,0.15476158204342758,0.02107674374474776,0.005909620754154355,0.020832768575998264,0.016522540594757246,0.027474314836401094,0.004174686220824636,0.06294559353736887,0.07595760253734175,0.15530374908509312,0.017891512374962726,0.13853723332158638,0.03372278999159641,0.02267613651766109,0.14481873138719975,0.310448133816003,0.3122313961160547,0.23250173868074256
1100100,690999,134932,401744,154323,80781,131313,478905,5,0,2254,16113,4038,4953,23318,8018,18616,17774,12581,116977,2782,46878,58317,74160,13415,66773,71348,132679,69427,116498,131067,239075,0.1952709048782994,0.5813959209781779,0.22333317414352263,0.11690465543365475,0.19003356010645456,0.6930617844598906,7.235900486107795e-06,0.0,0.003261943939137394,0.02331841290653098,0.005843713232580655,0.007167883021538381,0.03374534550701231,0.01160349001952246,0.02694070468987654,0.02572217904801599,0.01820697280314443,0.1692867862326863,0.004026055030470377,0.06784090859755224,0.08439520172966965,0.10732287600995082,0.019413921004227213,0.09663255663177515,0.10325340557656379,0.1920104081192592,0.12485365972086097,0.209503531049316,0.2357036112554782,0.4299391979743448
1200100,129546,33527,66947,29072,31024,47656,50866,1037,19,478,5142,4463,2706,12555,2623,1872,4521,2246,6213,547,6908,24528,27159,1880,13438,3205,8006,11418,24908,30906,28787,0.25880382258039614,0.516781683726244,0.2244144936933599,0.23948250042455962,0.36786932826949503,0.39264817130594537,0.008004878575949856,0.0001466660491254072,0.003689809025365507,0.039692464452781254,0.0344510830129838,0.02088833310175536,0.09691538140892038,0.020247634045049635,0.014450465471724329,0.034898800426103466,0.017337470859771817,0.04795979806400815,0.004222438361663038,0.05332468775570068,0.18933815015515723,0.2096475383261544,0.01451221959767187,0.1037314930603801,0.02474024670773316,0.061800441542000525,0.11891396494443808,0.2594069923660942,0.3218737958112457,0.299805246878222
1200500,116335,28459,61737,26139,31328,49796,35211,448,110,587,8866,4284,2962,18898,2062,922,2137,3899,5633,262,8360,8205,15613,1982,20752,3385,6968,12215,27333,28967,19361,0.24462973309837968,0.5306829415051361,0.22468732539648428,0.2692912708986977,0.428039712898096,0.30266901620320624,0.0038509476941591095,0.0009455451927622813,0.005045772983195083,0.07621094253663988,0.03682468732539648,0.02546095328147161,0.16244466411655994,0.017724674431598402,0.007925387888425667,0.018369364335754503,0.0335152791507285,0.048420509734817554,0.0022521167318519794,0.07186143464993339,0.07052907551467744,0.13420724631452272,0.01703700520049856,0.17838139854729876,0.02909700434091202,0.05989599002879615,0.1390026856024398,0.31104055714870954,0.32963494014292866,0.22032181710592197
1200900,205806,41491,108315,56000,48819,76106,80881,198,24,333,13180,22406,5008,25326,3655,2018,4678,2429,14473,2533,13466,16644,33905,4029,22396,6657,12448,19646,44337,54108,46224,0.201602480005442,0.5262966094282966,0.27210091056626146,0.23720882773096993,0.36979485534921236,0.3929963169198177,0.0009620710766449958,0.00011661467595696918,0.0016180286289029474,0.06404089287970224,0.10886951789549382,0.024333595716354236,0.12305763680359173,0.0177594433592801,0.009805350670048492,0.02273014392194591,0.01180237699581159,0.07032350854688396,0.01230770725829179,0.0654305511015228,0.08087227777615813,0.16474252451337668,0.0195766887262762,0.10882092844717842,0.03234599574356433,0.06048414526301468,0.11956303441560417,0.26982929130024647,0.3292943431823023,0.2813133311018471
1201100,827781,173609,457474,196698,184841,311794,331146,1228,103,1086,45647,26620,47474,112998,26490,21083,35805,21974,58036,8612,83397,60664,104257,15053,87967,31428,37859,115777,165122,202088,171185,0.20972817689702952,0.5526510031034778,0.2376208199994926,0.22329698313926027,0.376662426414716,0.40004059044602375,0.0014834841582495853,0.00012442904584666719,0.001311941201839617,0.055143812191872005,0.03215826408192505,0.05735091769441435,0.1365071196367155,0.032001217713380714,0.025469296830925088,0.04325419404407688,0.026545668479948197,0.07011033111414734,0.010403717891567939,0.10074766151916993,0.07328508385672056,0.12594756342559205,0.018184761428445446,0.10626844539799778,0.03796656362008792,0.045735526667077406,0.17698250612988634,0.2524137382828981,0.3089218126119736,0.261681942975242
1201500,48878,10501,23989,14388,13892,20795,14191,589,38,68,3763,794,866,8509,799,524,1067,1100,1741,152,3948,2526,9125,1290,6925,1807,3247,5134,11169,12754,9320,0.2148410327754818,0.49079340398543314,0.2943655632390851,0.2842178485208069,0.4254470313842629,0.29033512009493023,0.012050411227955317,0.0007774458856745366,0.0013912189533123287,0.07698760178403372,0.016244527190146896,0.017717582552477597,0.1740865010843324,0.01634682270141986,0.010720569581406767,0.021829862105650803,0.022505012480052374,0.035619297025246535,0.0031097835426981465,0.08077253570113344,0.05167969229510209,0.18668930807316175,0.026392241908425058,0.141679283113057,0.03696959777404967,0.0664307050206637,0.13377804414102196,0.2910336920551372,0.33233447116762643,0.2428537926362144
1201701,32694,6631,16404,9659,9112,14441,9141,230,54,872,2739,493,517,5142,634,279,663,508,971,24,2215,3002,7216,720,3784,992,1639,3184,8139,8785,5955,0.2028200893130238,0.5017434391631492,0.295436471523827,0.2787055728879917,0.4417018413164495,0.27959258579555885,0.007034929956566954,0.0016516792071939806,0.026671560530984278,0.0837768397871169,0.01507921942864134,0.01581329907628311,0.15727656450724903,0.019391937358536733,0.008533675903835566,0.020278950266103872,0.015538019208417447,0.029699639077506577,0.0007340796476417691,0.06774943414693828,0.0918211292591913,0.22071328072429192,0.022022389429253074,0.11573989111151893,0.030341958769193125,0.050131522603535816,0.12216552200437401,0.3122817787668342,0.33706787399762117,0.2284848252311706
1201900,55338,13868,29386,12084,15591,21436,18311,127,5,491,4159,1565,755,8689,786,1054,1302,1214,4688,172,2669,6328,9228,1462,6851,1622,2171,5461,11910,13844,10255,0.25060537063139254,0.5310275037045068,0.21836712566410063,0.28174129892659655,0.3873649210307564,0.330893780042647,0.0022949871697567673,9.03538255809751e-05,0.008872745672051754,0.07515631211825509,0.028280747406845205,0.013643427662727239,0.15701687809461853,0.014203621381329285,0.01904658643246955,0.023528136181285915,0.021937908851060756,0.08471574686472225,0.0031081715999855433,0.048230872095124507,0.11435180165528208,0.16675702049224764,0.02641945859987712,0.12380281181105209,0.02931078101846832,0.03923163106725939,0.13168555582348687,0.287195563057632,0.3338316855558235,0.24728719556305764
1202100,142159,30470,73331,38358,34300,56492,51367,4087,21,155,14395,3606,4352,17954,1698,1229,3693,3697,6034,367,9456,9398,19719,8694,21427,6536,5641,19463,28519,33919,29788,0.21433746720221725,0.5158378998164027,0.26982463298138,0.2412791311137529,0.39738602550665103,0.3613348433795961,0.02874949880063872,0.00014772191700842014,0.0010903284350621486,0.10125985692077182,0.02536596346344586,0.030613608705744977,0.12629520466519883,0.011944372146680829,0.00864524933349278,0.025977954262480743,0.026006091770482347,0.04244543082041939,0.0025816163591471522,0.06651706891579147,0.06610907504976822,0.1387108800709065,0.06115687364148594,0.15072559598759136,0.04597668807462067,0.03968092065926181,0.1742606702540089,0.2553429612584946,0.30369150050586896,0.26670486798162757
1202300,47810,10485,25642,11683,12560,20856,14394,1670,218,176,3611,4025,1487,6156,1815,204,866,349,1189,132,2379,5094,6779,366,4719,872,5703,5255,11855,12539,7676,0.21930558460573102,0.5363313114411211,0.24436310395314786,0.26270654674754235,0.43622673080945407,0.30106672244300353,0.0349299309767831,0.004559715540681865,0.0036812382346789376,0.07552813218991843,0.0841874084919473,0.03110227985777034,0.1287596737084292,0.03796276929512654,0.004266889772014223,0.018113365404727043,0.007299728090357666,0.02486927421041623,0.002760928676009203,0.049759464547165864,0.10654674754235516,0.1417904204141393,0.007655302238025518,0.09870320016732902,0.01823886216272746,0.11928466847939762,0.14079035498995313,0.3176155391828533,0.3359410582719357,0.20565304755525787
1202790,68880,14673,35854,18353,18179,31320,19381,10885,26,432,4395,2557,1439,8370,1920,333,1260,612,1939,144,3478,6545,10503,1153,5864,1494,5531,10646,15931,16738,10892,0.2130226480836237,0.5205284552845528,0.2664488966318235,0.26392276422764227,0.4547038327526132,0.2813734030197445,0.15802845528455284,0.00037746806039488966,0.0062717770034843206,0.06380662020905924,0.03712253193960511,0.020891405342624854,0.12151567944250871,0.027874564459930314,0.004834494773519164,0.018292682926829267,0.008885017421602788,0.02815040650406504,0.0020905923344947735,0.050493612078977936,0.09502032520325203,0.15248257839721255,0.016739256678281068,0.0851335656213705,0.021689895470383275,0.08029907084785133,0.19639529950006457,0.29389193277620973,0.30877930894533917,0.20093345877838656
1203100,538183,121982,300006,116195,120389,194108,223686,283,168,2450,34331,25245,23565,62243,30224,9863,53660,8540,36643,5921,49726,30051,75492,8495,52197,14564,14522,55353,114683,133823,112342,0.22665524552057573,0.5574423569677972,0.2159023975116271,0.22369528580427103,0.3606728566305513,0.4156318575651776,0.0005258434398708246,0.000312161476672433,0.004552354868139648,0.06379056937881725,0.04690783618211649,0.043786221415392165,0.1156539690031086,0.05615933613659294,0.01832648002631075,0.09970586213239735,0.015868208397515342,0.06808650589111882,0.01100183394867545,0.09239608088698453,0.05583788413978145,0.14027198926759113,0.015784593716263798,0.09698745593970824,0.02706142706105544,0.026983386691887334,0.1329958361464773,0.2755471514965125,0.3215345470097381,0.2699224653472721
1203300,153043,38271,79993,34779,40401,61778,50864,153,107,1521,10723,5719,5095,23963,2989,1614,10816,2571,7782,1261,10750,10336,24819,1883,20665,4236,6040,15736,33717,38545,26774,0.25006697464111394,0.5226831674758075,0.2272498578830786,0.2639846317701561,0.40366432963284826,0.3323510385969956,0.0009997190332128878,0.0006991499121162026,0.00993838333017518,0.0700652757721686,0.037368582685911804,0.033291297217121985,0.15657690975738844,0.019530458759956352,0.010546055683696738,0.07067294812569017,0.01679920022477343,0.050848454355965314,0.008239514384846089,0.0702416967780297,0.06753657468815953,0.16217010905431806,0.012303731630979529,0.13502741059702175,0.0276784955862078,0.03946603242226041,0.1371066113686265,0.29377374272470635,0.33583975185585335,0.23327989405081379
1203590,194816,43970,99682,51164,53749,80268,60799,1865,10,570,13464,11835,5080,27918,1969,1807,4422,3565,8168,1189,13921,18266,33138,4740,27028,6691,9170,20877,43949,49785,36235,0.22570014783180026,0.5116725525624178,0.26262729960578185,0.2758962302890933,0.41201954664914586,0.31208422306176087,0.00957313567674113,5.1330486202365306e-05,0.0029258377135348225,0.06911136662286466,0.06074963042049934,0.026075886990801576,0.14330445137976347,0.010106972733245729,0.009275418856767411,0.02269834099868594,0.018299318331143233,0.04192674113009198,0.006103194809461235,0.07145716984231275,0.09376026609724047,0.17009896517739817,0.024330650459921156,0.13873603810775295,0.03434522831800263,0.04707005584756899,0.13839942723042042,0.291350118664068,0.33003858239529055,0.24021187171022101
1205301,44410,10490,22711,11209,12588,19281,12541,191,22,95,2650,2394,673,7526,1805,227,769,464,2076,369,3034,3064,8930,654,5262,1590,2615,4716,10314,11325,7565,0.2362080612474668,0.5113938302184192,0.25239810853411393,0.28344967349696015,0.4341589732042333,0.2823913532988066,0.004300833145687908,0.0004953839225399685,0.002139157847331682,0.059671245215041656,0.053906777752758386,0.015154244539518127,0.16946633641071832,0.040643999099301956,0.005111461382571493,0.017315919837874352,0.010448097275388426,0.04674622832695339,0.008308939428056744,0.06831794640846656,0.06899346993920288,0.2010808376491781,0.01472641297005179,0.11848682729115065,0.035802747129024995,0.05888313442918262,0.13903301886792452,0.30406839622641507,0.333873820754717,0.22302476415094338
1205700,709244,156296,397758,155190,155267,249396,304581,7377,124,2754,38667,26317,37151,79663,19686,15897,61359,14300,66786,12314,68940,46813,89321,16829,64824,18742,21380,79958,142218,175140,155632,0.2203698586100129,0.5608196896977626,0.2188104516922244,0.21891901799662739,0.3516363902972743,0.42944459170609833,0.010401215942609314,0.000174834048648984,0.003883007822413725,0.0545186141863731,0.037105706921736384,0.05238112694643874,0.11232100659293558,0.02775631517503144,0.022414007027200793,0.08651324508913717,0.02016231367484251,0.09416505462154068,0.017362148992448298,0.09720209124081416,0.06600408322100716,0.12593832305948305,0.023728082296078642,0.09139872878727208,0.02642532048209079,0.0301447738718974,0.14460310915312108,0.25719959200503484,0.3167386445018338,0.2814586543400103
1206100,50191,10715,25159,14317,13038,21258,15895,1226,25,41,3886,1821,936,7307,810,523,1304,902,2403,145,3388,2858,9613,2696,5428,2229,2650,5985,11099,12830,9562,0.21348448925106095,0.5012651670618238,0.2852503436871152,0.25976768743400214,0.423542069295292,0.3166902432707059,0.0244266900440318,0.0004980972684345799,0.000816879520232711,0.07742423940547111,0.0362814050327748,0.01864876173019067,0.14558386961805903,0.01613835149728039,0.010420194855651412,0.02598075352154769,0.017971349445119644,0.04787710944193182,0.0028889641569205633,0.06750214181825427,0.056942479727441174,0.19152836165846465,0.053714809427985094,0.10814687892251598,0.04441035245362714,0.05279831045406547,0.15161110548181173,0.2811581720539062,0.3250075995541595,0.2422231229101226
1206300,48632,10507,26264,11861,11675,23596,13361,2901,321,423,3598,2559,1647,5868,1436,432,779,512,1259,114,1824,4797,8010,363,4279,907,6603,5781,12270,12577,7497,0.2160511597302188,0.5400559302516861,0.24389291001809507,0.24006826780720514,0.4851949333772002,0.27473679881559465,0.05965208093436421,0.006600592202664912,0.008697976640894884,0.07398420792893567,0.0526196742885343,0.03386658989965455,0.12066129297581839,0.02952788287547294,0.008883039973679882,0.01601825958216812,0.010528047376213193,0.025888303997367988,0.002344135548609969,0.0375061687777595,0.09863875637440368,0.1647063661786478,0.007464221088994901,0.0879873334430005,0.01865027142622142,0.13577479848659318,0.1516327868852459,0.3218360655737705,0.32988852459016393,0.19664262295081966
1206900,124536,27201,63946,33389,34819,51942,37775,2375,161,999,11758,4587,2037,19772,2682,1106,2682,2201,4057,215,7535,8839,24299,3039,14488,3890,7814,14425,28659,31588,22663,0.21841877047600694,0.5134740155457057,0.2681072139782874,0.27958983747671357,0.41708421661206396,0.30332594591122247,0.01907079077535813,0.0012927988694032247,0.008021776835613798,0.09441446649964669,0.036832723068028525,0.016356716130275582,0.1587653369306867,0.02153594141453074,0.008880966146335196,0.02153594141453074,0.017673604419605575,0.032576925547632814,0.0017264084280850518,0.06050459304939937,0.07097546091090126,0.19511627160017986,0.02440258238581615,0.11633583863300571,0.031235947838376053,0.06274490910258881,0.14819951713155596,0.2944367390969333,0.32452868957723324,0.2328350541942775
1207100,249762,56971,129153,63638,62311,99052,88399,2561,272,763,27418,5761,6954,35270,4367,3009,5516,6409,14524,2996,17258,17547,38219,8273,33109,8750,10786,29819,53202,60915,48855,0.22810115229698674,0.5171042832776803,0.25479456442533294,0.24948150639408717,0.3965855494430698,0.35393294416284304,0.010253761581025136,0.0010890367629983744,0.0030549082726755872,0.10977650723488762,0.023065958792770718,0.027842506065774618,0.14121443614320833,0.01748464538240405,0.012047469190669517,0.022085024943746447,0.0256604287281492,0.058151360094810256,0.011995419639496801,0.06909778108759539,0.07025488264828117,0.15302167663615762,0.033123533603991,0.1325621992136514,0.035033351750866824,0.043185112226839954,0.15467008314703487,0.27595686520636337,0.31596391947756897,0.25340913216903277
1207300,158645,40449,81838,36358,39528,58000,61117,437,10,114,5940,1652,3119,16476,1422,4159,5261,2227,11159,727,7280,18050,20490,1864,16664,5867,35727,14242,31063,38314,34577,0.2549654889848404,0.5158561568281383,0.22917835418702134,0.2491600743799048,0.36559614233036025,0.38524378328973496,0.0027545778310063347,6.303381764316555e-05,0.0007185855211320873,0.03744208768004034,0.010413186674650951,0.019660247722903337,0.10385451794887958,0.008963408868858143,0.026215764757792557,0.0331620914620694,0.01403763118913297,0.07033943710800844,0.004582558542658136,0.04588861924422453,0.11377604084591383,0.12915629235084622,0.01174950360868606,0.10503955372057108,0.036981940811245236,0.2252009202937376,0.12049477139666318,0.26280923212291446,0.3241564858370842,0.29253951064333816
1208100,118135,26146,60284,31705,31876,46547,39712,5191,2,282,9615,8316,3968,16816,2704,779,2476,2783,4741,1497,6998,9575,16574,4470,13668,3773,3907,14248,25667,29150,22924,0.22132306259787532,0.5102975409489143,0.2683793964532103,0.2698268929614424,0.39401532145426843,0.33615778558428916,0.04394125365048462,1.6929783722012953e-05,0.002387099504803826,0.08138993524357727,0.07039404071612985,0.033588690904473695,0.14234562153468489,0.02288906759216151,0.006594150759724044,0.020959072247852033,0.02355779404918102,0.0401320523130317,0.012671943115926693,0.05923731324332332,0.081051339569137,0.14029711770432132,0.03783806661869894,0.11569814195623651,0.031938036991577434,0.0330723325009523,0.15488808444487928,0.2790224918196741,0.31688571459631043,0.2492037091391362
1208300,101422,21933,53376,26113,26373,44283,30766,2003,95,254,7118,7285,3790,15891,3174,656,2317,1626,3833,229,4938,9754,17677,2392,10359,2767,5264,11462,24271,26027,17729,0.21625485594841357,0.5262763502987517,0.2574687937528347,0.2600323401234446,0.4366212458835361,0.30334641399301926,0.019749166847429552,0.0009366804046459348,0.0025043876082112364,0.0701820117923133,0.07182859734574353,0.03736861824850624,0.1566819822129321,0.031294985308907335,0.006468024688923508,0.022845142079627696,0.01603202461004516,0.03779258937903019,0.0022578927648833585,0.04868766145412238,0.09617242807280471,0.17429157382027569,0.023584626609611328,0.10213760328133935,0.02728204925952949,0.0519019542111179,0.14419605228396382,0.3053378454880549,0.3274289524336701,0.22303714979431116
1208500,66733,14518,34423,17792,16484,27076,23173,629,51,408,5189,3228,2164,8831,1382,711,1926,901,3738,125,4720,3152,14073,2119,7430,2865,3091,7992,14116,17007,13100,0.21755353423343773,0.5158317474113258,0.26661471835523654,0.24701422085025398,0.4057362923890729,0.34724948676067313,0.009425621506600932,0.0007642395816162918,0.006113916652930334,0.07775763115699878,0.048371869989360584,0.03242773440426775,0.13233332833830339,0.020709394152817945,0.010654398873121244,0.028861283023391724,0.013501565941887821,0.0560142658055235,0.0018731362294516956,0.07072962402409602,0.047233003161853956,0.2108851692565897,0.03175340536166514,0.11133921747860878,0.04293228237903286,0.04631891268188153,0.15305946567078427,0.27034377094704587,0.3257110025854639,0.25088576079670594
1208690,1174270,237485,662711,274074,244791,469157,460322,9290,534,3389,48759,42180,70097,150672,70467,21367,52391,28971,79438,10561,84504,87035,164670,16018,139912,41231,52784,199468,227374,274754,235189,0.20224054093181296,0.564359985352602,0.233399473715585,0.20846227869229395,0.3995307723096051,0.39200694899810096,0.007911298083064372,0.000454750611017909,0.002886048353445119,0.04152281843187683,0.03592018871298765,0.05969410782869357,0.1283112061110307,0.0600091972033689,0.018195985591048056,0.04461580386112223,0.024671498037078354,0.06764883714988887,0.008993672664719357,0.0719630068042273,0.07411838844558748,0.1402318035886125,0.013640815144728214,0.11914806645831028,0.035112027046590645,0.0449504798726017,0.2129282599529241,0.24271737912114305,0.2932946193630342,0.2510597415628986
1208900,30054,7520,15551,6983,8213,12421,9420,519,1,126,1523,1627,604,4146,1999,265,398,352,821,29,2178,2927,3935,680,5318,973,1633,2875,7033,7448,5178,0.2502162773674053,0.5174352831569841,0.23234843947561057,0.2732747720769282,0.41328941239102945,0.3134358155320423,0.017268915951287683,3.3273441139282626e-05,0.004192453583549611,0.05067545085512744,0.05413588873361283,0.020097158448126706,0.13795168696346577,0.06651360883742596,0.008817461901909896,0.013242829573434485,0.011712251281027484,0.027317495175351036,0.0009649297930391962,0.07246955480135756,0.09739136221468024,0.13093099088307714,0.022625939974712184,0.176948159978705,0.03237505822852199,0.05433552938044853,0.12758498269281973,0.31210615070560044,0.3305227655986509,0.2297861010029289
1209100,87116,21056,45045,21015,23054,34150,29912,90,6,333,5751,3337,1450,14460,1527,1355,2971,2436,8846,564,5559,6357,9091,1520,15413,2683,3367,8712,19107,21776,16465,0.24170072087790992,0.5170691950961935,0.24123008402589652,0.26463565820285595,0.39200606088433815,0.3433582809128059,0.0010331052849074796,6.887368566049865e-05,0.0038224895541576747,0.06601542770558795,0.03830524817484733,0.016644474034620507,0.16598558244180173,0.017528353000596904,0.01555397401166261,0.03410395334955691,0.02796271637816245,0.10154277055879517,0.0064741264520868725,0.063811469764452,0.07297166995729831,0.10435511272326553,0.017448000367326324,0.17692501951421094,0.030798016437852977,0.038649616603149826,0.13188010899182562,0.28923705722070847,0.32963972146533455,0.2492431123221314
1209500,874792,221662,473008,180122,210056,334917,329819,3924,45,2052,40291,30226,34303,93767,34752,17203,27394,20757,60755,17244,84435,48550,89920,85349,134983,24875,23967,107364,170355,206611,168800,0.25338823400305444,0.5407091057074139,0.2059026602895317,0.24012108021106732,0.3828532954119379,0.3770256243769948,0.004485637728740089,5.144079964151478e-05,0.0023457004636530743,0.04605780574125049,0.03455221355476502,0.03921275000228626,0.10718776577746482,0.03972601486982048,0.01966524613851064,0.03131487256399235,0.023727926181309384,0.06945079516044957,0.019712114422628466,0.09652008706069558,0.055498907168789836,0.10279014897255576,0.09756490685785878,0.15430296573356866,0.02843533091294845,0.027397369889070773,0.1643838133296587,0.2608286252354049,0.3163397792170012,0.2584477822179352
1209700,93905,23355,51570,18980,25348,39953,28604,361,80,681,5891,1490,2676,15194,1725,391,1057,3189,2392,119,10579,10544,11063,1953,17999,1922,4599,13447,19137,22491,15475,0.24870880144827218,0.5491720355678611,0.20211916298386667,0.2699323784676002,0.4254619029870614,0.30460571854533836,0.0038443107395772324,0.0008519248176348437,0.007252010010116607,0.0627336137585858,0.015867099728448963,0.028496885149885524,0.16180182098929768,0.01836962888025132,0.004163782546190299,0.011256056653000373,0.03395985304296896,0.025472552047281827,0.0012672381662318301,0.11265640807198765,0.1122836909642724,0.11781055321867845,0.020797614610510624,0.1916724349076194,0.02046749374367712,0.04897502795378308,0.1906024096385542,0.27125442948263645,0.3187951807228916,0.21934798015591778
1209900,607959,129592,325746,152621,140201,220879,246879,7478,105,2350,34683,19391,22871,74615,9930,11334,22921,15203,45845,11939,55177,37969,92114,20165,69673,26201,27995,77526,117636,146502,136703,0.213159111058476,0.5358025787923199,0.25103831014920414,0.23060930095615,0.3633123286274239,0.4060783704164261,0.012300171557621484,0.00017270901491712434,0.0038653922386213545,0.057048254898767845,0.031895242935790075,0.037619313144471915,0.1227303156956308,0.016333338267876616,0.018642704524482738,0.037701555532527686,0.02500662051223849,0.07540804560833872,0.019637837419957595,0.09075776491506829,0.06245322464179328,0.1515135066673904,0.033168355102893454,0.11460147806019814,0.04309665618898643,0.04604751307242758,0.1620638547391438,0.24591161179596419,0.30625440300020695,0.2857701304646851
1210100,119309,28190,62189,28930,32197,48584,38528,823,73,1050,9573,3793,2760,21686,1422,679,2509,1715,5078,711,7229,13428,22016,1296,13847,3886,5735,12423,26328,30056,22312,0.23627722971443899,0.521243158521151,0.24247961176441007,0.2698622903552959,0.4072115263726961,0.322926183272008,0.006898054631251624,0.0006118566076322825,0.008800677233067078,0.08023703157347728,0.03179139880478422,0.023133208726919176,0.18176332045361204,0.01191863145278227,0.0056911046107167105,0.021029427788347904,0.014374439480676227,0.042561751418585356,0.005959315726391135,0.06059056735032563,0.11254808941488069,0.18452924758400455,0.010862550184814222,0.1160599787107427,0.032570887359713016,0.0480684608872759,0.13633819510749678,0.2889408356105752,0.3298543662682865,0.2448666030136415
1210300,447173,91915,238947,116311,101984,170165,175024,165,10,852,23105,32878,15514,53966,5831,5909,21539,10144,33512,16893,30617,29895,75891,9255,49797,13311,18089,43182,94233,116206,101637,0.2055468465224868,0.5343502402873161,0.26010291319019707,0.22806385895391718,0.380535050193102,0.39140109085298086,0.0003689847106153547,2.236270973426392e-05,0.001905302869359286,0.05166904084101679,0.07352411706431292,0.03469350788173704,0.12068259935192867,0.013039696046049291,0.01321412518197655,0.04816704049663106,0.02268473275443732,0.07494191286146525,0.037777325554092044,0.06846790839339584,0.066853320750582,0.16971284044430232,0.020696687859061258,0.11135958566371404,0.029767002927278706,0.040451905638310005,0.12155109807520169,0.26525229551480894,0.3271031194230672,0.28609348698692216
1210500,233180,53820,123643,55717,56968,93469,82743,3478,1074,496,13097,19065,10732,31063,16534,1226,9763,3183,7317,7854,16834,20123,29003,4663,19629,5333,12713,28252,53656,57756,39696,0.23080881722274638,0.5302470194699374,0.23894416330731624,0.24430911742001887,0.4008448408954456,0.35484604168453554,0.014915515910455443,0.004605883866540869,0.002127112102238614,0.0561669096835063,0.08176087142979672,0.04602453040569517,0.1332146839351574,0.07090659576292993,0.005257740801097865,0.04186894244789433,0.01365039883351917,0.03137919204048375,0.033682133973754184,0.07219315550218715,0.08629813877691055,0.12438030705892443,0.019997426880521484,0.0841796037396003,0.02287074363152929,0.054520113217257055,0.15751561106155218,0.29915254237288136,0.3220115967885816,0.22132024977698483
1210790,91438,22589,46662,22187,25756,34918,30764,1326,78,538,5253,4317,2804,13768,1061,545,2678,1465,3804,428,5299,10905,11705,2557,13724,4077,5106,8943,19623,21874,18409,0.24704171132351976,0.510312998971981,0.24264528970449922,0.2816772020385398,0.3818762440123362,0.336446553949124,0.014501629519455807,0.0008530370305562238,0.0058837682364006215,0.05744876309630569,0.047212318729631005,0.03066558761127759,0.15057197226536012,0.011603490890001969,0.005960322841706949,0.029287604715763686,0.016021785253395742,0.04160195979789584,0.0046807672958726135,0.05795183621689013,0.11926113869507207,0.12801023644436668,0.027964303681182877,0.15009077188914893,0.04458758940484263,0.05584111638487281,0.12989295414602972,0.28501503289808133,0.31770977065752587,0.2673822422983631
1211100,75192,15885,40107,19200,18528,30826,25838,899,16,1405,4849,3546,2809,9938,1409,404,1324,1408,3885,266,4374,8906,11828,1420,8138,3044,5324,9517,16050,19051,14689,0.21125917650813916,0.5333945100542611,0.2553463134375997,0.24640919246728377,0.40996382593892966,0.3436269815937866,0.011956059155229279,0.00021278859453133312,0.01868549845728269,0.06448824343015215,0.0471592722630067,0.03735769762740717,0.1321683157782743,0.018738695605915522,0.005372912011916161,0.017608256197467816,0.018725396318757314,0.05166773060963932,0.003537610384083413,0.05817108203000319,0.1184434514310033,0.157303968507288,0.018884987764655813,0.10822959889349931,0.04048303010958613,0.0708054048303011,0.1604700962786855,0.2706257271485659,0.32122683662974016,0.24767733994300842
1211300,40971,10307,21393,9271,11192,16691,13088,305,90,339,3900,722,1058,7724,771,621,739,786,2161,46,3173,3978,4909,452,5571,1063,2563,4005,9284,10220,7155,0.2515681823728979,0.5221498132825657,0.22628200434453638,0.2731688267311025,0.4073857118449635,0.319445461423934,0.0074442898635620315,0.002196675697444534,0.008274145127041077,0.09518928022259647,0.017622220595055037,0.025823143198847966,0.1885235898562398,0.01881818847477484,0.015157062312367284,0.01803714822679456,0.019184301091015595,0.052744624246418195,0.0011227453564716507,0.07744502208879452,0.0970930658270484,0.11981645554172464,0.011032193502721437,0.13597422567181666,0.025945180737594883,0.06255644236167045,0.1306091834072528,0.30276545786590137,0.33328985129141664,0.23333550743542916
1211500,165780,32912,84287,48581,40212,65316,60252,390,74,343,13158,8491,4436,21901,1824,1933,5180,3482,11335,1463,13884,8579,30945,5099,19464,6404,7395,16970,36461,42844,36593,0.19852816986367475,0.5084268307395343,0.2930449993967909,0.24256243213897938,0.3939920376402461,0.3634455302207745,0.002352515381831343,0.00044637471347569067,0.002069007117867053,0.07937024972855591,0.05121848232597418,0.02675835444565086,0.1321088189166365,0.01100253347810351,0.011660031366871758,0.031246229943298346,0.021003739896248038,0.06837374834117504,0.008824948727228858,0.0837495475931958,0.051749306309566895,0.18666304741223308,0.030757630594764145,0.11740861382555194,0.03862950898781518,0.044607310893955844,0.12772074540145106,0.27441520907968814,0.3224553692386429,0.275408676280218
1211700,201242,47938,110325,42979,46659,74516,80067,268,12,958,19610,7619,8749,30492,3080,5384,14434,3688,17067,3752,17432,12699,21733,2280,19082,6648,6255,22376,40338,49040,41550,0.23821071148169864,0.548220550382127,0.21356873813617436,0.23185517933632144,0.37028055773645663,0.39786426292722193,0.0013317299569672336,5.962969956569702e-05,0.004760437681994812,0.09744486737360988,0.03785989008258713,0.043475020125023606,0.15151906659643613,0.015304956221862235,0.026753858538476064,0.07172459029427257,0.018326194333190885,0.0848083402073126,0.018644219397541267,0.08662207690243587,0.06310312956539887,0.10799435505510778,0.011329642917482435,0.09482116059271921,0.03303485355939615,0.031081980898619573,0.14595835725095235,0.2631242498564943,0.3198872827845327,0.27103011010802064
1212100,26149,5625,13724,6800,6434,11899,7816,2003,37,273,1113,4938,492,3604,555,108,381,141,369,71,588,2672,3186,113,1961,448,3096,3247,7004,6474,3799,0.21511338865731003,0.5248384259436307,0.2600481853990592,0.24605147424375692,0.4550460820681479,0.29890244368809515,0.07659948755210524,0.0014149680676125282,0.010440169796168113,0.04256376916899308,0.1888408734559639,0.01881525106122605,0.1378255382615014,0.02122452101418792,0.004130177062220353,0.014570346858388466,0.005392175609009905,0.014111438295919538,0.0027152089946078243,0.022486519560977476,0.10218363990974798,0.1218402233355004,0.004321388963249072,0.074993307583464,0.017132586332173315,0.11839840911698345,0.1582050282595985,0.3412590138374586,0.31543558760475543,0.1851003702981875
1300100,50762,12421,26675,11666,14698,19941,16123,118,24,50,2143,3127,1310,7287,1405,782,1173,684,1690,203,3400,4637,6930,1255,9833,1597,3114,5341,11982,12389,8629,0.24469091052362002,0.5254915093967929,0.22981758007958708,0.2895472991607896,0.3928332217012726,0.3176194791379378,0.0023245734998621017,0.0004727946101414444,0.0009849887711280091,0.042216618730546475,0.06160119774634569,0.02580670580355384,0.14355226350419606,0.02767818446869706,0.015405224380442064,0.023107836570663093,0.013474646389031165,0.03329262046412671,0.003999054410779717,0.06697923643670463,0.09134785863441157,0.13651944367834207,0.024723218155313028,0.19370789173003428,0.03146054134982861,0.06134510066585241,0.13930257426775514,0.312511410761326,0.3231266790120237,0.22505933595889518
1300200,23062,5834,12644,4584,6695,8722,7645,88,7,219,999,2504,412,2986,1161,147,583,460,1091,97,847,3594,2288,65,3203,795,1516,2488,5445,5536,3759,0.25297025409764984,0.5482612089150984,0.19876853698725175,0.290304396843292,0.3781979013095135,0.3314977018471945,0.003815800884572023,0.0003035296158182291,0.009496140837741739,0.04331801231463013,0.10857687971554938,0.0178648859595872,0.1294770618333189,0.05034255485213772,0.006374121932182812,0.025279680860289654,0.019946231896626487,0.047307258693955426,0.004206053247766889,0.03672708351400572,0.1558407770358165,0.0992108229988726,0.002818489289740699,0.13888647992368397,0.03447229208221316,0.06573584251149077,0.1444160668678895,0.3160552588808916,0.3213373577896448,0.2181913164615742
1300300,38138,9955,19847,8336,11479,14854,11805,505,13,147,1967,4165,670,4638,1627,328,729,467,1346,59,1930,6884,5043,204,4072,1009,2335,3825,8981,8849,6528,0.2610257485971996,0.5203996014473753,0.21857464995542503,0.30098589333473175,0.38948030835387276,0.30953379831139544,0.013241386543604804,0.0003408673763700246,0.003854423409722586,0.051575856101526034,0.10920866327547328,0.01756778016676281,0.12161099166185957,0.042660863181079235,0.008600346111489852,0.01911479364413446,0.012245004981907809,0.03529288373800409,0.0015470134773716503,0.050605695107242124,0.1805023860716346,0.13223032146415648,0.005348995752268079,0.10677015050605695,0.02645655251979653,0.061225024909539044,0.1357201149629209,0.3186672816946386,0.31398360713905543,0.231628996203385
1300400,148212,37588,80150,30474,40404,51770,56038,64,6,290,6517,13711,6846,17126,10930,2291,3034,2103,5016,998,13874,10794,19892,2170,21572,4734,6244,15775,33833,35930,25086,0.2536096942217904,0.5407794240682265,0.20561088170998298,0.2726095053032143,0.3492969530132513,0.3780935416835344,0.0004318138882141797,4.048255202007934e-05,0.0019566566809705015,0.04397079858580952,0.09250937845788465,0.046190591854910534,0.11555069764931315,0.07374571559657787,0.015457587779666963,0.020470677138153457,0.01418913448303781,0.033843413488786334,0.006733597819339864,0.09360915445443015,0.07282811108412274,0.13421315413056972,0.01464118964726203,0.14554826869619195,0.0319407335438426,0.04212884246889591,0.14260015909748336,0.3058377928840035,0.32479389644200174,0.22676815157651142
1300500,51430,12155,28451,10824,14224,23219,13987,2337,19,329,2163,8480,2351,5919,3040,488,1088,238,789,304,2707,5424,7043,295,4158,1251,3007,6285,13334,12421,7235,0.23634065720396655,0.5531985222632705,0.21046082053276297,0.27657009527513127,0.4514680147773673,0.2719618899475015,0.04544040443321019,0.00036943418238382264,0.006397044526540929,0.042057165078747814,0.16488430876920085,0.04571261909391406,0.11508846976472875,0.05910946918141163,0.009488625315963445,0.021154967917557846,0.004627649231965778,0.015341240521096635,0.005910946918141162,0.05263464903752674,0.10546373711841338,0.13694341823838227,0.005735951779117247,0.08084775422904919,0.024324324324324326,0.058467820338323935,0.16002546148949714,0.33950350095480586,0.31625716104392104,0.18421387651177593
1300600,48609,13623,25317,9669,15244,19900,13465,282,62,121,2400,4245,1199,6513,2964,1837,957,819,1519,205,2797,4877,7824,934,6201,1084,1769,5329,11256,11535,6866,0.28025674257853483,0.5208294760229587,0.19891378139850646,0.31360447653726675,0.40938920775987986,0.2770063157028534,0.005801394803431463,0.0012754839638750026,0.0024892509617560534,0.04937357279516139,0.08732950688144171,0.024666214075582713,0.1339875331728692,0.060976362402024316,0.03779135551029645,0.019687712152070606,0.016848731716348823,0.03124935711493756,0.004217326009586702,0.057540784628361,0.10033121438416755,0.16095784731222612,0.019214548746116975,0.12756896870949824,0.02230039704581456,0.03639243761443354,0.15231807008517692,0.3217286914765906,0.3297033098953867,0.1962499285428457
1300700,39007,8928,21238,8841,11683,16841,10483,1805,135,240,1282,4857,2291,4920,1637,295,926,291,680,140,2187,5051,5162,108,3906,856,2238,4760,10063,9640,5616,0.2288819955392622,0.5444663778296204,0.2266516266311175,0.29951034429717743,0.43174302048350294,0.26874663521931963,0.046273745737944474,0.003460917271259005,0.006152741815571564,0.03286589586484477,0.12451611249262953,0.05873304791447689,0.12613120721921706,0.041966826467044374,0.007562745148306714,0.023739328838413617,0.007460199451380521,0.017432768477452766,0.003589099392416746,0.05606685979439588,0.1294895787935499,0.13233522188325172,0.002768733817007204,0.1001358730484272,0.021944779142205245,0.05737431743020484,0.15824994181987434,0.3345523454902091,0.32048937797134214,0.18670833471857443
1300800,39360,8970,21580,8810,10628,17552,11180,1765,283,172,1157,5670,1609,4468,502,190,1331,269,739,19,3748,4236,6766,194,2962,1223,2057,4869,9822,9689,6010,0.22789634146341464,0.5482723577235772,0.22383130081300814,0.27002032520325203,0.4459349593495935,0.2840447154471545,0.04484247967479675,0.007190040650406504,0.004369918699186992,0.029395325203252033,0.14405487804878048,0.040879065040650406,0.11351626016260162,0.012754065040650407,0.004827235772357724,0.0338160569105691,0.006834349593495935,0.01877540650406504,0.00048272357723577237,0.09522357723577236,0.1076219512195122,0.17190040650406505,0.004928861788617886,0.07525406504065041,0.031072154471544714,0.05226117886178862,0.16021717670286278,0.3231984205330701,0.3188219809147746,0.19776242184929252
1300900,51630,11560,28758,11312,14157,21144,16329,596,0,44,2658,3490,2088,6194,1548,868,1068,562,2385,269,5528,5403,8990,337,4954,1946,2702,5970,12812,13464,7824,0.22390083284911874,0.5570017431725741,0.2190974239783072,0.27420104590354444,0.4095293434049971,0.3162696106914585,0.011543676157272904,0.0,0.000852217702885919,0.05148169668797211,0.06759635870617858,0.040441603718768156,0.1199690102653496,0.02998256827425915,0.016811931047840404,0.020685647879140037,0.010885144295951965,0.04619407321324811,0.005210149138098005,0.10706953321712183,0.10464846019755956,0.17412357156691846,0.00652721286073988,0.09595196591129189,0.03769126476854542,0.05233391439085803,0.14898926877963564,0.319740454205141,0.3360119790366858,0.19525829797853755
1301090,1223082,255522,724753,242807,231580,339894,651608,250,514,4247,28157,42977,58813,100492,89094,76926,71726,27388,127470,32403,108128,87097,144545,18672,108000,33959,62224,109118,230590,292303,335549,0.20891649129003614,0.5925628862169503,0.19852062249301355,0.18934135241954342,0.27789960117146684,0.5327590464089897,0.00020440166726351953,0.00042024982789379614,0.00347237552347267,0.023021350980555678,0.03513828181593712,0.0480859010270775,0.08216292938658241,0.07284384857270404,0.06289521062365401,0.05864365594457281,0.022392611452053093,0.10422032210432335,0.026492908897359294,0.08840617391147935,0.07121108805460305,0.11818095597842172,0.015266351724577748,0.08830152025784044,0.02776510487440744,0.05087475737522096,0.11277646864277151,0.2383211377072223,0.3021032287403365,0.34679916490966967
1301100,32160,5932,17787,8441,7932,15416,8812,2348,50,206,885,5281,2045,3765,1080,163,982,303,834,115,577,4096,4183,73,1800,652,2722,4120,9155,8195,4758,0.18445273631840797,0.5530783582089552,0.2624689054726368,0.24664179104477613,0.47935323383084577,0.2740049751243781,0.07300995024875621,0.001554726368159204,0.00640547263681592,0.02751865671641791,0.16421019900497513,0.06358830845771145,0.11707089552238806,0.033582089552238806,0.005068407960199005,0.030534825870646765,0.009421641791044776,0.025932835820895523,0.0035758706467661694,0.017941542288557214,0.12736318407960198,0.130068407960199,0.002269900497512438,0.055970149253731345,0.02027363184079602,0.08463930348258707,0.15708403233185908,0.34905444563062377,0.31245234100960806,0.1814091810279091
1301200,47780,10799,26160,10821,12680,21295,13805,2307,0,1486,2127,8261,2003,5677,1501,275,1121,150,757,426,2542,4582,6222,146,3390,901,3906,5750,12554,11612,7065,0.22601506906655505,0.5475094181665969,0.22647551276684805,0.26538300544160737,0.4456885726245291,0.28892842193386353,0.04828380075345333,0.0,0.031100879028882377,0.04451653411469234,0.1728966094600251,0.041921305985768105,0.1188154039347007,0.03141481791544579,0.005755546253662621,0.023461699455839265,0.0031393888656341567,0.015843449141900376,0.008915864378401004,0.05320217664294684,0.09589786521557137,0.1302218501465048,0.003055671829217246,0.07095018836333193,0.018857262452909168,0.08174968606111344,0.1554852491820124,0.33947162056191016,0.31399908060896137,0.19104404964711608
1301300,39793,8369,22086,9338,11563,16634,11596,570,42,159,1691,4739,1016,5113,1051,335,1088,199,683,579,1935,4737,8578,187,3224,671,3196,4660,10289,10271,6204,0.21031337169853995,0.5550222400924786,0.23466438820898147,0.290578745005403,0.41801321840524713,0.2914080365893499,0.014324127359083255,0.0010554620159324505,0.003995677631744276,0.04249491116528033,0.11909129746437816,0.025532128766365944,0.12848993541577663,0.026411680446309652,0.008418566079461213,0.027341492222250144,0.005000879551679944,0.017163822782901517,0.01455029779106878,0.04862664287688789,0.11904103736838137,0.2155655517302038,0.004699318975699244,0.08101927474681477,0.016862262206920817,0.0803156334028598,0.14829429735234215,0.3274248981670061,0.32685208757637474,0.197428716904277
1301400,83511,19856,46027,17628,22637,32685,28189,98,55,211,2123,5602,2640,10818,2524,1216,8338,1188,2907,2321,5168,7272,16546,578,8557,1874,3475,8715,19273,21065,14602,0.23776508483912298,0.5511489504376669,0.21108596472321012,0.2710660871022979,0.39138556597334484,0.33754834692435726,0.001173498102046437,0.0006585958735974901,0.002526613260528553,0.02542180072086312,0.06708098334351163,0.03161260193267953,0.1295398211014118,0.030223563362910277,0.014560956041719055,0.09984313443737951,0.014225670869705788,0.034809785537234614,0.027792745865814084,0.061884063177305985,0.08707834896001725,0.19812958771898312,0.0069212439079881696,0.10246554346134042,0.022440157584030847,0.041611284740932335,0.13690990495640562,0.30277275940617393,0.33092451496347497,0.22939282067394548
1301500,47621,12545,25714,9362,14472,18093,15056,344,18,222,1260,6510,686,6535,734,259,954,341,3764,101,2032,5060,8176,475,7301,1105,1744,5145,10811,11710,7410,0.2634341991978329,0.5399718611536927,0.1965939396484744,0.3038995401188551,0.3799374225656748,0.3161630373154701,0.007223703828143046,0.00037798450263539196,0.0046618088658365005,0.026458915184477436,0.1367043951198001,0.014405409378215493,0.13722937359568257,0.015413368051909872,0.005438777010142584,0.020033178639675773,0.007160706411037147,0.07904075932886752,0.002120913042565255,0.04267025051972869,0.10625564351861573,0.17168896075260914,0.009974591041767287,0.15331471409672204,0.023204048634006005,0.03662249847756242,0.1466814916182005,0.30821644429239364,0.3338465047325807,0.2112555593568252
1301600,50108,11310,27247,11551,14258,20072,15778,1200,1198,590,2669,5801,752,6508,1678,317,1000,278,811,23,2918,7346,6472,330,4450,954,4813,5876,12581,12499,7842,0.22571246108405843,0.543765466592161,0.23052207232378064,0.2845453819749341,0.40057475852159335,0.3148798595034725,0.023948271733056598,0.023908357946834838,0.011774566935419494,0.05326494771294005,0.11576993693621777,0.015007583619382134,0.1298794603656103,0.03348766664005748,0.006326335116149118,0.0199568931108805,0.005548016284824779,0.016185040312924084,0.0004590085415502515,0.058234214097549294,0.14660333679252813,0.1291610122136186,0.006585774726590565,0.08880817434341821,0.019038876027779997,0.09605252654266784,0.15145110572709933,0.3242692922315583,0.3221557812258364,0.20212382081550595
1301700,89661,21339,49003,19319,22818,35708,31135,67,52,167,3323,6536,2514,9510,1097,1080,10975,1619,4743,1694,6285,7099,14514,878,10550,2630,4328,9300,20062,22581,16379,0.23799645330745808,0.5465363982110394,0.21546714848150256,0.2544919195636899,0.3982556518441686,0.3472524285921415,0.000747259120464862,0.0005799623024503408,0.0018625712405616712,0.037061821750816966,0.07289680016952745,0.02803894669923378,0.10606618262120654,0.012234973957461997,0.012045370897045538,0.1224055051806248,0.01805690322436734,0.05289925385619165,0.018893387314439947,0.07009736674808445,0.07917600740567247,0.16187640111085086,0.009792440414449984,0.11766542867021336,0.02933270875854608,0.0482707085577899,0.13612013699833142,0.2936389449957554,0.3305084745762712,0.23973244342964198
1301800,38878,7870,21025,9983,10585,17320,10973,1739,218,211,1269,6713,1557,3989,1881,218,725,272,733,201,1672,5174,4546,274,3178,676,3632,4913,10548,9605,5942,0.20242810844179226,0.5407942795411287,0.25677761201707905,0.272261947631051,0.4454961674983281,0.2822418848706209,0.044729667163948765,0.005607284325325377,0.005427233911209424,0.032640567930449095,0.17266834713719842,0.040048356396934,0.10260301455836206,0.048382118421729514,0.005607284325325377,0.018648078604866506,0.006996244662791296,0.01885385050671331,0.005170019033900921,0.043006327485981787,0.13308297751941972,0.1169298832244457,0.007047687638252997,0.08174288800864242,0.01738772570605484,0.09342044343844848,0.15844298245614036,0.3401702786377709,0.30975877192982454,0.1916279669762642
1301900,41828,8976,23065,9787,11952,17439,12437,142,11,220,1523,5192,1215,5491,1193,261,983,278,762,162,3046,5722,7556,205,3442,1046,3378,4613,10780,10731,6728,0.214593095534092,0.5514248828535909,0.2339820216123171,0.28574160849191926,0.41692167925791335,0.29733671225016733,0.0033948551209715978,0.00026298173472315197,0.005259634694463039,0.036411016543941854,0.12412737878932772,0.0290475279716936,0.1312757004877116,0.0285215645022473,0.006239839342067515,0.023501004112078033,0.006646265659366931,0.01821746198718562,0.003873003729559147,0.07282203308788371,0.13679831691689778,0.18064454432437602,0.004901023238022377,0.08228937553791718,0.025007172229128814,0.08075929999043703,0.14041763058565687,0.32813831730183857,0.3266467794959211,0.20479727261658345
1302100,37186,9280,20573,7333,9778,13955,13453,61,2,337,1636,5608,1588,5775,956,682,709,371,1047,42,2260,3442,5196,541,4318,916,1699,3777,8623,8884,6622,0.2495562846232453,0.5532458452105631,0.19719787016619159,0.2629484214489324,0.3752756413704082,0.36177593718065937,0.0016404023019415909,5.378368203087183e-05,0.009062550422201904,0.04399505190125316,0.15080944441456462,0.04270424353251224,0.1553003818641424,0.025708600010756737,0.018340235572527296,0.019066315279944065,0.009976873016726725,0.028155757543161405,0.0011294573226483084,0.06077556069488517,0.09256171677513042,0.13973000591620502,0.01454848598935083,0.1161189695046523,0.0246329263701393,0.04568923788522562,0.13534723715330035,0.309001648391027,0.3183544757399842,0.23729663871568837
1302200,46208,11062,25600,9546,10391,18633,17184,220,8,389,2157,13796,1256,3773,2616,781,1090,201,674,228,5795,3803,4060,247,2389,761,1964,5233,11723,11246,6944,0.2393957756232687,0.554016620498615,0.20658760387811634,0.22487448060941828,0.4032418628808864,0.3718836565096953,0.004761080332409972,0.00017313019390581717,0.00841845567867036,0.04668022853185595,0.2985630193905817,0.027181440443213297,0.08165252770083102,0.05661357340720222,0.0169018351800554,0.02358898891966759,0.004349896121883657,0.014586218836565096,0.004934210526315789,0.12541118421052633,0.08230176592797783,0.08786357340720222,0.005345394736842105,0.05170100415512465,0.01646900969529086,0.04250346260387811,0.14889318841404428,0.33355147100665794,0.3199795140272008,0.19757582655209696
1302300,40720,11071,22114,7535,10023,14981,15716,178,47,133,2711,7029,1252,4701,626,680,634,297,774,1249,2576,4926,5900,225,4311,859,1612,4078,9264,9570,6737,0.2718811394891945,0.5430746561886051,0.1850442043222004,0.24614440078585462,0.3679027504911591,0.38595284872298624,0.004371316306483301,0.0011542239685658152,0.0032662082514734775,0.06657662082514734,0.17261787819253438,0.030746561886051082,0.11544695481335952,0.015373280943025541,0.01669941060903733,0.015569744597249508,0.007293713163064833,0.01900785854616896,0.030672888015717093,0.06326129666011787,0.12097249508840864,0.14489194499017682,0.005525540275049116,0.10586935166994106,0.021095284872298625,0.03958742632612967,0.13754258153731996,0.3124557320651624,0.32277648487301425,0.22722520152450335
1302400,45083,11324,24043,9716,13173,15657,16253,34,15,34,3631,3582,2885,7012,975,572,946,642,2339,177,1529,4172,6255,798,6047,1875,1563,4283,9427,10855,9194,0.25118115475900005,0.5333052370072977,0.21551360823370228,0.2921943970010869,0.3472927711110618,0.36051283188785127,0.000754164540957789,0.00033271965042255396,0.000754164540957789,0.08054033671228623,0.07945345252090588,0.06399307943127121,0.15553534591752988,0.02162677727746601,0.01268770933611339,0.020983519286649068,0.014240401038085309,0.05188208415589025,0.003926091874986137,0.03391522303307233,0.09254042543752634,0.138744094226205,0.01770068540247987,0.13413038174034558,0.041589956302819246,0.034669387574030125,0.12686987173790693,0.27924405343760184,0.32154388459373795,0.2723421902307533
1302500,54484,12885,29850,11749,13158,21831,19495,172,18,245,1678,11393,1960,7030,1369,836,974,430,1065,30,2492,4770,9896,342,5377,1431,2976,5781,12969,13576,9273,0.23649144703032082,0.5478672637838632,0.21564128918581602,0.24150209235738931,0.4006864400557962,0.3578114675868145,0.003156890096175024,0.0003303722193671537,0.0044967329858307025,0.030798032449893546,0.2091072608472212,0.03597386388664562,0.12902870567506056,0.025126642684090744,0.015343954188385581,0.017876807870200427,0.00789222524043756,0.01954702297922326,0.0005506203656119227,0.04573819837016372,0.08754863813229571,0.18163130460318624,0.0062770721679759195,0.09868952352984363,0.026264591439688716,0.05462154026870274,0.13896968677131663,0.3117623019784129,0.3263539988942042,0.22291401235606625
1302600,36325,8952,19218,8155,9948,16082,10295,121,0,51,1303,8931,1069,5062,739,256,1120,265,752,11,752,4370,3784,585,3748,1224,2182,3745,9214,8741,5673,0.24644184445973846,0.5290571231933929,0.22450103234686855,0.2738609772883689,0.44272539573296626,0.28341362697866485,0.003331039229181005,0.0,0.0014039917412250517,0.03587061252580867,0.2458637302133517,0.0294287680660702,0.13935306262904334,0.02034411562284928,0.0070474879559532,0.030832759807295253,0.00729525120440468,0.020701995870612527,0.0003028217481073641,0.020701995870612527,0.12030282174810736,0.10417068134893324,0.01610461114934618,0.10317962835512733,0.033695801789401236,0.060068823124569855,0.13681364848573413,0.33660906732911994,0.31932926606510065,0.2072480181200453
1302700,56767,12173,32215,12379,9930,25685,21152,177,34,188,1289,22021,3513,4749,2971,151,625,363,2895,525,2182,3146,5610,268,3194,904,1962,9054,14016,13365,8159,0.21443796571952015,0.567495199675868,0.21806683460461185,0.17492557295611888,0.45246357919213626,0.37261084785174486,0.003118008702238977,0.0005989395247238713,0.0033117832543555236,0.022706854334384415,0.387919037468952,0.06188454559867529,0.08365775890922543,0.052336744939841806,0.002659996124508958,0.011009917733894693,0.006394560219846038,0.05099793894340021,0.009248330896471542,0.03843782479257315,0.05541952190533232,0.09882502157943876,0.004721052724294044,0.056265083587295435,0.01592474501030528,0.034562333750242216,0.2030317979997309,0.314302372516482,0.2997039960532807,0.18296183343050634
1302800,53523,12109,29496,11918,14073,23077,16373,406,314,181,1897,14013,2705,6259,1139,395,1036,466,1106,133,4272,4487,5688,199,5166,1037,2624,6859,13458,12766,8331,0.22623918689161668,0.551090185527717,0.22267062758066625,0.26293369205762007,0.43116043570053997,0.30590587224183996,0.007585523980344898,0.005866636772976104,0.0033817237449320853,0.03544270687368047,0.26181267866151,0.050539020607962934,0.11694038077088355,0.02128057096948975,0.007380004857724717,0.019356164639500774,0.008706537376454982,0.020664013601629207,0.0024849130280440185,0.07981615380303794,0.08383311847243241,0.10627206995123592,0.0037180277637651102,0.09651925340507819,0.01937484819610261,0.04902565252321432,0.16562032163036655,0.32496257304293236,0.3082532476940165,0.2011638576326846
1302900,36734,8755,20520,7459,8431,14008,14295,83,173,505,2099,8711,1856,4374,2695,333,755,350,1175,71,2289,2028,2520,576,3752,812,1577,4099,9134,8857,5889,0.23833505743997388,0.55861055153264,0.20305439102738607,0.2295148908368269,0.3813360919039582,0.3891490172592149,0.002259487123645669,0.004709533402297599,0.013747481896880274,0.057140523765448904,0.23713725703707736,0.05052539881308869,0.11907224914248381,0.07336527467741058,0.009065171231012142,0.020553166004246747,0.009527957750313062,0.03198671530462242,0.0019328142864920783,0.06231284368704742,0.055207709478956826,0.06860129580225405,0.015680296183372352,0.10213970708335601,0.022104861980726302,0.042930255349267706,0.14650273419350227,0.3264591300618321,0.316558847707209,0.21047928803745666
1303000,376631,89582,211116,75933,85376,116948,174307,66,106,1147,28210,19451,30388,46574,12460,9659,16377,6413,35698,13522,34390,24207,38399,4982,35932,9996,8654,36029,75503,89905,85612,0.23785084074332702,0.560538033247396,0.201611126009277,0.22668341161508213,0.31051081828102306,0.4628057701038948,0.00017523783225491263,0.0002814425790760718,0.0030454211150967394,0.07490089769562251,0.05164471326045918,0.08068374616003463,0.12365949696121668,0.03308277863479108,0.02564579123863941,0.04348287846725309,0.017027276034102343,0.09478242630054351,0.035902514662892855,0.0913095310794916,0.06427245765749501,0.10195390182964227,0.013227801216575375,0.09540372406944729,0.026540566230607677,0.022977396974757786,0.12551515594898432,0.26303174719298794,0.31320436580514127,0.29824873105288646
1303100,58717,16069,31317,11331,16564,21470,20683,83,48,64,5152,4868,2799,10297,549,772,1719,774,2894,85,3227,6157,6329,1164,7208,2289,2239,5428,11918,13363,11939,0.2736686138596999,0.5333549057342848,0.19297648040601528,0.28209888107362435,0.36565219612718636,0.35224892279918935,0.001413559957082276,0.0008174804571078223,0.0010899739428104297,0.0877429023962396,0.08290614302501831,0.04766932915509989,0.1753665888924843,0.009349932728170716,0.013147810685150809,0.029276018870173885,0.013181872370863634,0.049287259226459115,0.001447621642795102,0.05495852989764463,0.10485889946693462,0.10778820443823765,0.01982390108486469,0.12275831530902465,0.03898359929832927,0.038132057155508624,0.12727443256424686,0.2794503845432377,0.31333239542299757,0.2799427874695179
1303200,39077,10336,19315,9426,13118,15633,10326,806,37,324,1977,3512,605,6559,1004,342,723,397,987,487,782,6330,4361,487,6027,954,2376,3646,9205,9134,6756,0.2645034163318576,0.4942805230698365,0.24121606059830591,0.33569618957443,0.4000562991017734,0.2642475113237966,0.020625943649717225,0.0009468485298257287,0.008291322261176652,0.05059242009366123,0.08987383883102593,0.015482252987690969,0.167848094787215,0.02569286280932518,0.008751951275686466,0.01850193208281086,0.010159428820022008,0.025257824295621466,0.012462573892571077,0.020011771630370805,0.16198787010261792,0.11160017401540548,0.012462573892571077,0.15423394835836937,0.02441333776902014,0.060803029915295445,0.1268571030931422,0.32027417278452386,0.31780383424376324,0.2350648898785707
1303300,82511,18990,47078,16443,18502,27694,36315,89,71,460,6993,8888,6620,9105,1182,1429,2370,798,7649,899,7417,7361,9180,1454,6585,1914,2047,8170,15839,19134,20378,0.23015113136430293,0.5705663487292604,0.19928251990643672,0.2242367684308759,0.33564009647198556,0.4401231350971386,0.0010786440595799349,0.0008604913284289367,0.005575014240525505,0.08475233605216274,0.10771897080389281,0.08023172667886706,0.11034892317387984,0.014325362678915538,0.017318902934154234,0.02872344293488141,0.009671437747694247,0.09270279114299912,0.010895516961374847,0.08989104483038625,0.08921234744458315,0.111257892887009,0.01762189283853062,0.07980754081274012,0.023196907079056125,0.024808813370338502,0.12861888194455376,0.24935060846019427,0.3012232175186159,0.32080729207663605
1303400,89807,21745,50323,17739,19947,36097,33763,202,61,187,4352,20483,5245,8042,3312,725,2880,565,1961,1054,6908,6290,15433,917,6815,1671,2704,11379,19429,21140,16114,0.24213034618682286,0.5603460754729587,0.19752357834021847,0.22210963510639484,0.4019397151669692,0.375950649726636,0.0022492678744418584,0.0006792343581235316,0.0020822430322803343,0.048459474205796875,0.22807798946629995,0.05840301980914628,0.08954758537753182,0.03687908514926454,0.008072867371140335,0.03206876969501264,0.006291269054750743,0.021835714365249923,0.01173627890921643,0.0769205073101206,0.0700390838130658,0.1718462926052535,0.010210785350807843,0.07588495328871914,0.01860656741679379,0.030109011546984088,0.1671858011812759,0.28546031559460494,0.3105991595897858,0.2367547236343334
1303500,41805,9961,22192,9652,11198,17941,12666,827,21,270,1321,9884,1250,5164,1516,835,824,177,794,445,1672,4577,3943,322,4518,878,2567,4484,10613,10217,6530,0.23827293385958617,0.5308455926324602,0.2308814735079536,0.26786269584977873,0.42915919148427223,0.30297811266594904,0.019782322688673602,0.0005023322569070685,0.006458557588805167,0.03159909101782084,0.2364310489175936,0.0299007295778017,0.12352589403181438,0.0362636048319579,0.019973687357971535,0.019710560937686878,0.004233943308216721,0.01899294342781964,0.010644659729697404,0.03999521588326755,0.1094845114220787,0.09431886138021768,0.007702427939241718,0.10807319698600645,0.021002272455447914,0.061404138260973566,0.14081145584725538,0.3332809948498932,0.32084537118452455,0.20506217811832683
1303600,67921,17949,36312,13660,17657,25456,24808,75,16,110,1589,5989,3779,7129,1407,735,1987,1069,1694,319,3240,17424,7908,758,7986,1694,3013,6373,13794,15198,14607,0.2642628936558649,0.5346211039295652,0.20111600241456987,0.25996378145198096,0.37478835706188074,0.3652478614861383,0.0011042240249701859,0.00023556779199363967,0.0016195285699562728,0.02339482634236834,0.08817596914061925,0.05563816787149777,0.10496017432016608,0.02071524270844069,0.010821395444707822,0.029254575168210128,0.01573887310257505,0.0249407399773266,0.0046966328528731905,0.047702477878712034,0.2565333254810736,0.11642938119285641,0.01116002414569868,0.1175777741788254,0.0249407399773266,0.04436035982980227,0.12753141759385256,0.2760345793644441,0.30413031297526616,0.2923036900664372
1303700,29719,7266,15829,6624,8391,12247,9081,703,291,60,2143,3484,1015,3871,466,245,1058,353,1401,671,1316,3807,3326,253,2820,781,1655,3090,6989,6822,5552,0.244490056865978,0.5326222282041791,0.22288771492984286,0.2823446280157475,0.41209327366331305,0.30556209832093945,0.023654900905144858,0.009791715737407046,0.0020189104613210405,0.07210875197684982,0.11723140078737508,0.03415323530401427,0.1302533732628958,0.015680204582926748,0.008243884383727581,0.03560012113462768,0.011877923214105454,0.047141559271846295,0.02257814865910697,0.044281436118308155,0.12809986877082002,0.111914936572563,0.008513072445237054,0.0948887916820889,0.02627948450486221,0.055688280224772034,0.13762080790985615,0.31127243575468755,0.303834676880595,0.24727207945486127
1303800,45192,11708,25342,8142,11235,19264,14693,284,26,298,2774,8006,5351,6415,3208,159,535,1388,1190,73,2699,3650,2846,112,3511,895,1772,5445,10529,10362,7148,0.25907240219507877,0.560762966896796,0.18016463090812534,0.24860594795539034,0.42627013630731103,0.32512391573729865,0.006284298105859444,0.0005753230660293857,0.006594087449106036,0.06138254558328908,0.177155248716587,0.11840591255089396,0.141949902637635,0.07098601522393344,0.0035183218268720127,0.011838378474066207,0.03071340060187644,0.026332094175960347,0.0016153301469286599,0.05972295981589662,0.080766507346433,0.06297574791998584,0.0024783147459727386,0.07769074172419897,0.01980439015755001,0.039210479730925826,0.1626149802890933,0.31444869191255526,0.30946123521681995,0.21347509258153147
1303900,31172,7409,17036,6727,7976,12072,11124,268,21,256,3103,4527,1428,3480,1380,308,682,245,828,29,1676,3913,3000,179,3247,711,1891,3242,7531,7584,5406,0.23768125240600538,0.5465161041960734,0.2158026433979212,0.2558706531502631,0.38727062748620555,0.35685871936353136,0.008597459258308739,0.0006736815090465803,0.008212498395996406,0.09954446297959707,0.1452264853073271,0.045810342615167456,0.11163865007057616,0.04427049916591813,0.009880662132683177,0.02187860900808418,0.007859617605543436,0.026562299499550877,0.000930322083921468,0.05376620043628898,0.12552932118567944,0.09624021557808289,0.005742332862825612,0.10416399332734505,0.022808931092005647,0.060663415886051585,0.13643058536380087,0.3169212641501494,0.3191516222699154,0.22749652821613434
1304000,100543,22569,55442,22532,24626,37470,38447,84,43,164,3970,7416,3131,9955,1792,1701,1570,948,5293,492,9352,12266,21995,2122,10713,2886,4650,10731,22618,26187,18438,0.22447112180857942,0.5514257581333359,0.2241031200580846,0.2449300299374397,0.372676367325423,0.38239360273713735,0.000835463433555792,0.0004276777100345126,0.0016311428940851177,0.03948559322876779,0.0737594859910685,0.031140904886466488,0.09901236286961797,0.0178232199158569,0.01691813452950479,0.015615209412888019,0.00942880160727251,0.05264414230727152,0.004893428682255354,0.09301492893587818,0.12199755328565887,0.2187621216792815,0.021105397690540366,0.10655142575813334,0.028704136538595427,0.04624886864326706,0.13762279734270397,0.2900710493241337,0.3358427168030369,0.23646343653012541
1304007,360856,83895,204019,72942,82831,119658,158367,180,93,313,21199,26737,35184,52903,7813,10452,14729,6193,28636,12064,31311,28718,31446,3406,32858,9901,6720,36965,70895,84894,84207,0.23248885982220055,0.5653751080763518,0.20213603210144768,0.22954031525040458,0.33159487440973684,0.4388648103398586,0.000498813931318864,0.0002577205311814131,0.000867382002793358,0.05874642516682555,0.0740932671204026,0.09750149644179396,0.14660418560312147,0.021651295807746027,0.02896446227858204,0.04081683552441971,0.01716197042587625,0.07935575409581662,0.0334316181523932,0.0867686833529164,0.07958299155341743,0.08714279380140555,0.009438668055955838,0.0910557119737513,0.02743753741104485,0.01862238676923759,0.13346644473409613,0.25597466791353296,0.30651969049794014,0.30403919685443076
1304100,34032,9265,18236,6531,10268,12581,11183,65,51,57,2527,2757,715,5669,283,228,580,388,2259,108,2697,3892,4493,492,4325,1198,1248,3580,7827,8014,5346,0.27224377056887633,0.5358486130700517,0.19190761636107193,0.30171603196991065,0.36968147625763986,0.32860249177244943,0.0019099670897978374,0.001498589562764457,0.0016748942172073343,0.07425364362952515,0.08101198871650211,0.02100963798777621,0.16657851433944523,0.008315702867889045,0.006699576868829337,0.017042783262811473,0.011401034320639398,0.0663787023977433,0.003173483779971791,0.07924894217207334,0.11436295251527974,0.13202280206864128,0.014456981664315938,0.12708627174424073,0.03520216267042783,0.036671368124118475,0.14454717971494327,0.3160253563209109,0.32357572576412164,0.21585173820002423
1304200,38355,7172,20812,10371,9043,14247,15065,1194,629,2092,1579,4924,1558,3567,1734,214,751,155,4371,640,1046,3893,3844,91,2078,661,3334,4760,10855,9727,5841,0.18698996219528094,0.5426150436709686,0.2703949941337505,0.23577108590796506,0.3714509190457567,0.3927779950462782,0.03113023073914744,0.01639942641115891,0.05454308434363186,0.04116803545821927,0.12837961152392127,0.04062051883717899,0.09299960891669926,0.045209229565897534,0.005579455090600965,0.01958023725720245,0.004041194107678269,0.11396167383652718,0.01668622083170382,0.02727154217181593,0.1014991526528484,0.10022161387042107,0.002372572024507887,0.05417807326293834,0.0172337374527441,0.08692478164515709,0.1526472757592278,0.3481063399929449,0.3119327838886573,0.18731360035917005
1304300,60735,14106,33989,12640,15254,21956,23525,56,1,411,4623,8816,2762,8793,894,1429,1447,655,1596,265,4759,6387,6643,349,6669,1175,3005,6712,14206,15277,10434,0.232254877747592,0.5596278916604923,0.2081172305919157,0.25115666419692106,0.36150489832880545,0.3873384374742735,0.000922038363381905,1.6464970774676876e-05,0.006767102988392196,0.07611755989133119,0.14515518234955133,0.04547624927965753,0.14477648802173376,0.014719683872561127,0.023528443237013256,0.02382481271095744,0.010784555857413353,0.026278093356384293,0.004363217255289372,0.07835679591668725,0.1051617683378612,0.10937680085617849,0.00574627480036223,0.10980489009632008,0.019346340660245327,0.04947723717790401,0.14394475540972357,0.3046601900105085,0.32762872890261424,0.2237663256771537
1304400,45242,11410,25097,8735,12549,16171,16522,10,51,329,2093,4577,3905,7663,3027,394,672,739,995,227,3526,4454,4177,411,5191,1124,1677,5020,10571,10781,7460,0.25219928385128865,0.5547279076963884,0.19307280845232305,0.2773750055258388,0.35743335838380264,0.36519163609035854,0.00022103355289332922,0.001127271119755979,0.007272003890190531,0.0462623226205738,0.10116705715927678,0.08631360240484505,0.16937801158215818,0.06690685646081075,0.008708721983997171,0.014853454754431722,0.016334379558817027,0.021992838512886255,0.005017461650678573,0.07793643075018789,0.09844834445868883,0.09232571504354362,0.00908447902391583,0.11473851730692719,0.024844171345210202,0.037067326820211306,0.14838023173327028,0.3124556632773705,0.3186628044454954,0.2205013005438638
1304500,25265,7132,13724,4409,8145,9084,8036,7,6,2,2254,1028,518,4430,766,182,381,322,776,46,1520,3843,3285,347,3799,640,1113,2396,5481,5780,4476,0.28228774985157334,0.5432020581832575,0.1745101919651692,0.322382742924995,0.3595487829012468,0.31806847417375816,0.00027706313081337817,0.00023748268355432416,7.916089451810806e-05,0.08921432812190777,0.04068869978230754,0.020502671680189988,0.17534138135760935,0.030318622600435385,0.007203641401147833,0.015080150405699584,0.012744904017415397,0.030714427073025925,0.0018207005739164853,0.06016227983376212,0.15210765881654462,0.13002176924599249,0.013734415198891747,0.15036611913714626,0.025331486245794576,0.044053037799327135,0.13213478188937297,0.3022665857828269,0.31875585948271107,0.24684277284508907
1305000,105870,24634,59515,21721,26781,40104,38985,197,85,547,3762,4726,6637,12204,22218,786,1831,1482,1963,543,10770,9285,9262,240,11858,2182,5292,12913,25226,26270,16827,0.23268159063001795,0.5621516954755833,0.20516671389439878,0.25296117880419383,0.37880419382261266,0.3682346273731935,0.0018607726456975537,0.0008028714461131576,0.005166713894398791,0.03553414565032587,0.04463965240389157,0.06269009162180032,0.11527344856899972,0.20986115046755455,0.007424199489940493,0.0172947955039199,0.013998299801643525,0.018541607632001512,0.005128931708699348,0.1017285349957495,0.0877018985548314,0.0874846509870596,0.002266931141966563,0.11200528950599792,0.020610182299046,0.04998583168036271,0.1589566202176375,0.3105273524053375,0.3233787975774287,0.20713722979959623
1306000,60643,16648,32861,11134,19118,22468,19057,25,81,796,1965,2934,2558,10848,4384,775,1385,861,1709,550,4437,7336,7100,687,8069,1369,2774,6260,13487,14397,9851,0.27452467720924095,0.5418762264399848,0.1835990963507742,0.31525485216760385,0.3704961825767195,0.31424896525567664,0.0004122487343963854,0.0013356858994442887,0.01312599970318091,0.032402750523555894,0.04838151146875979,0.042181290503438156,0.17888297082927956,0.07229193806375014,0.012779710766287948,0.022838579885559752,0.014197846412611513,0.028181323483336906,0.009069472156720479,0.07316590538067048,0.12097026862127533,0.11707864056857345,0.01132859522121267,0.13305740151377735,0.022574740695546065,0.045743119568622925,0.14228889646550744,0.30655756335947265,0.32724173201500173,0.22391180816001818
1600190,97775,25143,49751,22881,27816,38614,31345,1666,817,582,6201,8982,2199,14477,1438,1286,3107,1166,4017,444,4399,9993,15417,3080,10692,2589,5223,7609,23705,25209,16109,0.2571516236256712,0.5088315008949118,0.23401687547941702,0.284489900281258,0.3949271286116083,0.32058297110713374,0.017039120429557658,0.008355919202250064,0.005952441830733827,0.06342111991817949,0.09186397340833546,0.022490411659422144,0.1480644336486832,0.014707236001022757,0.013152646381999488,0.031777039120429555,0.011925338788033752,0.04108412170800307,0.00454103809767323,0.044991050882127334,0.10220403988749681,0.15767834313474816,0.031500894911787265,0.10935310662234722,0.02647916133981079,0.05341856302735873,0.1047609868928296,0.3263712963982818,0.34707842273378126,0.22178929397510738
1600300,39835,9052,20543,10240,11802,14467,13566,907,268,245,2234,5257,1076,4433,1076,690,1472,373,790,221,892,3424,6129,1544,3756,1058,3990,3073,10325,11065,6320,0.2272373540856031,0.5157022718714698,0.2570603740429271,0.2962721225053345,0.3631730889920924,0.3405547885025731,0.022768921802435043,0.006727751976904732,0.006150370277394251,0.05608133550897452,0.1319693736663738,0.027011422116229446,0.111284046692607,0.027011422116229446,0.017321450985314422,0.03695242876867077,0.00936362495293084,0.01983180620057738,0.005547885025731141,0.0223923685201456,0.08595456257060374,0.1538596711434668,0.038759884523660096,0.09428894188527677,0.026559558177482113,0.10016317308899209,0.09982782704739629,0.33541240294968,0.35945164538868857,0.20530812461423514
1600490,326729,79263,180428,67038,78993,121931,125805,5578,226,1406,21417,30387,15019,37915,9660,5041,13019,4020,17789,4649,26565,24828,48522,4321,27085,9183,20099,28497,70034,84391,64544,0.2425955455438605,0.5522252386534406,0.20517921580269888,0.24176917261706185,0.3731869531018061,0.38504387428113207,0.01707225253956643,0.0006917047461351762,0.004303260500292291,0.06554973693795163,0.09300368195048496,0.04596775921329297,0.1160441834058195,0.029565786936574346,0.01542868860737798,0.039846478274043626,0.012303774687891188,0.05444573331415332,0.014228917543285109,0.08130591407557945,0.0759895815798414,0.1485083968671284,0.013225027469248215,0.08289744711978429,0.028105861432563377,0.06151581279898632,0.11515521324141498,0.28300453395617986,0.34102058464597157,0.2608196681564336
1600900,49309,12813,25440,11056,14288,20390,14631,3954,44,274,1976,6048,1885,6338,2459,557,1190,345,1337,245,3650,4065,7408,434,4028,1302,1770,5890,11336,12414,6856,0.2598511427934049,0.5159301547384859,0.22421870246810927,0.2897645460260804,0.41351477417915594,0.29672067979476363,0.08018820093694863,0.000892332028635746,0.005556794905595327,0.04007382019509623,0.1226550933906589,0.038228315317690484,0.1285363726703036,0.04986919223671135,0.011296112271593422,0.02413352531992131,0.006996694315439372,0.027114725506499827,0.004968666977630858,0.07402299783001075,0.08243931128191608,0.1502362651848547,0.008801638646088948,0.08168894116692693,0.026404915938266847,0.03589608387921069,0.16138754932047347,0.31060938185006576,0.34014686540990796,0.18785620341955284
1601000,42741,9618,22506,10617,11072,17501,14168,6996,41,304,2915,4789,1723,4343,1869,487,610,520,1336,90,1348,3549,2999,508,4430,1487,2397,6147,9995,10506,6475,0.22502983084158068,0.5265669965606794,0.24840317259773986,0.2590486886128074,0.40946632039493697,0.3314849909922557,0.1636835825085983,0.0009592662782808076,0.007112608502374769,0.06820149271191596,0.11204698065089727,0.040312580426288575,0.10161203528228165,0.04372850424650804,0.011394211646896423,0.014272010481738845,0.012166304017219999,0.031258042628857535,0.0021057064645188463,0.03153880349079338,0.0830350249175265,0.07016681874546689,0.011885543155284154,0.10364755153131654,0.034790950141550266,0.056081982171685266,0.1855810162122996,0.30175406817015366,0.3171814147269269,0.1954835008906198
1601190,89955,24173,46283,19499,29181,32848,27926,3857,821,483,5268,9385,3817,10386,2507,876,2855,938,3047,956,3759,12680,12052,1322,6936,1961,6049,8614,20214,22521,14433,0.268723250514146,0.5145128119615363,0.21676393752431772,0.32439553109888275,0.36516035795675617,0.3104441109443611,0.04287699405258184,0.009126785615029737,0.005369351342337836,0.05856261464065366,0.10432994274915236,0.04243232727474849,0.11545772886443222,0.02786949030070591,0.009738202434550609,0.03173809126785615,0.010427435940192319,0.03387249180145628,0.01062753599021733,0.04178756044689011,0.14095936857317548,0.13397810016119172,0.014696237007392586,0.07710521927630481,0.021799788783280528,0.06724473347785004,0.13094767565595453,0.3072877078836156,0.3423580918792375,0.21940652458119242
1601200,58649,15295,31154,12200,16515,20563,21571,625,0,113,2932,2944,3080,8796,1578,872,1602,511,7755,156,5025,3560,9443,563,5184,1584,2326,4731,12822,15076,10725,0.2607887602516667,0.5311940527545227,0.20801718699381064,0.2815904789510478,0.35061126361915806,0.3677982574297942,0.010656618186158331,0.0,0.0019267165680574264,0.049992327234905966,0.050196934304080204,0.05251581442138826,0.1499769817047179,0.026905829596412557,0.014868113693328104,0.027315043734761037,0.008712851029003052,0.13222731845385258,0.0026598918992651196,0.08567921021671299,0.06070009718835786,0.161008712851029,0.009599481662091425,0.08839025388327167,0.027008133130999677,0.03965967024160685,0.10912487890390737,0.2957512570927711,0.3477418461964294,0.2473820178068921
1700104,44678,9620,22600,12458,12355,16638,15685,369,134,129,1577,8702,2098,4952,1623,328,1280,245,1177,200,1766,4368,6724,547,3974,1647,2838,3727,12137,12237,6957,0.2153185012757957,0.5058418013339899,0.2788396973902144,0.27653431218944446,0.37239804825641254,0.351067639554143,0.008259098437709835,0.00299923899905994,0.0028873270961099423,0.03529701419042929,0.1947714758941761,0.046958234477819064,0.11083754868167778,0.03632660369756927,0.007341420833519853,0.028649447155199428,0.00548368324454989,0.02634406195442947,0.00447647611799991,0.03952728412193921,0.09776623841711804,0.150499127087157,0.012243162182729755,0.08894758046465823,0.03686378083172926,0.06352119611441873,0.10630954418392378,0.3461977294768669,0.34905014547321583,0.1984425808659935
1700105,69471,15321,37765,16385,16365,22168,30938,64,66,786,3245,9964,3320,7230,2520,1013,2206,588,3547,4401,4811,6164,8659,701,5450,2441,2295,6283,16008,18157,13702,0.2205380662434685,0.5436081242532855,0.23585380950324597,0.23556591959234788,0.31909717723942366,0.4453369031682285,0.0009212477148738323,0.0009500367059636395,0.011314073498294252,0.04671013804321227,0.14342675360941975,0.04778972520908005,0.10407220278965323,0.036274128773157145,0.014581623986987376,0.031754257172057404,0.008463963380403334,0.05105727569777317,0.06335017489312086,0.06925191806653136,0.08872767053878597,0.12464193692332053,0.010090541376977444,0.07845000071972477,0.035136963625109756,0.033035367275553826,0.11602954755309326,0.29562326869806094,0.3353093259464451,0.25303785780240073
1700202,47165,10294,24115,12756,14351,17500,15314,1442,53,198,2101,6449,1943,5506,1201,588,1777,251,1151,36,855,7274,6831,475,3839,1577,3618,3759,12314,12442,8356,0.21825506201632566,0.5112901515954628,0.2704547863882116,0.30427223576804835,0.37103784586027777,0.32468991837167394,0.030573518498886888,0.001123714618891127,0.004198028198876286,0.04454574366585392,0.1367327467401675,0.04119580197180112,0.11673910738895367,0.025463797307325346,0.012466871620905332,0.03767624297678363,0.005321742817767412,0.02440368917629598,0.0007632778543411428,0.01812784904060214,0.15422453090215202,0.14483197286123184,0.010071027244778968,0.08139510230043465,0.03343581045266617,0.07670942436128485,0.10195004203845841,0.3339752108703317,0.3374467738873369,0.22662797320387296
1700300,46305,10659,23579,12067,12288,17228,16789,744,358,154,1883,4858,4756,6037,1967,674,2236,565,1095,103,1391,3651,7927,511,3486,1499,2410,3595,12662,12284,7105,0.2301911240686751,0.5092106683943418,0.26059820753698304,0.26537091026886944,0.37205485368750674,0.3625742360436238,0.016067379332685455,0.007731346506856711,0.003325774754346183,0.04066515495086924,0.10491307634164777,0.10271029046539251,0.13037468955836304,0.042479213907785335,0.014555663535255371,0.048288521757909514,0.012201706079257099,0.02364755425979916,0.0022243818162185507,0.03003995248893208,0.07884677680596049,0.17119101608897527,0.011035525321239607,0.07528344671201814,0.03237231400496707,0.052046215311521433,0.10085283061213039,0.35521517140773157,0.3446108960332155,0.1993211019469225
1700401,39442,8958,20097,10387,11485,16035,11922,549,128,254,1598,5513,2066,4993,1372,307,2090,193,1055,76,854,5037,6114,374,3420,959,2490,3375,10648,10284,6177,0.227118300289032,0.5095329851427413,0.2633487145682268,0.2911870594797424,0.4065463211804675,0.3022666193397901,0.01391917245575782,0.003245271537954465,0.006439835708128391,0.04051518685665027,0.1397748592870544,0.052380710917296285,0.12659094366411439,0.03478525429744942,0.007783580954312662,0.05298919933066275,0.004893260990821966,0.026748136504234066,0.0019268799756604635,0.021652046042289944,0.12770650575528625,0.15501242330510623,0.009482277774960702,0.08670959890472085,0.024314182850768216,0.06313067288677045,0.11071381708437213,0.3492979923894502,0.3373573021913135,0.2026308883348642
1700501,52705,12825,26646,13234,14608,19961,18136,1299,129,450,3038,6180,3095,7189,1977,975,1477,495,1091,190,991,4706,8408,665,5236,1640,3474,3683,14044,13922,8231,0.2433355469120577,0.505568731619391,0.25109572146855136,0.27716535433070866,0.37873067071435346,0.3441039749549379,0.02464661796793473,0.0024475856180628023,0.008538089365335358,0.05764158998197515,0.11725642728393891,0.05872308130158429,0.13640072099421308,0.037510672611706666,0.018499193624893273,0.02802390665022294,0.009391898301868894,0.0207001233279575,0.0036049710653638174,0.018802770135660753,0.08928944122948487,0.1595294564083104,0.012617398728773361,0.09934541314865762,0.031116592353666636,0.06591404990038896,0.09235205616850552,0.35215646940822465,0.3490972918756269,0.20639418254764294
1700600,41209,10940,20637,9632,11710,15777,13722,433,54,178,1382,8473,1321,4301,737,500,1601,572,1157,749,2909,4829,6226,185,3128,1104,1370,3267,10272,10335,6395,0.26547598825499286,0.5007886626707758,0.23373534907423135,0.2841612269164503,0.38285326021014826,0.33298551287340145,0.010507413429105293,0.0013103933606736391,0.004319444781479774,0.03353636341575869,0.20561042490718048,0.03205610424907181,0.10437040452328375,0.017884442718823557,0.012133271858089252,0.038850736489601786,0.013880463005654105,0.02807639107961853,0.0181756412434177,0.07059137567036328,0.11718313960542599,0.15108350117692737,0.004489310587493024,0.07590574874420636,0.026790264262661068,0.03324516489116455,0.10793220786943737,0.33935709802107766,0.3414384353629126,0.2112722587465724
1700700,33991,7472,17489,9030,8957,13405,11629,692,751,367,1287,6935,1858,3328,1857,401,1270,242,791,101,721,3597,4336,245,2439,913,1860,2458,9306,9589,5166,0.21982289429554883,0.5145185490276838,0.26565855667676735,0.2635109293636551,0.39436909770233297,0.3421199729340119,0.020358330146215176,0.02209408372804566,0.010796975670030302,0.037862963725692096,0.20402459474566798,0.054661528051543055,0.0979082698361331,0.05463210849930864,0.011797240446000412,0.03736283133770704,0.007119531640728428,0.02327086581742226,0.0029713747756759143,0.02121149716101321,0.10582212938719072,0.1275631784884234,0.007207790297431673,0.07175428789973817,0.026860051190020887,0.05472036715601188,0.09268826124665334,0.3509182095855802,0.36158980353708664,0.19480372563067988
1700800,36334,7310,19125,9899,10082,13854,12398,654,1870,517,1720,3302,1316,3783,1223,382,964,215,847,99,653,4563,7255,570,2320,1210,2871,3008,9620,10740,5656,0.20118896900974295,0.526366488688281,0.2724445423019761,0.27748114713491495,0.38129575604117355,0.3412230968239115,0.017999669730830628,0.051466945560631916,0.014229096713821764,0.047338580943468926,0.09087906643914791,0.03621951890790995,0.10411735564485056,0.03365993284526889,0.010513568558375076,0.02653162327296747,0.005917322617933616,0.02331149887158034,0.002724720647327572,0.01797214730004954,0.12558485165409808,0.1996752353167832,0.015687785545219355,0.06385203941212088,0.03330214124511477,0.07901689877249958,0.10363836824696802,0.3314498346196251,0.37003858875413453,0.19487320837927233
1700900,66957,16536,35057,15364,18426,25990,22541,329,1096,367,2454,5786,1167,8695,1716,897,2637,662,1571,762,2837,9911,12659,620,6751,1854,4186,5087,15574,17801,11959,0.24696446973430708,0.5235748316083456,0.22946069865734725,0.27519154083964337,0.38815956509401556,0.3366488940663411,0.0049136012664844604,0.016368714249443674,0.005481129680242544,0.036650387562166764,0.08641366847379661,0.01742909628567588,0.1298594620428036,0.025628388368654508,0.01339665755634213,0.03938348492315964,0.009886942365996087,0.023462819421419718,0.011380438191675253,0.04237047657451797,0.14802037128306225,0.1890616365727258,0.009259674119210836,0.10082590319160058,0.02768941260809176,0.06251773526292995,0.1008905019733841,0.3088792368259257,0.3530473413855338,0.23718291981515638
1701001,61878,14281,32326,15271,15725,22822,23331,475,405,868,2385,11946,2487,6697,3750,570,1792,346,1574,185,2268,5075,10206,429,5432,1617,3371,4854,16291,17355,9097,0.23079285044765507,0.522415074824655,0.24679207472768996,0.2541290927308575,0.36882252173631985,0.37704838553282266,0.007676395487895536,0.0065451372054688255,0.014027602702091212,0.03854358576553864,0.1930573063124212,0.04019199069136042,0.10822909596302402,0.060603122272859494,0.009211674585474644,0.02896021203012379,0.00559164808170917,0.025437150521994894,0.0029897540321277352,0.03665276835062543,0.08201622547593652,0.16493745757781442,0.006932997188015127,0.08778564271631274,0.026132066324057016,0.054478166715149164,0.10198121730361157,0.34226947076496417,0.3646238208290438,0.1911254911023804
1701100,92398,22914,47062,22422,28056,31954,32388,316,74,576,3964,5425,2488,13811,6057,889,2452,1082,6430,291,3474,9992,15190,1540,11028,3928,3391,7941,21674,23936,15933,0.24799238078746294,0.5093400290049568,0.24266759020758025,0.3036429359942856,0.3458299963202667,0.3505270676854477,0.003419987445615706,0.0008008831359986147,0.00623390116669192,0.0429013615013312,0.05871339206476331,0.026926989761683152,0.14947293231455228,0.06555336695599472,0.009621420377064439,0.026537370938764907,0.011710210177709474,0.06959025087123098,0.0031494188185891467,0.03759821641161064,0.1081408688499751,0.16439749778133725,0.016667027424836035,0.11935323275395571,0.042511742678412956,0.03669992856988247,0.11428530309135916,0.3119279258534339,0.3444821829485925,0.22930458810661447
1701200,100372,25143,51606,23623,28302,34393,37677,288,182,431,5745,9751,5402,12913,7255,832,3010,908,4044,731,4239,10396,13175,1897,11105,4121,3947,8406,24418,25685,16720,0.250498146893556,0.5141473717769895,0.23535448132945444,0.2819710676284223,0.34265532220141076,0.37537361017016696,0.0028693261068823976,0.0018132546925437372,0.004294026222452477,0.05723707806958116,0.09714860718128562,0.053819790379787194,0.12865141672976527,0.07228111425497151,0.008289164308771371,0.0299884429920695,0.009046347586976448,0.040290120750807,0.0072829075837883075,0.04223289363567529,0.10357470210815765,0.13126170645199856,0.01889969314151357,0.11063842505878134,0.041057266966883194,0.039323715777308414,0.11173882412367571,0.3245822754522857,0.34142418482234244,0.22225471560169616
1701300,128849,24954,71826,32069,27275,38502,63072,415,267,462,3596,3145,3408,11522,1331,1435,5711,965,6241,804,8455,8766,18998,1462,9228,5117,37521,9209,28419,35492,30775,0.19366855776917166,0.5574432087171806,0.24888823351364775,0.2116818912059853,0.2988148918501502,0.4895032169438645,0.003220824375819758,0.0020721930321539166,0.003585592437659586,0.02790863724204301,0.02440841605289913,0.0264495649946837,0.08942250230890422,0.010329921070400237,0.01113706742000326,0.04432320002483527,0.007489386801604979,0.04843654199877376,0.00623986216423876,0.06561944601820736,0.06803312404442409,0.14744390720921388,0.011346615029996352,0.07161871648208368,0.039713152604987235,0.29120132868706783,0.08863756677414697,0.2735357813176765,0.34161412965012755,0.296212522258049
1701500,49423,10762,26235,12426,11834,15745,21844,120,4,834,3122,10298,1816,5134,2611,416,1379,416,1616,138,1235,4075,7720,723,4537,1585,1644,3971,12664,13164,8862,0.2177528680978492,0.5308257289116404,0.25142140299051047,0.23944317423062136,0.31857637132509153,0.4419804544442871,0.002428019343220768,8.093397810735892e-05,0.016874734435384335,0.06316896991279364,0.20836452663739555,0.03674402606074095,0.10387876090079518,0.05282965420957854,0.008417133723165328,0.02790198895251199,0.008417133723165328,0.032697327155373004,0.0027922222447038826,0.024988365740647066,0.0824514901968719,0.15620257774720273,0.014628816542905125,0.09179936466827186,0.03207008882504097,0.03326386500212452,0.1027133286774786,0.3275652466309718,0.34049817645689456,0.2292232482346551
1701602,40945,9465,20714,10766,11448,14704,14793,855,46,630,1951,6968,2123,4477,1211,548,1470,233,1478,25,999,4270,5677,407,3336,1091,3150,2988,11139,10644,6709,0.23116375625839541,0.5058981560630114,0.2629380876785932,0.2795945780925632,0.3591158871657101,0.3612895347417267,0.02088167053364269,0.0011234582977164489,0.015386494077420931,0.047649285627060695,0.1701795090975699,0.05185004274026132,0.109341799975577,0.02957626083770912,0.013383807546709,0.03590181951398217,0.005690560507998535,0.03609720356575895,0.0006105751618024178,0.024398583465624617,0.10428623763585297,0.13864940774209306,0.009940163634143363,0.08147514959091465,0.026645500061057516,0.07693247038710466,0.09491740787801779,0.35384371029224904,0.33811944091486656,0.2131194409148666
1701701,103582,22080,57230,24272,24560,33283,45739,160,53,917,3321,12665,3471,9560,1618,1587,3084,919,5763,4347,8021,7777,23159,2468,7688,3904,3100,7938,23280,27933,22351,0.2131644494217142,0.5525091232067347,0.23432642737155104,0.2371068332335734,0.3213203066169798,0.4415728601494468,0.0015446699233457551,0.0005116719121082814,0.008852889498175358,0.03206155509644533,0.12227027861983743,0.03350968314958197,0.09229402791990886,0.015620474599833949,0.015321194802185708,0.02977351277248943,0.00887219787221718,0.05563707980150991,0.041966750979899985,0.07743623409472689,0.0750806124616246,0.22358131721727714,0.023826533567608273,0.07422138981676353,0.03768994612963642,0.029927979764824003,0.09739638291084882,0.2856371622782263,0.34272778582120683,0.27423866898971805
1701900,47306,11196,24990,11120,13456,15828,18022,118,11,214,2889,5428,2694,6730,2898,465,2008,551,1546,611,1073,4558,4678,1606,5949,1351,1928,3569,11836,12449,8256,0.23667188094533462,0.5282627996448653,0.23506531940980002,0.28444594765991627,0.3345875787426542,0.3809664735974295,0.0024943981735932015,0.00023252864330106118,0.004523739060584281,0.0610704773178878,0.11474231598528728,0.05694837864118717,0.1422652517651038,0.06126072802604321,0.009829619921363041,0.04244704688623008,0.011647571132625883,0.032680843867585505,0.012915909186995308,0.022682112205639877,0.09635141419693062,0.09888809030566947,0.03394918192195493,0.12575571809072844,0.028558745190884877,0.04075592948040418,0.09883688728883966,0.3277762392689006,0.3447521462198837,0.22863472722237607
1702000,86400,20281,47218,18901,21032,24461,40907,398,14,234,2458,2718,1726,8033,1941,587,22003,874,2934,1276,4896,10636,8296,1310,9723,2953,3390,5568,17084,20004,23463,0.2347337962962963,0.5465046296296296,0.21876157407407407,0.24342592592592593,0.2831134259259259,0.47346064814814814,0.004606481481481481,0.00016203703703703703,0.0027083333333333334,0.028449074074074075,0.03145833333333333,0.019976851851851853,0.09297453703703704,0.02246527777777778,0.006793981481481482,0.2546643518518519,0.010115740740740741,0.03395833333333333,0.01476851851851852,0.056666666666666664,0.12310185185185185,0.09601851851851852,0.015162037037037036,0.11253472222222222,0.03417824074074074,0.03923611111111111,0.08421179993647816,0.25838261316716826,0.30254541054764894,0.3548601763487046
1702100,88522,21734,46792,19996,22787,28054,37681,325,28,206,3128,7027,2979,8553,2514,2380,2662,1641,3839,106,3728,19669,13181,1376,9972,2005,3203,6535,18462,21569,20222,0.24552088746300355,0.5285917624997176,0.22588735003727886,0.2574162355120761,0.3169155690110933,0.4256681954768306,0.0036714037188495517,0.0003163055511624229,0.002327105126409254,0.03533584871557353,0.07938139671494092,0.03365265131831635,0.09662004925329297,0.028399719843654685,0.026885971848805947,0.030071620614084634,0.018537764623483426,0.043367750389733624,0.0011974424436863153,0.042113824811911164,0.22219335306477486,0.1489008382097106,0.01554415851426764,0.11264996272113147,0.022649736788594926,0.03618309572761574,0.0978469186081332,0.2764269030364736,0.32294723603042463,0.30277894232496855
1702200,52437,11141,27389,13907,13088,18624,20725,881,59,228,1844,8106,4337,6172,2003,1594,2065,248,866,246,1938,5489,7754,293,3444,1388,3482,4215,13890,14300,8891,0.21246448118694813,0.5223220245246677,0.26521349428838414,0.24959475179739496,0.35516906001487497,0.39523618818773004,0.016801113717413278,0.0011251597154680855,0.0043480748326563306,0.035166008734290675,0.15458550260312376,0.08270877433873029,0.11770314854015294,0.038198218814958905,0.03039838282129031,0.039380590041382994,0.00472948490569636,0.016515056162633254,0.004691343898392357,0.03695863607757881,0.10467799454583596,0.14787268531761924,0.0055876575700364245,0.06567881457749299,0.026469859068978013,0.06640349371626905,0.10206799690042619,0.33635218907400233,0.3462805114296784,0.21529930259589306
1702300,44212,10771,22646,10795,11884,15350,16978,466,37,165,1276,5932,2123,4842,2179,460,1217,290,1492,221,2571,4590,9545,407,3837,1351,1211,4165,9959,11535,7782,0.24362164118338914,0.5122138785849996,0.24416448023161133,0.2687958020446937,0.3471908079254501,0.3840133900298561,0.010540124852981092,0.0008368768660092283,0.0037320184565276396,0.028860942730480413,0.13417171808558762,0.04801863747398896,0.10951777797882928,0.04928526191984077,0.01040441509092554,0.02752646340360083,0.006559305166018275,0.03374649416448023,0.004998642902379445,0.058151633040803404,0.10381796797249615,0.21589161313670496,0.009205645526101511,0.08678639283452456,0.030557314756174795,0.027390753641545282,0.12454771089381299,0.2978080799019168,0.3449358571813044,0.23270835202296583
1702400,42666,9581,21628,11457,12096,13703,16867,243,818,782,1906,6218,1954,5931,2197,501,1513,424,1057,144,1914,3966,4825,354,4109,1547,2263,3474,10662,11690,7259,0.22455819622181597,0.5069141705339146,0.2685276332442694,0.28350442975671497,0.321169080766887,0.3953264894763981,0.005695401490648291,0.01917217456522758,0.018328411381427833,0.04467257300895326,0.1457366521351896,0.04579759058735293,0.1390099845310083,0.05149299207800122,0.011742370974546477,0.035461491585806026,0.009937655275863686,0.024773824591009234,0.0033750527351989875,0.044860075938686544,0.09295457741527212,0.11308770449538275,0.00829700464069751,0.09630619228425444,0.03625837903717245,0.053039891248300754,0.10500226688831797,0.3222608432824543,0.35333232582741425,0.21940456400181352
1702501,47569,10763,23839,12967,13555,18337,15677,1836,55,141,2171,6500,2259,5536,3529,723,1200,290,917,89,1021,5127,7763,489,3867,1321,2735,4022,12339,12972,7473,0.22626080010090605,0.5011457041350459,0.272593495764048,0.28495448716601146,0.38548214173095924,0.3295633711030293,0.03859656498980429,0.0011562151821564463,0.002964115285164708,0.045638966553848095,0.13664361243667095,0.04748891084529841,0.11637831360760159,0.07418697050600181,0.015198974121802013,0.02522651306523156,0.006096407324097626,0.019277260400681114,0.0018709663856713405,0.021463558199667852,0.10778027707120183,0.16319451743782715,0.01027980407408186,0.08129243835270869,0.02777018646597574,0.057495427694506926,0.1092756615769168,0.3352442536542955,0.35244253654295493,0.20303754822583275
1702601,34540,8749,17402,8389,9772,11362,13406,585,18,61,1763,3584,1615,4154,969,491,734,310,711,128,1846,7685,4086,363,2730,1299,1408,2859,7241,8188,7503,0.253300521134916,0.5038216560509554,0.24287782281412854,0.2829183555298205,0.32895193977996523,0.38812970469021424,0.016936884771279675,0.0005211349160393746,0.0017660683265778808,0.05104226983207875,0.10376375217139548,0.04675738274464389,0.12026635784597568,0.028054429646786335,0.014215402431962941,0.0212507237984945,0.00897510133178923,0.0205848291835553,0.003705848291835553,0.05344528083381587,0.222495657209033,0.11829762594093804,0.010509554140127388,0.07903879559930516,0.03760856977417487,0.04076433121019108,0.11085262300802605,0.28075685316583304,0.31747508820906517,0.2909154356170757
1702700,32694,6954,16725,9015,8677,11491,12526,687,8,618,2109,6160,1235,3393,1325,253,1384,668,702,21,1514,3473,3945,418,2245,1118,1418,2874,8620,8811,5435,0.2126995779042026,0.5115617544503579,0.27573866764543953,0.2654003792744846,0.35147121796048203,0.38312840276503335,0.02101302991374564,0.0002446932158805897,0.018902550926775556,0.06450724903652046,0.18841377622805408,0.037774515201566036,0.10378051018535511,0.04052731388022267,0.00773842295222365,0.04233192634734202,0.020431883526029242,0.02147182969352175,0.000642319691686548,0.0463081911054016,0.10622744234416101,0.1206643420811158,0.012785220529760812,0.0686670337064905,0.03419587691931241,0.04337187251483453,0.11165501165501165,0.3348873348873349,0.3423076923076923,0.21114996114996115
1702890,141529,31686,74349,35494,35121,48231,58177,348,26,884,5144,29906,5754,13981,5879,1964,3616,1267,3808,180,11916,12181,21647,2735,11338,4729,4226,13370,33367,37071,26035,0.22388344438242339,0.5253269647916682,0.25078959082590846,0.24815408856135493,0.34078528075518094,0.41106063068346416,0.0024588600216210107,0.0001837079326498456,0.006246069710094751,0.03634590790580022,0.21130651668562628,0.040655978633354295,0.09878540793759583,0.041539189848017015,0.013877014604780646,0.025549534017763144,0.008952228871821323,0.02690614644348508,0.0012718241491143157,0.0841947586713677,0.08606716644645267,0.15295098531043108,0.019324661376820297,0.08011079001476729,0.033413646673119995,0.029859604745317216,0.12171918101290023,0.30376992616734794,0.3374907822983713,0.23702011052138053
1703000,212910,49208,112377,51325,52244,71094,89572,710,250,416,11012,32125,13651,21949,4676,2251,6815,1937,11171,1478,20208,23759,23081,6828,17153,6632,6808,23701,40517,50047,49437,0.23112113099431686,0.5278145695364238,0.2410642994692593,0.24538067728148044,0.33391573904466676,0.4207035836738528,0.00333474237940914,0.0011742050631722324,0.001953877225118595,0.05172138462261049,0.15088535061763186,0.06411629326945657,0.10309050772626932,0.021962331501573434,0.01057254238880278,0.03200883002207505,0.009097740829458457,0.052468179042788034,0.006941900333474238,0.09491334366633788,0.11159175238363628,0.10840730825231318,0.03206988868536001,0.08056455779437321,0.03114931191583298,0.03197595228030623,0.14478137102784328,0.24750461203894883,0.3057201500287107,0.3019938669044972
1703100,262897,64862,140934,57101,65058,83633,114206,311,244,2032,14033,24615,22805,31518,15950,3168,5457,2744,12696,1163,16936,37081,26743,6046,21082,10303,7970,25785,52662,62852,56736,0.24672019840469842,0.5360806703766113,0.21719913121869022,0.24746573753218942,0.31812078494619567,0.4344134775216149,0.0011829727992331597,0.0009281201383051157,0.007729262791131127,0.05337831926572004,0.09362982460811649,0.08674499899200067,0.11988725622582228,0.060670148385109,0.012050346713731994,0.020757178666930394,0.010437547784873925,0.04829267736033504,0.00442378574118381,0.06442066664891573,0.1410476346249672,0.10172424942087585,0.022997599820462004,0.08019110145798544,0.039190253217039374,0.03031605533726136,0.13020425682328882,0.26592269043350925,0.31737824121998637,0.2864948115232156
1703200,635199,134664,347651,152884,129731,182712,322756,525,174,3253,26809,58700,54927,66287,25105,11898,33280,9249,61642,21431,57145,42764,74672,10952,44688,20128,11570,59369,110298,148077,182791,0.21200285264932722,0.5473103704508351,0.2406867768998377,0.20423678248863741,0.28764528911412013,0.5081179283972425,0.0008265126361974751,0.00027392990228259175,0.005121229724857879,0.04220567097870116,0.09241198427579389,0.0864721134636547,0.10435627260118482,0.03952304710807164,0.018731137800909636,0.05239302958600375,0.014560791185124662,0.09704360365806622,0.03373903296447255,0.08996393256286613,0.06732378357018824,0.11755686013359593,0.017241840745970946,0.07035275559312908,0.031687707316919576,0.01821476419200912,0.11861108613783251,0.22036021457040966,0.295837453924301,0.36519124536745684
1703300,329352,67639,182416,79297,63965,90325,175062,426,62,1725,12550,51873,22945,39410,5429,4603,14189,4245,22544,10077,25118,30456,34457,8228,24028,9400,7587,30698,56461,75251,99303,0.20536993854599334,0.5538633437780854,0.2407667176759212,0.1942147003813549,0.2742506497607423,0.5315346498579028,0.001293448954310282,0.0001882484393597124,0.005237557385411353,0.03810512764458695,0.15750018217590905,0.0696671038888484,0.1196592095994559,0.01648388350457869,0.013975928489883164,0.04308156622701547,0.012888945565838373,0.0684495615633122,0.03059644392625519,0.07626490806189123,0.09247249143773227,0.10462058830673565,0.024982389662124415,0.07295537904734145,0.028540892419053172,0.023036143700357066,0.1172964277662936,0.2157363218487427,0.28753252608773733,0.37943472429722636
1703400,2625104,586394,1434923,603787,547100,776957,1301047,770,623,6920,75342,185849,115271,252536,133521,63959,159477,45737,243339,46893,210565,225235,370643,58396,241201,103141,85686,274120,464407,596280,703903,0.22337934039946608,0.5466156769407993,0.23000498265973462,0.20841079058201123,0.29597189292309944,0.4956173164948893,0.0002933217122064497,0.0002373239307852184,0.0026360860369722496,0.028700577196179657,0.07079681414526814,0.043911022191882684,0.09620037910878959,0.05086312770846412,0.02436436804027574,0.06075073597084154,0.017422928767774532,0.09269689886572113,0.01786329227337279,0.0802120601698066,0.08580041019327234,0.1411917394510846,0.022245213903906283,0.0918824549427375,0.03929025288140965,0.03264099250924916,0.13445757366177633,0.22779453674137076,0.29247906764571713,0.3452688219511358
1703600,96262,22558,49820,23884,24736,32906,38620,628,37,109,6852,14307,5201,12663,1468,1037,2018,659,4167,870,6901,10987,10913,2188,8111,3542,3604,8849,19111,23699,22045,0.23433961480127152,0.5175458644117097,0.24811452078701876,0.2569653653570464,0.34183790072925974,0.40119673391369387,0.006523861960067316,0.00038436766325237375,0.001132326359311047,0.0711807359082504,0.14862562589599218,0.0540296274750161,0.13154723566931914,0.015250046747418504,0.010772682886289502,0.020963620120088924,0.0068458997319814675,0.04328810953439571,0.009037834244042302,0.07168976335417922,0.11413641935550892,0.11336768402900417,0.022729633708005237,0.08425962477405415,0.03679541251999751,0.037439488063825806,0.12006132638662759,0.25929393248670357,0.3215429284706393,0.29910181265602953
1703700,47908,12452,25348,10108,13119,14733,20056,142,27,1789,4342,4541,1666,8014,3776,406,715,477,1704,13,1688,6426,3832,737,4475,1682,1456,4197,10463,11541,9255,0.2599148367704767,0.5290974367537781,0.21098772647574518,0.27383735493028305,0.30752692660933456,0.4186357184603824,0.0029640143608583116,0.0005635801953744677,0.03734240627870084,0.09063204475244219,0.0947858395257577,0.034774985388661604,0.16727895132336978,0.07881773399014778,0.00847457627118644,0.014924438507138682,0.009956583451615597,0.03556817233029974,0.0002713534274025215,0.03523419888118894,0.1341320864991233,0.07998664106203557,0.015383651999666027,0.09340819904817567,0.035108958837772396,0.030391583869082407,0.11837206678700361,0.29509814981949456,0.3255020306859206,0.2610277527075812
1800100,193931,44862,100493,48576,52101,64091,77739,159,100,2169,11684,24148,6510,24515,6867,1917,4186,2156,6641,2463,9701,15441,34743,5924,18928,7449,8230,18358,46541,50675,33495,0.23132969973856682,0.5181894591375283,0.2504808411239049,0.2686574090784867,0.33048352248995777,0.40085906843155555,0.000819879235398157,0.0005156473178604762,0.011184390324393728,0.06024823261881803,0.12451851431694778,0.033568640392716995,0.12641093997349573,0.0354095013174789,0.009884959083385329,0.021584996725639533,0.011117356173071866,0.03424413837911422,0.012700393438903527,0.05002294630564479,0.07962110235083612,0.17915134764426524,0.030546947110054606,0.09760172432463092,0.038410568707426866,0.04243777425991719,0.12315102402243257,0.3122111237078132,0.33994324775774976,0.22469460451200451
1800200,64142,16644,32564,14934,18364,18936,26842,51,31,365,4934,10833,2592,7283,1956,636,1176,647,1967,334,3235,7582,9002,423,6317,2620,2158,4998,15194,16051,11255,0.2594867637429453,0.5076860715287955,0.23282716472825918,0.2863022668454367,0.2952199806678931,0.4184777524866702,0.0007951108478064295,0.000483302672196065,0.005690499204889152,0.07692307692307693,0.16889089831935394,0.04041033955910324,0.11354494714851424,0.03049483957469365,0.009915499984409592,0.018334320725889433,0.010086994480995292,0.03066633407127935,0.005207196532693087,0.05043497240497646,0.11820647937388919,0.14034485984222506,0.006594742914159209,0.09848461226653363,0.04084687100495775,0.03364410214835833,0.10522548317823908,0.31988715314329025,0.3379300181060255,0.23695734557244516
1800300,40155,9391,20637,10127,10237,15344,14574,230,18,353,2003,7586,1372,5025,1066,346,897,378,760,136,1895,2859,5134,1559,3834,1322,3382,3490,10642,10318,6314,0.23386875856057776,0.513933507657826,0.2521977337815963,0.25493711866517244,0.38211928775993026,0.36294359357489725,0.005727804756568298,0.0004482629809488233,0.008790935126385258,0.049881708380027395,0.18891794297098743,0.03416760054787698,0.1251400821815465,0.02654712987174698,0.008616610633794049,0.02233843855061636,0.009413522599925289,0.018926659195616983,0.003386875856057776,0.047192130494334454,0.0711991034740381,0.12785456356618105,0.03882455484995642,0.09548001494209936,0.03292242560079691,0.08422363342049557,0.11344428552853986,0.34592380704719805,0.3353920166428293,0.20523989078143284
1800400,124116,29099,63439,31578,32834,43267,48015,132,6,218,5130,15103,6022,13771,3348,1909,3381,1733,5071,2425,5957,19391,19918,1115,11469,3774,4243,10030,29252,31430,24305,0.23445003061652003,0.5111266879370912,0.25442328144638887,0.2645428470140836,0.34860130845338233,0.3868558445325341,0.0010635212220825678,4.8341873731025813e-05,0.0017564214122272712,0.04133230204002707,0.12168455315994714,0.04851912726803958,0.11095265719165942,0.026974765541912405,0.01538077282542138,0.027240645847433048,0.01396274452931129,0.040856940281671986,0.0195381739662896,0.047995423635953466,0.15623287891972026,0.16047890682909535,0.00898353153501563,0.09240549163685584,0.03040703857681524,0.03418576170679042,0.10556005767388993,0.30786069861182735,0.33078291253144176,0.25579633118284095
1800500,134489,34114,71741,28634,24757,45655,64077,228,55,99,3659,68180,6516,9378,3159,613,1855,898,2361,2413,5444,6198,11031,536,6792,2642,2432,15415,34953,31542,18465,0.2536564328681156,0.5334339611418034,0.21290960599008096,0.18408196952910647,0.33947014253953856,0.476447887931355,0.001695305935801441,0.0004089553792503476,0.0007361196826506257,0.027206686048673125,0.506955959223431,0.048450059112641185,0.06973060993835926,0.023488909873669965,0.004557993590553875,0.013792949609261723,0.006677126010305676,0.017555339098364924,0.01794198782056525,0.040479146993434405,0.04608555346533917,0.08202157797291972,0.003985456059603387,0.05050227156124293,0.019644729308716698,0.01808326331521537,0.15357409713574097,0.3482241594022416,0.3142415940224159,0.18396014943960148
1800600,68511,17217,35670,15624,15046,26123,27342,660,88,213,2248,30892,2330,5789,2407,605,849,440,1277,276,2073,4968,4380,327,4745,1633,2311,6244,19663,16654,8733,0.25130271051364017,0.5206463195691203,0.22805096991723955,0.21961436849557006,0.3812964341492607,0.39908919735516923,0.009633489512633008,0.0012844652683510678,0.0031089897972588344,0.03281224912787727,0.4509056939761498,0.03400913721884077,0.08449737998277648,0.03513304432864795,0.00883069871991359,0.012392170600341552,0.006422326341755338,0.018639342587321743,0.004028550159828349,0.0302579147874064,0.07251390287691027,0.06393133949292815,0.004772956167622718,0.06925895111733882,0.023835588445651062,0.03373180949044679,0.12172963699458027,0.38333918197060085,0.3246773501774087,0.17025383085741022
1800700,30182,6788,15291,8103,8236,11255,10691,1786,69,379,1663,5618,1367,3576,1874,429,797,178,505,101,985,3066,2962,192,2332,597,1706,2669,9063,7524,4138,0.224902259624942,0.5066264661056259,0.2684712742694321,0.2728778742296733,0.3729043800940958,0.3542177456762309,0.05917434232323902,0.0022861308064409253,0.012557153270161023,0.05509906566827911,0.1861374329070307,0.04529189583195282,0.11848121396859056,0.0620899874097144,0.01421376979656749,0.02640646743091909,0.005897554834007024,0.01673182691670532,0.003346365383341064,0.032635345570207405,0.10158372539924458,0.09813796302431912,0.0063614074614008346,0.07726459479159764,0.01978000132529322,0.056523755880988666,0.11408908267077028,0.3874070274429341,0.32162092844319057,0.17688296144310506
1800800,57685,14189,29666,13830,13462,19661,24562,843,7,130,2146,22210,1888,5467,713,579,1053,310,948,626,3117,5219,4922,448,3812,1927,1320,4768,15547,14223,8958,0.2459738233509578,0.5142758082690474,0.2397503683799948,0.23337089364652855,0.34083383895293407,0.4257952674005374,0.014613851087804455,0.00012134870416919476,0.002253618791713617,0.03720204559244171,0.38502210279968796,0.03272947906734853,0.09477333795614111,0.012360232296090838,0.01003727138770911,0.0182543122128803,0.005374014041778626,0.016434081650342377,0.010852041258559417,0.05403484441362572,0.0904741267227182,0.08532547456011094,0.007766317066828465,0.06608303718471006,0.03340556470486262,0.022882898500476728,0.10961927533566306,0.35743516645208756,0.3269955858009932,0.2059499724112562
1800900,50893,11976,26027,12890,12233,20363,18297,628,62,150,1839,17397,2064,4715,2502,908,1098,469,828,82,1822,3508,5914,163,3241,1634,1869,3948,15390,12981,6598,0.23531723419723735,0.5114062837718351,0.2532764820309276,0.2403670445837345,0.4001139645923801,0.3595189908238854,0.012339614485292673,0.0012182421944078755,0.0029473601477609888,0.03613463541154972,0.34183482993731945,0.04055567563319121,0.09264535397795375,0.04916196726465329,0.01784135342777985,0.021574676281610437,0.009215412728666024,0.016269428015640658,0.0016112235474426738,0.035800601261470145,0.06892892932230366,0.11620458609238991,0.003202798027233608,0.0636826282592891,0.032106576542943036,0.03672410744110192,0.10144666855101883,0.3954569982269959,0.3335560294986767,0.16954030372330858
1801000,189990,46964,98584,44442,47530,65754,76706,163,97,454,9746,26964,10160,21440,6910,3455,8781,2252,6465,2436,11520,13788,33702,2471,17741,5960,5485,14871,45255,48791,34109,0.24719195747144587,0.5188904679193642,0.23391757460918997,0.2501710616348229,0.34609189957366177,0.40373703879151535,0.0008579398915732407,0.0005105531870098426,0.0023895994526027687,0.05129743670719512,0.141923259118901,0.053476498763092795,0.1128480446339281,0.03637033528080425,0.018185167640402126,0.04621822201168482,0.011853255434496552,0.03402810674246013,0.012821727459339965,0.060634770251065846,0.07257224064424443,0.17738828359387337,0.013005947681456919,0.09337859887362493,0.03137007210905837,0.02886994052318543,0.10397410261071413,0.316411002195405,0.34113377987219107,0.23848111532168975
1801100,43796,10107,22879,10810,10223,17075,16498,986,75,233,1656,14646,1820,4062,2008,492,873,281,1223,48,1850,3859,3032,338,3017,1105,2192,4006,12582,10664,6437,0.23077449995433372,0.5223993058726825,0.24682619417298382,0.23342314366608824,0.3898757877431729,0.3767010685907389,0.022513471549913233,0.00171248515846196,0.005320120558955156,0.037811672298840075,0.3344141017444516,0.04155630651201023,0.09274819618229975,0.04584893597588821,0.011233902639510457,0.019933327244497215,0.00641611106037081,0.027924924650653028,0.0010959905014156545,0.04224130057539501,0.08811306968672938,0.0692300666727555,0.0077175997808019,0.06888756964106311,0.02523061466800621,0.05005023289798155,0.11891121731128855,0.3734750215203776,0.31654249161447356,0.1910712695538603
1801200,88004,22037,46112,19855,21093,28783,38128,241,36,52,3152,16030,1956,9041,2035,809,1978,1419,2836,224,4562,18012,11968,581,8817,2156,2099,6379,19790,21183,18615,0.2504090723148948,0.5239761829007772,0.225614744784328,0.23968228716876505,0.3270646788782328,0.43325303395300213,0.0027385118858233716,0.00040907231489477753,0.0005908822326257898,0.03581655379300941,0.18215081132675787,0.022226262442616246,0.10273396663788009,0.023123948911413117,0.009192763965274306,0.022476251079496388,0.016124267078769145,0.03222580791782192,0.002545338848234171,0.05183855279305486,0.20467251488568702,0.13599381846279715,0.006601972637607381,0.10018862778964592,0.024498886414253896,0.023851188582337167,0.09669986508405717,0.2999984840905301,0.32111510300604845,0.28218654781936425
1801300,59667,13488,31138,15041,14624,20305,24738,597,54,115,2060,18845,1495,7107,1001,480,1279,419,1281,165,2600,4589,8186,149,5638,1415,2192,4818,15741,15550,10070,0.22605460304691036,0.5218630063519198,0.2520823906011698,0.24509360282903447,0.3403053614225619,0.4146010357484036,0.010005530695359244,0.0009050228769671677,0.0019273635342819315,0.03452494678800677,0.31583622437863473,0.02505572594566511,0.11911106641862336,0.016776442589706203,0.008044647795263713,0.021435634437796437,0.00702230713794895,0.021469153803610037,0.0027653476796219018,0.043575175557678446,0.07691018485930246,0.13719476427505992,0.002497192753113111,0.09449109222853504,0.023714951313121155,0.03673722493170429,0.10433313843955044,0.3408692262716819,0.3367331471014964,0.21806448818727128
1801400,49426,12068,25054,12304,14150,19580,15696,926,169,213,1581,9553,1090,5150,2999,428,1294,448,806,561,1383,6465,8055,358,4162,1296,2489,3910,13512,12340,7596,0.2441629911382673,0.5068992028487032,0.2489378060130296,0.28628656982155143,0.39614777647392063,0.317565653704528,0.01873507870351637,0.0034192530247238295,0.004309472747137134,0.031987213207623516,0.19327884109577956,0.022053170396147778,0.10419617205519362,0.06067656698903411,0.008659410027111236,0.026180552745518552,0.00906405535548092,0.016307206733298264,0.011350301460769636,0.027981224456763647,0.13080160239550034,0.16297090600089023,0.007243151377817343,0.08420669283373124,0.026221017278355522,0.050358111115607174,0.104662990524118,0.3616895979442154,0.3303174688152471,0.20332994271641952
1801500,30704,7096,15795,7813,8178,12902,9624,647,54,133,1581,8060,1319,3101,689,333,621,188,530,129,1200,2852,4461,268,2190,751,1597,2469,9102,7841,4196,0.23110995310057322,0.5144280875455967,0.25446195935383015,0.26634966128191767,0.420205836373111,0.31344450234497134,0.021072173006774362,0.0017587285044293904,0.004331683168316832,0.05149166232412715,0.26250651380927564,0.042958572173006776,0.10099661281917666,0.022440072954663888,0.01084549244398124,0.02022537780093799,0.006122980719124544,0.017261594580510683,0.004201406982803544,0.03908285565398645,0.09288692027097446,0.14529051589369463,0.008728504429390308,0.07132621156852527,0.024459353830119854,0.052012767066180306,0.10458319213825822,0.38554727211114875,0.3321331751948492,0.17773636055574382
1801600,26882,6003,13805,7074,7178,10136,9568,598,795,516,1245,6308,715,3207,731,361,510,205,458,60,301,2887,2205,141,2198,710,2731,2194,8059,6936,3690,0.22330927758351313,0.5135406591771445,0.2631500632393423,0.26701882300424074,0.3770552786251023,0.35592589837065697,0.02224536864816606,0.02957369243359869,0.019195000371996132,0.04631351833940927,0.2346551595863403,0.02659772338367681,0.11929915928874339,0.027192917193661185,0.013429060337772487,0.01897180269325199,0.007625920690424819,0.01703742281080277,0.002231976787441411,0.011197083550331076,0.10739528308905587,0.08202514693847184,0.005245145450487315,0.08176474964660367,0.026411725318056693,0.10159214344170821,0.10508166099909,0.38598591886584604,0.3321998179989463,0.17673260213611763
1801700,48438,12288,24652,11498,13577,18377,16484,87,17,146,2172,6536,1305,5837,1480,404,1401,650,1195,392,2896,5258,8743,414,5846,1331,2328,3609,12162,12038,8341,0.25368512325034065,0.5089392625624509,0.2373756141872084,0.2802964614558817,0.3793922127255461,0.3403113258185722,0.0017961104917626656,0.00035096411908006113,0.0030141624344522896,0.0448408274495231,0.1349353813121929,0.026941657376439984,0.12050456253354803,0.030554523308146498,0.008340559065196746,0.028923572401833273,0.013419216317767043,0.024670713076510177,0.008092819687022586,0.05978776993269747,0.10855113753664478,0.18049878194805732,0.008547008547008548,0.12069036706717866,0.027478426029150668,0.04806143936578719,0.09983402489626556,0.33643153526970954,0.33300138312586447,0.23073305670816044
1801800,180168,46520,97166,36482,44670,58724,76774,964,267,1109,10073,8608,9530,25836,4156,3495,15874,4249,13399,3192,14996,12387,23713,3228,16347,4868,3877,13298,37759,42116,40475,0.25820345455352783,0.5393077572043871,0.20248878824208516,0.24793526042360464,0.32594023355978863,0.42612450601660673,0.005350561697970783,0.0014819501798321567,0.006155366102748546,0.05590892944363039,0.0477776297677723,0.0528950757071178,0.14339949380578126,0.023067359353492297,0.01939856134274677,0.08810665600994627,0.023583544247591137,0.07436947737667066,0.017716797655521515,0.08323342657963678,0.06875249766884241,0.13161604724479375,0.01791661116291461,0.09073198348208339,0.02701922649971138,0.02151880467119577,0.09950017957620017,0.28252573925535734,0.3151263019274512,0.30284777924099127
1801900,41726,10282,21543,9901,11628,15749,14349,187,3,23,1796,4789,1390,4998,2079,509,997,412,1159,443,2478,3647,6875,1279,4264,1151,3247,3412,10654,10583,6795,0.24641710204668552,0.5162967933662465,0.237286104587068,0.27867516656281455,0.37743852753678764,0.3438863059003978,0.004481618175717778,7.189761779226382e-05,0.0005512150697406892,0.0430427071849686,0.11477256386905048,0.033312562910415566,0.11978143124191151,0.04982504913003882,0.012198629152087427,0.023893974979629008,0.009873939510137564,0.027776446340411255,0.010616881560657624,0.059387432296409914,0.08740353736279538,0.16476537410727124,0.030652351052101807,0.10219048075540431,0.027584719359631884,0.07781718832382688,0.10851036763770512,0.3388245770258237,0.33656659458084215,0.21609846075562905
1802000,46817,12544,23444,10829,13403,17551,15863,111,32,168,1608,4399,1054,6240,1002,358,1807,685,2155,407,3250,6640,9198,465,4772,1083,1383,3329,11134,11433,8377,0.26793686054211074,0.5007582715680202,0.23130486788986906,0.28628489651195077,0.374885191276673,0.3388299122113762,0.0023709336352179763,0.0006835123993421193,0.0035884400965461266,0.0343464980669415,0.09396159514706197,0.022513189653331055,0.13328491787171326,0.021402482004400113,0.00764679496763996,0.0385970908003503,0.014631437298417241,0.04603028814319585,0.00869342332913258,0.069419228058184,0.14182882286348975,0.19646709528590042,0.009932289552940171,0.10192878655189354,0.02313262276523485,0.02954055150906722,0.09713185306217723,0.3248621363755726,0.3335862048843113,0.2444198056779389
1802100,35636,8907,18126,8603,10124,13805,11707,198,141,298,2671,6456,687,4219,2409,307,660,272,887,22,1155,4219,4131,178,3545,1002,2179,2983,9630,8662,5454,0.2499438769783365,0.5086429453361769,0.2414131776854866,0.284094735660568,0.3873891570322146,0.3285161073072174,0.00555617914468515,0.003956673027275788,0.008362330227859469,0.07495229543158603,0.18116511392973397,0.019278257941407567,0.11839151419912448,0.06760017959366932,0.008614883825345157,0.0185205971489505,0.007632730946234146,0.024890560107756202,0.00061735323829835,0.03241104501066337,0.11839151419912448,0.11592210124593108,0.004994948928050286,0.09947805589852958,0.028117633853406668,0.061146032102368394,0.11160163118710015,0.360282838864155,0.32406749223689624,0.20404803771184857
1802200,70272,20773,36221,13278,20337,27920,22015,175,28,871,2830,3951,4122,13939,9310,398,967,462,1308,619,7869,3755,6790,692,7788,1924,2474,6385,16361,15808,10945,0.2956084927140255,0.5154400045537341,0.18895150273224043,0.2894040300546448,0.39731329690346084,0.31328267304189433,0.002490323315118397,0.00039845173041894356,0.01239469489981785,0.04027208561020036,0.05622438524590164,0.0586577868852459,0.19835780965391622,0.13248520036429873,0.005663706739526412,0.013760815118397086,0.006574453551912569,0.018613387978142076,0.00880862932604736,0.11197916666666667,0.053435223132969036,0.09662454462659381,0.009847449908925318,0.11082650273224044,0.027379326047358835,0.03520605646630237,0.12899250489908887,0.33053192993797853,0.3193599870704459,0.22111557809248672
1802300,637609,146855,350396,140358,136456,202997,298156,515,140,2351,27516,56511,30200,58687,38973,12678,27968,10626,42162,9823,57245,43803,108262,9184,53077,21345,26543,51923,139402,158435,140994,0.2303214038697697,0.5495468225824918,0.2201317735477385,0.21401203558920906,0.31837223125771436,0.4676157331530766,0.0008077050355311798,0.0002195703009210974,0.003687212696182143,0.0431549742867494,0.08862955196680097,0.0473644506272653,0.09204230178683175,0.061123666698556636,0.019883659107697665,0.04386387268686609,0.016665385839911295,0.06612516448168078,0.01540599332819957,0.08978072768734444,0.0686988420803345,0.16979371370228463,0.01440381174042399,0.0832438061570649,0.03347662909400589,0.04162896069534778,0.10580249982679714,0.2840567779376225,0.32283995647513825,0.2873007657604421
1802400,54566,15936,27472,11158,16117,20252,18197,66,15,128,2936,5820,2252,9496,3069,394,1211,564,1480,231,3798,4767,7546,404,6854,1656,1879,4119,12591,12739,9181,0.29204999450207086,0.5034636953414214,0.20448631015650773,0.29536707840046916,0.3711468680130484,0.3334860535864824,0.0012095444049408056,0.0002748964556683649,0.002345783088370047,0.053806399589487956,0.10665982479932559,0.04127112121101052,0.17402778286845288,0.05624381482974746,0.007220613568889052,0.022193307187625994,0.010336106733130521,0.027123116959278673,0.00423340541729282,0.06960378257522999,0.08736209361140637,0.13829124363156545,0.007403877872667962,0.12560935381006488,0.030348568705787487,0.03443536268005718,0.10662697385451722,0.3259383898524463,0.329769609112089,0.23766502718094745
1802500,40599,9653,21779,9167,9536,14845,16218,270,70,90,2693,8861,1538,4264,1864,374,533,344,2241,218,2432,2968,4776,1057,3641,846,1519,3402,10728,10092,6724,0.23776447695756053,0.536441784280401,0.22579373876203848,0.23488263257715708,0.3656494002315328,0.3994679671913101,0.006650410108623365,0.0017241803985319835,0.0022168033695411215,0.06633168304638046,0.21825660730559865,0.037882706470602726,0.10502721741914825,0.04591246089805168,0.009212049557870883,0.013128402177393531,0.008473115101357176,0.055198403901573934,0.005369590383999606,0.0599029532747112,0.0731052488977561,0.1176383654769822,0.02603512401783295,0.0896820118722136,0.020837951673686544,0.03741471464814404,0.1099334324306857,0.3466683900988819,0.32611646093194596,0.2172817165384864
1802600,41158,9570,21257,10331,10971,16502,13685,378,48,289,1102,8278,1356,4857,1066,397,1193,192,892,373,2076,3904,7604,180,3818,1256,1899,3332,11295,10555,6406,0.2325185869089849,0.5164731036493513,0.25100830944166386,0.2665581417950338,0.40094270858642306,0.33249914961854315,0.00918411973370912,0.0011662374265027455,0.0070217211720686136,0.026774867583458865,0.20112736284561933,0.03294620729870256,0.11800864959424656,0.025900189513581806,0.00964575538169979,0.028985859371203654,0.004664949706010982,0.021672578842509355,0.009062636668448419,0.050439768696243746,0.09485397735555663,0.1847514456484766,0.0043733903493852954,0.09276446863307256,0.03051654599348851,0.04613926818601487,0.1054830948461441,0.3575724958845131,0.3341458781815879,0.20279853108775484
1802700,46894,11298,23538,12058,13092,18667,15135,459,296,263,3354,9458,972,5838,1574,558,1127,287,2211,137,913,4398,5906,232,5287,1199,2425,4018,13392,11697,6489,0.2409263445216872,0.5019405467650445,0.2571331087132682,0.2791828378897087,0.39806798311084574,0.32274917899944555,0.0097880325841259,0.006312108158826289,0.005608393397876061,0.0715230093402141,0.20168891542628054,0.020727598413443085,0.12449353861901309,0.03356506162835331,0.011899176866976585,0.02403292532093658,0.006120185951294409,0.04714888898366529,0.002921482492429735,0.01946944171962298,0.09378598541391223,0.1259436175203651,0.004947328016377362,0.11274363458011685,0.025568302981191622,0.05171237258497889,0.11287785144398246,0.3762220474210585,0.32860433756601864,0.18229576356894034
1802800,64045,17515,31972,14558,17139,21655,25251,109,277,414,2285,5835,1418,6689,927,1107,1242,1164,2298,465,2179,16580,8543,460,7832,2157,2064,4347,13481,14396,14306,0.273479584667031,0.49921149191974395,0.2273089234132251,0.2676087126239363,0.3381216332266375,0.39426965414942616,0.0017019283316418144,0.004325083925364978,0.0064642048559606525,0.035678038878913264,0.0911078148177063,0.022140682332734796,0.10444218908579905,0.014474197829651026,0.017284721680068702,0.01939261456788196,0.01817472089936763,0.03588102115699898,0.007260519946912327,0.03402295261144508,0.2588804746662503,0.1333905847451011,0.00718244983995628,0.12228901553595128,0.033679444140838476,0.03222734015145601,0.09342359767891682,0.2897270578121642,0.30939179024285407,0.3074575542660649
1802900,71817,17515,38342,15960,15521,23686,32610,820,42,280,2370,24464,2527,7207,3203,515,1517,449,2260,855,4074,4338,8035,372,5120,1165,2204,5932,18255,17465,12650,0.24388376011250817,0.5338847348120919,0.2222315050754,0.21611874625784983,0.32981049055237616,0.454070763189774,0.011417909408635839,0.000584819750198421,0.00389879833465614,0.0330005430469109,0.3406435802108136,0.03518665497027166,0.10035228427809571,0.04459946809251292,0.007171004079813971,0.0211231324059763,0.0062520016152164525,0.0314688722725817,0.011905259200467855,0.05672751576924684,0.06040352562763691,0.11188158792486459,0.005179832073186014,0.07129231240514085,0.01622178592812287,0.030689112605650472,0.10924091193694523,0.33617546315052854,0.3216271960517108,0.23295642886081544
1803000,41468,9789,21723,9956,9762,15597,16109,389,63,505,1448,12499,1091,4396,1897,271,692,264,657,400,2152,3291,5150,141,3329,989,1844,3243,11829,10379,6228,0.23606154142953603,0.5238497154432333,0.24008874312723064,0.2354104369634417,0.3761213465804958,0.3884682164560625,0.009380727307803607,0.0015192437542201215,0.012178065013986689,0.03491849136683708,0.301413137841227,0.02630944342625639,0.10600945307224847,0.04574611748818366,0.006535159641169094,0.01668756631619562,0.006366354779589081,0.015843542008295554,0.009645992090286486,0.051895437445741294,0.07936239992283206,0.12419214816243851,0.003400212211825986,0.08027876917140928,0.023849715443233336,0.0444680235362207,0.10237065563938255,0.37340193819249345,0.3276302913602071,0.19659711480791692
1803100,33788,8169,16976,8643,9258,13284,11246,216,103,252,1353,4760,554,3400,1271,398,934,181,768,1422,2475,2933,4559,2554,2936,974,1745,2355,9146,8425,5693,0.2417722268260921,0.5024268971232391,0.25580087605066887,0.2740026044749615,0.3931573339647212,0.33284006156031726,0.006392802178288149,0.0030484195572392566,0.0074582692080028415,0.04004380253344383,0.140878418373387,0.016396353735053864,0.10062744169527643,0.03761690541020481,0.011779329939623535,0.027642950159820056,0.005356931454954422,0.022729963300580087,0.04208594767373032,0.07325085829288505,0.08680596661536641,0.1349295607908133,0.07558896649698117,0.08689475553450929,0.0288268024150586,0.05164555463478158,0.09192396268394551,0.35700066357000665,0.32885748858269254,0.22221788516335533
1803200,42837,9382,23038,10417,9321,13278,20238,404,893,724,2049,12609,1022,3674,1829,226,876,384,1230,32,3204,3494,4733,344,2699,1042,1369,3164,11729,11651,6911,0.21901627098069426,0.5378061022013679,0.24317762681793775,0.21759226836613207,0.30996568387141954,0.47244204776244836,0.009431099283329832,0.020846464504984008,0.016901276933492075,0.04783248126619511,0.2943483437215491,0.023857879870205663,0.08576697714592525,0.04269673413170857,0.005275812965427084,0.02044961131731914,0.008964213180194691,0.028713495342811122,0.0007470177650162243,0.07479515372224946,0.08156500221770899,0.11048859630693092,0.008030440973924411,0.06300627961808716,0.024324765973340802,0.03195835375960034,0.09457480197279929,0.3505903452398745,0.3482588551785981,0.20657599760872813
1803300,111026,28013,56759,26254,29176,40572,41278,132,103,833,7392,12872,4853,12332,4738,1464,2220,1478,4481,3419,7960,8321,19116,2046,10544,4035,2687,8729,27064,27966,19254,0.2523102696665646,0.5112225965089259,0.23646713382450957,0.2627852935348477,0.3654279177850233,0.371786788680129,0.00118891070560049,0.0009277106263397763,0.00750274710428188,0.06657899951362743,0.11593680759461748,0.04371048222938771,0.1110730819807973,0.04267468881162971,0.013186100553023616,0.019995316412371875,0.013312197143011547,0.040359915695422695,0.030794588654909662,0.07169491830742349,0.07494640894925512,0.1721758867292346,0.018428115936807595,0.09496874605948157,0.03634283861437861,0.024201538378397853,0.10515220507631334,0.32602122559117247,0.3368869936034115,0.23193957572910268
1803400,64194,14393,32982,16819,15584,24532,24078,1179,1297,1107,2992,17123,2454,6214,2306,727,1259,412,1171,888,1424,5017,9045,746,4344,1502,2987,5139,18755,16610,9297,0.22421098545035362,0.5137863351715114,0.26200267937813504,0.2427641212574384,0.38215409539832385,0.3750817833442378,0.018366202448826995,0.020204380471695173,0.017244602299280307,0.04660871732560676,0.2667383244539988,0.03822787176371623,0.09680032401782097,0.0359223603452036,0.011325045954450571,0.019612424837212202,0.006418045300183818,0.01824158020998847,0.013833068511075802,0.02218275851325669,0.07815372153160731,0.1409010187868025,0.011621023771692059,0.06766987568931676,0.023397825341932268,0.04653082842633268,0.10319069898194816,0.376598863476637,0.333527439208048,0.1866829983333668
1803500,46658,11262,24122,11274,11954,19076,15628,180,91,164,2547,9036,1242,5107,795,377,1058,390,1826,181,1490,4095,8938,1736,4445,1174,1786,3858,12100,11751,7687,0.24137339791675597,0.5169960135453727,0.2416305885378713,0.25620472373440784,0.408847357366368,0.33494791889922415,0.00385785931673025,0.0019503622101247375,0.0035149384885764497,0.054588709331733036,0.19366453769985856,0.026619229285438726,0.10945604183634103,0.017038878648891937,0.008080072013373912,0.022675639761670023,0.008358695186248875,0.039135839513052426,0.0038792918684898625,0.031934502121822625,0.08776629945561319,0.19156414762741653,0.037206909854687296,0.09526769257147756,0.025161815765785075,0.038278537442667925,0.10899536670810261,0.3418465363317889,0.33198666515990505,0.2171714318002034
1803600,54320,13716,28069,12535,12864,22102,19354,35,89,196,2410,9132,1803,9246,4501,288,2209,550,1136,209,3288,2627,5948,555,5667,1314,3117,4753,13879,13598,8374,0.2525036818851252,0.5167341678939618,0.23076215022091312,0.23681885125184093,0.40688512518409425,0.3562960235640648,0.0006443298969072165,0.001638438880706922,0.0036082474226804126,0.04436671575846834,0.16811487481590576,0.03319219440353461,0.17021354933726068,0.08286082474226804,0.005301914580265096,0.04066642120765832,0.01012518409425626,0.020913107511045654,0.0038475699558173787,0.06053019145802651,0.04836156111929308,0.10949926362297496,0.010217231222385862,0.10432621502209131,0.0241899852724595,0.057382179675994106,0.1170574327652448,0.3418136144222244,0.33489311397891836,0.20623583883361246
1900100,59286,14299,28866,16121,16233,20290,22763,3566,113,326,3213,10592,3287,5833,1770,796,1926,400,1473,420,1776,6237,8990,520,4515,1414,2119,3989,13976,16311,10711,0.2411867894612556,0.486894039064872,0.2719191714738724,0.273808318996053,0.34223931450932765,0.3839523664946193,0.06014910771514354,0.0019060149107715143,0.0054987686806328645,0.054194919542556425,0.1786593799547954,0.0554431062982829,0.09838747765071011,0.029855277805890094,0.013426441318355093,0.03248659042607024,0.0067469554363593425,0.02484566339439328,0.00708430320817731,0.029956482137435483,0.10520190264143306,0.15163782343217624,0.008771042067267146,0.07615625948790608,0.02385048746753028,0.03574199642411362,0.08867006023962479,0.3106675261742281,0.3625714095183053,0.2380910040678418
1900200,53018,12048,25973,14997,13495,17817,21706,1078,134,307,2414,10598,2555,6073,1722,734,1883,311,1359,349,1397,4433,9284,825,3413,1829,2320,3132,12959,15658,9221,0.22724357765287262,0.48989022596099435,0.28286619638613303,0.2545361952544419,0.33605567920328944,0.4094081255422687,0.02033271719038817,0.002527443509751405,0.005790486249952846,0.04553170621298427,0.19989437549511488,0.048191180353842095,0.11454600324418122,0.032479535252178504,0.013844354747444264,0.03551623976762609,0.005865932324870799,0.025632803953374327,0.006582670036591346,0.026349541665094872,0.08361311252782073,0.1751103398845675,0.015560752951827682,0.06437436342374288,0.03449771775623373,0.04375872345241239,0.07644618013180376,0.31630461313155966,0.38218208445203805,0.2250671222845985
1900400,47065,10527,22734,13804,12723,15795,18547,1640,348,246,2431,7700,2569,5330,915,395,2395,206,1000,434,665,6511,7365,457,2758,1256,2444,2689,12355,12918,8576,0.22366939339211728,0.48303410177414213,0.2932965048337406,0.27032826941463933,0.33559970253904176,0.3940720280463189,0.03484542653776692,0.007394029533623712,0.005226813980665037,0.0516519706788484,0.1636035270370764,0.05458408583873366,0.11324763624774248,0.019441198342717517,0.008392648464888984,0.05088707107192181,0.004376925528524381,0.021247211303516412,0.009221289705726124,0.014129395516838415,0.13834059279719538,0.1564857112503984,0.009709975565707001,0.05859980877509827,0.026686497397216614,0.05192818442579412,0.07359461382670097,0.33814111336143193,0.35354972904920906,0.23471454376265805
1900500,77279,20690,40098,16491,18840,25018,33421,191,47,267,2609,15104,2592,9382,3092,641,2369,874,2892,864,4497,7925,11299,515,6406,2936,2777,5264,16796,19728,14801,0.267731207701963,0.5188731738247131,0.21339561847332392,0.24379197453383197,0.3237360731893529,0.4324719522768152,0.0024715640730340713,0.0006081859237308971,0.003455013651832969,0.033760788830083203,0.19544766366024405,0.03354080668745714,0.12140426247751653,0.040010869705870936,0.00829462078960649,0.030655158581244582,0.01130967015618732,0.037422844498505414,0.011180268895819046,0.05819174678761371,0.10255049884185873,0.14621048409011503,0.006664164908966213,0.08289444739191759,0.037992210044125826,0.03593473000427024,0.09302161197405856,0.2968067999081094,0.3486189895562742,0.2615525985615579
1900600,52328,11856,25951,14521,13012,16967,22349,2162,195,390,3533,7946,3638,6138,1975,959,1583,263,1050,686,943,5801,7424,306,3049,1209,3078,3492,12681,15258,9041,0.22657086072465984,0.49592952147989605,0.27749961779544413,0.24866228405442592,0.324243234979361,0.4270944809662131,0.04131631249044489,0.0037264944198134842,0.0074529888396269684,0.06751643479590276,0.151849870050451,0.06952300871426387,0.11729857819905214,0.03774269989298273,0.018326708454364776,0.030251490597767924,0.005025989909799725,0.02006573918361107,0.013109616266625898,0.01802094480966213,0.11085843143250268,0.14187433114202722,0.005847729704938083,0.05826708454364776,0.0231042654028436,0.058821281149671306,0.08628187388812018,0.3133277327535086,0.37700138367266256,0.22338900968570863
1900700,79154,19569,39588,19997,20131,25840,33183,670,281,152,3448,12934,4374,9115,2943,1096,5350,519,3135,826,2429,7591,12189,1622,5830,2261,2389,4800,20111,20375,14299,0.24722692472900928,0.5001389696035576,0.2526341056674331,0.2543270081107714,0.32645223235717713,0.41922075953205146,0.008464512216691512,0.003550041690881067,0.0019203072491598655,0.04356065391515274,0.16340298658311644,0.05525936781463982,0.11515526694797483,0.03718068575182556,0.013846425954468505,0.0675897617302979,0.006556838567855067,0.03960633701392223,0.010435353867145059,0.03068701518558759,0.0959016600550825,0.15399095434216842,0.020491699724587514,0.07365388988553959,0.028564570331253,0.030181671172650783,0.08055718721154653,0.3375178316690442,0.34194847696567926,0.23997650415372995
1900800,56458,13180,28957,14321,13938,18726,23794,566,207,559,2775,14039,1757,5835,2420,600,1465,405,1817,817,3801,5195,6726,494,3596,1296,2088,4464,14403,14869,9542,0.23344787275496828,0.5128945410747813,0.25365758617025047,0.2468737822806334,0.3316801870416947,0.4214460306776719,0.010025151440008501,0.0036664423110985157,0.009901165468135605,0.049151581706755466,0.24866272273194232,0.031120478940097063,0.10335116369690743,0.042863721704629994,0.010627369017676858,0.02594849268482766,0.007173474086931878,0.032183215841864746,0.014470934145736653,0.06732438272698289,0.09201530341138546,0.11913280668815757,0.00874986715788728,0.06369336497927663,0.02295511707818201,0.03698324418151546,0.10314709552197421,0.3328018854845418,0.3435694810296224,0.22048153796386155
1900900,92413,23467,47817,21129,24493,30225,37695,155,15,312,6040,11611,4101,12902,2906,712,2775,883,3111,2255,5950,7156,13836,1051,10133,3606,2903,7173,21318,23693,16762,0.25393613452652763,0.5174272018006124,0.22863666367285987,0.26503846861372315,0.3270643740599266,0.4078971573263502,0.0016772532003073162,0.00016231482583619188,0.003376148377392791,0.06535876987003993,0.12564249618560158,0.04437687338361486,0.13961239219590318,0.03144579225866491,0.0077045437330245745,0.030028242779695496,0.009554932747557162,0.0336640948784262,0.02440132881737418,0.06438488091502277,0.0774349929122526,0.14971919535130337,0.01137285879692251,0.10964907534654215,0.03902048413102053,0.03141332929349767,0.10403794273779479,0.3091985031763989,0.3436457517477446,0.24311780233806168
1901000,134812,32551,73192,29069,31103,37716,65993,168,110,1580,7027,19553,5228,14819,9134,4031,8736,1749,5402,1239,9166,11251,16300,1803,9349,4173,3994,8292,28491,35138,30340,0.24145476663798474,0.542919027979705,0.21562620538231017,0.23071388303711834,0.2797673797584785,0.48951873720440314,0.0012461798652938908,0.0008159511022757618,0.011720024923597305,0.052124439960834344,0.14503901729816338,0.038779930569978936,0.10992344895113194,0.0677536124380619,0.029900899029759963,0.06480135299528232,0.012973622526184612,0.04007061685903332,0.009190576506542444,0.06799098003145121,0.0834569622882236,0.12090911788268106,0.013374180340029077,0.06934842595614633,0.030954217725425035,0.02962644274990357,0.08108663126705196,0.27861061401707393,0.34361095627854216,0.2966917984373319
1901100,87652,24708,44346,18598,20786,25007,41859,130,104,91,3016,5235,1358,9498,4602,637,2623,755,2586,407,3625,19769,19875,580,8275,1817,2669,5152,15593,19859,22340,0.2818874640624287,0.5059325514534752,0.2121799844840962,0.23714233559987222,0.28529868114817686,0.4775589832519509,0.0014831378633687765,0.0011865102906950212,0.0010381965043581435,0.03440879843015562,0.05972482088258112,0.015493086295806143,0.10836033404828184,0.05250308036325469,0.007267375530507005,0.029925158581663853,0.008613608360334049,0.029503034728243508,0.004643362387623785,0.04135672888239857,0.22553963400721033,0.22674896180349563,0.006617076621183772,0.0944074293798202,0.020729703828777438,0.030449961210240496,0.08185053380782918,0.247728139298424,0.3155026690391459,0.3549186578546009
1901200,49463,11627,25091,12745,12060,16191,21212,1459,47,259,2123,13879,1781,5802,1040,314,1523,219,748,197,1468,5570,5992,265,3360,1145,2272,4087,11946,13098,8705,0.2350645937367325,0.5072680589531569,0.2576673473101106,0.24381861189171705,0.3273355841740291,0.42884580393425387,0.02949679558457837,0.0009502052038897762,0.005236237187392597,0.04292097123102117,0.2805935749954511,0.036006712087823224,0.11729979985039322,0.021025817277561004,0.006348179447263611,0.03079069203242828,0.004427551907486404,0.0151224147342458,0.003982775003537998,0.029678749772557265,0.1126094252269373,0.12114105492994763,0.005357539979378525,0.06792956351212016,0.02314861613731476,0.04593332389867173,0.10801881805687705,0.31573104979384714,0.3461782429432287,0.23007188920604715
1901300,56356,15848,27344,13164,14079,15241,27036,1505,95,171,2923,5135,1488,6082,1311,890,1029,775,2200,746,2165,11098,7930,688,4940,1293,3892,2830,10233,13415,14030,0.28121229327844416,0.48520122081056144,0.2335864859109944,0.2498225566044432,0.27044147916814537,0.47973596422741144,0.026705231031301013,0.001685712257789765,0.0030342820640215772,0.05186670452125772,0.09111718361842572,0.026403577258854425,0.10792107317765633,0.02326282915749876,0.015792462204556747,0.018258925402796507,0.013751863155653347,0.03903754702249982,0.013237277308538577,0.03841649513805096,0.19692668038895592,0.1407126126765562,0.012208105614309036,0.08765703740506778,0.022943431045496485,0.06906096955071332,0.06986274316184457,0.25261676705835884,0.3311691517724894,0.3463513380073072
1901490,389554,96002,210406,83146,86035,109778,193741,1117,270,859,21059,29052,19336,46348,11347,7143,50393,5353,21650,8668,21060,28502,51988,6749,30158,11457,17045,24837,76292,97491,94932,0.2464408015320084,0.5401202400694127,0.21343895839857888,0.22085513176607094,0.2818043198118874,0.4973405484220416,0.0028673816723740484,0.0006931003147188836,0.002205085816087115,0.054059257509870264,0.07457759386375189,0.04963625068668272,0.11897708661700303,0.02912818248561175,0.018336353881618465,0.12936075614677298,0.013741355498852534,0.05557637708764382,0.02225108714067883,0.05406182454807292,0.07316572285228749,0.13345518208001972,0.017324940829769427,0.07741673811589664,0.02941055668790463,0.04375516616438286,0.0846085191039407,0.25989262549735653,0.3321081103177631,0.3233907450809397
1901800,36837,8669,17897,10271,9726,13676,13435,1567,95,467,1284,6895,1664,3996,2428,326,1071,242,713,219,759,4113,5590,290,2269,867,1982,2470,9427,10259,6012,0.23533403914542445,0.485843038249586,0.27882292260498953,0.26402801531069303,0.3712571599207319,0.3647148247685751,0.0425387517984635,0.0025789287944186553,0.012677471020984337,0.03485625865298477,0.18717593723701714,0.04517197383065939,0.10847788907891522,0.0659119906615631,0.00884979775768928,0.02907402882970926,0.006569481771045416,0.019355539267584224,0.005945109536607216,0.020604283736460623,0.11165404348888346,0.1517495995873714,0.007872519477699052,0.06159567825827293,0.023536118576431307,0.05380459863723973,0.08768815677364385,0.334670548139733,0.36420761147401304,0.21343368361261006
1901900,51842,11672,25122,15048,12958,18127,20757,1686,112,286,1951,10286,3589,5720,2176,486,2313,201,1030,122,1063,5507,8168,574,2774,1075,2723,4203,12429,14488,9050,0.2251456348134717,0.48458778596504765,0.29026657922148064,0.24995177655183057,0.3496585779869604,0.40038964546120903,0.03252189344546892,0.002160410477990818,0.005516762470583697,0.037633578951429346,0.19841055514833533,0.06922958219204506,0.11033524941167393,0.04197368928667875,0.009374638324138729,0.04461633424636395,0.0038771652328228076,0.019868060645808417,0.00235330427066857,0.020504610161645,0.10622661162763783,0.15755564985918752,0.011072103699702943,0.0535087380888083,0.0207360827128583,0.05252497974615177,0.10463032113517551,0.3094100074682599,0.36066716455065967,0.2252925068459049
1902000,62813,16004,31514,15295,16984,20591,25238,468,48,412,3253,8733,2914,8649,2984,694,1647,543,1289,976,3579,5441,9519,899,6331,1965,2469,5299,13982,16231,11297,0.2547880215878879,0.5017114291627529,0.2435005492493592,0.27038988744368203,0.3278143059557735,0.4017958066005445,0.007450686959705794,0.0007641730215082865,0.006559151767946126,0.05178864247846783,0.1390317291006639,0.04639167051406556,0.13769442631302437,0.04750608950376514,0.011048668269307308,0.02622068680050308,0.008644707305812491,0.020521229681753777,0.015538184770668493,0.05697865091621161,0.08662219604222056,0.15154506232786208,0.01431232388199895,0.1007912374826867,0.03128333306799548,0.039307149793832485,0.11320472558695978,0.29870324082975497,0.34674955670917984,0.2413424768741054
1902100,69618,16840,34731,18047,17691,25992,25935,1226,96,511,3060,9132,3397,9046,3080,1220,2002,700,1520,439,2072,6859,11856,452,7626,1919,3405,5702,16906,18356,11814,0.24189146485104426,0.4988796001034215,0.2592289350455342,0.25411531500474016,0.3733517193829182,0.3725329656123416,0.017610388118015456,0.0013789537188658107,0.007340055732712804,0.043954149788847714,0.13117297250711024,0.04879485190611623,0.12993765980062627,0.04424143181361142,0.017524203510586343,0.028756930678847426,0.010054870866729869,0.021833433882042,0.0063058404435634464,0.02976241776552041,0.09852337039271453,0.1703007842799276,0.006492573759659858,0.10954063604240283,0.027564710276078024,0.048909764716021716,0.10803743984235856,0.32032286179847663,0.34779643033081964,0.22384326802834514
1902200,47795,11297,23898,12600,12396,16923,18476,965,87,285,2607,8714,1921,6118,1675,532,1897,258,1096,317,1488,5677,6843,261,3686,1417,1951,3716,11580,12664,8538,0.23636363636363636,0.500010461345329,0.2636259022910346,0.2593576733967988,0.3540746940056491,0.38656763259755206,0.02019039648498797,0.0018202740872476201,0.005962966837535307,0.05454545454545454,0.18232032639397427,0.04019248875405377,0.12800502144575793,0.03504550685218119,0.011130871430065907,0.039690344178261325,0.005398054189768804,0.022931268961188408,0.006632492938591903,0.031132963699131707,0.11877811486557172,0.14317397217282143,0.00546082226174286,0.07712103776545663,0.029647452662412387,0.04082016947379433,0.10181379801632966,0.3172776590498109,0.3469779165981698,0.23393062633568962
1902300,50564,11201,26234,13129,12478,18312,19774,303,55,354,2379,12650,1467,5893,2782,401,1156,360,845,206,2143,4545,7288,696,3398,1418,2225,3918,13062,14004,8379,0.22152124040819554,0.5188276243968041,0.2596511351950004,0.2467763626295388,0.3621548928091132,0.391068744561348,0.005992405664108852,0.0010877304010758642,0.007001028399651926,0.047049284075626925,0.2501779922474488,0.02901273633415078,0.11654536824618306,0.05501938137805553,0.00793054346966221,0.022862115338976346,0.007119689897951111,0.016711494343801914,0.004074044774938692,0.04238193180919231,0.08988608496163278,0.1441341666007436,0.013764733802705481,0.06720196187010521,0.0280436674313741,0.044003638952614506,0.09953509641033458,0.3318344638365978,0.3557655666488835,0.21286487310418414
2000100,47476,11017,22787,13672,14829,17802,14845,2147,1295,440,1691,2405,3468,5599,1239,938,1633,296,1234,484,785,5557,8228,429,3713,1210,4685,3546,11159,13418,8336,0.23205409048782544,0.47996882635436855,0.28797708315780607,0.3123472912629539,0.374968405088887,0.3126843036481591,0.04522284943971691,0.027276939927542338,0.009267840593141797,0.035617996461369955,0.05065717415115006,0.07304743449321763,0.11793327154772938,0.026097396579324292,0.019757351082652287,0.034396326565001266,0.006234729126295391,0.02599208020894768,0.010194624652455977,0.016534670149127982,0.11704861403656584,0.17330861909175163,0.009036144578313253,0.07820793664167158,0.025486561631139944,0.09868143904288483,0.09725993581831646,0.3060698318659316,0.3680298417400368,0.2286403905757152
2000200,65168,13629,32444,19095,18834,26086,20248,1211,87,643,2612,11210,3086,7085,2039,671,2089,382,2200,558,1601,6986,11334,535,4802,1618,4419,5239,16704,18263,11333,0.20913638595629758,0.49785170635894915,0.29301190768475327,0.28900687453965135,0.40028848514608395,0.31070464031426465,0.018582739995089616,0.0013350110483672968,0.009866805794254849,0.04008102136017677,0.17201694082985514,0.0473545298305917,0.10871900319175055,0.03128836238644734,0.010296464522465014,0.03205561011539406,0.005861772649152958,0.033758900073655784,0.008562484655045421,0.024567272280874047,0.10719985268843604,0.17391971519764302,0.008209550699729928,0.07368647188804321,0.024828136508715935,0.06780935428431131,0.10165117677875007,0.3241040765245736,0.35435301422223947,0.21989173247443683
2000300,49954,15363,23602,10989,15117,17683,17154,572,196,378,2783,3169,1186,5588,1080,746,1764,844,2101,171,1884,10739,5836,418,5554,1923,3022,3518,9739,11158,10176,0.30754293950434397,0.4724746767025664,0.21998238379308965,0.30261840893622133,0.3539856668134684,0.3433959242503103,0.011450534491732394,0.0039236097209432675,0.007566961604676303,0.05571125435400569,0.06343836329423069,0.023741842495095488,0.11186291388077031,0.02161989029907515,0.014933739039916724,0.03531248748848941,0.016895543900388357,0.0420586939984786,0.0034231492973535653,0.037714697521719985,0.2149777795571926,0.11682748128278016,0.008367698282419827,0.11118228770468831,0.038495415782519915,0.06049565600352324,0.10170275505189211,0.2815472232661675,0.32256945448237984,0.2941805671995606
2000400,31003,6895,15650,8458,8734,10571,11698,195,321,134,2384,3058,515,2869,505,270,1061,339,1662,90,1077,5467,4601,273,2514,947,2721,2364,7550,7876,6318,0.22239783246782568,0.5047898590458988,0.2728123084862755,0.28171467277360257,0.34096700319323936,0.37731832403315807,0.006289713898654969,0.01035383672547818,0.0043221623713834145,0.07689578427894075,0.09863561590813792,0.016611295681063124,0.0925394316679031,0.01628874625036287,0.00870883462890688,0.03422249459729704,0.010934425700738638,0.05360771538238235,0.0029029448763022935,0.034738573686417445,0.1763377737638293,0.14840499306518723,0.008805599458116957,0.08108892687804406,0.03054543108731413,0.08776570009353933,0.09805873568939771,0.313174050107848,0.3266965322714452,0.2620706819313091
2000500,93154,20575,51280,21299,18600,27547,47007,1,52,752,3972,11745,5894,7963,8460,575,1191,1148,5447,917,5798,7468,19452,1717,6031,1679,2892,9783,21284,23161,18351,0.2208708160680164,0.5504862915172725,0.2286428924147111,0.19966936470790303,0.29571462309723684,0.5046160121948601,1.0734912081070056e-05,0.0005582154282156429,0.008072653884964682,0.042639070786010265,0.12608154239216782,0.0632715718058269,0.08548210490156086,0.09081735620585267,0.006172574446615282,0.012785280288554437,0.012323679069068425,0.0584730661055886,0.00984391437834124,0.062241020246044186,0.08016832342143118,0.20881550980097474,0.018431844043197285,0.06474225476093351,0.018023917384116624,0.0310453657384546,0.13479105526391932,0.2932528692872594,0.31911434436958347,0.2528417310792378
2000600,351212,82611,191945,76656,80530,106535,164147,150,288,1547,14696,18625,21770,39629,14298,7372,28299,5486,36107,14806,29953,23044,45022,5859,26114,8851,9296,27241,67634,84072,89654,0.23521690602826784,0.5465217589376217,0.21826133503411047,0.22929170985046068,0.30333530744963155,0.46737298269990774,0.00042709246836668453,0.0008200175392640343,0.00440474699042174,0.04184367276744531,0.05303064815552999,0.06198535357561814,0.1128349828593556,0.04071045408471237,0.02099017117866132,0.0805752650820587,0.015620195209730875,0.10280685170210585,0.0421568739109142,0.08528467136658201,0.06561279227361252,0.12819038073869912,0.016682231814402697,0.07435395145951733,0.025201302916756832,0.02646834390624466,0.10141808854025115,0.25180099850707927,0.31299957930164074,0.33378133365102886
2000700,51551,15221,24880,11450,16423,16963,18165,84,48,182,1855,4350,1110,5602,920,785,835,749,4182,161,1492,10603,6514,386,6518,2841,2334,3602,10115,11257,11356,0.2952610036662722,0.48262885298054353,0.22211014335318421,0.3185777191519078,0.3290527826812283,0.35236949816686386,0.0016294543267831856,0.0009311167581618204,0.003530484374696902,0.03598378304979535,0.08438245620841497,0.021532075032492094,0.10866908498380244,0.01784640453143489,0.01522763864910477,0.016197551938856667,0.014529301080483404,0.0811235475548486,0.003123120793001106,0.02894221256619658,0.2056798122247871,0.12636030338887702,0.007487730596884639,0.1264378964520572,0.05511047312370274,0.04527555236561851,0.09914671070740434,0.27842003853564545,0.3098541150564272,0.312579135700523
2000800,116847,25353,61154,30340,29231,41422,46194,245,164,245,5458,8110,3455,10429,2750,1949,6956,1089,5179,2282,7617,9965,22315,1462,8802,3521,14854,9430,27076,30801,24187,0.2169760455980898,0.5233681652074935,0.2596557891944166,0.25016474535075783,0.3544977620306897,0.39533749261855244,0.0020967590096450913,0.001403544806456306,0.0020967590096450913,0.046710655814869016,0.06940700231927222,0.029568581136015473,0.08925346821056596,0.02353505010826123,0.016679931876727686,0.059530839473841864,0.009319879842871448,0.04432291800388542,0.019529812489837137,0.06518780969986393,0.08528246339229933,0.19097623387849066,0.012512088457555607,0.07532927674651467,0.03013342233861374,0.1271235033847681,0.10306686777275012,0.2959319736813343,0.33664502590333795,0.2643561326425777
2000990,82914,18020,41143,23751,24240,31835,26839,1781,1690,1370,3031,13051,2767,8041,1892,1168,2857,503,1793,264,2255,12703,13092,804,5934,1490,6428,7158,19995,22960,14781,0.21733362278987867,0.4962129435318523,0.28645343367826903,0.2923511107894927,0.3839520466989893,0.323696842511518,0.021480087801818752,0.020382565067419253,0.0165231444629375,0.036555949538075595,0.15740405721591047,0.03337192753937815,0.09698000337699303,0.02281882432399836,0.014086885206358396,0.03445738958438865,0.006066526762669754,0.021624816074486818,0.0031840219986974455,0.027196854572207347,0.15320693730853654,0.1578985454808597,0.009696794268760403,0.07156813083435849,0.01797042718961816,0.0775261113925272,0.11030295558911456,0.3081178537306993,0.35380774801984777,0.22777144266033839
2001000,45699,10272,22476,12951,12659,16099,16941,684,330,602,2384,7803,1550,4347,1056,638,1487,291,1226,1053,2061,5637,6635,751,3623,891,2650,3918,10923,12411,8175,0.22477515919385543,0.49182695463795706,0.2833978861681875,0.2770082496334712,0.3522834197684851,0.3707083305980437,0.014967504759403926,0.007221164576905402,0.013173154773627432,0.05216744348891661,0.1707477187684632,0.03391759119455568,0.0951224315630539,0.02310772664609729,0.013960918182017112,0.03253900522987374,0.006367754217816582,0.026827720519048557,0.02304207969539815,0.0450994551303092,0.1233506203636841,0.14518917262959802,0.01643361999168472,0.07927963412766144,0.01949714435764459,0.057988139784240354,0.11059361503937674,0.3083241595393344,0.3503260225251926,0.2307562028960962
2001200,63979,16182,32671,15126,14914,25872,23193,4401,1100,912,2345,13422,3356,6510,1899,994,1560,323,1092,176,1431,7328,6665,885,4621,1145,3814,10835,12903,14806,9253,0.2529267415870833,0.5106519326654059,0.2364213257475109,0.23310773847668767,0.4043826880695228,0.36250957345378954,0.06878819612685412,0.017193141499554542,0.014254677315994311,0.03665265165132309,0.20978758655183732,0.05245471170227731,0.10175213742009097,0.029681614279685523,0.015536347864142921,0.02438300067209553,0.005048531549414652,0.017068100470466873,0.0027509026399287267,0.022366714078056862,0.11453758264430516,0.10417480735866456,0.013832663842823426,0.07222682442676504,0.01789649728817268,0.059613310617546385,0.22668786743937905,0.26995418122476306,0.3097683955059941,0.19358955582986379
2001300,288068,69972,149579,68517,72668,100659,114741,545,669,565,15870,52588,9420,32972,8009,4599,7125,3710,12317,3758,19428,25499,39596,6438,25934,7628,11398,27096,62989,72176,55835,0.24290098171265118,0.5192489273366011,0.23785009095074774,0.25225988308316094,0.3494279128539095,0.3983122040629296,0.001891914409097852,0.002322368329699932,0.001961342460807865,0.055091159031895244,0.18255411916630795,0.03270061235541608,0.11445908604912729,0.02780246330727467,0.01596498049071747,0.0247337434216921,0.012878903592207395,0.042757265645611456,0.013045530916311426,0.06744240943110655,0.08851729452768096,0.13745365677548357,0.022348889845453156,0.09002735465237374,0.026479858922198927,0.03956704666953636,0.12423886728779987,0.28881318318538624,0.33093683515516104,0.25601111437165286
2001400,34861,7626,17712,9523,10119,13875,10867,365,421,393,1973,4984,1058,3803,2423,329,934,304,717,51,870,5131,5527,153,2257,714,2454,2735,8959,9383,6158,0.21875448208599868,0.5080749261352228,0.27317059177877856,0.29026706061214536,0.39800923668282606,0.3117237027050285,0.010470152892917587,0.01207653251484467,0.011273342703881127,0.05659619632253808,0.14296778635151028,0.030349100714265224,0.10909038753908379,0.06950460399873784,0.009437480278821606,0.0267921172657124,0.00872034651903273,0.02056739623074496,0.0014629528699693067,0.024956254840652878,0.14718453285906888,0.15854393161412467,0.00438885860990792,0.06474283583373971,0.020481340179570293,0.07039384986087605,0.10042225078024601,0.32895171654121536,0.34451991922158987,0.22610611345694878
2001500,52903,11971,27063,13869,16547,21011,15345,337,350,271,1663,9948,1787,5035,1687,587,1157,328,899,460,1859,7151,10808,341,4239,816,3180,4672,13692,14303,8265,0.2262820633990511,0.5115588908001436,0.26215904580080523,0.3127799935731433,0.3971608415401773,0.2900591648866794,0.0063701491408804795,0.006615881897056878,0.005122582840292611,0.03143489027087311,0.18804226603406235,0.03377880271440183,0.09517418671908966,0.03188855074381415,0.011095779067349678,0.02187021529969945,0.006200026463527588,0.01699336521558324,0.008695159064703325,0.03513978413322496,0.13517191841672496,0.20429843298111638,0.0064457592197039865,0.08012778103321172,0.015424456079995463,0.060110012664688205,0.11414052575002442,0.33450600996775137,0.3494332062933646,0.20192025798885957
2100100,82916,20591,43644,18681,21521,32199,29196,606,54,640,4942,10257,3293,11315,5264,1282,2444,1009,3418,408,3134,7927,12577,885,8677,1941,2843,6860,21105,20653,13707,0.24833566501037194,0.5263640310675864,0.2253003039220416,0.259551835592648,0.3883327705147378,0.3521153938926142,0.007308601476192773,0.0006512615176805441,0.007718655024362005,0.059602489266245354,0.1237035071638767,0.039714892180037625,0.13646340875102514,0.06348593757537749,0.015461430845675141,0.029475613874282405,0.012168942061845723,0.041222441989483334,0.004920642578030778,0.03779728882242269,0.09560277871580877,0.15168363162718895,0.010673452650875584,0.104648077572483,0.02340923344107289,0.03428771286603309,0.11006819093461692,0.3386281588447653,0.3313758523866827,0.219927797833935
2100200,34447,7931,18348,8168,8454,13242,12751,294,2102,310,1837,4420,669,4753,1386,227,828,295,762,32,846,3590,5816,210,3038,1005,2027,3114,9471,8835,5096,0.23023775655354603,0.5326443521932244,0.2371178912532296,0.2454205010595988,0.3844166400557378,0.3701628588846634,0.008534850640113799,0.06102127906639185,0.008999332307602984,0.0533283014486022,0.1283130606438877,0.019421139721891603,0.1379800853485064,0.04023572444625076,0.006589833657502831,0.02403692629256539,0.008563880744331872,0.022120939414172498,0.0009289633349783726,0.024559468168490726,0.10421807414288617,0.1688390861323192,0.00609632188579557,0.08819345661450925,0.029175254739164512,0.05884402125003629,0.11743852768139991,0.3571805702217529,0.33319505204404887,0.1921858500527983
2100300,35176,8324,19287,7565,8448,12997,13731,364,42,332,1025,6865,1217,4101,1582,326,862,272,1620,47,2647,3043,5033,298,2958,612,1930,3387,9086,8913,5466,0.2366386172390266,0.5482999772572208,0.21506140550375255,0.2401637480100068,0.36948487605185354,0.3903513759381396,0.010347964521264498,0.0011939959062997499,0.009438253354559927,0.0291391858085058,0.19516147373209006,0.03459745280873323,0.11658517170798272,0.044973845803957246,0.00926768251080282,0.02450534455310439,0.007732544916988856,0.04605412781441892,0.0013361382760973392,0.07525017057084375,0.08650784625881283,0.14308050943825334,0.00847168523993632,0.0840914259722538,0.017398226063224925,0.05486695474186946,0.12613585580217487,0.3383733055265902,0.3319305824519589,0.20356025621927604
2100400,52858,13028,28319,11511,12569,22253,18036,471,56,395,1983,14945,1921,6504,1488,584,1332,383,791,62,2228,4943,5952,793,4706,1301,2020,4631,14779,12695,7725,0.24647167883764048,0.5357561769268606,0.21777214423549887,0.2377880358696886,0.42099587574255554,0.34121608838775586,0.00891066631351924,0.0010594422793143894,0.007472851791592568,0.03751560785500776,0.2827386582920277,0.03634265390290968,0.12304665329751409,0.02815089485035378,0.011048469484278633,0.025199591357977977,0.0072458284460252,0.014964622195315752,0.001172953952098074,0.04215066782700821,0.09351469976162549,0.11260357940141512,0.01500245941957698,0.08903098868666995,0.024613114381928942,0.03821559650384048,0.116269143861411,0.37105197087622394,0.3187296008034145,0.19394928445895054
2100500,65235,18867,33767,12601,17342,23491,24402,90,47,351,2969,10992,2676,7208,1410,511,1625,805,2235,2373,4291,6518,9147,818,7706,1466,1997,5185,15022,14884,11277,0.28921591170384,0.5176209090212309,0.1931631792749291,0.2658388901663218,0.36009810684448534,0.3740630029891929,0.0013796275005748448,0.0007204721391890856,0.005380547252241894,0.04551237832451905,0.16849850540354105,0.04102092435042538,0.11049283360159423,0.02161416417567257,0.007833218364374952,0.024909940982601363,0.012340001532919444,0.03426074959760864,0.036376178431823405,0.06577757338851843,0.09991568943052043,0.14021614164175672,0.012539281060780255,0.11812677243810837,0.02247259906491914,0.030612401318310722,0.1118228088336784,0.3239734299516908,0.32099723947550035,0.24320652173913043
2100600,32845,8267,16869,7709,8952,15705,8188,62,44,196,872,6621,906,4123,1965,336,990,263,343,57,1090,4553,5838,419,2428,412,1327,2805,8768,7901,5104,0.25169736641802404,0.5135941543613944,0.23470847922058152,0.272552899984777,0.47815497031511645,0.24929212970010656,0.0018876541330491703,0.0013396255137768306,0.0059674227431877,0.02654894200030446,0.201583193789009,0.027584107170041103,0.12552899984776983,0.05982645760389709,0.010229867559750342,0.030141574059978686,0.008007307048256964,0.010442989800578475,0.001735423961029076,0.033186177500380575,0.13862079464149796,0.1777439488506622,0.012756888415283909,0.07392297153295783,0.012543766174455778,0.04040188765413305,0.11412645455285214,0.356741801611197,0.32146635202213364,0.20766539181381724
2100700,33097,7931,18207,6959,8427,15307,9363,233,41,338,1055,5163,1283,4244,878,321,1038,219,945,171,1977,3631,6124,305,2763,657,1711,2902,8712,8321,5231,0.23962896939299635,0.5501102818986615,0.21026074870834213,0.25461522192343716,0.46248904734568086,0.282895730730882,0.007039912983049824,0.0012387829712662778,0.01021240595824395,0.03187600084599813,0.1559960117231169,0.03876484273499109,0.12822914463546545,0.02652808411638517,0.009698764238450615,0.03136235912620479,0.006616913919690606,0.028552436776747136,0.00516663141674472,0.059733510590083694,0.10970782850409402,0.185031876000846,0.009215336737468653,0.08348188657582258,0.01985074175907182,0.05169652838625857,0.11531431296193277,0.3461813557975046,0.3306445203846459,0.2078598108559167
2100800,37336,9966,20672,6698,8889,17566,10881,31,299,265,895,4502,836,4923,2423,1313,719,246,954,57,5946,3250,5312,175,2931,557,1702,3147,9904,8986,5333,0.2669273623312621,0.5536747375187486,0.1793979001499893,0.23808120848510822,0.47048425112491965,0.29143454038997213,0.0008302978358688665,0.008008356545961003,0.007097707306620956,0.023971502035568887,0.12058067280908506,0.022391257767302334,0.13185665309620742,0.0648971502035569,0.03516713091922006,0.01925755303192629,0.006588815084636812,0.02555174630383544,0.001526676665952432,0.15925648167988002,0.08704735376044569,0.14227555174630382,0.004687165202485537,0.07850332119134347,0.014918577244482537,0.045586029569316476,0.11497990500548046,0.3618560467665327,0.32831567409572526,0.1948483741322616
2100900,32362,7743,17876,6743,8415,13791,10156,27,1170,374,537,2678,673,4641,357,285,817,338,1260,178,621,5866,6847,251,3146,701,1595,2618,8258,8091,5652,0.23926209752178482,0.5523762437426611,0.20836165873555404,0.26002719238613187,0.4261479513009085,0.31382485631295964,0.0008343118472282306,0.03615351337988999,0.011556764106050306,0.01659353562820592,0.08275137506952598,0.020795995303133304,0.14340893640689698,0.011031456646684383,0.008806625054075768,0.025245658488350534,0.010444348309745999,0.038934552870650764,0.005500278103949076,0.019189172486249306,0.18126197392002966,0.21157530436932204,0.007756010135343922,0.09721278042148199,0.021661207589147767,0.049286199864038066,0.1063406312197896,0.3354319834274341,0.32864860473617935,0.22957878061659695
2101000,26199,5908,14972,5319,6522,11821,7856,30,1019,125,416,258,450,3605,609,268,594,160,533,156,1113,4457,8119,45,1829,628,1785,1899,6681,6817,4894,0.2255047902591702,0.5714721935951754,0.2030230161456544,0.2489407992671476,0.4512004274972327,0.29985877323561966,0.0011450818733539448,0.03889461429825566,0.004771174472308104,0.01587846864384137,0.009847704110843925,0.017176228100309172,0.1376006717813657,0.023245162029085078,0.010229398068628574,0.022672621092408106,0.006107103324554372,0.02034428794992175,0.005954425741440513,0.042482537501431356,0.17012099698461774,0.30989732432535594,0.0017176228100309172,0.06981182487881217,0.023970380548875913,0.06813237146455972,0.09358829037504313,0.3292592775121975,0.33596175644374354,0.2411906756690158
2101100,40069,9421,22881,7767,9858,16528,13683,22,2473,536,1421,969,1074,6725,872,749,1179,359,1368,107,1082,5954,8365,321,3473,946,2074,3092,10226,10200,7130,0.23511941900222116,0.5710399560757693,0.19384062492200954,0.24602560582994334,0.41248845741096607,0.34148593675909056,0.0005490528837754873,0.061718535526217276,0.013376924804711872,0.03546382490204397,0.024183283835383963,0.02680376350794879,0.16783548379046145,0.021762459756919313,0.01869275499762909,0.029424243180513614,0.008959544785245452,0.0341411065911303,0.00267039357108987,0.027003419102048967,0.14859367590905687,0.2087648805809978,0.00801118071326961,0.08667548478873942,0.023609274002345953,0.05176071277047094,0.10088749673714435,0.3336596188984599,0.3328112764291308,0.23264160793526495
2101290,90262,22008,48261,19993,21930,34731,33601,301,213,508,3808,21165,2586,11570,1625,1398,2477,1038,2313,863,4926,9014,11982,508,7664,2515,3788,7421,24157,22740,13936,0.2438235359287408,0.5346768296736168,0.22149963439764242,0.24295938490173052,0.3847798630652988,0.3722607520329707,0.0033347366555139483,0.002359797035297246,0.005628060534887328,0.04218829629301367,0.23448405752143758,0.02864993020318628,0.1281824023398551,0.018003146396047064,0.015488245330260796,0.027442334537236046,0.011499855974828832,0.025625401608650372,0.009561055593716072,0.05457446101349405,0.09986483791628814,0.13274689237996057,0.005628060534887328,0.08490837783341827,0.02786333119142053,0.04196671910660078,0.1087262284994286,0.35392797491722094,0.3331672868989363,0.2041785096844141
2101400,36695,8393,19836,8466,8246,14335,14114,597,955,835,1480,9441,1384,3845,711,264,744,242,608,73,1648,3429,5327,368,2248,855,1641,3378,10072,9357,5495,0.2287232592996321,0.5405641095517101,0.23071263114865787,0.22471726393241587,0.39065267747649546,0.38463005859108873,0.016269246491347596,0.026025344052323204,0.022755143752554843,0.04033247036380978,0.2572830085842758,0.037716310123995095,0.10478266793841123,0.019375936776127537,0.007194440659490394,0.020275241858563837,0.0065949039378661945,0.016569014852159693,0.0019893718490257527,0.04491075078348549,0.09344597356588091,0.1451696416405505,0.010028614252622973,0.06126175228232729,0.02330017713584957,0.044719989099332336,0.11935552257790968,0.355875909829694,0.3306126775492898,0.1941558900431065
2101500,50360,12132,27219,11009,11915,18142,20303,196,134,567,2439,8731,1746,5761,1668,510,3670,552,1107,100,2001,4419,8905,333,4786,1422,1313,3963,12749,13040,8476,0.2409054805401112,0.5404884829229547,0.21860603653693408,0.23659650516282765,0.3602462271644162,0.40315726767275617,0.003891977760127085,0.0026608419380460685,0.011258935663224782,0.048431294678316125,0.1733717235901509,0.0346703733121525,0.11439634630659254,0.03312152501985703,0.010127084988085783,0.07287529785544082,0.01096108022239873,0.021981731532962668,0.0019857029388403494,0.03973391580619539,0.08774821286735504,0.1768268467037331,0.0066123907863383635,0.09503574265289913,0.028236695790309768,0.02607227958697379,0.10366746887098462,0.3334990059642147,0.34111122737260646,0.2217222977921942
2101690,63633,16211,33995,13427,15143,23827,24663,416,126,354,3301,9669,2950,6610,6614,517,2633,617,1966,221,3634,7141,4935,1009,4994,2484,3442,5566,15596,15219,11041,0.2547577514811497,0.5342353810129964,0.21100686750585387,0.2379740071975233,0.3744440777583958,0.3875819150440809,0.006537488410101677,0.001980104662675027,0.0055631511951346,0.05187559913881162,0.15194946018575267,0.04635959329278833,0.10387691920858674,0.10393977967406849,0.008124715163515785,0.04137790140335989,0.009696226800559458,0.0308959187842786,0.003473040717866516,0.057108732890167054,0.11222164600128864,0.07755409928810522,0.015856552417770654,0.07848129115396099,0.03903634906416482,0.0540914305470432,0.11737168402850998,0.32887689258150227,0.32092699590907175,0.23282442748091603
2101700,487310,117049,264399,105862,107860,153339,226111,139,182,2215,19728,53093,24457,51814,38277,8717,32483,8054,26718,8741,38248,34722,63693,7471,43994,13375,11189,39445,106874,121326,102616,0.24019412694178244,0.5425683856272188,0.21723748743099874,0.22133754694137203,0.3146641768073711,0.4639982762512569,0.0002852393753462888,0.0003734788943383062,0.004545361269007408,0.04048347048080277,0.10895118097309721,0.05018776548808766,0.10632656830354395,0.07854753647575466,0.017887997373335247,0.06665777431203956,0.01652746711538856,0.054827522521598164,0.017937247337423818,0.07848802610248097,0.07125238554513554,0.130703248445548,0.015331103404403768,0.09027928833801892,0.027446594570191458,0.02296074367445774,0.10653295918284669,0.28864503687939047,0.327676963007176,0.2771450409305868
2101900,202675,52341,108554,41780,46674,66526,89475,1742,218,278,9809,12496,7188,23075,8651,2842,5544,2675,11963,2493,14847,23492,38324,3653,21127,5763,6495,15098,41408,48468,45360,0.25825089428888615,0.5356062661897126,0.20614283952140125,0.23028987294930306,0.3282397927716788,0.4414703342790181,0.00859504132231405,0.001075613667201184,0.0013716541260638954,0.048397681016405576,0.061655359565807324,0.03546564697175281,0.11385222647095103,0.042684100160355246,0.014022449734797089,0.02735413839891452,0.01319847045762921,0.05902553348957691,0.012300481065745652,0.07325521154557789,0.11590970766004688,0.1890909090909091,0.018023929937091402,0.10424077957320833,0.028434686073763413,0.03204637967188849,0.10042970984607608,0.2754400202216398,0.32240211795069645,0.30172815198158764
2102000,55123,11279,30921,12923,11715,19452,23956,1113,88,579,1545,8560,1141,5471,528,677,1408,276,1594,163,2643,5108,4722,794,4487,1189,13037,4245,13400,14315,11884,0.20461513342887724,0.5609455218329916,0.23443934473813108,0.2125247174500662,0.3528835513306605,0.43459173121927325,0.020191208751337918,0.001596429802441812,0.010503782450156922,0.028028227781506813,0.15528908078297626,0.020699163688478493,0.09925076646771765,0.009578578814650872,0.01228162473014894,0.02554287683906899,0.005006984380385683,0.028917148921502822,0.002957023384068356,0.04794731781651942,0.09266549353264518,0.08566297189920723,0.014404150717486349,0.08139977867677739,0.02156994358071948,0.23650744698220344,0.09682054557065961,0.305629048444485,0.3264984946628957,0.27105191132195966
2102100,39698,9885,21022,8791,10064,15996,13638,199,49,235,2224,5494,2311,5767,589,477,822,294,1546,103,1778,5786,5326,421,3753,813,1711,3330,9839,9552,7092,0.2490049876568089,0.52954808806489,0.22144692427830118,0.2535140309335483,0.4029422137135372,0.3435437553529145,0.005012846994810822,0.0012343191092750265,0.005919693687339413,0.05602297344954406,0.1383948813542244,0.05821451962315482,0.14527180210589954,0.014837019497203889,0.01201571867600383,0.020706332812736157,0.007405914655650159,0.038944027406922266,0.0025945891480679125,0.04478815053655096,0.1457504156380674,0.1341629301224243,0.010605068265403798,0.0945387676961056,0.02047962113960401,0.043100408081011635,0.11169623989534767,0.3300238151142119,0.32039714218629456,0.23788280280414584
2102200,37331,9954,19812,7565,9849,13124,14358,28,129,205,1721,5847,655,5111,379,446,666,251,1650,47,1856,7055,4422,295,4219,796,1553,2745,8719,8646,7267,0.266641665104069,0.5307117409123785,0.20264659398355253,0.26382898931183196,0.35155768664112935,0.38461332404703863,0.0007500468779298706,0.003455573116176904,0.0054914146419865525,0.04610109560418955,0.15662586054485547,0.017545739465859474,0.13691034261069887,0.010152420240550748,0.01194717526988294,0.01784040073933192,0.00672363451287134,0.044199191020867376,0.0012590072593822827,0.04971739305135142,0.1889850258498299,0.11845383193592457,0.007902279606761136,0.113015992070933,0.02132276124400632,0.04160081433661032,0.10026664718559375,0.31847901523176386,0.3158125433758264,0.26544179420681596
2102300,54479,13141,30326,11012,11167,18405,24907,1348,78,301,1678,15664,1903,5532,1522,363,1528,309,1338,830,4951,4069,5441,657,4149,973,1845,4556,13657,13663,9462,0.2412122102094385,0.5566548578351291,0.20213293195543236,0.20497806494245488,0.33783659758806145,0.45718533746948364,0.02474347913875071,0.0014317443418564951,0.0055250647038308336,0.030800859046605115,0.28752363295948896,0.034930890801960386,0.10154371409166835,0.027937370362892122,0.006663117898639843,0.02804750454303493,0.005671910277354577,0.024559922171846032,0.015235228253088345,0.0908790543145065,0.07468932983351383,0.09987334569283578,0.012059692725637401,0.07615778556875126,0.017860092879825255,0.03386626039391325,0.11021336300740239,0.3303739900333833,0.33051913493637813,0.22889351202283614
2102400,65697,15950,35477,14270,14727,20179,30791,25,3,407,2686,6382,2030,6054,1381,357,4875,845,3647,2599,3933,4945,10870,701,6606,1663,5688,4294,15612,15880,13961,0.2427812533296802,0.5400094372650197,0.2172093094053001,0.2241654870085392,0.3071525336012299,0.46868197939023093,0.00038053487982708497,4.566418557925019e-05,0.006195107843584943,0.04088466748862201,0.09714294412225824,0.030899432241959297,0.09215032649892689,0.02102074676164817,0.005434038083930773,0.07420430156628156,0.01286207893815547,0.05551242826917515,0.03956040610682375,0.059865747294397004,0.0752697992297974,0.16545656574881654,0.010670198030351461,0.10055253664550892,0.025313180206097692,0.08657929585825837,0.08631676281986854,0.31382796952580055,0.31921522905903876,0.2806400385952922
2102500,91048,24661,48281,18106,20799,31959,38290,43,30,349,2630,12752,9185,9949,15297,955,4221,890,2783,1829,7464,3533,5523,1343,7883,2764,1625,7172,21207,22050,15958,0.2708571303048941,0.5302807310429664,0.19886213865213953,0.22843994376592566,0.35101265266672527,0.4205474035673491,0.0004722783586679554,0.00032949652930322465,0.003833142957560847,0.028885862402249364,0.14005799138915737,0.10088085405500395,0.10927203233459275,0.16801028029171425,0.010488972849485986,0.04636016167296371,0.009775063702662332,0.03056629470169581,0.020088305069853263,0.0819787364906423,0.03880370793427643,0.060660311044723664,0.014750461295141024,0.086580704683244,0.03035761356647043,0.017847728670591336,0.1080331992709416,0.31944507207736456,0.3321433413168241,0.24037838733486977
2102600,48310,12764,24872,10674,13136,15219,19955,20,139,266,1868,6852,3121,6299,1227,530,721,693,2286,350,1832,6440,5437,914,5875,1521,1919,3461,11626,11532,8927,0.2642103084247568,0.5148416476919893,0.22094804388325398,0.27191057752018216,0.3150279445249431,0.41306147795487475,0.00041399296211964395,0.0028772510867315255,0.005506106396191265,0.03866694266197475,0.14183398882219003,0.06460360173877044,0.13038708341958186,0.025398468226040156,0.010970813496170566,0.014924446284413166,0.014344856137445664,0.047319395570275306,0.007244876837093769,0.03792175533015939,0.13330573380252536,0.11254398675222521,0.018919478368867728,0.12161043262264541,0.03148416476919892,0.03972262471537984,0.09736679232543746,0.3270691498340179,0.3244246891352051,0.25113936870533954
2102700,41719,10085,22765,8869,9907,18036,13776,46,130,688,1661,8652,879,5153,991,513,1195,342,556,42,1370,5601,6688,218,3657,756,2581,3430,11117,10256,6831,0.24173637910784054,0.5456746326613773,0.21258898823078215,0.23746973800906063,0.43232100481794866,0.3302092571729907,0.0011026151154150388,0.003116086195738153,0.01649128694359884,0.03981399362400825,0.20738752127328075,0.021069536661952586,0.12351686282029771,0.02375416476905007,0.012296555526259018,0.028644023106977636,0.00819770368417268,0.013327260960233947,0.0010067355401615571,0.032838754524317455,0.13425537524868764,0.1603106498238213,0.005225436851314749,0.08765790167549557,0.018121239722908026,0.061866295932309016,0.10842764114560283,0.3514256812290573,0.3242081304925081,0.21593854713283175
2102800,41617,9533,23453,8631,10823,16302,14492,12,140,455,2246,3162,972,5971,1151,382,1121,368,1355,167,1667,4363,9962,406,4346,1201,2170,3151,10678,11085,7170,0.22906504553427687,0.5635437441430184,0.20739121032270466,0.2600619938967249,0.39171492418963405,0.34822308191364104,0.00028834370569719105,0.0033640098998005625,0.010933032174351827,0.053968330249657595,0.07597856645120984,0.023355840161472474,0.14347502222649397,0.027656967104788908,0.009178941298027248,0.026936107840545932,0.008842540308047193,0.032558810101641154,0.004012783237619242,0.04005574644976812,0.10483696566307038,0.23937333301295144,0.009755628709421631,0.10442847874666603,0.02885839921186054,0.052142153446908715,0.09821094626605162,0.33281386360802895,0.3454993142999626,0.22347587582595688
2200100,113605,24217,62273,27115,29509,42944,41152,179,1412,940,5228,6854,4986,14054,3262,1791,2816,2223,4358,938,8054,7983,28951,2299,10603,3008,3666,13100,27320,29733,19235,0.21316843448791867,0.5481536904185556,0.2386778750935258,0.2597508912459839,0.3780115311826064,0.36223757757140973,0.0015756348752255622,0.012429030412393821,0.008274283702301835,0.04601910127195106,0.060331851591039126,0.04388891334008186,0.12370934377888297,0.028713524932881474,0.015765151181726157,0.02478764138902337,0.019567800712996786,0.03836098763258659,0.008256678843360768,0.07089476695567977,0.07026979446327186,0.254839135601426,0.02023678535275736,0.0933321596760706,0.02647770784736587,0.032269706438977155,0.14655210990289524,0.30563386584328994,0.332628540743724,0.21518548351009084
2200200,54569,13029,29354,12186,15471,21210,17888,145,1417,353,3337,3295,2516,8724,1596,676,1320,751,1825,351,2667,4960,6785,1785,8567,1209,2290,6462,13434,13664,7980,0.238761934431637,0.5379244626069747,0.22331360296138833,0.2835126170536385,0.3886822188421998,0.3278051641041617,0.002657186314574209,0.025967124191390717,0.006468874269273763,0.06115193608092507,0.0603822683208415,0.046106763913577306,0.1598709890230717,0.029247374883175428,0.012387985852773552,0.024189558174054868,0.013762392567208489,0.03344389671791677,0.006432223423555499,0.04887390276530631,0.09089409738129707,0.12433799409921384,0.03271087980355147,0.15699389763418792,0.02215543623669116,0.04196521834741337,0.15556090515166104,0.3233991333654309,0.3289359653346172,0.1921039961482908
2200300,55467,13016,29295,13156,15500,21067,18900,884,1692,527,2501,7564,877,6183,1432,550,1526,874,1318,451,1881,9361,9055,451,4751,891,2698,6302,13903,13329,8917,0.2346620513097878,0.5281518740872951,0.23718607460291705,0.27944543602502386,0.3798114194025276,0.3407431445724485,0.015937404222330396,0.03050462437124777,0.009501144824850812,0.04508987325797321,0.13636937278021166,0.01581120305767393,0.11147168586727244,0.025817152541150593,0.00991580579443633,0.027511853895108802,0.015757116844249734,0.023761876431031063,0.008130960751437792,0.03391205581697226,0.16876701462130636,0.16325022085203814,0.008130960751437792,0.08565453332612184,0.016063605386986857,0.048641534606162225,0.14845351110692329,0.3275070080799039,0.3139855362653412,0.2100539445478316
2200400,74059,17714,39983,16362,21045,28998,24016,164,154,587,3698,5245,2378,9445,1396,2067,3569,913,2723,1674,5320,6220,15222,998,7630,1853,2803,8283,17698,18052,12312,0.23918767469179977,0.5398803656544107,0.22093195965378953,0.28416532764417557,0.3915526809705775,0.3242819913852469,0.0022144506407053835,0.002079423162613592,0.007926112963988171,0.04993316139834456,0.07082191225914473,0.03210953429022806,0.12753345305769725,0.01884983594161412,0.02791017972157334,0.04819130693096045,0.012328008749780581,0.03676798228439487,0.022603599832565928,0.07183461834483318,0.08398709137309443,0.2055388271513253,0.01347574231356081,0.10302596578403705,0.025020591690409,0.03784820210912921,0.14700505812405715,0.3141006300470317,0.3203833525601207,0.2185109592687905
2200500,36195,7195,19083,9917,11547,15433,9215,1584,76,350,1622,3714,1145,4442,732,254,1133,309,604,328,875,4657,8833,336,2277,556,2368,4932,9900,8947,5221,0.19878436248100567,0.52722751761293,0.27398811990606436,0.3190219643597182,0.4263848597872634,0.2545931758530184,0.043762950683796105,0.002099737532808399,0.00966984390109131,0.044812819450200304,0.10261085785329466,0.03163420361928443,0.12272413316756459,0.020223787815996683,0.007017543859649123,0.031302666114104157,0.008537090758392043,0.016687387760740434,0.009062025141594142,0.02417460975272828,0.1286641801353778,0.244039231938113,0.009283050145047659,0.0629092416079569,0.015361237740019339,0.06542340102224065,0.17006896551724138,0.3413793103448276,0.30851724137931036,0.1800344827586207
2200600,29688,6143,15980,7565,8382,13158,8148,1100,482,367,1965,1572,922,3792,713,231,1027,153,632,145,1085,3272,6005,1478,1460,538,2749,3618,8307,7237,4383,0.2069186203179736,0.5382646187011587,0.2548167609808677,0.28233629749393696,0.44320937752627326,0.27445432497978983,0.03705200754513608,0.016235516033414173,0.012361897062786311,0.06618835893290219,0.05295068714632175,0.031056319051468606,0.12772837510105092,0.024016437617892752,0.007780921584478577,0.03459310158986796,0.005153597413096201,0.021288062516841823,0.0048841282673133925,0.036546752896793315,0.11021288062516842,0.20227027755322016,0.049784424683373754,0.04917811910536243,0.01812180005389383,0.09259633521961735,0.15366319813123805,0.35281376088341476,0.3073688681248673,0.18615417286047994
2200700,66159,15140,35766,15253,17415,26071,22673,790,81,611,3928,3312,2267,8724,1350,698,1640,853,3801,809,4002,6126,16120,336,6074,1734,2903,7129,16321,16598,10971,0.2288426366783053,0.5406067201741259,0.23055064314756873,0.2632294925860427,0.3940658111519219,0.3427046962620354,0.011940930183346181,0.0012243232213304312,0.009235327015220908,0.05937211868377696,0.05006121616106652,0.034265935095754166,0.1318641454677368,0.020405387022173854,0.010550340845538778,0.024788766456566757,0.012893181577714295,0.057452500793542825,0.012228117111806406,0.06049063619462205,0.09259511177617558,0.24365543614625373,0.005078674103296604,0.09180912649828443,0.026209585997369972,0.04387913964842274,0.13973225661028243,0.31990042925184736,0.3253297791019032,0.21503753503596698
2200890,129414,32331,69498,27585,30126,42932,56356,748,391,799,22259,12242,3014,13693,3215,1356,2716,1544,4856,1106,5937,10467,17343,3945,15609,2334,5840,14895,32101,30696,19391,0.24982613936668366,0.5370207241874914,0.21315313644582504,0.23278779730168297,0.3317415426460816,0.43547066005223545,0.00577990016536078,0.003021311450074953,0.00617398426754447,0.17199839275503423,0.0945956388026025,0.0232895977251302,0.1058077178666914,0.02484275271608945,0.01047800083453104,0.020986910226096094,0.011930703015129739,0.03752298823929405,0.008546216019905111,0.045876025777736563,0.0808799666187584,0.13401177616022997,0.030483564374797163,0.12061291668598452,0.018035143029347674,0.045126493269661706,0.15342541948641883,0.330655212550086,0.3161830598559995,0.19973630810749565
2201000,30724,6920,16268,7536,8873,13149,8702,242,283,327,1516,2288,1062,4988,1653,241,1067,322,749,108,541,2901,7937,293,2213,616,1377,3897,8173,7535,4199,0.22523108970186173,0.5294883478713709,0.24528056242676735,0.28879703163650566,0.4279716182788699,0.2832313500846244,0.007876578570498633,0.009211040229136831,0.010643145423772947,0.04934253352428069,0.07446947012107799,0.0345658117432626,0.16234865251920322,0.053801588334852234,0.007844030725165993,0.03472855096992579,0.010480406197109752,0.024378336154146595,0.00351516729592501,0.017608384324957687,0.09442129930998568,0.25833224840515556,0.00953651868246322,0.07202838172113006,0.02004947272490561,0.044818383023043876,0.16371198117963368,0.3433456561922366,0.316543438077634,0.17639892455049572
2201100,27078,5990,14409,6679,7504,10543,9031,413,1071,201,2490,1814,1245,4063,863,313,923,480,713,240,554,3449,4103,371,2159,466,1147,3303,7479,6264,4042,0.2212127926730187,0.5321294039441613,0.24665780338282,0.2771253416057316,0.38935667331412954,0.33351798508013886,0.015252234286136347,0.03955240416574341,0.007423000221582096,0.09195656990915134,0.06699165374104439,0.04597828495457567,0.15004800945416943,0.03187089149863358,0.011559199350025851,0.03408671246029987,0.017726567693330378,0.026331339094467835,0.008863283846665189,0.020459413546052147,0.127372774946451,0.15152522342861363,0.013701159612969938,0.0797326242706256,0.01720954280227491,0.042359110717187384,0.1566293626707132,0.35465667678300455,0.29704097116843703,0.19167298937784522
2201200,130601,34490,69863,26248,32793,46083,51725,75,8939,390,5835,7475,6727,18074,3924,2335,3655,2703,8545,2834,5745,8029,22529,2260,14121,3373,3033,13452,30836,30533,21290,0.26408679872282753,0.5349346482798754,0.2009785529972971,0.2510930237900169,0.35285334721786205,0.39605362899212104,0.0005742681909020605,0.06844511144631359,0.0029861945926907144,0.04467806525218031,0.05723539635990536,0.05150802826930881,0.13839097709818454,0.030045711747995803,0.01787888301008415,0.027986003169960413,0.02069662560011026,0.06542828921677475,0.021699680706885858,0.04398894342309783,0.06147732406336858,0.17250250763776695,0.01730461481918209,0.10812321498303995,0.025826754772168666,0.023223405640079325,0.13996316758747698,0.3208373651299019,0.3176847603292027,0.22151470695341843
2201300,61043,12487,33594,14962,14058,21533,25452,572,5104,459,3685,9556,2222,7418,2258,307,1443,2636,1583,284,2751,3930,6848,2017,4455,1277,2238,7757,17293,14900,8606,0.20456071949281654,0.5503333715577544,0.2451059089494291,0.2302966761135593,0.35275133921989416,0.41695198466654654,0.009370443785528234,0.08361319070163654,0.00751928968104451,0.060367282079845354,0.1565453860393493,0.0364005700899366,0.12152089510672805,0.036990318300214604,0.005029241682092951,0.023639074095309864,0.04318267450813361,0.025932539357502088,0.004652458103304228,0.04506659240207722,0.06438084628868175,0.11218321511065969,0.033042281670297984,0.0729813410219026,0.020919679570139082,0.03666268040561571,0.15975368646511245,0.3561454815058901,0.3068621797512151,0.17723865227778235
2201400,45423,9384,25424,10615,8405,12983,24035,626,512,1493,7911,7568,1101,3900,3058,202,756,454,615,202,1239,3203,4377,520,2595,693,4398,5686,12300,11248,6805,0.2065913744138432,0.5597164432115889,0.23369218237456796,0.18503841666116286,0.28582436210730244,0.5291372212315347,0.013781564405697553,0.011271822644915571,0.03286881095480263,0.1741628690311076,0.16661162847015829,0.024238821742289147,0.08585958655306783,0.06732272196904651,0.004447086277876847,0.016643550624133148,0.00999493648592123,0.013539396341060696,0.004447086277876847,0.02727693018955155,0.07051493736653237,0.09636087444686613,0.011447944873742377,0.057129647975695134,0.015256588072122053,0.0968231952975365,0.15777352312772275,0.3412969283276451,0.31210632925441884,0.18882321929021337
2201500,279260,70453,151966,56841,65433,88757,125070,57,530,1131,34950,13383,9710,30625,7160,6683,9594,3823,18758,5525,16901,24031,42584,4339,23737,7763,17976,29545,62849,66249,50164,0.2522846093246437,0.5441738881329228,0.20354150254243358,0.23430852968559765,0.31782926305235265,0.4478622072620497,0.0002041108644274153,0.0018978729499391249,0.004049989257322925,0.12515218792523097,0.04792308243214209,0.034770464799828114,0.10966482847525603,0.025639189285970063,0.023931103631024853,0.034355081286256535,0.013689751486070328,0.06717037885841151,0.019784430280025782,0.06052066174890783,0.08605242426412663,0.15248872018907111,0.015537491942992194,0.08499964191076416,0.027798467378070617,0.06437012103416172,0.14149429856278764,0.300990867164415,0.3172738461833176,0.24024098808947975
2201600,47024,12160,26395,8469,10445,13216,23363,114,52,217,10448,7077,2054,6023,1668,504,747,994,1123,159,1849,3779,3350,651,3999,1474,742,5518,11578,10858,6910,0.2585913576046274,0.5613091187478735,0.18009952364749915,0.2221206192582511,0.2810479755018714,0.4968314052398775,0.0024242939775433823,0.0011058183055461042,0.004614664851990473,0.22218441646818646,0.15049761823749574,0.04367982306907111,0.128083531813542,0.0354712487240558,0.010717931269139162,0.015885505273902686,0.02113814222524668,0.023881422252466825,0.0033812521265736647,0.039320347056822046,0.0803632187818986,0.07124021776114324,0.013843994555971418,0.08504168084382444,0.03134569581490303,0.0157791765906771,0.15827214318494723,0.3320904084442405,0.3114387333639284,0.19819871500688388
2201700,28709,8424,15048,5237,8323,10220,10166,189,108,216,2842,3260,521,4980,372,178,816,1174,748,83,1291,4007,2585,362,3230,719,1028,3112,6650,6219,4304,0.29342714828102684,0.5241561879549967,0.18241666376397644,0.2899090877425198,0.355985927757846,0.35410498449963423,0.006583301403740987,0.0037618865164234213,0.0075237730328468425,0.09899334703403113,0.11355324114389216,0.018147619213487058,0.17346476714619108,0.012957609112125118,0.00620014629558675,0.028423142568532515,0.040893099724824966,0.02605454735448814,0.0028910794524365183,0.04496847678428367,0.13957295621582083,0.09004145041624578,0.012609286286530356,0.11250827266710788,0.025044411160263333,0.035807586471141455,0.15341385260044368,0.3278284446635445,0.30658121764850876,0.21217648508750309
2201800,53537,13563,28305,11669,16035,21765,15737,329,127,468,2394,3398,2425,7744,1788,660,1426,462,1379,312,2152,7061,11369,552,5701,1487,2303,5995,12901,12612,8466,0.2533388124101089,0.5286997777238172,0.21796140986607393,0.29951248669144703,0.40654127052318956,0.2939462427853634,0.006145282701682948,0.0023721911948745727,0.00874161794646693,0.04471673795692699,0.06347012346601416,0.04529577675252629,0.1446476268748716,0.03339746343650186,0.012327922745017464,0.026635784597568036,0.008629545921512225,0.02575788706875619,0.0058277452976446195,0.040196499617087246,0.13189009470086108,0.21235780861833872,0.010310626295832789,0.1064871023777948,0.027775183517940862,0.043016978911780634,0.1499724821133737,0.32273477760544356,0.3155050783008956,0.21178766198028717
2201900,46508,9137,26448,10923,8052,12294,26162,218,451,514,5373,10175,3053,4094,4155,321,698,561,1514,551,2446,3741,3153,555,2486,658,1791,5265,12382,11898,7826,0.19646082394426764,0.568676356755827,0.23486281929990538,0.17313150425733206,0.2643416186462544,0.5625268770964135,0.004687365614517933,0.009697256385998108,0.011051862045239528,0.11552851122387546,0.21877956480605487,0.06564462028038187,0.08802786617356154,0.08933946847854132,0.006902038358992001,0.01500817063730971,0.012062440870387891,0.03255353917605573,0.011847424099079728,0.052593102261976436,0.08043777414638342,0.06779478799346349,0.011933430807602993,0.05345316934720908,0.014148103552077062,0.03850950374129182,0.14088464317251345,0.33132642958443714,0.3183752107248936,0.2094137165181558
2202000,36273,7633,20457,8183,7493,12409,16371,440,1095,226,2074,3096,943,4090,6148,183,825,497,972,410,1750,4356,4147,492,2417,745,1367,4156,9679,8858,5947,0.21043200176439777,0.5639732032089985,0.22559479502660382,0.20657238166129077,0.34210018471039066,0.45132743362831856,0.01213023460976484,0.030187742949301134,0.006230529595015576,0.0571775149560279,0.08535274170870896,0.025997298265927823,0.11275604444076862,0.16949245995644144,0.005045074849061285,0.022744189893309074,0.01370165136602983,0.026796791001571417,0.011303173159099055,0.04824525128883743,0.12008932263667191,0.1143274611970336,0.013563807790918866,0.06663358420864003,0.020538692691533647,0.03768643343533758,0.14511173184357543,0.3379539106145251,0.3092877094972067,0.20764664804469274
2202100,48514,11230,27168,10116,10255,16056,22203,146,4206,258,3059,4547,1497,6460,2642,308,1086,1283,2729,365,2770,2685,6984,277,4544,1304,1364,5775,12761,11662,7086,0.2314795729067898,0.5600032980170673,0.20851712907614298,0.21138228140330625,0.3309560126973657,0.45766170589932803,0.0030094405738549696,0.08669662365502742,0.0053180525209217955,0.06305396380426269,0.0937255225295791,0.03085707218534856,0.13315743908974728,0.054458506822772805,0.006348682854433772,0.022385290843880117,0.0264459743579173,0.05625180360308365,0.0075236014346374246,0.057096920476563465,0.055344848909593104,0.1439584449849528,0.0057096920476563465,0.09366368470956837,0.02687883909799233,0.028115595498206702,0.15489217895075635,0.34226477845724707,0.31278832743267887,0.19005471515931768
2202200,85858,21399,46188,18271,23179,30007,32672,156,669,317,5631,3260,4227,12531,3173,1259,2802,964,5082,1833,3488,7035,15591,1608,10833,2377,3022,8413,18739,20945,16362,0.24923711244147312,0.5379580237135736,0.21280486384495328,0.269969018612127,0.3494956789116914,0.3805353024761816,0.0018169535745067437,0.007791935521442381,0.003692142840504088,0.06558503575671458,0.037969670851871695,0.049232453586153885,0.14595029001374363,0.03695636981993524,0.014663747117333271,0.032635281511332666,0.011227841319387826,0.05919075683104661,0.021349204500454237,0.04062521838384309,0.08193761792727527,0.18159053320599128,0.018728598383377204,0.1261734491835356,0.0276852477346316,0.0351976519369191,0.13051707286802464,0.2907119254099505,0.32493523014629455,0.2538357715757303
2202390,224544,50500,121421,52623,53536,78455,92553,157,1495,1799,14609,12415,11613,33436,11434,2849,10208,4718,11433,3269,16808,9719,36376,5255,22671,6680,7600,26073,52984,56161,38826,0.22490024226877584,0.5407447983468718,0.23435495938435227,0.238420977625766,0.34939700014251107,0.41218202223172296,0.0006991948125979763,0.006657937865184552,0.008011792788941144,0.06506074533276329,0.05528983183696737,0.05171814878153057,0.14890622773264928,0.050920977625765994,0.012687936440074106,0.04546102322930027,0.02101147213909078,0.05091652415562206,0.014558393900527291,0.0748539261792789,0.04328327632891549,0.1619994299558216,0.023402985606384496,0.10096462163317657,0.029749180561493515,0.03384637309391478,0.14980694537013628,0.3044287651398497,0.3226827698742847,0.22308151961572936
2202400,191537,44043,104697,42797,47463,65205,78869,155,1476,206,4815,4538,3706,15497,7376,5154,6213,3259,14478,3579,13450,18825,26972,6875,39654,5312,9997,21662,40965,45628,39239,0.22994512809535494,0.5466150143314347,0.2234398575732104,0.24780068602933114,0.34043030850436207,0.4117690054663068,0.0008092431227386876,0.007706082897821309,0.0010755102147365784,0.025138746038624392,0.02369255026443977,0.019348742018513394,0.08090864950375123,0.03850953079561651,0.02690863906190449,0.0324375969133901,0.017014989271002468,0.07558852858716593,0.01868568475020492,0.07022141936022805,0.09828388248745673,0.14081874520327664,0.035893848185990174,0.2070304954134188,0.0277335449547607,0.05219357095495909,0.14686699119964203,0.27774011146216115,0.30935495681180253,0.2660379405263943
2300100,34961,7327,17425,10209,9933,14968,10060,1389,12,351,1240,3620,785,5069,1309,467,1115,299,602,365,712,4446,7942,246,2589,736,1667,2339,9814,9514,5967,0.20957638511484225,0.4984125168044392,0.2920110980807185,0.28411658705414605,0.4281342066874517,0.2877492062584022,0.039729984840250566,0.0003432396098509768,0.010039758588141072,0.03546809301793427,0.10354394897171133,0.022453591144418066,0.1449901318612168,0.037441720774577386,0.01335774148336718,0.03189268041531993,0.008552386945453506,0.01721918709419067,0.010440204799633878,0.02036555018449129,0.1271702754497869,0.2271674151197048,0.007036412001945025,0.07405394582534824,0.021052029404193245,0.047681702468464864,0.08464210754867192,0.3551422161105884,0.3442860244626185,0.21592965187812116
2300200,49412,9982,24997,14433,13815,20400,15197,1325,24,429,2812,7493,692,6996,1023,321,966,506,958,476,1783,6517,8627,2048,3704,1117,1595,3261,14270,13449,8450,0.20201570468712055,0.5058892576702015,0.2920950376426779,0.27958795434307454,0.4128551768801101,0.3075568687768154,0.026815348498340483,0.0004857119728001295,0.008682101513802316,0.056909252813081845,0.15164332550797377,0.014004695215737068,0.14158504007123776,0.02070347284060552,0.006496397636201732,0.01954990690520521,0.010240427426536063,0.019388002914271837,0.009633287460535902,0.03608435197927629,0.13189103861410184,0.1745932162227799,0.041447421678944385,0.07496154780215332,0.022605844734072695,0.03227960819234194,0.08270352523459296,0.36190717727618565,0.34108546791782907,0.21430382957139235
2300300,69179,15831,34853,18495,17886,27251,24042,733,0,471,3421,2627,2446,9985,2773,865,1570,801,2040,916,4057,8690,16489,964,6101,2021,2209,4009,17276,18490,13573,0.2288411223059021,0.5038089593662817,0.26734991832781624,0.2585466687867706,0.3939201202677113,0.34753321094551815,0.010595701007531187,0.0,0.006808424521892482,0.049451423119732864,0.03797395163272091,0.03535755070180257,0.1443357088133682,0.04008441868196996,0.01250379450411252,0.022694748406308272,0.011578658263345813,0.029488717674438773,0.013241012445973489,0.058644964512352016,0.12561615519160438,0.23835267928128478,0.01393486462654852,0.0881915032018387,0.02921406785296116,0.03193165556021336,0.07514808427682387,0.32383594511509334,0.3465921871485341,0.25442378345954864
2300400,60830,12396,31274,17160,13278,23972,23580,339,35,282,2389,2762,2319,8652,1315,788,1004,496,2141,1116,2729,5868,12874,424,4552,2143,8602,3364,15390,16738,12942,0.2037810290974848,0.5141213217162585,0.2820976491862568,0.2182804537234917,0.394081867499589,0.3876376787769193,0.005572908104553674,0.0005753739930955121,0.0046358704586552685,0.0392733848430051,0.04540522768370869,0.03812263685681407,0.1422324510932106,0.021617622883445667,0.012954134473121815,0.016505013973368402,0.008153871445010686,0.035196449120499754,0.01834621075127404,0.04486273220450435,0.096465559756699,0.21163899391747493,0.006970244944928489,0.07483149761630774,0.035229327634390926,0.14141048824593128,0.06945534128917702,0.3177519924020316,0.3455836808853285,0.26720898542346283
2300500,58881,11691,29368,17822,14846,24475,19560,900,7,223,3970,4543,1144,8826,1165,837,2041,552,3017,395,3261,6626,9467,1210,5346,2888,2463,3809,15482,15664,12235,0.19855301370560963,0.4987687029771913,0.3026782833171991,0.2521356634568027,0.41566889149301134,0.33219544505018594,0.015285066490039231,0.00011888385047808292,0.0037872998080874984,0.06742412662828416,0.07715561896027581,0.01942901784956098,0.1498955520456514,0.01978566940099523,0.014215111835736486,0.034663134117966746,0.009374840780557395,0.051238939556053735,0.006708445848406107,0.05538289091557548,0.11253205618111105,0.16078191606800157,0.02054992272549719,0.09079329495083303,0.04904808002581478,0.04183013196107403,0.08071625344352618,0.3280779826234372,0.33193473193473194,0.2592710319983047
2300600,51873,11043,27827,13003,11225,21755,18893,468,22,266,2704,5399,1717,6778,2724,539,1883,498,2518,1553,3499,5028,10221,317,3326,1177,1236,3428,13739,13932,9731,0.21288531606037822,0.5364447785938735,0.2506699053457483,0.2163938850654483,0.41938966321593124,0.3642164517186205,0.009022034584465908,0.00042411273687660247,0.005127908545871648,0.05212731093246969,0.1040811211998535,0.0331000713280512,0.13066527866134597,0.05251286796599387,0.01039076205347676,0.03630019470630193,0.009600370134752184,0.048541630520694774,0.02993850365315289,0.067453203015056,0.09692903822797988,0.19703892198253425,0.006111078981358317,0.06411813467507181,0.022690031422898233,0.023827424671794575,0.08395787411217243,0.33649277492040164,0.3412196914033799,0.23832965956404603
2300790,263896,59434,135632,68830,60689,90382,112825,778,123,1012,13775,24943,10505,33532,7785,4124,14674,3909,15113,5811,13651,24654,44786,4006,25929,8409,6377,15299,57837,67830,63496,0.2252175099281535,0.5139600448661594,0.2608224452056871,0.22997317124928002,0.3424909812956619,0.42753584745505807,0.002948131081941371,0.0004660927031861036,0.0038348440294661535,0.05219859338527299,0.09451829508594295,0.03980734834934974,0.1270652075059872,0.029500257677266804,0.015627368357231636,0.05560523842725922,0.01481265346954861,0.05726877254676085,0.022020038196865432,0.05172871131051626,0.09342316670203414,0.16971079516173038,0.015180222511898626,0.09825461545457301,0.031864825537332886,0.024164822505835633,0.07482563997221978,0.2828740792910174,0.3317486867975467,0.3105515939392161
2400100,39537,9155,20299,10083,10453,15858,13226,87,386,76,1762,3452,1088,5020,968,589,795,567,1286,447,1247,4644,8121,536,4302,1156,3008,2898,10691,10051,6742,0.23155525204239066,0.5134178111642259,0.2550269367933834,0.2643852593772922,0.4010926473935807,0.3345220932291271,0.0022004704454055696,0.009763006803753447,0.0019222500442623365,0.044565849710397856,0.08731062043149455,0.027518526949439764,0.1269696739762754,0.024483395300604498,0.014897437843033108,0.02010774717353365,0.014340997040746642,0.03252649417001796,0.011305865391911375,0.03154007638414649,0.11745959480992488,0.20540253433492678,0.013556921364797532,0.10880946961074436,0.02923843488377975,0.07608063333080406,0.09538542558093609,0.3518859851227701,0.33082088078467514,0.22190770851161873
2400200,68075,15943,35887,16245,16617,24884,26574,150,38,226,2983,6197,2625,10109,4511,839,5734,614,1659,576,3796,5302,10635,1015,5291,1753,4022,5601,17123,16975,12433,0.23419757620271758,0.5271685640837311,0.23863385971355122,0.2440984208593463,0.3655380095482923,0.39036356959236135,0.0022034520749173708,0.0005582078589790673,0.003319867792875505,0.04381931692985678,0.0910319500550863,0.038560411311053984,0.14849798016893132,0.06626514873301506,0.012324641939037826,0.08423062798384136,0.00901946382666177,0.024370179948586118,0.008461255967682702,0.055762027175908925,0.07788468600807932,0.15622475211164158,0.014910025706940874,0.07772309952258538,0.025751009915534338,0.05908189496878443,0.10743880917670529,0.32845469193585514,0.3256157446482007,0.23849075423923885
2400300,100667,23695,53374,23598,23132,31995,45540,504,56,124,10523,5477,3380,12116,1391,995,4844,941,9263,630,5476,11771,12775,1656,10111,4076,4558,8833,21008,23215,23916,0.2353800152979626,0.5302035423723762,0.23441644232966116,0.2297873185850378,0.31783007341035296,0.4523826080046093,0.005006605938390933,0.0005562895487101036,0.0012317840007152294,0.10453276644779322,0.054407104612236384,0.033576047761431256,0.12035721736020742,0.013817835040281324,0.00988407323154559,0.048119045963423965,0.00934765116671799,0.09201625160181588,0.0062582574229886655,0.05439717087029513,0.11693007639047553,0.12690355329949238,0.016450276654713065,0.10044006476799745,0.04048993215254254,0.045277995768225936,0.11475601517434911,0.27293041625526165,0.30160318037728007,0.3107103881931092
2400400,57593,14665,27981,14947,15842,19480,22271,520,76,21,5946,3925,3063,8261,1042,643,1176,464,2922,137,3162,5857,9522,868,5843,2252,1893,4788,12830,13529,11781,0.25463163926171584,0.48584029309117427,0.2595280676471099,0.27506815064330736,0.33823554945913564,0.386696299897557,0.009028875036896845,0.0013196048130849234,0.00036462764572083413,0.10324171340267047,0.06815064330734638,0.05318354661156738,0.14343757053808623,0.018092476516243294,0.011164551247547444,0.02041914816036671,0.008056534648307955,0.05073533241887035,0.0023787613077978225,0.05490250551282274,0.10169638671366311,0.16533259250256108,0.01507127602312781,0.10145330161651589,0.03910197419825326,0.03286857777854948,0.1115355944837868,0.29887253074916137,0.3151556093924711,0.2744362653745807
2400500,395876,92119,207283,96474,89789,116990,189097,525,109,1445,23654,14908,12425,48710,12455,6740,24358,7930,29126,3876,32213,39219,65005,5585,29544,13094,24955,33928,79374,92914,97541,0.23269660196627226,0.5236058765876184,0.2436975214461094,0.22681092059129626,0.2955218300680011,0.47766724934070265,0.0013261728420010306,0.0002753387424344997,0.003650132869888551,0.05975103315179501,0.037658256625812125,0.03138609059402439,0.12304357930260991,0.031461871899281596,0.01702553324778466,0.06152936778183067,0.020031525022986996,0.07357354323070861,0.009790944639230467,0.08137143954167467,0.09906890036273985,0.16420545827481334,0.014107952995382393,0.07462942941729228,0.03307601370125999,0.06303741575644899,0.11169454531088996,0.26130755834433445,0.305882662786372,0.3211152335584036
2400600,82438,21761,41319,19358,22327,26457,33654,149,158,49,6301,4951,3022,11929,5310,1054,2423,894,7858,278,4024,7326,10994,1699,8628,2944,2447,7033,17598,19000,17046,0.26396807297605474,0.5012130328246682,0.23481889419927704,0.27083383876367695,0.32093209442247506,0.408234066813848,0.0018074189087556708,0.0019165918629758122,0.0005943860840874354,0.07643319828234552,0.06005725514932434,0.03665785196147408,0.1447026856546738,0.0644120429898833,0.012785365972003202,0.029391785341711347,0.010844513452534026,0.09532011936242994,0.0033722312525776947,0.048812440864649795,0.08886678473519494,0.1333608287440258,0.020609427691113322,0.10466047211237536,0.03571168635823285,0.029682913219631724,0.11590882871598794,0.29002752278458066,0.31313347726486146,0.2809301712345699
2400700,30194,7421,15611,7162,6930,10029,13235,981,102,75,1778,3977,837,3232,2185,225,331,204,660,10,929,3399,4583,978,3366,1012,1330,2634,6641,7332,6166,0.24577730674968537,0.5170232496522488,0.23719944359806583,0.2295157978406306,0.33215208319533684,0.43833211896403257,0.03248989865536199,0.0033781546002517055,0.0024839372060674308,0.058885871365171885,0.13171491024706897,0.027720739219712527,0.10704113400013247,0.07236537060343115,0.0074518116182022915,0.01096244286944426,0.006756309200503411,0.02185864741339339,0.0003311916274756574,0.030767702192488575,0.11257203417897596,0.15178512287209378,0.03239054116711929,0.11147910180830628,0.03351659270053653,0.04404848645426244,0.1156632854696351,0.2916172660606859,0.3219602160453168,0.2707592324243622
2400800,343582,68871,190456,84255,57118,95532,190932,4,0,2875,10972,10743,7966,16602,17061,5426,12082,6634,21114,2548,24416,50950,76010,7009,23891,11021,36258,31671,67668,83867,91505,0.20044996536489107,0.5543247317961942,0.24522530283891472,0.16624270188775897,0.2780471619584262,0.5557101361538148,1.164205342538317e-05,0.0,0.008367725899494152,0.03193415254582603,0.03126764498722285,0.023185149396650583,0.048320342742052845,0.04965626837261556,0.01579244547153227,0.035164822371369864,0.019308345605997985,0.06145257900588506,0.0074159880319690785,0.07106309410853887,0.1482906555058181,0.22122812021584368,0.020399788114627657,0.06953507459645732,0.03207676770028697,0.10552939327438574,0.1152884303868429,0.24632431901161583,0.30529174295896416,0.3330955076425771
2400900,180940,40035,99801,41104,34249,44681,102010,311,51,259,11707,7868,14969,18206,4081,4865,8009,3102,35411,3512,13034,13286,16046,3782,12734,4866,4841,15843,32554,40825,51683,0.22126119155521168,0.5515695810765999,0.22716922736818834,0.18928374046645297,0.2469382115618437,0.5637780479717033,0.0017188018127556096,0.0002818613905161932,0.0014314137283077263,0.06470100585829557,0.043484027854537415,0.08272908146346855,0.10061898972034929,0.022554437935227146,0.026887365977672155,0.044263291698905714,0.017143804576102574,0.19570575881507682,0.0194097490880955,0.07203492870564829,0.07342765557643417,0.08868133082789875,0.02090195644965182,0.07037692052614127,0.026892892671603847,0.026754725323311596,0.11243745786167986,0.23103509456726162,0.2897342180902026,0.3667932294808559
2401000,485835,94855,269566,121414,84362,119827,281646,279,52,645,24045,12872,8503,46396,6285,12471,18545,11300,73164,7128,34846,40841,64543,7624,35438,23262,57596,47328,75298,98506,169848,0.19524118270606275,0.5548509267549683,0.249907890538969,0.17364331511727232,0.246641349429333,0.5797153354533947,0.0005742690419586896,0.00010703222287402101,0.0013276112260335298,0.049492111519342984,0.026494591785276893,0.01750182675188078,0.0954974425473669,0.012936490783908117,0.025669208681959925,0.03817139563843692,0.023258925355316106,0.15059433758374757,0.014671647781654265,0.07172393919746416,0.08406351950765177,0.1328496300184219,0.01569257052291416,0.07294245988864533,0.04788045324029763,0.11855053670484836,0.12104967005984961,0.19258785615632512,0.25194639111975037,0.4344160826640749
2401100,329743,71473,177265,81005,66814,94494,168435,56,62,851,27010,7506,11141,39835,16627,4334,5831,6171,24832,1881,19992,48489,31471,3855,34161,12665,32973,37062,65317,72726,83165,0.21675365360295745,0.5375853316067362,0.2456610147903064,0.20262446814640492,0.2865686307215013,0.5108069011320938,0.00016982923064325854,0.00018802521964075052,0.002580797772810947,0.08191227713704309,0.022763182235862475,0.033786918903509704,0.1208062036191822,0.050424118176883206,0.013143569385855045,0.017683468640729297,0.018714574683920508,0.0753071331309535,0.005704442550713737,0.0606290353396433,0.1470508850832315,0.09544099495667838,0.011690922930888602,0.10359886335722063,0.038408700108872665,0.0999960575357172,0.14350098733883146,0.2529020017810818,0.28158903473109537,0.32200797614899135
2401200,263874,64999,137688,61187,60004,76617,127253,131,89,530,17469,11595,12094,35564,8612,2900,6466,5297,27857,3082,17052,17449,30499,7420,28823,10403,20542,24482,52126,60689,61578,0.24632589796645368,0.5217944928261216,0.23187960920742476,0.22739640889212276,0.29035448736897157,0.48224910373890567,0.0004964490628102807,0.0003372821877108014,0.002008534376255334,0.06620205097887628,0.04394142658996339,0.0458324806536453,0.13477644633423527,0.032636788770397995,0.010990093756868808,0.024504119390315073,0.020073974700046234,0.10556932475348083,0.011679816882299885,0.0646217512903886,0.06612625722882891,0.11558167913473855,0.028119481267574676,0.10923016288076885,0.03942411908714007,0.07784776067365486,0.1231024512884978,0.2621043368950346,0.3051615336266499,0.30963167818981774
2401300,61074,14546,29684,16844,15562,23074,22438,1401,36,210,3846,5832,2295,7211,1921,882,1425,597,2604,431,2824,6518,8697,1453,7080,2298,3513,6167,14411,14681,11269,0.2381700887448014,0.48603333660804926,0.27579657464714935,0.2548056456102433,0.37780397550512496,0.3673903788846318,0.022939385008350525,0.0005894488653109342,0.0034384517143137834,0.06297278711071815,0.09549071618037135,0.03757736516357206,0.11806988243769853,0.03145364639617513,0.01444149720011789,0.023332350918557815,0.009775027016406326,0.04263680125749091,0.007057012804139241,0.0462389887677244,0.10672299178046304,0.14240102171136654,0.023790811147132985,0.1159249435111504,0.03762648590234797,0.057520385106592006,0.1325438445667125,0.30972747592847316,0.3155304332874828,0.2421982462173315
2401400,72787,16985,36320,19482,19161,27917,25709,442,15,630,3782,4027,2470,8280,1550,745,1636,1179,2379,1167,2779,9238,12493,1340,11097,2750,4788,7302,17395,17658,13447,0.2333521095800074,0.49899020429472296,0.26765768612526963,0.2632475579430393,0.38354376468325385,0.35320867737370687,0.006072512948740847,0.000206080756178988,0.008655391759517496,0.05195982799126218,0.05532581367551898,0.03393463118414002,0.11375657741080138,0.02129501147182876,0.010235344223556405,0.02247654114058829,0.016197947435668457,0.032684407929987495,0.016033082830725267,0.03817989476142718,0.1269182683720994,0.1716377924629398,0.01840988088532293,0.15245854342121531,0.0377814719661478,0.06578097737233297,0.13085552489158095,0.31172717823733914,0.3164402709580302,0.2409770259130497
2401500,57405,14113,29858,13434,13272,16223,27910,89,5,1162,6670,917,870,6591,2085,255,712,661,9983,319,1871,6073,7517,824,6271,1656,2874,4837,12119,13408,12928,0.24584966466335684,0.5201289086316523,0.23402142670499085,0.2311993728769271,0.28260604476961937,0.48619458235345353,0.0015503875968992248,8.710042679209128e-05,0.020242139186482013,0.11619196934064976,0.01597421827366954,0.015155474261823882,0.11481578259733473,0.03632087797230207,0.004442121766396656,0.012403100775193798,0.011514676421914467,0.17390471213308945,0.005557007229335424,0.03259297970560056,0.10579217838167407,0.13094678163923004,0.014354150335336643,0.10924135528264088,0.02884766135354063,0.05006532532009407,0.11172964981982815,0.2799362468816409,0.30971080107179155,0.29862330222673933
2401600,37425,10534,18617,8274,10477,12564,14384,22,13,671,4016,614,671,7267,1115,320,597,413,1724,165,1249,4819,4674,447,4878,1619,2131,3782,7923,8301,6885,0.2814696058784235,0.4974482297929192,0.22108216432865732,0.27994655978623917,0.3357114228456914,0.3843420173680695,0.0005878423513694055,0.0003473613894455578,0.01792919171676687,0.10730794923179693,0.016406145624582497,0.01792919171676687,0.1941750167000668,0.029792919171676688,0.008550434201736807,0.01595190380761523,0.011035404141616566,0.04606546426185705,0.004408817635270541,0.033373413493653976,0.12876419505678022,0.12488977955911823,0.011943887775551103,0.13034068136272545,0.043259853039412155,0.05694054776219105,0.14064185043323044,0.2946338923803503,0.3086906399910751,0.2560336171953442
2500100,57624,12556,28058,17010,14927,18653,24044,181,59,279,3508,4119,1161,6892,857,828,1946,559,2910,317,2240,6935,12495,1619,6302,2149,2268,4246,13025,14381,13416,0.21789532139386367,0.4869151742329585,0.29518950437317787,0.2590413716507011,0.3237019297514924,0.41725669859780645,0.0031410523393030684,0.0010238789393308345,0.004841732611411912,0.06087741218936554,0.07148063306955435,0.020147855060391504,0.11960294321810357,0.014872275440788561,0.014369012911286963,0.033770651117589895,0.009700819103151464,0.050499791753436066,0.00550118006386228,0.038872691933916424,0.12034916007219214,0.21683673469387754,0.028095932250451202,0.10936415382479522,0.03729348882410107,0.03935860058309038,0.09421318895890654,0.2890077216650395,0.31909558888790274,0.29768350048815123
2500290,304559,71909,153253,79397,76999,95351,132209,1046,123,2168,12460,25422,9489,31846,9197,3795,10306,2924,8613,4325,10828,48104,69858,6360,23565,10137,13993,26556,59816,72721,73557,0.23610860293079503,0.5031964249948286,0.2606949720743764,0.2528212924260981,0.31307891081859346,0.4340997967553085,0.0034344741084650263,0.0004038626341694056,0.0071184893567420434,0.040911613184965806,0.0834715112671108,0.031156524679947072,0.10456430445332432,0.030197761353301003,0.012460639810348733,0.03383909193292597,0.009600767010661317,0.028280234700008865,0.014200860916932352,0.035553045551108324,0.15794640775678934,0.22937427559192144,0.02088265327900341,0.07737417052196782,0.033284191240449304,0.04594512064985766,0.11414571244358479,0.2571072426391575,0.3125768321513002,0.31617021276595747
2500390,2371267,555021,1233149,583097,509385,619574,1242308,6042,723,10476,123164,208049,102081,259192,55018,74543,87601,26778,212835,55870,123490,229027,400970,42554,188386,81698,82770,180495,409200,523230,703321,0.2340609471645327,0.5200380218676345,0.2459010309678328,0.21481553954067592,0.2612839465146692,0.5239005139446549,0.0025480049273236627,0.0003049002917005972,0.00441789136356218,0.05194016532090229,0.08773748380085414,0.04304913786595942,0.10930527857048573,0.023201942252812528,0.03143593699064677,0.036942697722356865,0.011292697110869422,0.08975581408588741,0.023561243841372564,0.05207764456722925,0.0965842311304463,0.16909525582736992,0.017945680515943585,0.07944529232684468,0.034453311246687955,0.03490539024074472,0.09937805781815899,0.2252998767788064,0.2880832222066835,0.38723884319635116
2503300,695790,170122,379196,146472,105921,138956,450913,50,13,1947,15160,9121,10630,38136,26664,19391,69247,14547,88367,9564,36655,64915,148683,12055,65228,23775,41642,54074,99781,138616,233197,0.24450193305451356,0.544986274594346,0.21051179235114043,0.1522312766783081,0.1997096825191509,0.648059040802541,7.186076258641256e-05,1.8683798272467267e-05,0.002798258095114905,0.02178818321620029,0.01310884031101338,0.015277598125871312,0.054809640839908594,0.03832190747208209,0.02786904094626252,0.09952284453642622,0.020907170266890873,0.1270024001494704,0.013745526667528997,0.05268112505209905,0.09329682806593943,0.2136894752727116,0.01732562985958407,0.09374667643973038,0.03416979260983918,0.05984851751246784,0.10286720896078894,0.1898175274127396,0.263694955751539,0.44362030787493245
2504790,100035,19966,48394,31675,23532,29359,47144,354,76,508,8430,2348,1796,14611,2102,1752,2310,1487,4944,416,4633,7773,19254,4130,13156,4252,5703,7815,20716,25405,26133,0.19959014344979256,0.48377068026190834,0.3166391762882991,0.23523766681661418,0.2934872794521917,0.4712750537311941,0.0035387614334982755,0.0007597340930674264,0.005078222622082271,0.0842705053231369,0.023471784875293646,0.017953716199330234,0.14605887939221274,0.021012645574049083,0.01751387014544909,0.023091917828759936,0.014864797320937671,0.049422702054281,0.004158544509421702,0.0463137901734393,0.07770280401859349,0.19247263457789773,0.04128555005747988,0.13151397011046134,0.04250512320687759,0.057010046483730696,0.09760331713896764,0.2587268480935193,0.3172888383768999,0.3263809963906131
2600100,64861,15118,33801,15942,18445,23074,23342,683,1324,545,4596,5476,1438,8579,1152,589,1953,578,1894,224,1147,6123,13320,780,7696,2219,4545,3890,16323,17676,11854,0.2330830545319992,0.5211298006506221,0.2457871448173787,0.2843773608177487,0.3557453631612217,0.3598772760210296,0.01053021075839102,0.020412882934274835,0.00840258398729591,0.07085922202864588,0.08442669709070165,0.02217048765822297,0.13226746426974606,0.01776105826305484,0.0090809577403987,0.03011054408658516,0.008911364302123002,0.02920090655401551,0.0034535391067051077,0.017683970336565887,0.09440187477837221,0.2053622361665716,0.012025716532276715,0.11865373645179692,0.03421162177579747,0.07007292517845855,0.07820195806445128,0.32814667390386587,0.3553464809118871,0.23830488711979575
2600200,43865,9211,22968,11686,12572,16113,15180,575,241,175,1974,5417,1083,5102,1444,607,1338,268,966,60,1056,3480,5823,1340,5302,1914,5700,2881,12025,12715,7033,0.20998518180781944,0.5236065200045594,0.26640829818762113,0.2866066339906531,0.3673315855465633,0.3460617804627835,0.013108400775105437,0.005494129716174627,0.003989513279379916,0.04500170979140545,0.12349253391086287,0.02468938789467685,0.11631141000797902,0.032919183859569136,0.013837911774763479,0.03050267867320187,0.0061096546221360995,0.022022113302177133,0.0013678331243588283,0.02407386298871538,0.07933432121281203,0.13274820471902427,0.030548273110680497,0.12087085375584179,0.04363387666704662,0.12994414681408867,0.08313614589946326,0.34700178911525364,0.3669129104865239,0.20294915449875917
2600300,39287,8425,20280,10582,11226,15889,12172,457,457,251,2294,4746,1108,6002,733,449,959,293,1026,21,735,2424,7140,611,5074,1697,2810,2654,10908,11263,6037,0.21444752717183801,0.5162012879578487,0.26935118487031334,0.28574337567134167,0.4044340367042533,0.309822587624405,0.011632346577748365,0.011632346577748365,0.006388881818413216,0.05839081630055744,0.12080331916410009,0.028202713365744394,0.15277318196859013,0.018657571206760506,0.011428716878356709,0.024410110214574794,0.007457937740219411,0.026115508946979917,0.0005345279609030977,0.01870847863160842,0.06169979891567185,0.18173950670705322,0.015552218291037747,0.129152136839158,0.043194949983455085,0.07152493191131927,0.08599572289547015,0.353444365238805,0.36494718423951783,0.195612727626207
2600400,53064,11713,27681,13670,12992,20602,19470,1108,371,296,3104,9289,945,5919,1082,691,949,544,1453,176,3189,3512,8040,1584,6173,1941,2698,3708,14129,14455,9059,0.22073345394240917,0.5216530981456354,0.2576134479119554,0.24483642394090155,0.3882481531735263,0.36691542288557216,0.02088044625358058,0.006991557364691693,0.005578169757274235,0.058495401778983866,0.1750527664706769,0.01780868385345997,0.1115445499773858,0.020390471883009197,0.013022011156339514,0.01788406452585557,0.010251771445801297,0.02738202924770089,0.003316749585406302,0.06009724106739032,0.06618423036333484,0.15151515151515152,0.029850746268656716,0.11633122267450625,0.03657847127996382,0.05084426353083069,0.08967135014872675,0.34168460254891053,0.3495683296655462,0.21907571763681652
2600500,66406,14686,34223,17497,15994,25719,24693,686,432,196,4177,6679,1770,8811,986,876,2550,639,2662,105,1669,5271,13296,782,9723,2308,2788,4402,16212,18510,12596,0.2211547149353974,0.5153600578261001,0.26348522723850254,0.24085173026533746,0.3872993404210463,0.37184892931361624,0.010330391832063367,0.0065054362557600215,0.0029515405234466765,0.06290094268590188,0.100578261000512,0.02665421799235009,0.13268379363310545,0.014848055898563382,0.013191579074180044,0.03840014456525013,0.009622624461645033,0.0400867391500768,0.0015811824232750053,0.025133271089961752,0.07937535764840527,0.20022287142728068,0.011776044333343373,0.1464174923952655,0.03475589555160678,0.04198415805800681,0.08511214230471771,0.3134570765661253,0.35788863109048724,0.24354215003866975
2600600,29868,6781,15395,7692,7670,11996,10202,1174,161,75,1474,6124,669,3987,747,248,1040,195,696,4,1198,2696,3486,289,2570,1116,1919,2365,7856,8141,4725,0.22703227534485068,0.5154345788134458,0.2575331458417035,0.25679657158162583,0.40163385563144505,0.3415695727869292,0.03930628096959957,0.005390384357841168,0.0025110486139011652,0.04935047542520423,0.20503548948707648,0.022398553635998394,0.13348734431498593,0.025010044194455603,0.00830320074996652,0.03481987411276282,0.006528726396143029,0.023302531137002813,0.00013392259274139549,0.04010981652604794,0.09026382750770055,0.11671353957412615,0.009675907325565824,0.08604526583634658,0.037364403374849336,0.06424936386768448,0.10243860181054273,0.34027807857235676,0.3526226880928661,0.20466063152423442
2600700,59388,14817,30985,13586,14791,20823,23774,396,63,96,2373,13444,1513,8439,713,460,1009,321,1242,97,2706,4141,11893,673,5937,1567,2305,4238,14245,16227,9861,0.24949484744392805,0.5217383983296289,0.22876675422644305,0.24905704856199906,0.3506263891695292,0.40031656226847173,0.006668013740149525,0.0010608203677510608,0.0016164881794301878,0.039957567185289956,0.22637569879436922,0.02547652724456119,0.14209941402303497,0.012005792415976291,0.007745672526436317,0.016989964302552705,0.005405132349969691,0.020913315821378058,0.001633326597965919,0.04556476055768842,0.06972789115646258,0.20025931164545027,0.011332255674547046,0.09996969084663568,0.02638580184549067,0.03881255472486024,0.09508424760494492,0.3196024320746674,0.3640708083731574,0.22124251194723027
2600800,128470,34156,66246,28068,28581,43959,55930,3899,61,319,5701,43220,4866,10246,2641,872,1995,1028,3989,442,8861,12375,10703,922,9720,4136,2474,10422,28668,31023,24201,0.26586751770841444,0.5156534599517397,0.21847902233984587,0.2224721724916323,0.34217327002413017,0.43535455748423757,0.03034949793726162,0.00047481902389662954,0.0024830699774266367,0.04437611893827353,0.33642095430839886,0.037876547053786874,0.0797540281777847,0.0205573285591967,0.006787576866194443,0.015528917256947147,0.008001868140421888,0.03105005059546976,0.0034404919436444308,0.06897330115980385,0.09632599050361952,0.08331127889779714,0.007176772787421188,0.07565968708647933,0.03219428660387639,0.01925741418229937,0.11050321267256187,0.3039633564476112,0.3289331382403461,0.25660029263948086
2600900,42158,9747,22616,9795,8435,14454,19269,1733,25,48,2417,14025,2191,4102,1564,219,313,176,1216,101,2385,2876,2341,1365,2727,1192,1142,3449,10800,11018,7144,0.23120166990843968,0.5364580862469757,0.23234024384458465,0.2000806489871436,0.34285307652165664,0.4570662744911998,0.04110726315290099,0.0005930072584088429,0.0011385739361449785,0.057331941742966935,0.3326770719673609,0.051971156126950996,0.09730063095972295,0.03709853408605721,0.005194743583661464,0.007424450875278713,0.0041747710991982545,0.02884387304900612,0.0023957493239717253,0.056572892452203614,0.06821955500735329,0.05552919967740405,0.03237819630912282,0.06468523174723659,0.028274586080933632,0.027088571564115944,0.10641448890808676,0.33322020301749405,0.3399463145228472,0.220418993551572
2601000,409447,110151,211793,87503,103208,133536,172703,1584,80,856,16257,66390,27541,39729,11038,4538,17428,4097,17826,6678,55273,26335,59548,4391,29740,13578,6540,30446,86454,99531,82865,0.2690238297020127,0.5172659709315247,0.21371019936646257,0.25206681206603054,0.3261374488028976,0.42179573913107193,0.00386863257027161,0.000195385483347051,0.002090624671813446,0.039704772534662605,0.16214552799263396,0.06726389496076415,0.09703087334868737,0.026958312064809364,0.01108324154286147,0.04256472754715507,0.01000617906591085,0.04353677032680665,0.016309803222395083,0.1349942727630194,0.06431845879930737,0.14543518452937743,0.010724220717211262,0.07263455343426621,0.03316180116107823,0.01597276326362142,0.10172538223030043,0.2888578530952636,0.3325503849032396,0.2768663797711964
2601100,57658,14406,29811,13441,18290,19346,20022,1913,29,340,2481,9730,902,6686,1040,470,1424,284,1319,4,7786,7527,6205,459,3627,1460,3972,3784,14173,15345,9950,0.24985257900031219,0.5170314613756981,0.23311595962398973,0.3172153040341323,0.3355301952894655,0.34725450067640223,0.03317839675326928,0.0005029657636407784,0.005896839987512574,0.0430295882618197,0.1687536855249922,0.015643969613930418,0.11595962398973256,0.01803739290297964,0.008151514100385029,0.02469735335946443,0.004925595754275209,0.02287627042214437,6.937458808838322e-05,0.13503763571403796,0.13054563113531514,0.10761732977210448,0.007960733983141975,0.0629054077491415,0.02532172465225988,0.06888896597176454,0.08748728382502544,0.32768426893554053,0.35478128179043744,0.2300471654489966
2601200,49700,12964,25830,10906,12242,18922,18536,951,341,202,2630,5600,1408,4918,1458,317,1410,360,1182,619,1751,7250,6437,531,8228,1282,2825,3217,12027,12674,8818,0.2608450704225352,0.5197183098591549,0.21943661971830986,0.246317907444668,0.3807243460764588,0.37295774647887325,0.01913480885311871,0.006861167002012072,0.004064386317907445,0.05291750503018108,0.11267605633802817,0.028329979879275654,0.09895372233400403,0.029336016096579477,0.0063782696177062375,0.028370221327967807,0.007243460764587525,0.023782696177062374,0.012454728370221328,0.03523138832997988,0.14587525150905434,0.12951710261569416,0.010684104627766599,0.1655533199195171,0.02579476861167002,0.056841046277665994,0.08757077526132404,0.3273900261324042,0.3450021777003484,0.24003702090592335
2601300,26678,6575,13194,6909,8529,11332,6817,450,128,17,1440,3269,794,4467,732,265,633,224,483,34,901,2012,3958,302,3828,958,1783,1860,7357,7313,3573,0.2464577554539321,0.4945648099557688,0.25897743459029915,0.31970162680860637,0.42476947297398604,0.2555289002174076,0.016867831171752005,0.004797960866631682,0.0006372291775995202,0.05397705974960642,0.12253542244546067,0.02976235100082465,0.16744133743159156,0.02743833870604993,0.009933278356698404,0.023727415848264488,0.008396431516605444,0.018104805457680485,0.0012744583551990403,0.03377314641277457,0.07541794737236675,0.14836194617287654,0.011320188919709123,0.14348901716770374,0.03590973836119649,0.0668340955094085,0.09252350395463364,0.36596527881410734,0.36377655076356763,0.1777346664676914
2601400,70876,16733,38157,15986,18627,22979,29270,214,50,271,3666,8725,2140,8155,837,564,1838,671,2458,3950,3834,6776,13143,921,6335,3687,2641,4462,16014,19136,14531,0.23608837970540097,0.5383627744229358,0.22554884587166318,0.2628111067215983,0.3242141204356905,0.4129747728427112,0.0030193577515661156,0.0007054574185902139,0.0038235792087589595,0.05172413793103448,0.12310231954399233,0.030193577515661155,0.11506010497206388,0.01180935718720018,0.007957559681697613,0.02593261470737626,0.00946723855748067,0.03468028669789491,0.055731136068626896,0.054094474857497604,0.09560358936734578,0.18543653705062363,0.01299452565043174,0.0893814549353801,0.05202043004684237,0.0372622608499351,0.08241139205437453,0.29577230666937554,0.35343442365587424,0.2683818776203757
2601500,82204,21356,42582,18266,21583,28982,31639,243,44,595,2709,11564,2084,10789,1857,1366,2640,718,2545,342,8523,4064,16478,906,9071,2878,2788,5839,18948,21871,14190,0.2597927108169919,0.5180039900734758,0.22220329910953238,0.26255413361880203,0.352561919128023,0.38488394725317504,0.002956060532334193,0.0005352537589411707,0.007238090603863559,0.032954600749355266,0.14067441973626588,0.025351564400759086,0.13124665466400662,0.022590141598948957,0.0166171962434918,0.03211522553647025,0.008734368157267287,0.030959564011483625,0.004160381489951827,0.10368108607853632,0.04943798355311177,0.20045253272346844,0.011021361490925016,0.11034742834898545,0.035010461778015665,0.03391562454381782,0.09596042597948988,0.31139889560872996,0.3594366289771233,0.23320404943465686
2601600,34324,7495,18034,8795,8467,13430,12427,1670,95,666,1710,5940,1454,3889,876,459,1169,127,705,180,1989,2748,5426,264,2111,1046,1800,2213,10146,9403,5067,0.21836033096375715,0.5254049644563571,0.2562347045798858,0.24667870877520104,0.39127141358815987,0.3620498776366391,0.04865400302994989,0.002767742687332479,0.01940333294487822,0.04981936837198462,0.17305675329215708,0.04236103018296236,0.11330264537932642,0.025521500990560542,0.013372567299848502,0.034057802120964924,0.003700034960960261,0.02053956415336208,0.0052441440391562755,0.05794779163267685,0.08006059899778581,0.15808180864701082,0.007691411257429204,0.06150215592588276,0.030474303694208133,0.05244144039156275,0.08248537030824854,0.3781728726378173,0.3504789593350479,0.18886279771888628
2601700,171987,43017,91409,37561,45457,61980,64550,529,108,122,7100,19318,6981,25834,4048,4662,4985,1698,6241,1344,10241,15866,32189,2089,16543,5381,6708,12481,39079,45489,31921,0.25011774145720317,0.5314878450115416,0.21839441353125527,0.2643048602510655,0.3603760749358963,0.3753190648130382,0.003075813869652939,0.0006279544384168571,0.0007093559396931163,0.041282189932960046,0.11232244297534116,0.04059027717211185,0.15020902742649153,0.023536662654735533,0.027106699924994333,0.0289847488472966,0.009872839226220587,0.036287626390366715,0.007814544122520889,0.05954519818358364,0.09225115851779495,0.18715949461296494,0.01214626686900754,0.09618750254379692,0.03128724845482508,0.03900294789722479,0.09677444366907033,0.3030084515778863,0.35270993254245175,0.2475071722105916
2601800,177941,40596,95177,42168,56932,44819,76190,482,68,656,4052,11998,3191,13101,5096,2996,5652,2290,8531,232,6959,23563,50514,1334,12086,6239,18901,13313,35608,46654,41770,0.2281430361749119,0.5348795387235095,0.23697742510157863,0.31994874705660864,0.2518756216948314,0.4281756312485599,0.0027087630169550583,0.0003821491393214605,0.0036866152263952657,0.022771592831331733,0.06742684372910122,0.017932910346687946,0.07362552756250668,0.02863870608797298,0.01683704149128082,0.03176333728595433,0.012869434250678595,0.04794285746399087,0.001303802945920277,0.03910846853732417,0.13242029661517019,0.28388061211300375,0.007496866939041592,0.06792138967410546,0.035062183532744,0.10622060121051359,0.09693108595143617,0.2592595289235138,0.33968473552004075,0.3041246496050093
2601900,67069,18237,34613,14219,15982,22450,28637,850,118,92,3156,8003,3284,8193,6116,513,5834,693,2636,2197,2964,4400,4936,602,5958,2522,4002,4466,14768,17039,12559,0.2719139990159388,0.5160804544573498,0.2120055465267113,0.2382919083332091,0.33472990502318506,0.4269781866436058,0.012673515334953556,0.001759382128852376,0.0013717216597832083,0.04705601693778049,0.11932487438309801,0.04896449924704409,0.12215777781091115,0.09118967033950111,0.007648839255095499,0.08698504525190476,0.010332642502497429,0.039302807556397146,0.03275730963634466,0.044193293473885106,0.06560407938093606,0.07359584905097735,0.008975830860755341,0.08883388748900387,0.03760306549970926,0.05966989220056956,0.09145642201834862,0.3024246395806029,0.34893102883355176,0.2571879095674967
2602000,70034,16479,37909,15646,15160,24004,30870,651,43,151,2281,16194,2261,6599,1704,671,1523,355,3098,483,3731,5388,12554,644,6760,2429,2514,4954,17187,18748,12666,0.2352999971442442,0.5412942285175771,0.2234057743381786,0.2164662878030671,0.3427478082074421,0.4407859039894908,0.009295485050118514,0.0006139874917897021,0.0021560956107033727,0.032569894622611874,0.23123054516377758,0.032284319045035266,0.09422566182140103,0.0243310392095268,0.009581060627695119,0.02174658023245852,0.00506896650198475,0.044235656966616216,0.006896650198475026,0.053274123996915786,0.07693406059913756,0.17925579004483536,0.009195533597966703,0.09652454522089271,0.03468315389667875,0.03589685010137933,0.0925030342638409,0.320922416207637,0.3500700214732518,0.23650452805527028
2602100,123810,34917,62368,26525,31849,39381,52580,1829,26,199,5269,19111,6368,12900,2365,992,6015,2081,5196,229,6688,13079,20750,1458,12666,4224,2365,8251,25111,30660,24871,0.28202083838139086,0.5037396010015346,0.21423956061707455,0.2572409336887166,0.3180760843227526,0.4246829819885308,0.0147726354898635,0.00020999919231079882,0.0016073015103788063,0.04255714401098457,0.15435748324044907,0.0514336483321218,0.10419190695420402,0.019101849608270736,0.00801227687585817,0.04858250545190211,0.01680801227687586,0.04196753089411195,0.0018496082707374203,0.05401825377594702,0.10563767062434375,0.16759550924804134,0.01177610855342864,0.10230191422340683,0.034116791858492854,0.019101849608270736,0.09281945710010912,0.28248568503706706,0.344909047956532,0.2797858099062918
2602200,33613,7762,17370,8481,7777,12901,12935,975,5,68,967,10328,1026,3216,1642,281,900,165,721,5,804,2475,4201,211,2620,1406,1597,2781,8831,9155,5084,0.23092255972391634,0.5167643471275994,0.2523130931484842,0.2313688156368072,0.3838098354803201,0.38482134888287267,0.029006634337904978,0.00014875197096361525,0.0020230268051051677,0.028768631184363194,0.3072620712224437,0.030523904441733852,0.09567726772379734,0.048850147264451256,0.008359860768155179,0.02677535477345075,0.004908815041799304,0.02145003421295332,0.00014875197096361525,0.023919316930949334,0.07363222562698955,0.12498140600362954,0.0062773331746645645,0.0779460327849344,0.04182905423496861,0.04751137952577872,0.1075780434025763,0.3416115430737689,0.3541449073536807,0.19666550616997408
2602300,31492,7435,16362,7695,7910,12139,11443,1222,22,811,1188,5537,794,2916,452,250,465,156,2337,738,995,3406,4039,190,3065,1266,1643,2642,7567,8014,5834,0.23609170583005207,0.5195605233075067,0.24434777086244125,0.25117490156230154,0.38546297472373936,0.3633621237139591,0.03880350565222914,0.0006985901181252381,0.025752572081798552,0.03772386637876286,0.17582243109361106,0.025212752445065413,0.09259494474787247,0.014352851517845803,0.007938524069604979,0.01476565476946526,0.004953639019433507,0.07420932300266735,0.023434523053473898,0.03159532579702782,0.10815445192429823,0.12825479486853805,0.006033278292899784,0.09732630509335705,0.040200685888479616,0.052171980185443924,0.10982250488423329,0.3145446231865985,0.33312549361932076,0.24250737830984745
2602400,62462,13955,32537,15970,15174,21757,25531,638,96,1210,2210,13436,1941,5735,1779,537,1844,744,1548,174,3698,4944,8060,758,8668,2126,2316,5093,14051,16525,12838,0.2234158368287919,0.5209087124971983,0.2556754506740098,0.24293170247510487,0.34832378085876214,0.408744516666133,0.010214210239825813,0.0015369344561493388,0.01937177804104896,0.035381511959271236,0.21510678492523455,0.031074893535269443,0.09181582402100477,0.028481316640517434,0.008597227114085363,0.029521949345201883,0.011911242035157376,0.024783068105408087,0.0027856937017706764,0.05920399602958599,0.07915212449169094,0.12903845538087158,0.012135378310012488,0.13877237360315073,0.034036694310140565,0.037078543754602795,0.10499515533840477,0.2896695322324613,0.34067248026058095,0.264662832168553
2602500,38575,9047,19909,9619,9836,13742,14997,773,0,92,1423,8512,992,4498,619,524,1156,318,808,54,1349,5243,4740,313,3282,1509,2370,2650,10007,10214,6657,0.2345301360985094,0.5161114711600777,0.24935839274141283,0.2549837977965003,0.3562410887880752,0.3887751134154245,0.020038885288399224,0.0,0.0023849643551523006,0.03688917692806221,0.2206610499027868,0.025716137394685677,0.11660401814646792,0.016046662346079068,0.013583927414128321,0.029967595593000648,0.008243681140635126,0.020946208684381077,0.0013998703823720027,0.03497083603370058,0.13591704471808166,0.12287751134154246,0.008114063512637718,0.08508101101749838,0.039118600129617626,0.06143875567077123,0.08974532646979139,0.33889867244649147,0.3459089677594148,0.22544703332430235
2602600,58792,14162,31001,13629,12972,18349,27471,126,90,4412,1823,10000,1691,6476,1013,482,1298,482,1886,650,4338,4273,9288,451,4446,2096,3471,3893,13557,15796,11384,0.24088311334875492,0.5272996326030752,0.23181725404816983,0.22064226425363995,0.3121002857531637,0.46725744999319635,0.002143148727718057,0.0015308205197986121,0.07504422370390529,0.03100762008436522,0.17009116886651246,0.028762416655327257,0.11015104095795346,0.017230235406177713,0.0081983943393659,0.022077833718873317,0.0081983943393659,0.03207919444822425,0.01105592597632331,0.0737855490542931,0.07267995645666077,0.15798067764321677,0.007671111715879712,0.07562253367805144,0.03565110899442101,0.05903864471356647,0.08722832175666592,0.3037642841138248,0.35393233251176337,0.2550750616177459
2602700,201071,56198,104019,40854,48676,57325,95070,176,36,497,4170,14126,5335,15983,4300,4573,3772,2135,16379,1185,8813,50674,40890,2555,15300,5444,4728,11309,31812,44553,57199,0.27949331330723975,0.5173247260917785,0.20318196060098173,0.24208364209657285,0.28509829861093844,0.4728180592924887,0.000875312700488882,0.0001790412341909077,0.002471763705357809,0.02073894296044681,0.07025379094946561,0.026532916233569237,0.0794893346131466,0.02138548075058064,0.02274321010986169,0.018759542649113996,0.010618139861044108,0.08145878818924658,0.005893440625450712,0.04383028880345748,0.25202043059416823,0.20336100183517264,0.012706954259938032,0.07609252453113577,0.027075013303758375,0.023514082090405876,0.07806147453286671,0.21958542999730798,0.3075314240748794,0.3948216713949459
2602800,60523,17952,30231,12340,16745,19632,24146,181,42,46,4184,10540,2969,8411,939,602,1871,958,5426,390,2321,3796,4827,933,7513,2389,2185,3927,12744,14414,11486,0.2966145101862102,0.4994960593493383,0.20388943046445154,0.2766716785354328,0.32437255258331543,0.3989557688812518,0.002990598615402409,0.0006939510599276308,0.0007600416370635957,0.06913074368421922,0.17414867075326734,0.0490557308791699,0.13897196107265006,0.015514762982667745,0.00994663185896271,0.030913867455347552,0.015828693224063578,0.0896518678849363,0.006443831270756572,0.0383490573831436,0.06271995770203063,0.07975480395882557,0.0154156271169638,0.12413462650562596,0.039472597194455,0.03610197776052079,0.09224589509290362,0.29935871837635947,0.33858730121444175,0.26980808531629513
2602900,759886,188308,405443,166135,162800,218847,378239,787,242,573,25578,73432,42796,79889,10146,18666,40740,18498,107707,17555,69748,39289,105176,9867,61810,24402,12985,48758,136685,181353,204782,0.24781085583890214,0.5335576652287317,0.21863147893236617,0.21424266271519676,0.28799977891420553,0.4977575583705977,0.0010356816680396797,0.0003184688229550222,0.0007540604774926766,0.03366031220472544,0.09663554796377351,0.05631897416191376,0.10513287519443706,0.013352002800420064,0.024564210947431588,0.05361330515366779,0.024343125152983473,0.14174099799180404,0.023102149532956258,0.09178745232837557,0.05170380820280937,0.13841023521949344,0.012984842463211587,0.08134114854070215,0.03211271164358864,0.017088089529218857,0.08530419295354265,0.2391362158795475,0.31728478003002214,0.3582748111368877
2603000,333303,81302,175015,76986,77093,102824,153386,622,52,245,16675,66095,11788,45568,9435,2716,6445,4066,31345,5066,18728,19988,42505,2741,29896,10506,8821,23823,68901,84476,74801,0.24392819746596942,0.5250927834432934,0.23097901909073726,0.2313000483043957,0.3085000735066891,0.46019987818891517,0.0018661698214537522,0.00015601419729195358,0.0007350668910870889,0.05002955268929472,0.1983030455771475,0.035367218416875935,0.13671644119614884,0.028307575989415037,0.00814874153547973,0.019336759645127707,0.01219911011902083,0.0940435579637747,0.015199383143866091,0.05618911320930205,0.05996945722060708,0.1275266049210478,0.00822374836110086,0.08969616235077392,0.031520868399024314,0.026465408352160047,0.09453533914547958,0.27341558168419966,0.33522089198058735,0.29682818718973336
2603100,43887,10487,23137,10263,11464,15400,17023,85,3,859,2547,8825,1198,5643,1131,334,905,372,1285,8,1174,4165,7043,452,4390,1369,2099,3126,10394,11784,8096,0.23895458791897373,0.5271948412969673,0.23385057078405905,0.2612163055118828,0.3509011780253834,0.38788251646273386,0.0019367922163738692,6.835737234260716e-05,0.019572994280766514,0.05803540911887347,0.20108460364116937,0.02729737735548112,0.12858021737644404,0.025770729373162896,0.007610454120810263,0.02062114065668649,0.008476314170483286,0.02927974115341673,0.0001822863262469524,0.026750518376740265,0.0949028186023196,0.1604803244696607,0.01029917743295281,0.10002962152801513,0.03119374757900973,0.04782737484904414,0.09359281437125748,0.31119760479041914,0.35281437125748505,0.24239520958083832
2603200,721919,164847,392393,164679,147724,212910,361285,275,775,6298,20792,90792,28990,73314,38683,8421,27614,8072,56460,36166,38991,47226,107366,10040,70176,23101,28367,54240,143485,182361,176986,0.2283455623137776,0.5435415884607553,0.22811284922546712,0.2046268348665155,0.294922283524883,0.5004508816086015,0.00038092916241295766,0.0010735276395274261,0.008723970417733845,0.02880101507232806,0.12576480186835365,0.04015685970309688,0.1015543295023403,0.053583573780437974,0.01166474355156188,0.038250828694077865,0.011181309814535979,0.07820822003576579,0.05009703304664374,0.054010214442340485,0.06541731136041579,0.14872305618774406,0.013907377420458528,0.09720758145996988,0.031999434839642675,0.039293882000612256,0.0973662291409369,0.25756993709969267,0.3273562483844099,0.3177075853749605
2603300,43505,10471,22868,10166,10704,13699,19102,385,18,1296,2228,8633,1756,4956,1523,476,770,268,2212,627,2361,3876,4774,565,4113,1219,1449,3063,10273,11228,8470,0.2406849787380761,0.5256407309504655,0.23367429031145845,0.24604068497873807,0.31488334674175383,0.4390759682795081,0.008849557522123894,0.00041374554648890933,0.029789679347201472,0.051212504309849444,0.19843696126881968,0.040363176646362485,0.11391794046661304,0.03500747040570049,0.010941271118262269,0.017699115044247787,0.006160211469945983,0.05084473049074819,0.01441213653603034,0.05426962418112861,0.08909320767727848,0.10973451327433628,0.012987012987012988,0.09454085737271578,0.028019767842776693,0.0333065164923572,0.09272264939153599,0.31098262396318943,0.3398922322455652,0.2564024943997094
2700100,57136,14320,27991,14825,15552,19054,22530,1259,99,212,1953,6684,7414,6111,1536,736,1212,343,1193,431,919,8421,8473,965,3826,1914,3435,3189,13308,16508,9811,0.2506300756090731,0.48990128815457856,0.25946863623634836,0.27219266311957435,0.33348501820218424,0.3943223186782414,0.022035144217306075,0.001732707924950994,0.003710445253430412,0.03418160179221506,0.11698403808457015,0.12976057126855223,0.10695533464015682,0.026883225987118453,0.01288154578549426,0.021212545505460655,0.006003220386446373,0.02088000560067208,0.007543405208625035,0.016084430131615795,0.14738518622234667,0.14829529543545225,0.016889526743209184,0.0669630355642677,0.033499019882385885,0.060119714365723886,0.07448150224215247,0.31081838565022424,0.38555680119581465,0.22914331091180867
2700200,47455,11498,23669,12288,12993,17204,17258,1013,64,290,2790,4573,936,5847,1538,465,956,296,867,57,730,5508,8905,1793,4594,1326,4907,3045,10992,13872,8048,0.24229269834580128,0.49876725318723003,0.2589400484669687,0.27379622800547887,0.3625329259298283,0.36367084606469285,0.021346538826256454,0.001348646085765462,0.00611105257612475,0.05879254030133811,0.09636497734696028,0.019723949004319882,0.12321146349172901,0.03240965124855126,0.009798756716889685,0.02014540090612159,0.006237488146665262,0.018269939943103993,0.0012011379201348647,0.015382994415762302,0.11606785375619008,0.18765145927721,0.03778316299652302,0.09680750184385208,0.027942261089453167,0.10340322410704879,0.0846844842450705,0.3056984731762939,0.38579414300414383,0.22382289957449175
2700390,161893,39621,82144,40128,44487,52808,64598,673,3997,1926,7456,8649,3423,17962,9026,1441,4506,1734,4699,843,4056,16302,36376,4511,16329,5627,12357,9633,37333,46841,28465,0.24473572050675446,0.5073968608895999,0.2478674186036456,0.2747926099337217,0.3261907556225408,0.39901663444373753,0.004157066704551772,0.024689146535057105,0.01189674661659244,0.0460551104742021,0.053424175226847365,0.021143594843507748,0.11094982488433719,0.05575287381171515,0.008900940744812931,0.027833198470594775,0.01071077810652715,0.029025343899983323,0.005207142989505414,0.025053584775129253,0.10069613880773103,0.22469161730278642,0.027864083067211057,0.10086291562945897,0.03475752503196556,0.07632819207748327,0.07878336822821251,0.3053274666317718,0.38308852394661086,0.23280064119340488
2700600,48662,11668,24703,12291,13956,17720,16986,456,48,265,2661,5121,788,5656,936,682,1009,261,1062,93,1072,6064,9214,663,6820,1623,4168,2827,12240,13923,8004,0.23977641691669063,0.5076445686572685,0.25257901442604086,0.28679462414204104,0.36414450700752127,0.3490608688504377,0.009370761579877523,0.0009863959557765813,0.0054457276725165425,0.05468332579836423,0.10523611853191402,0.01619333360733221,0.11623032345567383,0.019234721137643334,0.014015042538325593,0.020734864987053552,0.005363528009535161,0.02182401052155686,0.0019111421643171263,0.022029509679010316,0.12461468907977477,0.1893469236776129,0.01362459413916403,0.14015042538325592,0.033352513254695654,0.08565204882659981,0.07641779748067254,0.330864464507758,0.37635832837757477,0.2163594096339947
2700700,51587,12189,26253,13145,14839,18527,18221,794,27,251,3083,5438,1824,7374,1113,487,2212,400,1669,125,1316,5635,9469,343,5086,1946,2995,3293,12417,15351,8337,0.23628045825498672,0.5089072828425766,0.25481225890243664,0.2876499893383992,0.3591408688235408,0.35320914183805996,0.015391474596313024,0.0005233876751894858,0.004865566906391145,0.05976311861515498,0.10541415472890457,0.035357745168356366,0.14294298951286177,0.021575203055033246,0.009440362882121465,0.042879019908116385,0.0077538914842886775,0.03235311221819451,0.0024230910888402117,0.025510302983309748,0.10923294628491674,0.18355399616182372,0.006648961947777541,0.09859073022273053,0.03772268207106442,0.05805726248861147,0.08358292299101477,0.3151682826539418,0.3896390679729936,0.21160972638204986
2700800,63526,15089,31174,17263,17305,21195,25026,2234,60,676,3509,10087,3491,7218,1222,825,1732,366,1406,373,1310,6391,11814,668,4674,2181,3289,3796,14455,19541,10645,0.2375247929981425,0.49072820577401377,0.27174700122784373,0.27240814784497686,0.3336429178604036,0.3939489342946195,0.03516670339703429,0.0009444951673330604,0.010641312218619149,0.05523722570286182,0.15878537921480967,0.0549538771526619,0.11362276863016718,0.01923621824135,0.012986808550829582,0.027264427163681014,0.005761420520731669,0.02213267008783805,0.005871611623587193,0.020621477820105153,0.10060447690709316,0.1859710984478796,0.010515379529641407,0.07357617353524541,0.034332399332556746,0.05177407675597393,0.07836984123707083,0.2984288870078659,0.4034312612259223,0.21977001052914094
2700900,91803,24860,46332,20611,22793,29693,39317,978,153,176,4819,11492,3478,13644,3245,1611,3625,1015,3179,414,4004,8400,18837,782,6361,2701,2889,4872,19339,24995,17737,0.2707972506345109,0.5046893892356459,0.22451336012984324,0.24828164656928423,0.32344258902214523,0.4282757644085705,0.010653246625927258,0.0016666122022156139,0.001917148677058484,0.05249283792468656,0.12518109429975055,0.037885472152326176,0.14862259403287476,0.035347428733265795,0.017548446129211463,0.03948672701327843,0.011056283563717961,0.034628497979368865,0.004509656547171661,0.04361513240308051,0.09150027776870037,0.2051893728963106,0.008518240144657583,0.06928967462936941,0.02942169645872139,0.03146955981830659,0.07277833380637258,0.28888756105940877,0.3733773508805999,0.26495675425361875
2701000,44362,11827,23048,9487,11443,13619,19300,433,95,750,4404,7691,1933,5430,1912,675,503,215,994,704,1359,4339,5685,372,3053,1479,2336,2546,10544,12129,7316,0.2666020467968081,0.519543753663045,0.21385419954014698,0.25794598981109956,0.30699697939678106,0.4350570307921194,0.009760605923989,0.002141472431360173,0.016906361300211892,0.09927415355484423,0.1733690996799062,0.043573328524412785,0.12240205581353411,0.043099950408006855,0.015215725170190703,0.011338532978675443,0.004846490239394076,0.022406564176547496,0.01586943780713223,0.03063432667598395,0.09780893557549254,0.12815021865560616,0.0083855552049051,0.06882016139939588,0.033339344484017853,0.05265767999639331,0.07825418779775627,0.32408175810665435,0.3727985246657446,0.22486552942984478
2701100,125059,30152,66919,27988,28107,34978,61974,429,0,463,8668,24167,6620,14239,4472,892,2260,1350,4399,907,5804,10852,16254,2738,10010,5178,5357,8001,26523,33398,26985,0.24110219976171246,0.5350994330675921,0.22379836717069543,0.22474991803868574,0.27969198538289924,0.495558096578415,0.0034303808602339694,0.0,0.0037022525368026293,0.06931128507344533,0.19324478845984694,0.05293501467307431,0.11385825890179835,0.035759121694560164,0.007132633397036599,0.018071470266034433,0.010794904804932072,0.03517539721251569,0.007252576783758066,0.04641009443542648,0.086775042180091,0.12997065385138215,0.021893666189558528,0.08004222007212596,0.04140445709625057,0.04283578151112675,0.08430358140073967,0.2794630533048142,0.3519023886541562,0.28433097664028995
2701200,83151,22705,43115,17331,22675,23608,36868,698,77,257,4469,9603,2812,12584,1995,943,3183,965,3779,1683,2746,7998,12025,1921,8549,3119,3745,4611,15813,20735,19287,0.2730574496999435,0.5185145097473272,0.20842804055272937,0.2726966602927205,0.2839172108573559,0.4433861288499236,0.00839436687472189,0.0009260261452057101,0.0030907625885437337,0.053745595362653484,0.11548868925208355,0.03381799377036957,0.15133913001647606,0.023992495580329763,0.011340813700376423,0.03827975610636072,0.011605392599006626,0.0454474389965244,0.020240285745210522,0.03302425707447896,0.09618645596565285,0.14461642072855407,0.02310254837584635,0.10281295474498202,0.03751007203761831,0.04503854433500499,0.07628296330609138,0.261605399861033,0.3430334513450021,0.3190781854878735
2701300,345775,77781,188524,79470,71236,84934,189605,71,35,1293,12330,29773,13510,27753,5768,7238,17486,4932,16202,22396,17315,37440,62204,6183,24847,11659,27340,21318,60918,87181,98577,0.22494685850625407,0.5452216036439882,0.2298315378497578,0.20601836454341696,0.24563372135058925,0.5483479141059938,0.00020533583978020388,0.00010122189284939629,0.0037394259272648398,0.03565902682380161,0.0861051261658593,0.039071650639866964,0.08026317692140843,0.016681367941580507,0.020932687441255152,0.05057045766755838,0.014263610729520641,0.046857060227026244,0.06477044320728798,0.050075916419637045,0.10827850480803991,0.1798973320801099,0.017881570385366207,0.07185886776082713,0.033718458535174606,0.07906875858578555,0.07954655701247043,0.22731105920281797,0.3253095218549669,0.3678328619297447
2701400,940453,219083,523409,197961,186605,231335,522513,800,297,3474,29970,73202,52148,75023,23113,21939,72099,16887,102696,46684,61664,73956,147703,17663,67989,29073,24073,57879,162532,231638,269321,0.23295475690970202,0.5565498754323714,0.21049536765792656,0.19842033573182286,0.24598252118925668,0.5555971430789205,0.0008506538870097708,0.00031580525555237744,0.0036939645043399297,0.03186762124210354,0.07783695729611155,0.05544987362473191,0.07977325820641755,0.02457645411307104,0.023328119533884202,0.07666411824939684,0.0179562402374175,0.10919843947544428,0.04963990757645518,0.06556840161071313,0.07863869858461826,0.15705516384125523,0.018781374507816976,0.07229388390488413,0.030913825571293834,0.025597238777482767,0.08023483094667092,0.22531017369727047,0.32110844642832387,0.3733465489277347
2701500,190805,45886,102208,42711,44273,50882,95650,920,218,569,10288,19157,11573,22261,11434,7008,12415,2463,8212,3567,9105,17057,23948,3166,14024,7296,6124,11779,36467,48735,47938,0.24048636042032442,0.5356673043159247,0.22384633526375095,0.23203270354550457,0.2666701606352035,0.5012971358192919,0.00482167658080239,0.0011425277115379576,0.0029821021461701736,0.05391892246010325,0.10040093288959932,0.06065354681481093,0.11666885039700217,0.05992505437488536,0.036728597258981685,0.06506642907680617,0.012908466759256833,0.04303870443646655,0.0186944786562197,0.047718875291528,0.08939493199863735,0.1255103377794083,0.016592856581326487,0.07349912214040513,0.03823799166688504,0.03209559497916721,0.081279887385367,0.251637121426452,0.3362913075580152,0.3307916836301658
2701690,87020,20891,47342,18787,20419,23345,43256,247,65,246,6923,15037,4794,7390,1968,778,1815,705,3029,1128,4433,7876,10016,3264,10022,3143,4141,5524,18075,22684,19846,0.24007124798896806,0.5440358538267065,0.21589289818432544,0.2346472075384969,0.26827166168696853,0.4970811307745346,0.0028384279475982535,0.0007469547230521719,0.002826936336474374,0.07955642381061825,0.17279935646977707,0.05509078372787865,0.08492300620547001,0.02261549069179499,0.008940473454378303,0.020857274189841415,0.008101585842335095,0.03480809009423121,0.012962537347736152,0.05094231211215813,0.09050792921167548,0.11509997701677775,0.03750861870834291,0.11516892668352104,0.03611813376235348,0.04758676166398529,0.08353369928473135,0.27332940162409836,0.34302650879341895,0.3001103902977514
2701800,42817,11648,21947,9222,12299,12579,17939,626,2,955,3990,6223,1798,5905,1161,254,785,290,964,135,1423,5095,5152,632,4412,1514,1501,2504,10139,11155,7371,0.2720414788518579,0.512576780250835,0.21538174089730713,0.2872457201578812,0.2937851787841278,0.418969101057991,0.014620361071537006,4.671041875890417e-05,0.02230422495737674,0.09318728542401383,0.14533946796833033,0.041992666464254855,0.13791251138566457,0.02711539808954387,0.00593222318238083,0.018333839362869888,0.006773010720041105,0.022514421841791813,0.0031529532662260317,0.03323446294696032,0.11899479178830838,0.12032603872293715,0.014760492327813719,0.10304318378214261,0.03535978700049046,0.035056169278557585,0.0803362315120793,0.3252911546729122,0.3578876447752575,0.23648496903975103
2701900,58953,13766,29645,15542,15817,19202,23934,2739,41,312,2934,12721,2378,6473,1902,556,1309,261,1286,512,1411,4827,10985,473,3244,1541,3048,3872,13517,17733,10065,0.23350804878462503,0.5028582090818109,0.26363374213356405,0.26829847505640086,0.3257170966702288,0.40598442827337033,0.046460739911454885,0.0006954692721320374,0.005292351534273065,0.04976845962037555,0.21578206367784505,0.04033721778365817,0.10979933167099215,0.03226298916085695,0.009431241836717385,0.02220412871270334,0.004427255610401506,0.02181398741370244,0.008684884569063491,0.02393432056044646,0.08187878479466694,0.18633487693586417,0.008023340627279359,0.055026885824300716,0.026139467033060235,0.0517022034502061,0.08568836169694824,0.2991347068847235,0.3924358775754089,0.22274105384291942
2702000,49777,11763,24341,13673,14044,16648,19085,1516,42,321,2409,7602,2456,5921,1881,592,2408,366,1108,802,815,4743,8326,775,3761,1186,2747,2798,11558,14841,8817,0.23631396026277196,0.4890009442111819,0.27468509552604614,0.28213833698294394,0.33445165437852825,0.3834100086385278,0.030455833015248006,0.0008437631837997469,0.00644876147618378,0.04839584547079977,0.1527211362677542,0.04934005665267091,0.11895051931615003,0.03778853687446009,0.011893042971653575,0.048375755871185484,0.007352793458826366,0.022259276372621893,0.01611185889065231,0.016373023685637946,0.09528497097052856,0.16726600638849268,0.015569439701066758,0.07555698414930591,0.023826265142535708,0.0551861301404263,0.07360446151417899,0.30404587783448206,0.39040879675908874,0.23194086389225022
2702100,51408,11868,24983,14557,14157,17784,19467,2114,60,323,2345,10129,2500,5765,1762,538,2077,187,1036,108,884,4992,8782,284,3247,1357,2918,3901,12039,14906,8694,0.230859010270775,0.4859749455337691,0.28316604419545593,0.27538515406162467,0.34593837535014005,0.3786764705882353,0.04112200435729847,0.0011671335200746965,0.006283068783068783,0.04561546840958606,0.19703159041394336,0.04863056333644569,0.11214207905384375,0.03427482103952692,0.010465297230003112,0.040402272019919076,0.0036375661375661374,0.020152505446623094,0.0021008403361344537,0.017195767195767195,0.09710550887021475,0.17082944288826643,0.00552443199502023,0.06316137566137567,0.02639666977902272,0.056761593526299406,0.09865958523014669,0.30447647951441575,0.37698533131006573,0.2198786039453718
2702200,60260,17203,29329,13728,17494,18742,24024,1039,69,150,2943,9745,2124,7163,1410,1373,1305,703,1776,462,1824,7304,10735,659,5140,1979,2357,3199,12089,15733,12036,0.2854795884500498,0.48670760039827415,0.22781281115167606,0.2903086624626618,0.31101891802190507,0.39867241951543314,0.017241951543312314,0.0011450381679389313,0.002489213408562894,0.04883836707600398,0.1617158977763027,0.03524726186525058,0.11886823763690674,0.023398606040491206,0.022784600066379026,0.021656156654497178,0.01166611350813143,0.029472286757384666,0.007666777298373714,0.030268835048124793,0.12120809824095585,0.17814470627281778,0.010935944241619647,0.08529704613342184,0.03284102223697312,0.03911384002655161,0.0742968622988132,0.280767354901642,0.36539935434424137,0.2795364284553034
2702300,58182,13397,29819,14966,14483,17908,25791,1126,218,793,2750,12421,2254,6054,2143,502,1201,324,1042,299,1109,6521,8056,1671,4471,1862,3365,3618,13355,16129,11683,0.23026021793681895,0.5125124608985597,0.2572273211646214,0.2489257846069231,0.307792788147537,0.44328142724553987,0.01935306452167337,0.0037468632910522153,0.013629644907359665,0.047265477295383454,0.21348527035853013,0.0387405039359252,0.10405279983500051,0.036832697397820635,0.008628098037193634,0.020642122993365646,0.005568732597710633,0.01790931903337802,0.0051390464404798735,0.019060877934756453,0.11207933725207109,0.13846206730603966,0.028720222749303907,0.07684507235914888,0.032003024990546906,0.05783575676326012,0.08078597744780619,0.2982025231662387,0.3601429049905102,0.2608685943954449
2702400,55526,13248,28594,13684,13866,18194,23466,790,24,311,2120,14392,2234,7176,1330,619,2772,413,774,962,2686,4705,5896,467,3449,1721,2685,3899,12894,15548,9937,0.2385909303749595,0.5149659618917264,0.24644310773331413,0.24972085149299428,0.32766631848143213,0.4226128300255736,0.014227569066743507,0.00043222994633144833,0.005600979721211685,0.0381803119259446,0.25919389115009184,0.040233404171018984,0.12923675395310305,0.023952742859201095,0.011147930699131938,0.04992255880128228,0.00743795699312034,0.013939415769189209,0.01732521701545222,0.048373734826927924,0.08473507906206101,0.10618449014875914,0.0084104743723661,0.062115045204048557,0.030994489068184274,0.04835572524583078,0.09222290553006292,0.3049813141586641,0.3677562798618667,0.2350395004494063
2702500,97496,22541,52236,22719,19171,26448,51877,301,15,159,4031,7614,1487,9842,1667,1629,1059,616,1557,637,2668,5882,44135,1075,7479,2689,2954,4769,16633,27212,26341,0.23119922868630507,0.5357758267005825,0.23302494461311232,0.196633708049561,0.27127266759661933,0.5320936243538197,0.003087306145893165,0.0001538524657421843,0.0016308361368671536,0.04134528596044966,0.07809551161073275,0.015251907770575203,0.10094773118897185,0.017098137359481416,0.016708377779601213,0.010861984081398211,0.006318207926479035,0.01596988594403873,0.006533601378518093,0.027365225240009845,0.0603306802330352,0.4526852383687536,0.011026093378189874,0.07671083941905309,0.027580618692048905,0.03029867892016083,0.06362484157160964,0.22190647721966514,0.3630444933626843,0.35142418784604096
2702600,45406,11852,21122,12432,13580,14291,17535,1345,34,106,1597,8264,1563,4861,2147,886,1106,134,679,1040,925,6239,6649,667,3652,1071,2441,2273,9841,12337,9103,0.26102277232083865,0.46518081310839976,0.2737964145707616,0.2990794168171607,0.3147381403338766,0.3861824428489627,0.029621635907148836,0.0007487997180989297,0.002334493238779016,0.035171563229529135,0.182002378540281,0.034422763511430206,0.10705633616702638,0.047284499845835354,0.019512839712813285,0.02435801435933577,0.002951151830154605,0.014953970840858036,0.022904461965379024,0.020371757036514997,0.1374047482711536,0.14643439193058186,0.014689688587411355,0.08042989913227326,0.023587191120116285,0.053759415055279036,0.0677415509328247,0.29328843058949755,0.36767598497943615,0.27129403349824166
2800100,64585,19669,33837,11079,21452,25590,17543,132,5,190,2294,4580,3856,10775,9147,336,970,528,1149,134,7372,4353,5972,1023,8176,1268,2325,6795,14307,15132,8682,0.30454439885422313,0.5239142215684757,0.17154137957730123,0.33215142835023614,0.3962220329797941,0.27162653866996983,0.002043818224045831,7.7417356971433e-05,0.002941859564914454,0.03551908337849346,0.07091429898583262,0.05970426569636913,0.1668344042734381,0.14162731284353952,0.005202446388480297,0.015018967252458002,0.008175272896183325,0.017790508632035303,0.0020747851668344044,0.11414415111868081,0.06739955097932956,0.09246729116667957,0.015839591236355192,0.12659286211968723,0.019633041727955408,0.03599907099171634,0.15128239380176328,0.31852791878172587,0.3368955383382314,0.19329414907827946
2800200,43796,10262,23873,9661,11174,19622,13000,271,69,415,1786,9807,1177,5367,2946,405,1112,446,705,112,3464,4613,5398,187,2766,629,2121,4742,10924,11191,6677,0.23431363594848845,0.5450954425061649,0.2205909215453466,0.25513745547538585,0.44803178372454106,0.2968307608000731,0.006187779705909216,0.0015754863457850031,0.009475751210156178,0.040779979906840805,0.22392455932048588,0.026874600420129693,0.12254543793953786,0.0672664170243858,0.009247419855694584,0.025390446616129325,0.010183578408987122,0.016097360489542425,0.0025573111699698603,0.07909398118549639,0.10532925381313361,0.1232532651383688,0.00426979632843182,0.06315645264407709,0.014362042195634304,0.04842908028130423,0.1414087195085585,0.3257589312339715,0.3337209995825133,0.19911134967495675
2800300,37062,7398,20860,8804,10274,16514,10274,1189,65,319,1288,2903,1022,4115,768,442,953,276,958,127,2426,4685,4990,162,7873,530,1971,4593,9421,9986,5664,0.19961146187469644,0.562840645404997,0.23754789272030652,0.2772111596783768,0.44557768064324643,0.2772111596783768,0.032081377151799685,0.0017538179267173925,0.008607198748043818,0.03475257676326156,0.07832820678862447,0.02757541417084885,0.11103016566833954,0.020722033349522422,0.011925961901678269,0.025713668987102693,0.007446980734984621,0.025848578058388645,0.003426690410663213,0.06545788138794452,0.12640979979493822,0.13463925314338135,0.004371053909664886,0.21242782364686202,0.014300361556311047,0.053181155900922775,0.15483414239482202,0.3175903451995685,0.33663700107874867,0.19093851132686085
2800400,48185,12753,25577,9855,13487,19988,14710,736,32,380,2104,10068,802,6034,910,481,1024,474,1381,63,1419,6761,7056,338,5474,677,1971,5002,11060,11266,8104,0.2646674276227042,0.5308083428452838,0.20452422953201205,0.2799003839369098,0.4148178893846633,0.3052817266784269,0.015274463007159905,0.0006641070872678219,0.007886271661305386,0.04366504098785929,0.20894469233163848,0.016644183874649787,0.12522569264293867,0.018885545294178685,0.009982359655494448,0.0212514267925703,0.009837086230154612,0.028660371484901942,0.0013074608280585244,0.02944899865103248,0.1403133755318045,0.14643561274255473,0.007014631109266369,0.11360381861575179,0.014050015565009857,0.04090484590640241,0.14117182208173404,0.3121472115601716,0.3179611650485437,0.2287198013095507
2800500,81845,20421,45624,15800,19920,36855,25070,123,0,433,2201,21913,2398,9724,3812,1576,2058,604,2078,819,6777,4336,12848,532,6201,1323,2089,8793,19834,20571,12226,0.24950821675117602,0.5574439489278514,0.19304783432097258,0.2433868898527705,0.45030240087971163,0.30631070926751786,0.0015028407355366852,0.0,0.005290488117783616,0.026892296413953205,0.2677377970554096,0.02929928523428432,0.11880994562893274,0.046575844584275154,0.01925591056264891,0.02514509133117478,0.0073798032867004705,0.02538945567841652,0.010006720019549147,0.08280285906286272,0.05297819048200868,0.15697965666809213,0.006500091636630216,0.07576516586230068,0.01616470157004093,0.025523856069399473,0.1431525136754363,0.322903099765564,0.3349016671008075,0.19904271945819224
2800600,64050,15938,33878,14234,18548,23918,21584,677,317,685,2315,9019,1608,7981,2254,627,1080,939,1362,430,2582,11583,8861,616,7454,1305,2355,6588,14588,15621,11315,0.2488368462138954,0.5289305230288837,0.2222326307572209,0.2895862607338017,0.37342701014832164,0.33698672911787664,0.010569867291178767,0.004949258391881343,0.010694769711163154,0.03614363778298205,0.1408118657298985,0.025105386416861827,0.12460577673692427,0.03519125683060109,0.009789227166276346,0.01686182669789227,0.014660421545667447,0.02126463700234192,0.006713505074160812,0.04031225604996097,0.18084309133489462,0.13834504293520686,0.009617486338797814,0.11637782982045278,0.020374707259953162,0.03676814988290398,0.13693049551047556,0.3032091785833056,0.3246799135350848,0.23518041237113402
2800700,39781,8379,21815,9587,11440,17712,10629,1036,27,308,1464,7319,1109,5176,905,388,922,353,633,164,2708,4395,6888,193,2858,813,2122,4974,10316,10257,5855,0.21062818933661798,0.5483773660792841,0.24099444458409794,0.287574470224479,0.44523767627761995,0.26718785349790103,0.026042583142706317,0.0006787159699353963,0.007742389582966743,0.036801488147608155,0.18398230310952465,0.0278776300243835,0.1301123651994671,0.02274955380709384,0.009753399864256806,0.023176893491867977,0.008873582866192404,0.015912118850707625,0.004122571076644629,0.06807269802166864,0.11047987732837285,0.17314798521907443,0.004851562303612277,0.07184334229908751,0.020436891983610265,0.05334204771121892,0.1583975542959047,0.32851410738169545,0.3266352461626648,0.18645309215973505
2800800,41736,8827,22556,10353,12377,18571,10788,1814,17,184,908,3767,1457,5435,2190,397,1051,458,835,427,1681,5242,7190,508,3663,1292,3220,5295,10217,10927,6470,0.21149607053862374,0.5404447000191681,0.24805922944220818,0.2965545332566609,0.44496358060187846,0.2584818861414606,0.043463676442399846,0.00040732221583285414,0.004408663983132068,0.021755798351543034,0.09025781100249185,0.03490990990990991,0.1302233084147978,0.05247268545140885,0.0095121717462143,0.025182096990607628,0.010973739697143952,0.020006708836496072,0.010230975656507572,0.04027697910676634,0.12559900325857773,0.1722733371669542,0.012171746214299405,0.08776595744680851,0.030956488403296914,0.0771516197048112,0.16089823452550975,0.31046218359719224,0.33203682883101887,0.19660275304627914
2800990,221111,48518,123692,48901,54456,84861,81794,909,542,1416,8195,18046,6202,23471,7027,4024,9257,2752,10283,4075,14665,22364,42664,2248,20565,4928,17478,21857,47894,58841,44001,0.21942825096897034,0.5594113363876062,0.22116041264342343,0.24628354084600043,0.3837936601978192,0.36992279895618035,0.0041110573422398706,0.0024512575131947303,0.006404023318604683,0.0370628326948908,0.08161511638950572,0.028049260326261472,0.10615030459814301,0.03178041798010954,0.01819900412010257,0.04186585018384431,0.012446237410169553,0.04650605352062991,0.018429657502340453,0.06632415393173564,0.10114376941897961,0.19295286078033205,0.010166839279818733,0.09300758442592182,0.022287448385652456,0.07904627087752306,0.12663897145307168,0.27749676985741023,0.3409234441721275,0.25494081451739065
2801300,73951,18800,39588,15563,21156,28084,24711,248,493,268,4066,4360,4801,11470,5203,566,2918,1164,1982,879,5373,5397,11534,726,7776,1507,3220,7313,16668,18730,12440,0.2542223905018188,0.5353274465524469,0.21045016294573435,0.2860813241200254,0.3797649795134616,0.334153696366513,0.0033535719598112262,0.006666576516882801,0.003624021311408906,0.05498235317980825,0.05895795864829414,0.06492136685102297,0.15510270314126923,0.07035739881813634,0.007653716650214331,0.039458560398101444,0.01574015226298495,0.026801530743330044,0.011886249002718017,0.0726562183067166,0.07298075752863382,0.1559681410663818,0.009817311462995767,0.10515070790117781,0.020378358642885154,0.043542345607226404,0.13259959021595258,0.30222480100088844,0.33961306231981286,0.2255625464633461
2801400,37833,8479,20676,8678,8956,18932,9945,1411,202,545,3064,8588,611,4423,1144,301,717,145,482,163,919,4120,3590,255,3075,491,3587,5004,9703,9531,5116,0.22411651203975366,0.5465070176829752,0.22937647027727118,0.2367245526392303,0.5004096952396057,0.2628657521211641,0.03729548277958396,0.005339254090344408,0.014405413263552982,0.0809874976872043,0.22699759469246425,0.01614992202574472,0.1169085190177887,0.030238151877990116,0.007956017233632014,0.01895170882562842,0.0038326328866333625,0.012740200354188142,0.004308408003594746,0.024290962915972828,0.1088996378822721,0.09489070388285359,0.006740147490286258,0.08127824914756958,0.012978087912668834,0.0948114080300267,0.17047080466035294,0.33055120256183146,0.32469169448797436,0.17428629828984124
2801500,42434,9696,22866,9872,12397,17886,12151,581,191,387,1713,3895,1359,6349,1072,355,1181,485,776,752,3318,4402,8122,227,4599,883,1787,4594,10198,11170,6776,0.22849601734458216,0.5388603478342838,0.232643634821134,0.2921478060046189,0.42150162605457886,0.2863505679408022,0.013691850874298911,0.004501107602394306,0.009120045246736107,0.04036857237121176,0.09178960267709856,0.032026205401329125,0.14962058726492908,0.025262760993542913,0.00836593297827214,0.027831455907998303,0.011429514068907009,0.018287222510251215,0.017721638308903238,0.07819201583635764,0.10373756893057454,0.19140312013951077,0.00534948390441627,0.10838007258330584,0.020808785407927605,0.04211245699203469,0.14032622640356773,0.3115034516464048,0.3411937198362759,0.2069766021137516
2801600,51915,11013,27911,12991,14504,22885,14526,1092,409,1204,2108,6249,1775,7425,3123,585,1472,442,948,267,1391,5636,8837,580,4667,1122,2583,6192,12944,13760,8006,0.21213522103438312,0.5376288163343927,0.2502359626312241,0.2793797553693538,0.4408167196378696,0.27980352499277666,0.021034383126264086,0.007878262544543966,0.023191755754598864,0.04060483482615814,0.12036983530771453,0.0341905037079842,0.14302224790522972,0.06015602427044207,0.011268419531927188,0.028354040258114225,0.008513916979678321,0.018260618318405086,0.00514302224790523,0.026793797553693537,0.10856207261870365,0.170220552826736,0.01117210825387653,0.08989694693248579,0.021612250794568043,0.04975440624097082,0.15138624028164882,0.3164637426042736,0.3364138672925529,0.19573614982152462
2801700,43046,9694,23338,10014,10569,19581,12896,883,1308,378,2713,9019,1215,4896,1550,361,829,392,778,735,744,4552,6720,165,3018,662,2128,4902,10864,11223,6363,0.22520094782325883,0.5421641964410165,0.23263485573572457,0.24552803977140733,0.4548854713562236,0.2995864888723691,0.020512939645960137,0.03038609859220369,0.008781303721600148,0.06302560052037355,0.20952004832040144,0.028225619105143335,0.11373879106072574,0.0360079914510059,0.008386377363750407,0.019258467685731542,0.009106537192770525,0.018073688612182316,0.017074757236444735,0.017283835896482833,0.10574734005482507,0.15611206616178042,0.003833108767365144,0.07011104399944246,0.015378896993913488,0.049435487617897136,0.14697769249220435,0.3257375869513073,0.33650155912688895,0.19078316142959942
2801800,69869,19257,36956,13656,21157,28261,20451,380,296,700,3295,4911,2264,10612,2652,562,2158,852,1868,1213,4232,7702,13430,824,7766,1433,2719,6809,15172,16781,11850,0.2756157952740128,0.5289327169417052,0.195451487784282,0.30280954357440354,0.4044855372196539,0.29270491920594255,0.005438749660078146,0.004236499735218766,0.010018749373828163,0.04715968455251972,0.07028868310695731,0.03240349797478138,0.15188424050723498,0.03795674762770327,0.008043624497273468,0.030886373069601684,0.012194249237859422,0.026735748329015728,0.01736106141493366,0.06057049621434399,0.11023486811032074,0.19221686298644605,0.011793499262906296,0.11115086805307074,0.0205098112181368,0.038915685067769684,0.13453331225796253,0.2997708053426065,0.33156168497589505,0.23413419742353592
2801900,31236,7294,16789,7153,8713,12225,10298,451,164,479,1319,2088,585,5186,522,273,802,242,1903,23,1488,4070,4090,303,4352,513,2383,2966,7000,7977,5999,0.2335126136509156,0.5374887949801511,0.22899859136893327,0.27894096555256753,0.39137533615059544,0.32968369829683697,0.014438468433858369,0.00525035215776668,0.015334870021769753,0.04222691765911128,0.06684594698424895,0.01872839031886285,0.16602637981815854,0.016711486746062237,0.008739915482135997,0.02567550262517608,0.007747470866948393,0.06092329363554873,0.0007363298757843514,0.04763734152900499,0.1302983736714048,0.13093866051991293,0.009700345754898195,0.13932641823536945,0.016423357664233577,0.07629017799974389,0.12388271656503216,0.2923732353186868,0.3331801854481664,0.2505638626681146
2802000,84627,20683,46282,17662,22771,36068,25788,9,13,840,3870,3153,1631,12229,2030,1032,2330,1305,2738,990,5013,5114,13422,1475,22169,1841,3423,8987,18614,21999,14344,0.24440190482942797,0.5468940172758103,0.20870407789476172,0.26907488153898873,0.4261996762262635,0.3047254422347478,0.00010634903754121025,0.00015361527644841482,0.009925910170512958,0.04573008614272041,0.03725761281860399,0.01927280891441266,0.14450470889905112,0.023987616245406313,0.012194689638058776,0.027532584163446654,0.015420610443475487,0.03235374053198152,0.011698394129533128,0.05923641391045411,0.06042988644286103,0.1586018646531249,0.01742942559703168,0.26196131258345445,0.021754286457040896,0.0404480839448403,0.14054485174527712,0.29109846115350935,0.3440354059802327,0.22432128112098085
2802100,48161,10213,27591,10357,10145,14965,23051,22,41,563,3781,12696,508,4908,623,697,1121,560,2169,339,2104,4459,5997,441,4378,1051,1703,5194,11559,12704,8491,0.21205955025850792,0.5728909283445112,0.21504952139698097,0.21064761944311788,0.3107285978281182,0.47862378272876394,0.0004568011461556031,0.0008513112269263512,0.011689956603891116,0.07850750607337888,0.2636157887087062,0.010547953738502107,0.10190818296962273,0.012935777911588215,0.01447229085774797,0.02327609476547414,0.011627665538506261,0.04503644027325014,0.007038890388488611,0.04368680052324495,0.0925852868503561,0.12451983970432508,0.00915678661157368,0.09090342808496502,0.021822636573160855,0.035360561450136004,0.13687150837988826,0.30460103299251606,0.33477390112785915,0.2237535574997365
2900100,35560,8403,17875,9282,10386,14364,10810,1580,79,450,1104,5361,1593,4293,693,668,1094,191,638,271,756,4954,5881,186,2518,865,2385,2618,10085,8740,5714,0.2363048368953881,0.5026715410573678,0.2610236220472441,0.2920697412823397,0.40393700787401576,0.30399325084364454,0.04443194600674916,0.0022215973003374577,0.01265466816647919,0.031046119235095614,0.15075928008998876,0.04479752530933633,0.12072553430821148,0.019488188976377954,0.018785151856018,0.03076490438695163,0.005371203599550056,0.01794150731158605,0.007620922384701912,0.02125984251968504,0.1393138357705287,0.1653824521934758,0.005230596175478065,0.07080989876265467,0.024325084364454443,0.06706974128233971,0.0964024008542917,0.3713591339249549,0.3218323084287661,0.21040615679198732
2900200,54770,13758,28772,12240,13151,20247,21372,53,45,465,2420,11323,1960,5783,1795,561,1997,414,1761,375,3647,3532,8897,884,4284,1393,3181,4568,13841,13684,8919,0.251195910169801,0.5253240825269307,0.22348000730326822,0.24011320065729413,0.3696731787474895,0.39021362059521636,0.0009676830381595764,0.0008216176739090743,0.008490049297060435,0.044184772685776884,0.2067372649260544,0.03578601424137302,0.1055870001825817,0.03277341610370641,0.01024283366806646,0.03646156655103159,0.007558882599963484,0.03215263830564177,0.006846813949242286,0.06658754792769764,0.06448785831659667,0.16244294321708966,0.016140222749680484,0.07821800255614388,0.025433631550118678,0.058079240460105895,0.11138203452648006,0.3374865892909392,0.3336584414317761,0.21747293475080465
2900300,41833,10017,20670,11146,12944,16719,12170,551,146,531,1786,5267,1877,5399,1140,541,1276,214,1063,200,797,5661,7891,699,3738,1094,1962,3191,11636,10273,6716,0.23945210718810508,0.49410752276910574,0.2664403700427892,0.30942079219754737,0.3996605550641838,0.29091865273826883,0.013171419692587193,0.003490067649941434,0.012693328233691105,0.04269356727942055,0.12590538570028448,0.04486888341739775,0.12906078932899864,0.02725121315707695,0.012932373963139149,0.030502235077570338,0.005115578610188129,0.025410561040327014,0.004780914588960869,0.01905194463700906,0.13532378744053739,0.18863098510745105,0.016709296488418235,0.08935529366767862,0.02615160280161595,0.046900772117706116,0.10029544883077697,0.36572793562987177,0.32288785516721147,0.2110887603721398
2900400,37506,9201,19200,9105,9827,15277,12402,734,164,320,2652,6231,1533,4766,1717,308,1070,198,697,184,1290,4058,4710,422,2765,1056,2631,3262,10540,9109,5394,0.24532074868021117,0.5119180931051032,0.24276115821468566,0.26201141150749213,0.4073214952274303,0.3306670932650776,0.019570202100997174,0.004372633711939423,0.008531968218418387,0.07070868661014237,0.1661334186530155,0.040873460246360585,0.12707300165306884,0.04577934197195115,0.008212019410227697,0.02852876873033648,0.005279155335146377,0.01858369327574255,0.004905881725590572,0.03439449688049912,0.10819602196981816,0.12557990721484563,0.011251533088039247,0.07372153788727137,0.028155495120780676,0.07014877619580867,0.11524465642112701,0.37237237237237236,0.3218159335806395,0.19056703762586116
2900500,78544,17803,42413,18328,17485,32853,28206,466,178,1337,3971,6202,2280,8055,1911,1315,2508,472,2515,1209,3046,5399,8670,1077,5068,2029,20836,5935,20178,19774,14854,0.22666276227337542,0.539990323894887,0.2333469138317376,0.22261407618659604,0.41827510694642495,0.35911081686697904,0.005932980240374822,0.0022662456712161335,0.01702230596862905,0.05055764921572622,0.07896211040945203,0.02902831533917295,0.10255398248115706,0.02433031167243838,0.016742208189040538,0.03193114687309024,0.0060093705438989614,0.03202026889386841,0.015392646160114076,0.038780810755754735,0.06873854145447138,0.11038398859238134,0.01371205948258301,0.06452434304338969,0.025832654308413118,0.26527806070482784,0.09770994879899902,0.3321973625722329,0.32554617144926823,0.24454651717949985
2900600,95836,27196,48652,19988,25627,32182,38027,187,56,615,3654,3989,2736,10397,1557,1644,5320,1343,4140,3148,4528,15024,19383,1584,10545,2597,3389,6624,19609,21497,20910,0.28377645143787306,0.5076589173170833,0.20856463124504362,0.2674047330856881,0.33580282983430026,0.39679243708001166,0.0019512500521724613,0.0005843315664259777,0.006417212738428148,0.03812763470929505,0.0416231896155933,0.028548770816812053,0.10848741600233733,0.016246504445093703,0.01715430527150549,0.05551149881046788,0.014013523101965858,0.043198797946491924,0.032847781626946036,0.047247380942443344,0.15676781167828374,0.20225176342919154,0.016528235736049085,0.11003172085646312,0.027098376393004716,0.035362494261029255,0.0965034965034965,0.2856789044289044,0.31318473193473195,0.30463286713286714
2900700,49979,12038,25400,12541,13931,21587,14461,695,47,641,1923,8227,1934,5830,1587,740,1396,389,1122,927,1335,5788,8824,378,3975,1506,2715,4653,13386,12359,7543,0.24086116168790891,0.5082134496488525,0.25092538866323855,0.27873706956921906,0.4319214069909362,0.28934152343984476,0.013905840452990256,0.000940394965885672,0.012825386662398207,0.03847615998719462,0.16460913583705156,0.03869625242601893,0.11664899257688228,0.031753336401288544,0.014806218611816963,0.027931731327157407,0.007783268972968647,0.022449428760079233,0.01854779007183017,0.02671121871185898,0.11580863962864403,0.17655415274415254,0.00756317653414434,0.07953340402969247,0.03013265571540047,0.05432281558254467,0.1226377797106033,0.35281094330671303,0.3257426003531799,0.19880867662950372
2900800,33825,8799,16723,8303,10342,13804,9679,461,48,210,1943,3363,1019,4157,1062,321,957,287,748,123,883,6094,5743,247,3132,767,2260,2615,8555,8015,5841,0.2601330376940133,0.49439763488543975,0.24546932742054695,0.305750184774575,0.40810051736881003,0.2861492978566149,0.013628972653362898,0.0014190687361419069,0.006208425720620843,0.05744271988174427,0.09942350332594235,0.030125646711012564,0.12289726533628972,0.03139689578713969,0.009490022172949003,0.02829268292682927,0.008484848484848486,0.022113821138211382,0.0036363636363636364,0.026104951958610494,0.18016260162601627,0.16978566149297858,0.007302291204730229,0.09259423503325942,0.022675535846267553,0.06681448632668145,0.10449132901782146,0.34184448173899146,0.32026692240070326,0.23339726684248382
2900900,155536,42404,81160,31972,39291,50919,65326,159,118,547,6327,18330,8878,19076,8159,1402,3986,2889,14196,1938,13058,11465,17149,4832,16067,3845,3115,13025,34818,37147,28142,0.27263141652093403,0.5218084559201728,0.2055601275588931,0.252616757535233,0.32737758461063676,0.42000565785413024,0.001022271371258101,0.0007586668038267668,0.0035168706923156055,0.040678685320440285,0.11785052978088674,0.05708003291842403,0.12264684703219833,0.05245730891883551,0.009013990330212942,0.025627507458080446,0.018574477934368894,0.09127147412817611,0.012460137845900627,0.08395484003703323,0.07371283818537187,0.11025743236292562,0.031066762678736756,0.10330084353461579,0.024720964921304392,0.020027517745087955,0.11513099741894424,0.3077643814305413,0.32835095286921473,0.24875366828129972
2901000,386900,88831,209262,88807,84919,118254,183727,196,82,3499,20537,23368,15857,38805,12178,10584,25163,6120,37184,9023,19920,25597,62275,7163,36327,11803,21219,31475,85378,94149,87067,0.22959679503747737,0.540868441457741,0.2295347635047816,0.2194856552080641,0.3056448694753166,0.47486947531661927,0.0005065908503489274,0.00021194107004393901,0.009043680537606617,0.053080899457224086,0.0603980356681313,0.04098475058154562,0.10029723442750064,0.0314758335487206,0.02735590591884208,0.06503747738433704,0.01581804083742569,0.09610752132333937,0.023321271646420262,0.05148617213750323,0.06615921426725252,0.16095890410958905,0.01851382786249677,0.09389247867666063,0.030506590850348927,0.054843628844662706,0.10559635520634483,0.2864370330359749,0.3158631055225468,0.2921035062351335
2901100,31398,8587,15606,7205,9718,11891,9789,587,84,569,2220,2071,932,4656,2672,175,894,171,951,108,1656,3649,4449,439,3397,567,1151,2664,7826,7365,4956,0.27348875724568444,0.49703802789986623,0.22947321485444933,0.30951015988279507,0.37871838970635074,0.3117714504108542,0.018695458309446463,0.0026753296388304986,0.018122173386839927,0.07070514045480604,0.0659596152621186,0.029683419326071724,0.1482896999808905,0.08510096184470349,0.005573603414230206,0.028473151156124595,0.0054462067647620864,0.03028855341104529,0.0034397095356392127,0.05274221287980126,0.11621759347729155,0.14169692337091536,0.013981782279126059,0.10819160456080006,0.018058475062105867,0.036658385884451236,0.11678576125553461,0.3430800929376178,0.3228705449125422,0.21726360089430538
2901200,33095,7690,16823,8582,9580,14029,9486,1273,72,386,1550,3929,1126,4469,929,343,1254,203,812,118,660,3785,7162,294,2814,763,1153,2807,9666,8196,4736,0.23236138389484817,0.5083245203202901,0.25931409578486175,0.28946970841516845,0.4239008913733192,0.2866294002115123,0.03846502492823689,0.0021755552198217255,0.011663393261822027,0.046834869315606584,0.11871883970388276,0.03402326635443421,0.1350355038525457,0.028070705544644206,0.010364103338872941,0.037890920078561714,0.006133857078108476,0.024535428312433903,0.00356549327693005,0.019942589515032482,0.11436772926423931,0.21640731228282217,0.008883517147605378,0.08502794984136576,0.02305484212116634,0.03483909956186735,0.11049006101161189,0.3804762841960244,0.3226136587285967,0.18641999606376697
2901300,29395,7469,15031,6895,8476,13442,7477,273,15,217,989,6607,1406,4065,457,232,775,193,534,66,984,3653,4831,274,2360,571,893,2696,8513,6980,3737,0.25409083177411124,0.5113454669161422,0.23456370130974655,0.2883483585643817,0.45728865453308387,0.25436298690253445,0.009287293757441742,0.0005102908657935023,0.007382207858479334,0.03364517775131825,0.2247661166865113,0.04783126382037761,0.1382888246300391,0.01554686171117537,0.007892498724272836,0.02636502806599762,0.0065657424732097295,0.01816635482224868,0.0022452798094914103,0.03347508079605375,0.12427283551624425,0.16434767817656065,0.009321313148494641,0.08028576288484436,0.019425072291205988,0.030379316210239836,0.12295904405728358,0.3882605126334033,0.31834351910973274,0.1704369241995804
2901400,36227,9313,18257,8657,10881,15937,9409,249,40,259,2589,2131,737,6476,754,344,1053,596,1071,68,1682,4316,4411,914,6323,906,1308,3265,9878,8717,5054,0.257073453501532,0.503961133960858,0.23896541253761008,0.3003560880006625,0.439920501283573,0.2597234107157645,0.006873326524415491,0.0011041488392635327,0.007149363734231374,0.07146603362133215,0.058823529411764705,0.02034394236343059,0.17876169707676595,0.02081320562011759,0.009495680017666382,0.0290667181936125,0.01645181770502664,0.02956358517128109,0.0018770530267480056,0.04642945869103155,0.11913765975653517,0.12176001324978607,0.025229800977171722,0.17453832776658293,0.025008971209319015,0.03610566704391752,0.12131232815634986,0.3670208813257041,0.3238834807163558,0.18778330980159025
2901500,34614,8597,17726,8291,10314,14359,9941,69,290,233,1208,5408,1246,4323,1833,244,992,327,648,247,696,3900,7305,570,3202,778,1095,2839,9492,8587,5099,0.24836771248627723,0.5121049286415901,0.23952735887213267,0.29797191887675506,0.4148321488415092,0.28719593228173573,0.0019934130698561277,0.00837811290229387,0.006731380366325764,0.03489917374472757,0.15623736060553534,0.03599699543537297,0.12489166233315999,0.05295545155139539,0.007049170855723118,0.028658924134743167,0.009447044548448604,0.0187207488299532,0.0071358409891951234,0.020107470965505286,0.11267117351360721,0.21104177500433352,0.016467325359681054,0.0925059224591206,0.022476454613740104,0.031634598717282025,0.10912095937271783,0.3648383749087135,0.3300534266056809,0.19598723911288773
2901600,38791,9629,20029,9133,10022,15386,13383,129,59,485,2606,9816,943,4632,1358,690,1117,647,1270,345,2075,3232,3530,439,3439,1054,925,3258,10540,9819,5545,0.2482276816787399,0.5163311077311747,0.23544121059008533,0.2583588976824521,0.3966383955041118,0.3450027068134361,0.0033255136500734707,0.0015209713593359285,0.012502900157252972,0.0671805315666005,0.25304838751256736,0.02430976257379289,0.11940914129566137,0.03500812044030832,0.017787631151555773,0.028795339125054782,0.016679126601531282,0.03273955298909541,0.008893815575777887,0.053491789332577144,0.08331829548091052,0.09100048980433606,0.011317058080482586,0.08865458482637725,0.027171251063390994,0.02384573741331752,0.11172073246005075,0.361429257252589,0.3367053014196557,0.19014470886770454
2901700,151451,42489,77841,31121,41794,50298,59359,151,45,761,9386,16094,6288,20405,4651,4307,8317,1943,5842,1603,9490,13943,18996,3036,18277,4949,2967,11535,33681,35472,28274,0.2805461832539897,0.5139682141418677,0.2054856026041426,0.27595724029554114,0.3321074142792058,0.39193534542525305,0.0009970221391737261,0.0002971258030650177,0.005024727469610633,0.06197383972373903,0.10626539276729767,0.041518378881618474,0.13473004470092637,0.0307096024456755,0.02843824075113403,0.054915451202038945,0.0128292318967851,0.03857353203346297,0.010584281384738298,0.0626605304686004,0.09206277938078983,0.12542670566717948,0.020046087513453197,0.12067929561376287,0.032677235541528286,0.01959049461542017,0.1058625942989299,0.3091077623391641,0.3255446853031332,0.2594849580587728
2901800,643268,147259,345870,150139,145550,198217,299501,316,380,1950,30927,44848,36503,72391,20795,16409,38397,12045,45746,29279,52246,44076,102364,10943,54306,18528,10819,49484,137440,161771,147314,0.22892324816406226,0.5376763650609078,0.23340038677503,0.22626650167581785,0.3081406194618728,0.4655928788623093,0.0004912415975922943,0.0005907335667249109,0.0030313959345094114,0.048077939521319266,0.06971899736968107,0.056746177331998486,0.11253629902311323,0.032327117158011905,0.02550880814839227,0.059690517793516855,0.018724699503161978,0.0711149940615731,0.045516021316154384,0.08121964717660446,0.06851887549201888,0.15913118637954943,0.017011572159659736,0.08442204493306056,0.0288029250638925,0.01681880646946529,0.09976431879260256,0.2770917463191192,0.32614529171849704,0.2969986431697812
2901900,229838,46074,128549,55215,46900,67908,115030,297,4,1657,6863,18713,9101,8371,7330,5931,14894,2420,18396,9547,14999,13812,51408,7124,21951,7615,9405,19928,50061,59231,54544,0.20046293476274593,0.5593026392502545,0.24023442598699954,0.20405677042090517,0.2954602807194633,0.5004829488596315,0.0012922145163114889,1.7403562509245644e-05,0.007209425769455008,0.02986016237523821,0.08141821630887842,0.03959745559916115,0.036421305441223815,0.03189202829819264,0.025805132310583977,0.06480216500317615,0.010529155318093614,0.08003898398002071,0.041537952818942035,0.06525900851904384,0.060094501344425205,0.223670585368825,0.030995744828966488,0.09550640016011278,0.03313203212697639,0.04092012634986382,0.10844343832306653,0.2724200605123963,0.32232102043925903,0.2968154807252781
2902000,49805,13452,25895,10458,15416,17939,16450,88,149,523,4209,4221,1922,7142,1064,525,1242,495,1294,100,3278,7019,6760,408,5991,1956,1419,4114,12321,12144,7774,0.2700933641200683,0.5199277181005924,0.2099789177793394,0.30952715590804136,0.3601847204095974,0.3302881236823612,0.0017668908744101998,0.002991667503262725,0.010500953719506073,0.08450958739082422,0.08475052705551651,0.03859050296155005,0.14339925710270054,0.0213633169360506,0.010541110330288124,0.024937255295653046,0.009938761168557374,0.025981327175986346,0.0020078305391024996,0.06581668507177994,0.14092962553960445,0.135729344443329,0.0081919485995382,0.12028912759763076,0.039273165344844894,0.02849111534986447,0.1131681016697384,0.338926636041042,0.33405771188072514,0.21384755040849449
2902100,44660,11259,23339,10062,12730,19085,12845,111,413,265,2518,6258,1518,5058,2012,354,1568,248,944,336,1736,4057,8942,500,3125,1186,3511,3894,12533,11172,5802,0.2521047917599642,0.5225929243170623,0.22530228392297358,0.28504254366323334,0.4273399014778325,0.28761755485893414,0.002485445588893865,0.009247648902821317,0.00593372145096283,0.05638154948499776,0.14012539184952977,0.03399014778325123,0.11325570980743395,0.045051500223914014,0.007926556202418271,0.03510971786833856,0.0055530676220331395,0.021137483206448725,0.007523510971786834,0.038871473354231974,0.09084191670398567,0.20022391401701747,0.011195700850873265,0.0699731303179579,0.026556202418271384,0.07861621137483206,0.11658333582826862,0.37522828657824614,0.3344810035627676,0.17370737403071765
2902200,58389,14956,30174,13259,16219,22791,19379,407,135,448,2873,6888,2579,7036,1870,1050,1319,443,1911,805,2351,5264,14007,952,4959,1424,1668,5004,15447,13860,9122,0.2561441367380842,0.5167754200277449,0.22708044323417081,0.27777492335885184,0.3903303704464882,0.33189470619465994,0.00697049101714364,0.00231207933001079,0.0076726780729246945,0.049204473445340735,0.11796742537121718,0.044169278459983904,0.12050214937745123,0.032026580349038346,0.017982839233417255,0.0225898713798832,0.007587045505146517,0.0327287674048194,0.01378684341228656,0.04026443336929901,0.09015396735686516,0.23989107537378615,0.016304440904964978,0.08493038072239634,0.024388155303224923,0.02856702461079998,0.1152119356249856,0.3556512329334838,0.31911219579582345,0.21002463564570717
2902300,35706,8056,18797,8853,11556,14836,9314,1578,37,556,861,4264,1952,4677,1774,210,1038,599,386,142,435,3384,8524,342,2529,433,1985,3983,10526,8416,4725,0.22562034391978938,0.5264381336470061,0.2479415224332045,0.3236430851957654,0.41550439702010866,0.26085251778412594,0.04419425306671148,0.0010362404077746037,0.015571612614126477,0.024113594353890103,0.11941970537164623,0.0546686831344872,0.1309863888422114,0.04968352657816613,0.005881364476558562,0.02907074441270375,0.01677589200694561,0.010810508037864784,0.003976922646053885,0.012182826415728449,0.09477398756511511,0.23872738475326274,0.009578222147538229,0.07082843219626954,0.012126813420713605,0.055592897552232116,0.14405063291139242,0.3806871609403255,0.304376130198915,0.17088607594936708
2902400,33385,7998,17585,7802,11068,14056,8261,249,754,331,1313,4288,881,3998,590,418,1037,239,601,109,947,3399,8907,235,2939,858,1292,3149,9224,8547,4467,0.23956866856372622,0.526733562977385,0.23369776845888873,0.3315261344915381,0.42102740751834655,0.24744645799011533,0.007458439418900704,0.022584993260446308,0.009914632319904148,0.03932903998801857,0.1284409165793021,0.0263890968998053,0.11975438070989966,0.01767260745843942,0.012520593080724876,0.031061854126104536,0.0071589036992661375,0.01800209675003744,0.003264939344016774,0.02836603264939344,0.10181219110378913,0.2667964654785083,0.007039089411412311,0.08803354800059907,0.025700164744645797,0.03870001497678598,0.12403986292196793,0.3633355654468823,0.3366683735770276,0.1759561980541222
2902500,31041,7218,16020,7803,9426,14594,7021,205,81,299,945,4798,1283,4143,1026,375,837,208,888,298,735,3834,5995,186,2432,634,1839,2807,9266,7759,3991,0.23253116845462452,0.5160916207596404,0.251377210785735,0.30366289745820046,0.4701523791114977,0.22618472343030185,0.006604168680132728,0.002609452015076834,0.009632421635900905,0.030443606842563063,0.15456976257208208,0.041332431300538,0.1334686382526336,0.03305305885763989,0.012080796366096453,0.026964337489127282,0.006700815051061499,0.0286073257949164,0.009600206178924648,0.023678360877549046,0.12351406204697013,0.19313166457266195,0.005992074997583841,0.07834799136625753,0.02042459972294707,0.059244225379337004,0.11782730974268564,0.3889518532510599,0.3256936573899173,0.16752717961633715
2902600,197474,53677,102137,41660,49704,80478,67292,290,205,915,9587,14704,10004,23791,11111,3828,8406,2842,9233,5360,11594,16801,36210,2850,18447,5729,5567,15260,47488,48309,32740,0.2718180621246341,0.5172174564752828,0.21096448140008306,0.25169895783748747,0.4075371947699444,0.34076384739256815,0.0014685477581858877,0.0010381113463038172,0.004633521374965819,0.04854816330251071,0.07446043529781136,0.05065983369962628,0.12047661970689812,0.05626563496966689,0.019384830408053718,0.042567629156243354,0.0143917680302217,0.04675552224596656,0.027142813737504684,0.05871152658071442,0.08507955477683138,0.18336591146176207,0.014432279692516483,0.09341482929398301,0.029011414160851554,0.028191052999382196,0.10612182451650591,0.3302433291376037,0.33595276674756774,0.22768207959832262
2902700,54857,13877,27859,13121,15921,25031,13905,571,68,312,2209,9128,1169,7442,856,528,1055,894,2334,207,3922,4423,4201,3442,9354,1358,1384,5963,14554,13072,7391,0.25296680460105364,0.5078476766866581,0.23918551871228833,0.29022731830030807,0.4562954591027581,0.25347722259693384,0.010408881273128315,0.001239586561423337,0.005687514811236488,0.04026833403211987,0.16639626665694443,0.02130995132799825,0.1356618116193011,0.015604207302623184,0.00962502506516944,0.019231820916200303,0.016296917439889168,0.04254698579944219,0.0037734473266857467,0.07149497785150483,0.08062781413493264,0.07658092859616822,0.06274495506498715,0.17051606905226316,0.024755272800189583,0.025229232367792623,0.14551000488042948,0.35514885309907274,0.31898487066861886,0.18035627135187896
2902800,78147,18910,40872,18365,19471,32018,26658,484,120,371,2833,12893,3064,10265,6307,713,1704,662,2038,1483,4073,7271,12878,581,6353,2282,1772,7435,21290,19493,11019,0.24197985847185433,0.5230143191677223,0.2350058223604233,0.24915863692784113,0.40971502424917144,0.34112633882298743,0.006193455922812136,0.0015355675841682982,0.004747463114386989,0.03625219138290657,0.1649839405223489,0.03920815898243055,0.13135501042906317,0.0807068729445788,0.009123830729266638,0.021805059695189834,0.008471214505995112,0.026079056137791597,0.018977056061013218,0.05211972308597899,0.09304259920406413,0.16479199457432786,0.007434706386681511,0.08129550718517665,0.029201376892267136,0.02267521465955187,0.12551277073450715,0.35940375103398214,0.3290679811604234,0.18601549707108733
3000100,50672,10904,26356,13412,14149,19261,17262,473,362,315,3521,2838,1302,7106,1120,505,1682,817,2335,137,1891,4612,8407,1836,6277,1910,3226,3949,13105,13790,8924,0.21518787496053046,0.5201294600568361,0.26468266498263343,0.2792271866119356,0.38011130407325544,0.340661509314809,0.009334543732238711,0.007143984843700663,0.006216450899905273,0.06948610672560783,0.05600726239343227,0.025694663719608463,0.14023523839595833,0.022102936532996525,0.009966056204610042,0.033193874329018,0.016123302810230503,0.04608067571834544,0.0027036627723397537,0.037318440164193244,0.09101673508051784,0.1659101673508052,0.03623302810230502,0.12387511840858857,0.03769340069466372,0.06366435112093465,0.09930094548380608,0.32953631060148864,0.3467612150472742,0.2244015288674311
3000200,85991,20686,44266,21039,24527,32326,29138,990,135,430,4689,4103,2777,11518,2230,1415,3018,1113,4502,319,4214,9206,14790,1998,9295,3899,5350,6323,20544,22146,16292,0.24056005861078486,0.5147748020141643,0.24466513937505088,0.2852275238106313,0.37592306171576095,0.3388494144736077,0.011512832738309824,0.0015699317370422485,0.005000523310579014,0.054528962333267435,0.047714295682106264,0.03229407728715796,0.13394424997964904,0.02593294647114233,0.016455210428998383,0.03509669616587782,0.012943214987614983,0.05235431614936447,0.003709690549010943,0.049005128443674335,0.10705771534230327,0.1719947436359619,0.023234989708225278,0.10809270737635333,0.045341954390575756,0.06221581328278541,0.09682260163846566,0.31458540693668174,0.33911645356404563,0.24947553786080698
3000300,71963,15153,37205,19605,18999,24312,28652,999,1011,996,4159,2537,1490,7717,1314,868,2349,795,3362,469,1959,5687,12657,1460,8441,3027,10666,5139,17538,19440,14693,0.21056654113919654,0.5170017925878576,0.2724316662729458,0.26401067215096646,0.3378402790322805,0.39814904881675306,0.013882133874352097,0.014048886233203174,0.013840445784639329,0.05779358837180218,0.03525422786709837,0.020705084557341966,0.10723566277114628,0.018259383294192848,0.012061753956894515,0.032641774245098176,0.011047343773883802,0.04671845253810986,0.00651723802509623,0.0272223225824382,0.07902672206550589,0.17588205049817268,0.020288203660214277,0.11729638842182788,0.04206328252018399,0.14821505495879828,0.09045942615736666,0.30871325470867805,0.34219327583171977,0.2586340433022355
3000400,56238,12572,27902,15764,16488,21139,18611,999,203,498,3191,1917,2553,7683,1618,1092,2487,592,1926,180,1928,5956,10398,1295,5869,2051,3802,4419,14539,15319,9389,0.2235499128703012,0.49614139905402044,0.2803086880756784,0.29318254560973006,0.3758846331661866,0.33093282122408335,0.017763789608449803,0.0036096589494647746,0.008855222447455458,0.05674099363419752,0.03408727195134962,0.04539635122159394,0.13661581137309292,0.02877058216864042,0.019417475728155338,0.044222767523738396,0.010526690138340624,0.03424730609196629,0.0032006828123332977,0.034282869234325546,0.1059070379458729,0.18489277712578683,0.023027134677620114,0.10436004125324513,0.036470002489419964,0.0676055336249511,0.1012000183208904,0.3329592818210965,0.35082214995648786,0.21501854990152522
3000500,69733,18628,35652,15453,19036,24062,26635,937,1436,218,6595,4168,2032,8948,1554,737,1767,1197,5020,377,2289,8645,7208,2444,8902,2927,2332,4884,15252,16660,14309,0.2671332080937289,0.5112643941892647,0.2216023977170063,0.27298409648229677,0.3450590107983308,0.38195689271937244,0.013436966715902084,0.020592832661724004,0.0031262099723230034,0.09457502186912939,0.059770840204781094,0.029139718641102492,0.1283180129924139,0.02228500136233921,0.010568884172486484,0.02533950927107682,0.017165474022342364,0.07198887183973154,0.005406335594338405,0.032825204709391535,0.1239728679391393,0.10336569486469821,0.035047968680538624,0.12765835400742834,0.0419743880228873,0.03344184245622589,0.09556794834164954,0.2984443792192545,0.32599549946189216,0.2799921729772038
3000690,125055,28320,63309,33426,31649,42594,50812,1247,3005,1230,7550,4496,7740,16246,5018,1937,4218,1647,6280,903,4219,10838,18907,2755,12708,4687,9424,9306,32066,33811,21552,0.2264603574427252,0.5062492503298549,0.26729039222741996,0.25308064451641277,0.34060213506057335,0.4063172204230139,0.009971612490504178,0.024029427052097076,0.009835672304186157,0.06037343568829715,0.03595218104034225,0.061892767182439724,0.12991083923073848,0.04012634440846028,0.015489184758706169,0.03372915916996522,0.013170205109751709,0.05021790412218624,0.007220822837951301,0.033737155651513334,0.08666586701851185,0.15118947663028268,0.02203030666506737,0.10161928751349407,0.03747950901603295,0.07535884210947183,0.0962009613893627,0.33148291724815215,0.34952188969866127,0.22279423166382384
3100100,45201,10058,21739,13404,12689,17703,14809,2241,133,389,1832,2112,2982,6322,1273,607,1660,214,1107,1028,1617,4930,7924,246,3996,1076,3512,3632,11225,12732,7554,0.2225172009468817,0.4809406871529391,0.2965421119001792,0.2807238777903144,0.3916506271985133,0.32762549501117233,0.04957854914714276,0.0029424127784783522,0.008606004291940444,0.040530076768213096,0.046724629986062256,0.06597199177009358,0.13986416229729431,0.02816309373686423,0.013428906440123007,0.03672485122010575,0.004734408530784717,0.024490608614853655,0.022742859671246212,0.035773544833078916,0.10906838344284418,0.1753058560651313,0.005442357469967478,0.08840512378044733,0.023804783080020354,0.07769739607530807,0.10334917337734399,0.3194092706940216,0.36229121019833255,0.21495034573030192
3100200,89145,20335,44186,24624,21079,32925,35141,3077,204,1073,4309,21938,4911,8435,3645,690,3322,574,1831,210,2322,8710,11474,774,4685,2118,4843,9180,21968,24235,13427,0.2281115037298783,0.4956643670424589,0.2762241292276628,0.23645745695215659,0.3693420831230019,0.39420045992484154,0.03451679847439565,0.002288406528689214,0.01203656963374278,0.04833697907902855,0.24609344326658814,0.05509002187447417,0.09462112288967413,0.0408884401817264,0.007740198552919401,0.03726512984463515,0.006438947781703966,0.020539570362891918,0.002355712603062426,0.026047450782433115,0.09770598463177968,0.1287116495597061,0.008682483594144372,0.05255482640641651,0.0237590442537439,0.05432721969824443,0.13341084144746404,0.3192559221043453,0.3522017148670251,0.19513152158116553
3100300,51581,11699,26263,13619,12906,20194,18481,1584,67,290,2615,9012,2925,6356,2177,464,1984,403,1263,462,1833,4818,7028,628,3934,1379,2359,4570,12223,14237,8852,0.2268083208933522,0.5091603497411837,0.26403132936546403,0.25020841007347666,0.3915007463988678,0.35829084352765556,0.030708981989492255,0.0012989278998080688,0.0056222252379752235,0.05069696205967313,0.17471549601597489,0.05670692696923286,0.12322366762955352,0.04220546325197263,0.008995560380760357,0.03846377542118222,0.007812954382427639,0.024485760260561058,0.008956786413601907,0.035536340900719256,0.09340648688470561,0.13625172059479265,0.012175025687753242,0.07626839340067079,0.02673465035575115,0.045733894263391556,0.114588034702372,0.30647911338448425,0.35697808535178777,0.221954766561356
3100400,43172,9607,21484,12081,11584,16941,14647,2283,158,586,2256,4887,2300,5548,1480,571,1457,246,1108,400,814,4480,6438,435,3713,1084,2928,4145,10557,11941,6922,0.22252849068840916,0.49763735754655797,0.2798341517650329,0.26832206059483,0.3924071157231539,0.3392708236820161,0.052881497266746964,0.0036597794867043454,0.013573612526637635,0.05225609191142407,0.1131983693134439,0.05327527100898731,0.1285092189382007,0.03428147873621792,0.013226165107013806,0.033748726026128044,0.0056981376818308165,0.025664782729546927,0.00926526452330214,0.018854813304919855,0.10377096266098397,0.14912443250254795,0.010075975169091077,0.08600481793755212,0.0251088668581488,0.06782173631057167,0.12349173245940712,0.3145240577983018,0.3557574854759422,0.2062267242663489
3100500,55170,13988,26773,14409,15241,20389,19540,1686,91,494,2820,6979,2999,6210,1292,608,1521,348,1704,1068,1428,5862,9800,732,4998,1912,2618,3962,12411,14834,9975,0.2535435925321733,0.48528185608120356,0.26117455138662315,0.2762552111654885,0.36956679354721766,0.3541779952872938,0.030560087003806417,0.001649447163313395,0.008954141743701287,0.0511147362697118,0.12649990937103497,0.054359253217328256,0.11256117455138662,0.02341852456044952,0.011020482146093892,0.02756933115823817,0.006307775965198477,0.030886351277868408,0.019358346927678086,0.02588363240891789,0.10625339858618815,0.17763277143375023,0.013268080478520934,0.09059271343121261,0.03465651622258474,0.04745332608301613,0.09620708076344034,0.3013695303773493,0.36020591520567236,0.24221747365353796
3100600,55603,11649,27555,16399,14421,21072,20110,1739,55,1060,2520,10576,2874,5354,1552,439,1978,187,1041,122,1380,6443,8800,452,3689,1302,4040,4149,14325,15517,9963,0.20950308436595147,0.4955667859647861,0.29493012966926246,0.2593565095408521,0.37897235760660397,0.36167113285254393,0.03127529090157006,0.0009891552614067587,0.019063719583475712,0.04532129561354603,0.19020556444796144,0.05168785856878226,0.09628976853766882,0.02791216301278708,0.007895257450137583,0.03557362012841034,0.0033631278887829795,0.018722011402262467,0.0021941262162113555,0.024818804740751398,0.11587504271352266,0.15826484182508138,0.008129057784651908,0.06634534107871877,0.02341600273366545,0.07265795011060554,0.09439413932747873,0.3259089047640715,0.35302816580971014,0.22666879009873958
3100701,35905,8523,17845,9537,9631,12531,13743,514,326,394,2478,5716,1557,4605,1370,549,1009,243,884,244,1350,4162,4646,500,2431,1101,1826,2744,9002,9302,6334,0.23737640997075615,0.49700598802395207,0.2656176020052917,0.2682356217796964,0.34900431694750034,0.3827600612728032,0.014315554936638351,0.009079515387828993,0.010973402033143016,0.06901545745717867,0.15919788330316112,0.04336443392285197,0.12825511767163347,0.038156245648238406,0.015290349533491157,0.028101935663556607,0.006767859629578053,0.0246205263890823,0.006795710903773847,0.03759922016432252,0.11591700320289654,0.12939701991366104,0.01392563709789723,0.06770644756997633,0.0306642528895697,0.050856426681520676,0.10021181798261632,0.3287561171572566,0.33971221970637644,0.23131984515375065
3100702,71881,18646,38527,14708,16994,24473,30414,55,24,141,7041,3245,4441,8404,10302,1300,3807,729,3411,2118,3434,6579,6428,894,6103,1580,1845,6063,15300,18005,13867,0.2594009543551147,0.5359830831513196,0.20461596249356576,0.23641852506225566,0.34046549157635536,0.42311598336138895,0.0007651535176193987,0.00033388517132482853,0.0019615753815333675,0.09795356213742157,0.04514405753954453,0.06178266857723182,0.11691545749224412,0.14332020979118265,0.01808544678009488,0.05296253530140092,0.010141762078991666,0.04745342997454126,0.02946536636941612,0.04777340326372755,0.09152627258941862,0.08942557838649991,0.012437222631849864,0.08490421669147619,0.021980773778884546,0.025667422545596192,0.11389123696816005,0.2874049027895182,0.33821733821733824,0.26048652202498357
3100800,175721,46542,89224,39955,43361,59036,73324,335,2,800,8848,12853,4212,18400,8153,3613,12229,1727,9937,2442,9408,18990,26048,3622,14561,5242,14299,10805,33622,44575,40177,0.2648630499484979,0.5077594595978853,0.22737749045361683,0.24676048963982677,0.335964398108365,0.41727511225180824,0.0019064312176689184,1.1381678911456228e-05,0.004552671564582491,0.050352547504282356,0.07314435952447346,0.023969815787526817,0.1047114459853973,0.04639741408255132,0.02056100295354568,0.06959327570409911,0.009828079740042454,0.05654987167157027,0.013897029950888056,0.0535394175994901,0.1080690412642769,0.14823498614280592,0.02061222050864723,0.08286431331485708,0.029831380426926776,0.0813733133774563,0.08364362628600625,0.2602745028216661,0.34506382616369535,0.31101804472863237
3100900,347896,86298,185711,75887,80592,113460,153844,454,31,2461,16752,23330,12296,38184,9141,10039,28757,5474,23727,13266,27483,27692,57605,6318,29399,8871,6616,26074,68835,86736,79953,0.24805689056499644,0.5338118288224067,0.21813128061259687,0.23165543725711132,0.3261319474785568,0.44221261526433187,0.0013049876974728079,8.910708947501552e-05,0.0070739531354197804,0.04815232138340193,0.067060270885552,0.03534389587692874,0.10975693885529009,0.02627509370616506,0.02885632487869938,0.08265976038816197,0.015734587347943065,0.06820141651528043,0.03813208545082438,0.07899774645296295,0.07959850070135903,0.16558109320026676,0.01816059971945639,0.08450513946696714,0.025498999701060086,0.01901717754731299,0.0996720158410997,0.26313274566319317,0.33156216790648246,0.3056330705892247
3200100,216873,52606,112829,51438,47147,80915,88811,333,228,832,15219,12960,9582,23851,14595,2483,6135,4157,11378,3122,16372,17804,25169,6075,32385,5835,8358,24452,38701,53931,47183,0.24256592568000626,0.5202537890839339,0.2371802852360598,0.21739451199549967,0.37309854154274624,0.4095069464617541,0.0015354608457484335,0.0010513065250169454,0.0038363466176056953,0.0701747105448811,0.05975847615885795,0.044182540011896365,0.1099768067025402,0.06729745058167684,0.011449096936916998,0.02828844531131123,0.01916790010743615,0.05246388439317019,0.01439552180308291,0.07549118608586593,0.08209412882193726,0.11605409617610306,0.028011785699464664,0.14932702549418322,0.026905147252078404,0.03853868393022645,0.14885521742041918,0.23559814204922475,0.3283130513128017,0.2872335892175544
3200200,66922,13898,34720,18304,12924,24506,29492,845,329,399,5212,8687,1096,6160,5159,710,1254,837,1993,569,2261,4412,6270,2637,8398,1390,8304,7479,14133,18344,13068,0.20767460625803175,0.5188129464152297,0.2735124473267386,0.19312034906308836,0.36618750186784615,0.44069214906906545,0.01262663996891904,0.004916171064821733,0.005962164908400825,0.0778817130390604,0.12980783598816534,0.016377275036609785,0.0920474582349601,0.07708974627177909,0.010609366127730792,0.018738232569259734,0.012507097815367144,0.029780939003616152,0.00850243567137862,0.03378560114760468,0.06592749768387078,0.09369116284629868,0.0394040823645438,0.12548937569110308,0.02077044917964197,0.12408475538686829,0.14104933614966808,0.2665396801448401,0.34595654797827396,0.24645443572721787
3200300,61976,13025,33286,15665,12566,18643,30767,1447,12153,751,3258,1178,1670,6260,1640,496,563,622,1128,765,2386,5469,5182,1671,8629,1583,5125,7704,15062,16565,9620,0.21016199819284884,0.5370788692397057,0.2527591325674455,0.20275590551181102,0.3008099909642442,0.49643410352394474,0.02334774751516716,0.1960920356266942,0.012117593907318962,0.05256873628501355,0.01900735768684652,0.0269459145475668,0.10100684135794501,0.026461856202400928,0.008003097973409062,0.009084161610946172,0.010036143023105718,0.018200593778236736,0.012343487801729702,0.03849877371885891,0.08824383632373822,0.08361301148831805,0.026962049825738996,0.1392313153478766,0.025542145346585776,0.08269330063250291,0.15738187166758597,0.3076954505525934,0.33839962411390984,0.1965230536659108
3200400,961850,219118,536450,206282,201491,383052,377307,895,475,3466,59008,22902,23339,108495,39892,12467,26504,21124,43187,21922,77481,60299,93738,21645,267872,24975,32164,137408,183667,235566,186091,0.22780890991318814,0.5577272963559806,0.21446379373083121,0.209482767583303,0.39824504860425225,0.3922721838124448,0.0009304985184800125,0.0004938399958413474,0.0036034724749181265,0.061348443104434165,0.023810365441596922,0.024264698237770964,0.11279825336590944,0.04147424234548006,0.012961480480324375,0.027555232104798044,0.021961844362426573,0.04489993242189531,0.022791495555440036,0.08055414045849145,0.06269064822997349,0.09745594427405521,0.022503508863128345,0.27849664708634403,0.025965587149763478,0.03343972552892863,0.18500347366210154,0.24728569659042562,0.3171615064383923,0.25054932330908053
3300100,63109,13202,31720,18187,14575,19635,28899,472,41,265,1853,5464,1068,7666,1043,656,1153,564,2310,580,1513,10959,15215,1484,6717,1305,2781,4133,14403,15865,15506,0.20919361739213108,0.5026224468776245,0.2881839357302445,0.23094962683610895,0.3111283652093996,0.45792200795449145,0.007479123421382053,0.0006496696192302208,0.00419908412429289,0.02936189766911217,0.08658036096277869,0.0169231013009238,0.12147237319558225,0.016526961289198054,0.010394713907683532,0.01826997734079133,0.008936918664532792,0.036603337083458774,0.009190448272037268,0.023974393509642047,0.17365193554009728,0.241090811136288,0.023514871096040186,0.106434898350473,0.020678508612083854,0.044066614904371804,0.08281403410343238,0.28859679002945476,0.3178912777766646,0.31069789809044823
3300290,539492,128528,270220,140744,127078,157907,254507,1095,450,1947,23563,55323,25388,80801,13290,11511,23752,6153,34839,7575,31749,49496,76367,7969,45584,17926,24714,33709,107068,132087,138100,0.23823893588783523,0.5008786043166534,0.26088245979551133,0.23555122226094177,0.292695721159906,0.47175305657915223,0.002029687187205742,0.0008341180221393459,0.0036089506424562367,0.04367627323482091,0.10254646964181119,0.047059085213497144,0.1497723784597362,0.024634285587182017,0.02133673900632447,0.04402660280411943,0.01140517375605199,0.06457741727402816,0.014040986706012323,0.058849806855337986,0.09174556805290904,0.1415535355482565,0.014771303374285439,0.08449430204711099,0.033227554810822034,0.045809761775892875,0.08202421623305205,0.2605289027749389,0.32140771454433964,0.3360391664476694
3300500,45255,10356,21868,13031,11201,15541,18513,376,32,133,2251,7880,1618,6897,642,491,1391,385,1163,1131,1699,5450,5735,426,3431,1893,2231,2970,10744,11428,9757,0.22883659264169706,0.4832173240525909,0.2879460833057121,0.24750856258976908,0.3434095680035355,0.4090818694066954,0.008308474201745663,0.0007071041873826096,0.0029389017788089716,0.049740360181195445,0.17412440614296762,0.0357529554745332,0.1524030493868081,0.014186277759363606,0.010849629875151917,0.030736935145287813,0.008507347254447023,0.02569881781018672,0.02499171362280411,0.037542812948845435,0.1204286819136007,0.12672632858247707,0.009413324494530992,0.07581482709092918,0.041829632084852506,0.04929842006408132,0.08510272500644718,0.30785982406372675,0.32745923951975703,0.27957821141006906
3400190,153241,32096,78762,42383,39099,54963,59179,801,97,1413,7946,2880,3808,18647,2681,1178,2675,2136,5903,1144,6065,15118,23174,2987,39356,5260,9972,16048,33272,37919,33906,0.20944786316977831,0.5139747195593869,0.27657741727083485,0.2551471212012451,0.35867032974204033,0.38618254905671456,0.0052270606430393956,0.0006329898656364811,0.009220769898395337,0.051852963632448235,0.018793925907557376,0.02484974647777031,0.12168414458271612,0.017495317832694906,0.0076872377496883994,0.017456163820387494,0.013938828381438388,0.03852102244177472,0.007465365013279736,0.03957818077407482,0.09865505967724042,0.15122584686865786,0.019492172460372877,0.2568242180617459,0.03432501745616382,0.06507396845491742,0.1324693549052788,0.2746460852697181,0.31300507656114573,0.27987948326385736
3400300,454929,91018,241268,122643,101194,132273,221462,259,30,1451,17029,32655,37842,54084,14790,10306,14289,8290,35263,15537,28266,40130,76788,8513,30958,15201,13248,44609,76402,101229,141671,0.20007078027560343,0.530342097338266,0.2695871223861306,0.22243910588245638,0.29075526071101204,0.48680563340653155,0.0005693196081146729,6.594435615227871e-05,0.0031895086925652133,0.03743221469723847,0.07178043167175538,0.08318221085048436,0.11888448527132806,0.0325105675830734,0.02265408448351281,0.03140929683533035,0.018222623750079683,0.07751319436659347,0.034152582051265146,0.062132772366677,0.08821156707969816,0.1687911740073726,0.018712810130811622,0.06805017925874147,0.033414005262359624,0.029121027676846278,0.12258216981624628,0.20994693757539618,0.27816966236250074,0.38930123024585683
3400400,177264,38212,92205,46847,43779,55456,78029,156,107,1137,7987,18487,10313,26083,5126,2276,4604,2092,7306,3270,12313,21210,28574,1275,11178,6368,7402,20119,32243,39932,46758,0.215565484249481,0.5201563769293257,0.2642781388211933,0.24697062009206608,0.3128441195053705,0.4401852604025634,0.0008800433252098565,0.0006036194602400939,0.006414161927971839,0.045057089990071304,0.10429077534073472,0.058178761621084936,0.14714211571441466,0.028917321057857208,0.012839606462677136,0.025972560700424228,0.011801606643198844,0.04121536239732828,0.018447062009206608,0.06946136835454464,0.1196520444083401,0.16119460240093872,0.007192661792580558,0.06305848903330626,0.03592381983933568,0.041756927520534344,0.1446868797284469,0.2318772833184708,0.287173143859851,0.3362626930932313
3400600,270819,54609,154563,61647,50913,75712,144194,17,67,1194,5656,9327,13673,28737,24561,8917,40534,5734,16161,2839,18759,24634,27908,2896,17976,6633,14596,30533,44074,57639,83964,0.20164390238498775,0.5707243583352719,0.22763173927974034,0.18799641088697616,0.2795667955350252,0.5324367935779986,6.277255288587581e-05,0.00024739770843256934,0.004408848714455042,0.020884797595441974,0.03443997651568022,0.05048759503579882,0.10611146189890665,0.0906915689076468,0.032926050240197326,0.14967192109859354,0.021172812838094815,0.05967454277580229,0.01048301633194126,0.06926766585800849,0.09096112163474497,0.10305037681994247,0.01069348900926449,0.06637643592214726,0.024492373134824365,0.05389577540719078,0.14121918505157025,0.2038481106331807,0.2665880394061329,0.3883446649091161
3400800,47098,9719,23574,13805,10677,11488,24933,574,42,129,3627,2570,2002,6250,520,786,3074,377,4401,963,1572,5072,6312,1282,3501,1918,2126,2887,8344,10800,15348,0.20635695783260435,0.5005308081022549,0.29311223406514075,0.2266975243110111,0.24391693914815915,0.5293855365408298,0.01218735402777188,0.0008917576117881864,0.0027389698076351436,0.07700963947513695,0.05456707291180093,0.04250711282857021,0.1327020255637182,0.011040808526901355,0.0166886067348932,0.06526816425325917,0.008004586182003483,0.09344345832094782,0.0204467280988577,0.0333772134697864,0.1076903477854686,0.13401842965731028,0.02721983948362988,0.07433436663977239,0.04072359760499384,0.04513992101575438,0.07723588110971401,0.22322694561117204,0.2889322881832045,0.4106048850959095
3400900,440170,91423,240532,108215,89055,122976,228139,220,10,1121,15676,31350,34376,45332,32438,10968,14674,6356,44950,11463,44902,39227,52840,4292,24218,13723,12034,41990,72884,94248,139625,0.2076992979985006,0.5464525069859373,0.24584819501556218,0.20231955835245474,0.2793829656723539,0.5182974759751914,0.0004998068927914215,2.2718495126882797e-05,0.0025467433037235612,0.03561351296090147,0.07122248222277756,0.0780970988481723,0.10298748210918508,0.0736942544925824,0.02491764545516505,0.033337119749187814,0.014439875502646705,0.10211963559533817,0.02604221096394575,0.10201058681872913,0.08911784083422314,0.12004452825044869,0.009750778108458097,0.055019651498284756,0.03117659086262126,0.027339437035690757,0.12040246941192326,0.20898817767608036,0.2702474859998796,0.4003618669121168
3401000,195947,37946,109772,48229,34643,43321,117983,131,413,349,6411,16221,14069,20270,3552,7271,8768,2966,24835,12258,15943,13813,23324,2778,12278,5689,4608,13978,28548,40972,74503,0.1936544065487096,0.5602127105799017,0.24613288287138868,0.17679780757041444,0.22108529347221442,0.6021168989573711,0.000668548127810071,0.0021077127998897663,0.001781093867219197,0.03271803089610966,0.08278258916952033,0.07180002755847244,0.10344634008175681,0.018127350763216584,0.03710697280387044,0.04474679377586797,0.015136746160951686,0.12674345613864973,0.06255773244805994,0.08136383818073255,0.07049355182779017,0.11903218727513051,0.014177303046231889,0.06265980086451949,0.029033361061919803,0.023516563152280973,0.0884677945076297,0.1806824007442991,0.2593148144631996,0.4715349902848716
3401100,257074,59037,128404,69633,67120,75484,114470,722,6,1535,14224,9628,8825,36985,4867,5044,9891,3648,20271,3300,11842,26572,45852,8147,24694,10845,10176,19369,44995,58669,75004,0.22964982845406381,0.4994826392400632,0.270867532305873,0.26109213689443506,0.2936275158125676,0.44528034729299737,0.0028085298396570636,2.333958315504485e-05,0.005971043357165641,0.05533037179955966,0.037452251102795306,0.03432863689054513,0.1438690804982223,0.018932291869267214,0.01962080957234104,0.038475302831091435,0.01419046655826727,0.07885278168931903,0.012836770735274668,0.046064557287006855,0.10336323393264196,0.17836109447085274,0.03169126399402507,0.09605794440511292,0.04218629655274357,0.039583933030956066,0.0978049556396027,0.22720501724425235,0.2962527204512288,0.3787373066649162
3401200,161724,42288,78553,40883,47013,54536,60175,141,103,1808,9678,5545,4187,26460,3356,1255,3791,2765,8237,594,6979,19278,34430,5110,14001,6599,7407,11865,30925,37678,38968,0.2614825257846702,0.4857225891024214,0.25279488511290843,0.29069896861319283,0.3372164922955158,0.37208453909129136,0.000871855754247978,0.0006368875367910762,0.011179540451633647,0.05984269496178675,0.034286809626276865,0.025889787539264426,0.16361207983972695,0.020751403625930597,0.007760134550221365,0.023441171378397765,0.017097029507061413,0.05093245282085528,0.0036729242412999927,0.04315376814820311,0.11920308674037249,0.2128935717642403,0.0315970418738097,0.08657342138458114,0.040804085973634094,0.04580025228166506,0.09934190696272481,0.2589252821594829,0.3154660236444623,0.32626678723332997
3401300,345262,64022,190869,90371,66425,95150,183687,52,15,1405,10598,17127,14872,29680,31199,5572,19822,7249,24113,6515,17644,45416,55510,4801,23551,12794,17327,34834,60521,80568,105317,0.18543019504028824,0.5528236527622501,0.2617461521974616,0.19239012691810856,0.275587814471329,0.5320220586105624,0.00015061026119294913,4.344526765181225e-05,0.004069373403386414,0.030695529771593746,0.04960580660483922,0.04307453470118345,0.0859637029270525,0.09036326036459269,0.016138468757059855,0.05741147302628149,0.020995649680532465,0.06983971592587658,0.018869727916770454,0.05110322016323835,0.13154068504498034,0.1607764538234732,0.013905381999756706,0.06821196656452201,0.03705591695581906,0.05018507684019672,0.123858626084483,0.21519342909970132,0.2864741857488266,0.37447375906698904
3401500,298334,58579,161820,77935,57815,71325,169194,372,68,747,12428,18421,18422,28586,8949,5953,15845,4852,39989,11147,27008,23425,39285,5184,19880,10860,6913,22162,47283,65964,104346,0.19635375116480186,0.5424121957269369,0.2612340531082612,0.19379286303270832,0.2390776780387083,0.5671294589285834,0.001246924587878016,0.00022793245154759432,0.002503905019206661,0.04165800746813974,0.06174623073467992,0.0617495826824968,0.09581878029322839,0.029996581013226786,0.01995414535386513,0.05311161315840635,0.01626365080748423,0.13404104124906985,0.03736416231472108,0.09052940663819746,0.07851937761032936,0.13168126998598886,0.01737649748268719,0.06663672259950257,0.036402153291277564,0.02317201525806646,0.09243602844570499,0.19721382244374466,0.2751308627557298,0.43521928635482054
3401600,37284,8623,17916,10745,10822,11172,15290,81,69,196,2130,2361,1088,5562,696,224,748,305,1753,1287,1348,5745,5987,1109,3434,1458,1703,2402,7210,9067,9982,0.23127883274326788,0.48052784036047635,0.28819332689625576,0.2902585559489325,0.2996459607338268,0.41009548331724066,0.0021725136787898295,0.0018506598004505955,0.005256946679540821,0.05712906340521403,0.06332475056324428,0.029181418302757216,0.14917927261023495,0.018667524943675573,0.006007939062332368,0.020062225083145584,0.008180452741122198,0.04701748739405643,0.034518828451882845,0.03615491900010728,0.15408754425490828,0.1605782641347495,0.029744662589850875,0.09210385151807746,0.03910524621821693,0.04567642956764296,0.08380726422664946,0.2515613551515997,0.3163532326157496,0.3482781480060012
3401700,30635,6919,15045,8671,8156,8903,13576,323,74,208,1160,3057,862,5082,1170,175,452,232,1097,1167,942,4055,4880,372,2658,1268,1401,2167,6447,7164,7938,0.2258527827648115,0.49110494532397586,0.2830422719112127,0.26623143463358906,0.2906153092867635,0.44315325607964745,0.010543496001305696,0.0024155377835808713,0.006789619716011099,0.037865186877754205,0.09978782438387465,0.028137750938469073,0.1658886894075404,0.03819161090256243,0.005712420434143953,0.01475436592133181,0.007573037375550841,0.03580871552146238,0.03809368369511996,0.03074914313693488,0.1323649420597356,0.15929492410641424,0.012142973722866003,0.08676350579402645,0.04139056634568304,0.04573200587563245,0.09137291280148423,0.2718417945690673,0.3020745488277956,0.3347107438016529
3401800,237830,47788,127249,62793,50582,67190,120058,26,26,1796,10591,19480,15181,29080,18021,2480,7863,3089,16103,3064,17453,22707,33030,2665,14844,10736,9595,24566,42048,54274,69154,0.20093343985199513,0.535041836605979,0.26402472354202583,0.21268132699827608,0.28251271916915444,0.5048059538325694,0.00010932178446789724,0.00010932178446789724,0.007551612496320901,0.04453180843459614,0.08190724467056301,0.063831308077198,0.12227221124332506,0.07577261068830678,0.010427616364630198,0.033061430433502924,0.01298826893158979,0.06770802674179036,0.01288315183113989,0.07338435016608502,0.09547575999663625,0.13888071311440944,0.011205482907959467,0.06241432956313333,0.045141487617205565,0.04034394315267208,0.12926616221677314,0.22125635385862072,0.2855895012681407,0.36388798265646544
3402000,211210,47864,110206,53140,47540,63495,100175,567,8,931,8248,16119,13474,25123,10009,3250,16847,3566,14522,4026,17241,17370,31071,2837,14243,5999,5759,17507,41618,49940,54281,0.22661805785710903,0.5217840064390891,0.2515979357038019,0.2250840395814592,0.3006249704085981,0.47429099000994274,0.0026845319823871976,3.787699446048956e-05,0.004407935230339472,0.03905118128876474,0.07631740921357891,0.06379432792007954,0.1189479664788599,0.04738885469438,0.015387528999573883,0.07976421570948346,0.01688367028076322,0.06875621419440367,0.01906159746224137,0.08162965768666257,0.08224042422233796,0.14710951186023388,0.01343212916055111,0.0674352540125941,0.02840301122105961,0.02726670138724492,0.10717740256878037,0.25478432284843217,0.3057313922593758,0.33230688232341166
3402100,218410,50994,113643,53773,55612,67907,94891,94,15,699,9528,14740,8402,25170,9335,3364,4959,2872,13126,3480,23506,21005,43652,3315,15883,6980,8285,19476,43188,51781,52971,0.2334783205897166,0.5203195824367016,0.2462020969735818,0.25462204111533354,0.31091525113318985,0.4344627077514766,0.0004303832242113456,6.867817407627856e-05,0.0032004029119545806,0.04362437617325214,0.06748775239228973,0.03846893457259283,0.11524197609999542,0.04274071700013735,0.01540222517284007,0.02270500434961769,0.013149581063138134,0.06009798086168216,0.015933336385696627,0.10762327732246692,0.09617233643148207,0.19986264365184744,0.015177876470857561,0.07272102925690216,0.031958243670161625,0.03793324481479786,0.11633296698045587,0.2579681750848187,0.3092954078463229,0.31640345008840254
3402200,109733,28108,55837,25788,28772,34966,45995,1826,16,484,6325,8328,8570,18503,4671,1260,1925,1045,3325,496,6764,14169,13236,1567,9483,3651,4089,9697,23441,25653,22834,0.25614901624853054,0.5088441945449409,0.23500678920652857,0.26220006743641383,0.3186461684270001,0.41915376413658606,0.01664039076667912,0.00014580846235863414,0.004410705986348682,0.05763990777614756,0.07589330465766907,0.07809865765084341,0.16861837368886295,0.04256695797982375,0.011482416410742439,0.01754258062752317,0.009523115197798292,0.030300821083903657,0.0045200623331176585,0.061640527462112585,0.12912250644746795,0.12062005048618009,0.01428011628224873,0.08641885303418297,0.033271668504460825,0.03726317516152844,0.11879938744257273,0.2871791730474732,0.31427871362940274,0.2797427258805513
3402300,234920,42762,130765,61393,43189,52669,139062,195,4,741,5947,8519,7198,19357,9210,4988,14401,2386,23533,4030,12313,31153,36439,3444,12577,7494,30991,17135,38842,53909,82272,0.18202792439979568,0.5566363017197343,0.26133577388046997,0.1838455644474715,0.22419972756683126,0.5919547079856973,0.0008300698109994891,1.7027073046143368e-05,0.003154265281798059,0.02531500085135365,0.03626340882002384,0.03064021794653499,0.08239826323854929,0.0392048356887451,0.02123276008854078,0.06130171973437766,0.010156649072024519,0.10017452749872297,0.017154776093989445,0.05241358760429082,0.1326111016516261,0.15511237868210453,0.01466030989272944,0.053537374425336286,0.0319002213519496,0.13192150519325727,0.0891714110263429,0.20213574246193236,0.28054517636528276,0.428147670146442
3402490,78558,16517,41209,20832,17321,26880,34357,2895,155,2101,3763,11770,3944,8439,4282,495,1335,582,1820,347,2925,8812,14125,634,4545,1906,3683,8626,18245,19484,15686,0.21025229766541917,0.5245678352300212,0.2651798671045597,0.22048677410321035,0.34216757045749635,0.43734565543929327,0.0368517528450317,0.0019730644873851167,0.026744570890297616,0.04790091397438835,0.14982560655821175,0.05020494411772194,0.10742381425189032,0.05450749764505206,0.0063010769113266635,0.016993813488123424,0.007408538913923471,0.023167595916392985,0.00441711856208152,0.03723363629420301,0.11217189846992032,0.17980345731815983,0.008070470225820412,0.05785534254945391,0.02426232847068408,0.04688255810993151,0.13903708837704098,0.2940797214745088,0.3140503860350413,0.25283280411340886
3500190,77496,16416,42083,18997,20361,28675,28460,508,5319,1443,4967,1719,2224,9890,1570,586,1445,829,1405,351,2244,8698,15827,2006,7915,1747,6803,10087,19225,21488,10280,0.21183028801486528,0.5430344791989264,0.24513523278620833,0.262736141220192,0.3700190977598844,0.3672447610199236,0.006555177041395685,0.06863580055744813,0.018620315887271602,0.06409363063900073,0.022181790027872406,0.02869825539382678,0.12761949003819553,0.020259110147620524,0.0075616806028698256,0.018646123670899142,0.010697326313616187,0.0181299679983483,0.0045292660266336325,0.0289563332301022,0.11223805099618045,0.20422989573655415,0.025885206978424693,0.10213430370599773,0.022543098998657994,0.08778517600908434,0.16514407334643091,0.314751146037983,0.3518009168303864,0.16830386378519974
3500300,43980,8157,23495,12328,10474,15111,18395,150,124,444,1572,494,178,3460,531,380,1048,422,10762,81,1008,5175,6954,1210,4456,879,4652,4714,9558,11796,9755,0.1854706684856753,0.5342201000454753,0.28030923146884945,0.2381537062301046,0.34358799454297406,0.4182582992269213,0.0034106412005457027,0.002819463392451114,0.010095497953615279,0.03574351978171896,0.01123237835379718,0.004047294224647567,0.07867212369258754,0.012073669849931787,0.008640291041382447,0.023829013187812643,0.009595270577535243,0.24470213733515234,0.0018417462482946793,0.02291950886766712,0.11766712141882674,0.15811732605729878,0.027512505684402,0.10131878126421101,0.01998635743519782,0.10577535243292406,0.13159143566982107,0.2668118248052927,0.3292856544678,0.27231108505708623
3500400,34038,8391,17411,8236,9602,14388,10048,2627,103,503,1806,1350,720,4668,1116,325,878,315,887,572,1221,4181,5155,292,4505,1085,1729,4943,7829,8432,4443,0.24651859686233032,0.5115165403372701,0.24196486280039955,0.28209648040425406,0.4227040366649039,0.295199482930842,0.07717844761736882,0.003026029731476585,0.014777601504201187,0.053058346553851575,0.03966155473294553,0.021152829190904283,0.1371408425876961,0.03278688524590164,0.009548152065338739,0.025794700041130502,0.009254362771020624,0.026059110406016803,0.016804747634996182,0.03587167283624185,0.12283330395440391,0.1514483812209883,0.00857864739408896,0.13235207709031083,0.031876138433515486,0.05079616898760209,0.19273209342223263,0.30525987444925334,0.32877139626467033,0.17323663586384372
3500500,63113,12986,32770,17357,14713,25502,22898,302,83,306,3158,939,1096,7940,770,1573,1596,757,2944,284,3042,4935,9751,2535,9111,2770,9221,8565,13431,16193,11938,0.2057579262592493,0.5192274174892653,0.2750146562514854,0.23312154389745376,0.4040688923042796,0.3628095637982666,0.004785068052540681,0.001315101484638664,0.004848446437342544,0.05003723480107109,0.014878075832237415,0.01736567743571055,0.1258060938316987,0.01220033907435869,0.024923549823332752,0.025287975535943467,0.011994359323752634,0.04664649121417141,0.004499865320932296,0.04819926164181706,0.07819308224929887,0.15450065755074233,0.04016605136818088,0.1443601159824442,0.04388953147529035,0.14610302156449542,0.17086600035908792,0.26793943383805136,0.32303947972150737,0.23815508608135336
3500600,32336,7874,17495,6967,8209,13195,10932,11,324,59,1926,2578,504,3174,350,233,562,551,1058,36,4485,3994,3932,1749,3727,719,2364,3989,7150,8497,4826,0.24350569025235033,0.5410378525482434,0.21545645719940623,0.25386566056407717,0.4080591291439881,0.3380752102919347,0.00034017812963879266,0.010019792182088075,0.0018245917862444335,0.05956209797130134,0.07972538347352795,0.015586343394359228,0.098156853043048,0.010823849579416131,0.007205591291439881,0.017380009896091043,0.01703983176645225,0.03271895101434933,0.0011133102424542305,0.13869990103908955,0.12351558634339437,0.12159821870361208,0.05408832261256803,0.11525853537852548,0.022235279564571993,0.0731073725878278,0.16306925026571825,0.2922900825770583,0.34735508135066634,0.1972855858065571
3500790,357331,83151,190609,83571,83550,134690,139091,422,183,1318,22178,13865,12689,40670,9669,10614,12167,5076,32966,4114,23036,29801,66601,6049,38436,9565,17912,44748,75986,91501,61945,0.23270021352751372,0.533424192135583,0.23387559433690333,0.23381682529643383,0.3769334314683025,0.3892497432352637,0.0011809778608628974,0.0005121302098054745,0.003688456920894073,0.06206570378724488,0.03880155933854046,0.03551049307224954,0.11381604170922757,0.027058945347590888,0.02970355216871752,0.034049662637722446,0.014205316639194472,0.0922561994341381,0.011513134880544928,0.06446683886928366,0.08339886547766637,0.18638461258608965,0.016928282180947076,0.10756413521356949,0.026767898670980127,0.050127192994730375,0.16320665256400904,0.27713910569698735,0.3337260194033117,0.22592822233569188
3500900,28620,6110,14824,7686,8351,11496,8773,1165,1641,427,1420,1229,286,3458,478,197,455,206,847,187,641,4720,4994,419,3083,505,2262,4654,6940,7096,3820,0.21348707197763803,0.5179594689028651,0.26855345911949685,0.29178895877009087,0.40167714884696015,0.306533892382949,0.0407058001397624,0.05733752620545073,0.014919636617749825,0.0496156533892383,0.042941998602375964,0.009993011879804333,0.12082459818308874,0.016701607267645004,0.006883298392732355,0.015897973445143255,0.007197763801537386,0.029594689028651294,0.006533892382948987,0.022396925227113906,0.16491963661774983,0.1744933612858141,0.014640111809923131,0.10772187281621244,0.017645003494060098,0.0790356394129979,0.20675255442025767,0.30830741892492225,0.315237672145713,0.16970235450910706
3501000,70870,18240,36861,15769,20638,29394,20838,2503,45,743,4621,2370,1251,7985,1759,592,1960,859,3993,74,3791,9734,14926,1141,7283,1256,3984,12885,13938,16058,9749,0.257372654155496,0.5201213489487795,0.22250599689572456,0.29120925638493017,0.4147594186538733,0.29403132496119655,0.03531818823197404,0.0006349654296599407,0.010483984760829687,0.06520389445463524,0.03344151262875688,0.017652038944546353,0.11267108790743616,0.024820093128263016,0.008353322985748554,0.02765627204741075,0.012120784535064202,0.056342599125158745,0.0010441653732185692,0.053492309863129674,0.13735007760688583,0.21061097784676167,0.01609990122759983,0.10276562720474107,0.017722590658953014,0.056215606039226755,0.24482234467034011,0.26482994489834694,0.30511115333460004,0.1852365570967129
3501100,43797,10391,22133,11273,12229,19013,12555,1611,628,428,2410,934,1066,6420,1296,604,1197,482,1525,79,2310,4217,7094,902,6842,1107,2645,6872,9818,11373,5343,0.23725369317533165,0.5053542480078544,0.25739205881681393,0.2792200379021394,0.43411649199716873,0.2866634701006918,0.03678334132474827,0.014338881658561089,0.00977235883736329,0.055026599995433474,0.021325661574993722,0.024339566636984267,0.14658538256044934,0.029591067881361736,0.013790898920017353,0.027330639084868828,0.011005319999086695,0.03481973651163322,0.0018037765143731307,0.05274333858483458,0.09628513368495559,0.16197456446788594,0.020595017923602073,0.1562207457131767,0.025275703815329818,0.06039226431034089,0.20571154882356463,0.2938992995270311,0.34044782374423754,0.15994132790516674
3501200,56872,13417,30457,12998,11876,17372,27624,799,12073,732,4928,1682,1531,6032,2634,510,1215,811,1357,272,2774,4488,5501,624,5326,1601,1982,9945,13288,13703,6519,0.23591574061049375,0.5355359403572936,0.22854831903221268,0.2088198058798706,0.30545787030524685,0.48572232381488256,0.014049092699395133,0.21228372485581656,0.012871008580672387,0.08665072443381629,0.02957518638345759,0.02692010128006752,0.10606273737515826,0.04631453087635392,0.00896750597833732,0.021363764242509495,0.014260092840061894,0.023860599240399495,0.004782669855113237,0.04877619918413279,0.0789140526093684,0.0967259811506541,0.010972007314671543,0.09364889576593051,0.028150935433956956,0.0348501899001266,0.2288574387297204,0.3057875963640548,0.31533770567253483,0.15001725923369003
3600100,32394,7497,17258,7639,8771,10860,12763,588,51,386,1212,2147,476,3748,721,323,679,201,605,576,863,6925,6788,112,2812,964,2217,2169,8107,8269,6352,0.2314317466197444,0.5327529789467186,0.2358152744335371,0.27076001728715193,0.3352472680125949,0.39399271470025315,0.01815150953880348,0.0015743656232635674,0.01191578687411249,0.037414335988145954,0.06627770574797802,0.014694079150459961,0.11570043835278138,0.022257208124961413,0.00997098228066926,0.02096067172933259,0.006204852750509354,0.018676298079891338,0.017781070568623818,0.02664073593875409,0.21377415570784714,0.20954497746496265,0.0034574303883435206,0.08680619867876767,0.029758597271099585,0.06843859974069272,0.08711892999156524,0.32562156083062216,0.3321283688797847,0.25513114029802786
3600200,63975,14159,33668,16148,15534,23348,25093,1152,105,155,2448,4766,1350,7078,1908,753,812,644,1100,214,1559,8503,12138,2370,5826,1962,9132,4443,15973,16792,12608,0.22132082844861273,0.5262680734661977,0.2524110980851895,0.24281359906213365,0.36495506057053534,0.392231340367331,0.018007033997655335,0.0016412661195779601,0.002422821414615084,0.03826494724501758,0.07449785072293864,0.021101992966002344,0.11063696756545525,0.029824150058616647,0.011770222743259085,0.012692457991402891,0.010066432200078156,0.017194216490816726,0.00334505666275889,0.02436889409925752,0.1329112934740133,0.1897303634232122,0.037045720984759674,0.09106682297772567,0.03066822977725674,0.1427432590855803,0.08918821262245062,0.3206399550345271,0.3370804560783684,0.25309137626465394
3600300,48568,10637,25155,12776,12592,17375,18601,517,240,228,2477,5962,1216,6228,751,784,1667,385,1350,740,3347,5289,5270,1041,4876,2034,4166,3595,12465,12428,9443,0.21901251853071982,0.517933618843683,0.2630538626255971,0.2592653599077582,0.35774584088288586,0.38298879920935597,0.01064486904957997,0.004941525284137704,0.004694449019930819,0.051000658870037886,0.12275572393345413,0.025037061439631032,0.1282325811233734,0.015462856201614231,0.016142315928183167,0.03432301103607314,0.007927030143304233,0.027796079723274584,0.015236369626091253,0.06891368802503706,0.10889886344918465,0.10850765936419042,0.021433865919947292,0.10039532202273102,0.04187942678306704,0.08577664305715697,0.09477735888850808,0.32862302602093274,0.32764757058870053,0.24895204450185865
3600400,154870,36119,78886,39865,39224,57427,58219,711,206,717,3831,13133,4074,16468,6078,1781,7756,1055,4566,901,3542,20342,34803,1989,16912,4309,11696,11098,36387,40107,31159,0.23322141150642475,0.5093691483179441,0.25740944017563117,0.2532704849228385,0.3708077742622845,0.375921740814877,0.004590947246077355,0.001330147865952089,0.004629689416930329,0.024736876089623556,0.08480015496868341,0.02630593400916898,0.10633434493446116,0.03924581907406212,0.011499967714857623,0.0500807128559437,0.006812165041647834,0.029482792019112806,0.005817782656421515,0.022870794860205334,0.13134887324853103,0.22472396203267256,0.012843029637760702,0.1092012655775812,0.027823335700910442,0.07552140504939626,0.09345605510690436,0.3064142617746377,0.3377403137657788,0.26238936935267915
3600500,42990,10060,22710,10220,11086,15818,16086,827,48,201,1752,3315,1200,5864,1130,563,788,535,981,357,1575,5962,7733,305,4397,1739,3718,3113,10827,11226,7764,0.23400790881600372,0.5282623866015352,0.23772970458246104,0.25787392416841126,0.36794603396138637,0.3741800418702024,0.01923703186787625,0.0011165387299371947,0.004675505931612003,0.040753663642707605,0.07711095603628751,0.027913468248429867,0.1364038148406606,0.026285182600604792,0.01309606885322168,0.01832984414980228,0.01244475459409165,0.022819260293091417,0.008304256803907886,0.0366364270760642,0.13868341474761572,0.17987904163759014,0.007094673179809258,0.10227959990695511,0.04045126773668295,0.08648522912305187,0.09453385970239903,0.3287883389006985,0.34090494989371395,0.23577285150318858
3600600,33271,7920,17209,8142,8957,10290,14024,210,47,1974,1613,3189,526,3999,681,181,596,263,752,37,838,6335,4704,236,3841,1039,2210,2242,8033,8474,6602,0.23804514442006552,0.5172372336268822,0.24471762195305222,0.2692134291124403,0.30927835051546393,0.42150822037209584,0.006311803071744161,0.0014126416398665504,0.05933094887439512,0.04848065883201587,0.09584923807520063,0.01580956388446395,0.12019476420907096,0.02046827567551321,0.005440173123741396,0.017913498241712,0.007904781942231974,0.022602266237864807,0.0011120795888311143,0.02518709987676956,0.19040605933094887,0.14138438880706922,0.007093264404436296,0.11544588380271106,0.031228397102581826,0.06642421327883141,0.08843832590430357,0.31687112934401007,0.33426689282474065,0.26042365192694567
3600700,273194,62054,143319,67821,64191,84904,124099,1627,177,2020,10982,22618,14354,28721,11660,3143,10677,3665,16263,3971,12710,34765,46511,3793,22028,10099,13410,19397,60075,69862,61806,0.22714261660212157,0.524605225590606,0.2482521578072725,0.23496489674004553,0.31078281367819205,0.4542522895817624,0.005955474864016048,0.0006478912421209836,0.007394013045674502,0.04019854023148385,0.08279098369656727,0.05254141745426327,0.1051304201409987,0.04268029312503203,0.011504645050769783,0.03908211746963696,0.013415375154652005,0.059529125822675465,0.014535458318996757,0.04652371574778363,0.12725389283805646,0.17024898057790436,0.013883906674377914,0.08063134622283066,0.036966404825874655,0.04908599749628469,0.09186795491143317,0.28452685421994883,0.33087998484417924,0.29272520602443874
3600800,39606,8754,20354,10498,9443,14343,15820,1441,54,462,1639,7155,1073,5206,908,230,637,304,624,198,1235,6113,3504,169,3752,864,4038,3138,10005,10211,7498,0.22102711710346917,0.5139120335302731,0.2650608493662576,0.23842347119123364,0.3621420996818664,0.39943442912689997,0.03638337625612281,0.0013634297833661567,0.01166489925768823,0.04138261879513205,0.18065444629601576,0.02709185476947937,0.1314447305963743,0.022925819320305005,0.005807200929152149,0.016083421703782255,0.0076756047063576225,0.0157551886077867,0.004999242539009241,0.031182144119577843,0.15434530121698734,0.08847144372064839,0.004267030247942231,0.09473312124425592,0.021814876533858506,0.10195424935615816,0.10171139634383508,0.32429015947102297,0.33096719823674314,0.2430312459483988
3600900,397862,100178,201444,96240,99167,121486,177209,380,144,1085,13813,41049,14257,38490,9412,5868,12680,6492,27457,10234,26123,57358,71116,4772,28897,14894,13341,28877,80066,96071,92670,0.2517908219432869,0.5063162604119016,0.24189291764481152,0.2492497398595493,0.3053470801433663,0.4454031799970844,0.0009551050364196631,0.000361934540116925,0.0027270762224087747,0.03471806807385475,0.10317396484208093,0.03583403290588194,0.0967420864520864,0.023656443691531234,0.014748832509764692,0.03187034700474034,0.016317215516938034,0.0690113657499334,0.025722486691365346,0.0656584443852391,0.14416556494462904,0.1787453941316336,0.011994108509985875,0.07263071115110264,0.037435090559038056,0.033531727081249275,0.09700554950887519,0.26896306150145793,0.322728127813386,0.3113032611762809
3601000,34625,7767,17693,9165,8505,12593,13527,1819,92,116,1231,5526,1205,3278,885,212,826,184,525,96,823,5215,4630,896,2439,1139,3488,2567,8647,8968,6676,0.22431768953068593,0.5109891696750902,0.26469314079422385,0.2456317689530686,0.36369675090252707,0.39067148014440434,0.052534296028880864,0.002657039711191336,0.0033501805054151623,0.03555234657039711,0.1595956678700361,0.0348014440433213,0.09467148014440434,0.02555956678700361,0.006122743682310469,0.023855595667870037,0.005314079422382672,0.01516245487364621,0.002772563176895307,0.023768953068592058,0.15061371841155236,0.13371841155234657,0.025877256317689532,0.0704404332129964,0.032895306859205775,0.10073646209386282,0.09557673691265173,0.3219524908779507,0.333904237098816,0.24856653511058158
3601100,69601,17150,34206,18245,19475,24077,26049,594,1,528,2987,9207,1727,9648,2453,416,1382,715,1840,402,3254,6537,10877,3524,7072,2298,4139,5484,16855,17759,12353,0.2464045056823896,0.4914584560566658,0.26213703826094453,0.2798091981437048,0.3459289378026178,0.3742618640536774,0.008534360138503757,1.4367609660780737e-05,0.007586097900892229,0.04291605005675206,0.13228258214680824,0.02481286188416833,0.13861869800721255,0.03524374649789515,0.005976925618884786,0.019856036551198976,0.010272840907458227,0.026436401775836553,0.005775779083633856,0.046752201836180514,0.09392106435252368,0.15627649028031207,0.05063145644459131,0.10160773552104137,0.03301676700047413,0.059467536385971465,0.10455472726926084,0.3213475434214791,0.33858267716535434,0.23551505214390575
3601200,481423,120913,243940,116570,119705,149499,212219,810,196,1557,16775,42699,19114,48971,17195,5874,30796,6972,26692,14504,26797,49143,77719,7744,45141,20472,22252,34453,104154,119551,102352,0.25115750597707215,0.5067061606944413,0.24213633332848658,0.24864827812547385,0.310535641213652,0.44081608066087413,0.0016825120528101067,0.00040712637327256905,0.0032341620570683163,0.034844616896159926,0.0886933112875787,0.03970313009557084,0.10172135523230091,0.035717030553172574,0.012201328145934033,0.06396869281276549,0.014482066706409955,0.05544396507852761,0.030127351622170107,0.05566206849278078,0.10207862939660133,0.16143599287944282,0.016085646095014155,0.09376577355049509,0.04252393425324507,0.04622130641867962,0.09556739064103631,0.2889073812099526,0.3316163213225708,0.2839089068264403
3601300,34226,7831,17253,9142,8550,11560,14116,1632,314,65,1545,4091,931,3321,1011,281,469,205,657,217,1945,4204,3456,281,2829,1317,5455,2364,8970,8776,6285,0.22880266464091625,0.5040904575468942,0.26710687781218956,0.24981008589960849,0.33775492315783323,0.4124349909425583,0.04768304797522351,0.009174311926605505,0.0018991410039151523,0.04514112078536785,0.11952901303102904,0.027201542686846256,0.09703149652311109,0.029538946999357215,0.008210132647694735,0.013703032782095483,0.005989598550809327,0.019195932916496232,0.0063402091976859695,0.05682814234792263,0.12283059662245077,0.10097586630047332,0.008210132647694735,0.0826564600011687,0.03847951849471162,0.15938175655934086,0.0895624171244554,0.33983709035802234,0.3324872134874029,0.23811327903011933
3601400,59199,14654,29400,15145,15721,19943,23535,803,28,33,3285,8212,2113,8131,1533,752,1287,422,1489,1138,1771,7446,9564,922,5561,2074,2635,4079,13570,14875,12021,0.24753796516833054,0.4966300106420717,0.2558320241895978,0.26556191827564657,0.33688069055220526,0.39755739117214817,0.01356441831787699,0.0004729809625162587,0.0005574418486798764,0.05549080220949678,0.1387185594351256,0.035693170492744807,0.137350293079275,0.025895707697765166,0.012702917279008092,0.021740232098515177,0.007128498792209328,0.02515245189952533,0.019223297690839372,0.029916045879153363,0.12577915167485937,0.1615567830537678,0.015574587408571091,0.09393739759117553,0.03503437558066859,0.04451088700822649,0.09157032214614434,0.304635761589404,0.33393197889774384,0.2698619373667078
3601500,39332,9744,19507,10081,10995,13596,14741,533,20,28,1144,5295,900,4443,508,234,675,343,1402,218,1231,7408,5707,538,4573,1619,2513,2674,9261,9957,7696,0.24773721143089597,0.49595749008440965,0.2563052984846944,0.2795433743516729,0.3456727346689718,0.3747838909793552,0.013551306823960134,0.0005084918132818062,0.0007118885385945286,0.029085731719719312,0.13462320756635818,0.022882131597681276,0.11296145632055324,0.012915692057357877,0.005949354215397132,0.01716159869826096,0.008720634597782976,0.03564527611105461,0.005542560764771687,0.03129767110749517,0.188345367639581,0.1450981389199634,0.013678429777280586,0.11626665310688498,0.04116241228516221,0.06389199633885895,0.09037447613897526,0.31299851291063946,0.336521562795728,0.2601054481546573
3601600,36276,7719,18824,9733,9080,15048,12148,202,69,103,1117,5141,893,4897,3212,442,462,217,487,400,732,3845,8572,112,1774,1356,2243,3146,9421,9580,6410,0.21278531260337413,0.5189105744845076,0.2683041129121182,0.2503032307861947,0.4148197155143897,0.3348770536994156,0.005568419891939574,0.001902084022494211,0.0028393428161870107,0.03079170801631933,0.14171904289337303,0.024616826551990295,0.13499283272687176,0.08854338956886096,0.012184364318006395,0.01273569302017863,0.00598191641856875,0.013424853897893925,0.011026574043444702,0.020178630499503806,0.1059929429926122,0.23629948175101995,0.0030874407321645164,0.04890285588267725,0.03738008600727754,0.06183151394861616,0.11016563364499073,0.32990160030815563,0.33546941205308684,0.22446335399376685
3601700,63660,14121,33580,15959,14371,18107,31182,1,345,102,2100,5546,1253,6971,2381,564,1621,640,7328,1354,1863,6597,12625,786,5290,1923,4370,4395,12999,15709,16436,0.22181903864278982,0.5274897895067546,0.25069117185045553,0.22574615142946905,0.2844329249136035,0.4898209236569274,1.5708451146716935e-05,0.005419415645617342,0.0016022620169651271,0.03298774740810556,0.08711907005969212,0.01968268928683632,0.10950361294376375,0.03740182218033302,0.008859566446748351,0.025463399308828148,0.010053408733898837,0.11511153000314168,0.02126924285265473,0.02926484448633365,0.1036286522148916,0.19831919572730128,0.01234684260131951,0.08309770656613258,0.030207351555136663,0.068645931511153,0.08871797977351178,0.26239932174650277,0.31710369607783767,0.3317790024021478
3601800,86562,21039,45973,19550,21689,25365,39508,440,172,207,5224,8741,4354,10032,2273,1064,4232,1555,5448,930,3058,10968,9962,2157,8551,3174,4020,5703,18446,20898,20476,0.24305122340056837,0.53109909660128,0.22584967999815161,0.2505602920450082,0.29302696333264017,0.4564127446223516,0.005083061851620803,0.001987015087451769,0.0023913495529216053,0.060349807074697906,0.10097964464776692,0.05029920750444768,0.11589381021695432,0.026258635428941107,0.012291767750283034,0.04888981308195282,0.017964002680159886,0.06293754765370486,0.010743744368198516,0.035327279868764584,0.12670686906494766,0.11508514128601464,0.024918555486241077,0.09878468612093066,0.036667359811464614,0.046440701462535525,0.08703813927933703,0.2815194664468965,0.31894144041023764,0.31250095386352883
3601900,50618,12569,25887,12162,12141,14836,23641,228,110,617,2722,4164,870,5633,1286,729,1316,484,2390,234,1060,8838,9176,330,4558,1970,3903,3416,10246,12333,12054,0.24831087755343947,0.5114188628551108,0.24027025959144968,0.2398553874115927,0.2930973171599036,0.4670472954285037,0.004504326524161366,0.0021731399897269746,0.012189339760559486,0.053775336836698405,0.0822632265202102,0.017187561736931527,0.11128452329210953,0.025405982061717177,0.014401991386463314,0.025998656604369987,0.009561815954798688,0.04721640523134063,0.004622861432691928,0.020941167173732664,0.17460192026551818,0.18127938677940653,0.006519419969180924,0.09004701884705045,0.03891896163420127,0.07710695799913074,0.0897789692238955,0.2692843438723751,0.3241346684538358,0.3168020184498936
3602000,240167,51687,129848,58632,49163,62633,128371,243,91,520,7866,8216,7159,20901,7822,4253,13344,3316,15428,4427,12380,23161,38900,2081,14200,9172,46687,15858,46899,59961,65762,0.21521274779632504,0.5406571260831005,0.24413012612057444,0.20470339388841932,0.26078936739851855,0.5345072387130622,0.0010117959586454426,0.00037890301331989823,0.002165160076113704,0.032752209920596916,0.034209529202596525,0.02980842497095771,0.08702694375163948,0.03256900406800268,0.017708511160983816,0.055561338568579366,0.013807059254602006,0.06423863395054275,0.018433007032606478,0.051547464889014724,0.09643706254397981,0.16197062877081364,0.008664804073831958,0.059125525155412695,0.03819009272714403,0.19439390091061637,0.08413624787775892,0.24882746179966045,0.31812924448217317,0.3489070458404075
3602100,35158,7490,17659,10009,9310,11785,14063,926,32,108,1586,2287,1735,4164,1286,414,637,383,831,250,880,3902,5572,1039,3101,1130,4895,2659,8063,9025,7921,0.21303828431651403,0.5022754422890949,0.284686273394391,0.26480459639342396,0.33520109221229877,0.39999431139427727,0.026338244496273963,0.0009101769156379772,0.003071847090278173,0.04511064338130724,0.06504920643950168,0.049348654644746574,0.11843677114739178,0.03657773479720121,0.011775413846066328,0.018118209226918484,0.010893679959042038,0.02363615677797372,0.007110757153421696,0.02502986518004437,0.11098469765060584,0.15848455543546278,0.02955230672962057,0.08820183173104272,0.03214062233346607,0.1392286250639968,0.09610380222639872,0.29141969061731965,0.32618909932051465,0.28628740783576695
3602200,132159,28975,66962,36222,31248,46252,54659,513,209,1069,4691,19267,5148,13862,2722,1843,3698,1600,4102,1216,5384,17501,22778,985,11106,5225,9240,9087,31600,34767,27730,0.21924348701185692,0.5066775626328892,0.2740789503552539,0.2364424670283522,0.34997238175228323,0.41358515121936457,0.003881687966767303,0.0015814284309051975,0.008088741591567732,0.03549512329845111,0.145786514728471,0.03895307924545434,0.10488880817802798,0.02059640281781793,0.013945323436164015,0.0279814465908489,0.012106629136116345,0.03103837044771828,0.009201038143448421,0.0407388070430315,0.1324238228194826,0.1723529990390363,0.007453143561921624,0.08403513949106758,0.03953571077262994,0.0699157832610719,0.08806597922158474,0.3062490308574973,0.336941773918437,0.268743216002481
3602300,48875,11102,25477,12296,11408,13361,24106,520,328,208,923,3375,608,3879,946,473,1063,594,2269,233,985,17550,6031,579,4380,1627,2304,2823,9285,11621,14044,0.22715089514066497,0.5212685421994885,0.2515805626598466,0.23341176470588235,0.2733708439897698,0.49321739130434783,0.010639386189258313,0.006710997442455243,0.0042557544757033244,0.018884910485933503,0.06905370843989769,0.01243989769820972,0.07936572890025576,0.01935549872122762,0.00967774936061381,0.02174936061381074,0.012153452685421996,0.04642455242966752,0.004767263427109974,0.020153452685421996,0.359079283887468,0.12339641943734016,0.011846547314578005,0.08961636828644501,0.03328900255754476,0.04714066496163683,0.0747359224843142,0.24581049956318005,0.30765361501601673,0.37179996293648904
3602400,77040,16295,40809,19936,18187,25581,33272,641,113,291,1999,10135,1944,8114,2682,657,2117,551,4727,1531,3292,9065,14102,945,5928,2481,5725,5153,18679,20510,16403,0.2115134994807892,0.5297118380062306,0.25877466251298026,0.23607217030114228,0.33204828660436136,0.4318795430944964,0.008320353063343718,0.0014667705088265836,0.003777258566978193,0.025947559709241952,0.13155503634475596,0.025233644859813085,0.10532191069574247,0.034813084112149534,0.00852803738317757,0.027479231568016616,0.007152128764278297,0.06135773624091381,0.019872793354101765,0.04273104880581516,0.11766614745586708,0.1830477673935618,0.012266355140186916,0.07694704049844237,0.03220404984423676,0.07431204569055036,0.08483002716272944,0.30749855955222655,0.3376409581035476,0.27003045518149643
3602500,41824,9853,20900,11071,12294,14685,14845,345,119,83,1042,5033,786,4295,566,225,943,297,812,188,995,8507,5996,1319,3653,1645,4975,2685,10683,10941,7662,0.23558244070390208,0.4997130833970926,0.26470447589900536,0.2939460596786534,0.35111419280795714,0.3549397475133894,0.00824885233358837,0.002845256312165264,0.001984506503442999,0.024913925019127772,0.1203376052027544,0.018793037490436114,0.10269223412394797,0.013532899770466717,0.005379686304514154,0.022546863045141547,0.007101185921958684,0.01941469013006886,0.004495026778882938,0.02379016832440704,0.20339996174445293,0.14336266258607497,0.031536916602907424,0.08734219586840092,0.03933148431522571,0.11895084162203519,0.0839823590128554,0.33414657032936096,0.34221638359763534,0.23965468706014825
3602600,46848,10647,23565,12636,12758,17123,16967,630,92,183,1546,8898,1170,5265,1137,423,787,355,830,386,1776,5949,7239,620,4246,1946,3370,3445,12074,12439,8243,0.22726690573770492,0.5030097336065574,0.2697233606557377,0.2723275273224044,0.36550119535519127,0.3621712773224044,0.013447745901639344,0.0019637978142076503,0.00390625,0.03300034153005464,0.18993340163934427,0.02497438524590164,0.11238473360655737,0.02426997950819672,0.009029200819672132,0.01679900956284153,0.007577698087431694,0.017716871584699454,0.008239412568306011,0.03790983606557377,0.12698514344262296,0.15452100409836064,0.01323428961748634,0.09063353825136612,0.04153859289617486,0.07193476775956284,0.09516311704096572,0.33352669815750946,0.343609292560979,0.22770089224054585
3602700,83727,18950,41845,22932,21361,29884,32482,1071,201,294,3564,4800,2058,10245,2945,956,1765,1387,2035,760,3398,10242,16874,1244,8105,3304,8479,7303,18090,20778,18606,0.22633081323826246,0.4997790437971025,0.27389014296463504,0.25512678108614906,0.3569219009399596,0.3879513179738913,0.012791572610985704,0.002400659285535132,0.003511412089290193,0.04256691389874234,0.05732917696800315,0.024579884625031353,0.12236196209108173,0.035173838785576936,0.011418061079460627,0.02108041611427616,0.016565743428045912,0.024305182318726335,0.009077119686600498,0.040584279861932235,0.12232613135547672,0.20153594419960108,0.014857811697540817,0.09680270402618033,0.03946158347964217,0.10126960239827057,0.11274063324945582,0.2792657887830557,0.3207619988576192,0.28723157910986924
3602800,111827,25314,56188,30325,27605,31706,52516,698,220,702,5517,8857,1842,12843,2921,1571,2392,1269,3939,1281,5651,17091,20621,2073,9174,4186,8979,8256,20721,27210,30326,0.2263675141066111,0.5024546844679728,0.27117780142541603,0.24685451635114955,0.2835272340311374,0.4696182496177131,0.006241784184499271,0.0019673245280656727,0.006277553721373193,0.04933513373335599,0.07920269702308029,0.01647187173044077,0.1148470405179429,0.02612070430218105,0.0140484856072326,0.02139018305060495,0.01134788557325154,0.035224051436594024,0.011455194183873304,0.050533413218632355,0.15283428867804735,0.1844009049692829,0.018537562484909727,0.08203743282033855,0.037432820338558666,0.0802936678977349,0.09543074451238542,0.23951313675401384,0.314519205206154,0.35053691352744676
3602900,137886,33906,70245,33735,36195,45824,55867,1037,84,620,5570,8329,8520,20978,7309,1949,2593,1515,5595,906,8692,15355,24311,1812,9611,6274,6826,13097,27565,32811,30507,0.24589878595361386,0.5094425830033505,0.24465863104303556,0.26249945607240766,0.33233250656339297,0.40516803736419943,0.007520705510349129,0.0006091989034419738,0.004496468096833616,0.04039568919252136,0.06040497222343095,0.061790174491971626,0.15214017376673483,0.053007556967349836,0.014134865033433416,0.01880538995982188,0.010987337365649885,0.04057699838997433,0.006570645315695575,0.06303758177044805,0.11136010907561318,0.1763123159711646,0.01314129063139115,0.06970250786881917,0.045501356192796945,0.04950466327255849,0.12595691479130602,0.26509905751105983,0.3155510675129833,0.2933929601846509
3603000,122113,27412,62551,32150,31759,38660,51694,46,164,1291,7038,7369,5233,13831,3455,1776,2373,2011,6516,911,7788,14047,27071,1578,8781,5709,5125,12237,20685,27139,34640,0.2244806040306929,0.512238664188088,0.263280731781219,0.26007877949112707,0.3165920090408065,0.42332921146806646,0.000376700269422584,0.00134301835185443,0.010572174952707738,0.057635141221655355,0.0603457453342396,0.04285375021496483,0.11326394405182086,0.028293465888152777,0.01454390605422846,0.019432820420430257,0.01646835308280036,0.0533604120773382,0.007460303161825522,0.06377699344050183,0.11503279749084865,0.2216881085551907,0.01292245706845299,0.07190880577825456,0.04675177908985939,0.04196932349545093,0.12921722051509488,0.21842430386162764,0.2865756433406194,0.36578283228265807
3603100,445434,88359,238167,118908,91233,122262,231939,350,19,3503,31057,13806,15347,51630,12218,8411,16403,10479,29038,9600,25302,52872,75964,11335,30490,23161,24449,45044,75000,100235,136796,0.1983660879052789,0.5346852732391331,0.26694863885558806,0.2048182222282089,0.2744783739005105,0.5207034038712806,0.0007857505264528528,4.265502857886915e-05,0.00786424026904098,0.06972301171441785,0.030994490766308815,0.03445403808420552,0.11590942765931653,0.027429428377717013,0.018882707651414126,0.03682475967258898,0.02352537076199841,0.06519035367753696,0.021552014439849675,0.056803028058028796,0.11869771952747209,0.17053929426132716,0.025447092049551673,0.06845009586156423,0.05199647983764149,0.05488804177498799,0.12614716796191278,0.21003990758244068,0.2807113351536792,0.38310158930196736
3603200,645383,141493,332648,171242,146745,188295,310343,167,5,4719,31561,17430,27007,81797,15766,10750,28913,10719,42254,8090,32654,72339,144868,12354,48047,31055,24888,63040,105871,143314,191665,0.2192388085834303,0.5154272734174901,0.2653339179990796,0.22737661202727683,0.29175698771117303,0.48086640026155014,0.0002587610767559728,7.747337627424335e-06,0.007311937252763088,0.04890274457182789,0.027007218969201233,0.04184646946076981,0.12674179518208567,0.024428905006794416,0.01665677589896232,0.044799754564343965,0.01660874240567229,0.06547120082183758,0.012535192281172575,0.050596312577182855,0.1120869313260498,0.22446826148194174,0.019142121809840047,0.07444726619697141,0.04811871400393255,0.03856314777426737,0.12510667010657087,0.21010736470261365,0.28441524935997936,0.3803707158308361
3603300,661169,143924,342559,174686,145676,199687,315806,2714,182,1431,47775,54273,41531,76784,20440,9459,21219,7387,42527,8385,45015,76672,94465,9696,48727,25935,26552,64266,120435,152951,179593,0.21768110725094492,0.5181111032126431,0.264207789536412,0.22033095925550047,0.3020211171425158,0.47764792360198377,0.004104850650892586,0.0002752700141718683,0.002164348298241448,0.07225837872011544,0.08208642570961433,0.06281449977237287,0.11613369652842163,0.030914940053148286,0.014306478373910452,0.0320931562127081,0.011172635135646106,0.06432092248729145,0.012682082795775361,0.06808395432937721,0.11596429959662356,0.14287572466343704,0.014664934381376017,0.07369825264039905,0.03922597701949124,0.040159172616985976,0.12424673027288809,0.23283937012440914,0.29570319674428946,0.3472107028584133
3603700,316012,62925,179597,73490,59219,103851,152942,12,4,2138,11036,6048,12725,33431,8424,1390,4357,11571,5247,1177,8991,50674,108232,3687,15890,9772,21206,47027,56075,74156,75829,0.19912218523347214,0.5683233548093111,0.23255445995721682,0.1873947824766148,0.32862992544586916,0.48397529207751605,3.797324152247383e-05,1.2657747174157944e-05,0.006765565864587421,0.034922724453501766,0.01913851372732681,0.04026745819778996,0.10579028644481855,0.02665721554877663,0.004398567143019885,0.013787451109451539,0.03661569813804539,0.016603799855701682,0.003724542105995975,0.02845145121071352,0.1603546700758199,0.3424933230383656,0.011667278457780084,0.05028290064934243,0.030922876346467856,0.06710504664379834,0.18581357398839135,0.2215641261700522,0.29300596237657406,0.2996163374649824
3603800,2510751,616281,1426945,467525,383562,508766,1618423,159,18,6778,48312,24872,85689,162797,20683,197242,300126,88523,364282,69818,184300,152909,267187,79215,232571,107597,117673,220459,341358,491018,841635,0.2454568374163746,0.56833393673845,0.1862092258451754,0.1527678371929355,0.20263498849547407,0.6445971743115905,6.332766570639622e-05,7.169169702610892e-06,0.0026995906802387013,0.019242051481807635,0.00990619938018545,0.034128832369279154,0.06483996222644141,0.008237774275505616,0.07855896502679875,0.1195363458980998,0.03525757831023467,0.14508885986702783,0.027807616127604847,0.07340433201062152,0.060901698336473825,0.10641716362952758,0.03155032099957344,0.09263005371699544,0.042854508471768006,0.0468676503564073,0.11636974985088178,0.18018654293813044,0.25918489076100437,0.4442588164499834
3603900,107189,26220,56037,24932,28214,33704,45271,4,0,1127,9859,1298,1870,14608,4919,901,1921,1407,3855,565,4211,11361,30050,1377,8390,5014,4452,10251,18444,23903,28371,0.24461465262293705,0.522786853128586,0.23259849424847698,0.26321730774613067,0.31443524988571586,0.42234744236815347,3.7317262032484674e-05,0.0,0.010514138577652557,0.0919777215945666,0.012109451529541277,0.017445820000186588,0.13628264094263404,0.045890902984448034,0.008405713272817174,0.017921615091100768,0.013126346919926484,0.03596451128380711,0.005271063262088461,0.039285747604698246,0.1059903534877646,0.28034593101904115,0.01284646745468285,0.07827295711313662,0.04677718795771954,0.041534112642155445,0.12660400894169374,0.22779088293050426,0.29521174770591213,0.35039336042188984
3604000,782470,162660,435082,184728,186193,264991,331286,136,0,4666,32262,21165,25642,78537,75122,10777,16613,20581,22894,2938,32489,92226,231347,8519,50049,29875,26632,104325,140214,177225,198046,0.20788017431978223,0.5560366531624216,0.2360831725177962,0.2379554487711989,0.3386596291231613,0.4233849221056398,0.00017380858052065893,0.0,0.005963167916980843,0.04123097371145219,0.027048960343527547,0.03277058545375541,0.10037062123787494,0.09600623666083044,0.013773052001993687,0.02123148491315961,0.026302605850703542,0.029258629723823277,0.003754776540953647,0.041521080680409474,0.11786522166984038,0.29566245351259474,0.010887318363643334,0.06396283563587102,0.03818037752246092,0.03403580967960433,0.16831771026604928,0.22622093867475518,0.2859343992513835,0.3195269518078121
3604100,668980,137257,371645,160078,143322,235366,290292,33,24,3192,55272,20703,23775,67752,72640,6262,16312,16742,19759,2927,41025,64923,146797,6573,49626,26704,27939,91903,120669,150592,168559,0.20517354778917157,0.5555397769739006,0.23928667523692787,0.2142395886274627,0.3518281562976472,0.43393225507489014,4.932882896349667e-05,3.587551197345212e-05,0.004771443092469132,0.08262130407486024,0.030947113516099137,0.035539179048701006,0.10127657030105534,0.10858321623964842,0.009360518999073216,0.02438338963795629,0.02502615922748064,0.029536010045143352,0.004375317647762265,0.06132470327961972,0.09704774432718467,0.2194340637986188,0.009825405841729199,0.07418158988310562,0.03991748632246106,0.04176358037609495,0.17283999375614748,0.22693959072675057,0.2832151326912697,0.31700528282583224
3700100,43190,10849,21540,10801,12713,17938,12539,328,411,151,2820,2146,1365,6166,732,371,726,820,1076,548,1544,6737,6523,1051,5923,1407,2345,4003,10209,10256,7873,0.2511924056494559,0.49872655707339664,0.2500810372771475,0.2943505441074323,0.41532762213475344,0.2903218337578143,0.007594350544107432,0.009516091687890716,0.00349617967122019,0.06529289187311878,0.04968742764528826,0.031604538087520256,0.14276452882611715,0.016948367677703174,0.008589951377633711,0.016809446631164623,0.01898587636026858,0.024913174345913405,0.012688122250520954,0.035749015975920354,0.1559851817550359,0.15103033109516092,0.02433433665200278,0.13713822644130585,0.03257698541329011,0.05429497568881685,0.12377477505333787,0.3156674190655824,0.3171206827247148,0.24343712315636498
3700200,53907,12231,28594,13082,14095,24166,15646,478,61,153,3847,9681,1900,6880,1794,509,862,501,1352,2603,2588,4714,7450,520,4551,1416,2047,6259,13925,13490,8002,0.226890756302521,0.5304320403658151,0.2426772033316638,0.2614688259409724,0.4482905745079489,0.2902405995510787,0.008867123008143655,0.001131578459198249,0.002838221381267739,0.0713636447956666,0.17958706661472537,0.03524588643404382,0.12762720982432707,0.03327953698035505,0.009442187471014897,0.015990502161129353,0.009293783738661028,0.02508023076780381,0.04828686441464003,0.04800860741647652,0.08744689928951713,0.13820097575454024,0.009646242603001466,0.08442317324280706,0.02626746062663476,0.037972805016046156,0.15018235915155007,0.3341251559650638,0.3236874940013437,0.19200499088204243
3700300,32342,6915,16840,8587,8837,14475,9030,137,7,265,2001,6463,1880,4805,712,96,554,252,591,195,1892,3008,3795,394,2709,796,1790,3644,8715,8178,4890,0.21380866984107352,0.5206851771690062,0.26550615298992025,0.273236039824377,0.44756044771504544,0.27920351246057756,0.004235977985282295,0.00021643683136478883,0.008193680044524148,0.06187001422299178,0.19983303444437572,0.058128748995114714,0.14856842495825862,0.022014717704532807,0.0029682765444313895,0.017129429225156145,0.007791725929132397,0.01827345247665574,0.0060293117308762596,0.058499783563168636,0.09300599839218354,0.11733968214705337,0.012182301651103828,0.08376105373817327,0.024611959680910272,0.055345989734710284,0.1433122271601054,0.3427459000275298,0.32162661737523107,0.19231525543713376
3700400,28744,6207,14976,7561,7910,11217,9617,383,24,253,1619,6303,509,3392,954,119,410,116,687,26,2103,3376,3602,123,2035,654,2056,3372,7446,7365,4354,0.21594071806290008,0.5210130809908154,0.26304620094628445,0.2751878652936265,0.39023796270526023,0.3345741720011133,0.013324519899805176,0.0008349568605622043,0.008801836905093237,0.056324798218758694,0.2192805455051489,0.01770804341775675,0.11800723629279154,0.03318953520734762,0.004139994433620929,0.014263846367937656,0.004035624826050654,0.0239006401335931,0.0009045365989423879,0.07316309490676315,0.11745059838575007,0.12531310882271082,0.004279153910381297,0.07079738380183691,0.022752574450320067,0.07152797105482883,0.1496206238629809,0.3303900252917425,0.32679593557261394,0.19319341527266273
3700590,58909,12054,30916,15939,16566,24571,17772,1184,26,356,2715,7821,2529,7836,3989,886,984,461,1446,179,2012,7233,8609,355,4970,1606,3712,7239,15229,15337,9050,0.20462068614303416,0.524809451866438,0.27056986199052774,0.2812133969342545,0.4171009523162844,0.301685650749461,0.02009879644875995,0.0004413587058004719,0.006043219202498769,0.04608803408647236,0.13276409377174964,0.042930621806515135,0.13301872379432683,0.06771461067069548,0.015040146666893005,0.016703729481064016,0.007825629360539137,0.02454633417644163,0.0030385849360878643,0.03415437369502113,0.12278259688672359,0.14614065762447165,0.00602624386766029,0.08436741414724405,0.02726238775059838,0.0630124429204366,0.15449791911215452,0.32502401024437094,0.3273289937039804,0.19314907693949418
3700700,30500,6110,16030,8360,9007,11783,9710,764,30,131,1393,1311,1248,4048,1084,214,709,668,1341,96,1554,4318,4028,562,3160,1126,2715,3425,7774,8137,5054,0.200327868852459,0.5255737704918033,0.2740983606557377,0.29531147540983604,0.386327868852459,0.31836065573770495,0.02504918032786885,0.0009836065573770492,0.004295081967213114,0.045672131147540984,0.04298360655737705,0.040918032786885244,0.13272131147540983,0.03554098360655738,0.0070163934426229506,0.02324590163934426,0.021901639344262296,0.0439672131147541,0.003147540983606557,0.05095081967213115,0.14157377049180328,0.1320655737704918,0.01842622950819672,0.10360655737704919,0.03691803278688525,0.08901639344262295,0.14042640426404265,0.31873718737187373,0.333620336203362,0.2072160721607216
3700800,34388,6934,17657,9797,10000,15087,9301,1212,6,138,1703,4220,744,5057,392,209,664,2283,718,11,1321,3423,2996,523,5407,845,2516,4246,8928,8806,5474,0.20164010701407467,0.5134639990694428,0.2848958939164825,0.29079911597068747,0.43872862626497616,0.2704722577643364,0.03524485285564732,0.00017447946958241246,0.004013027800395487,0.04952308944980807,0.12271722693963011,0.021635454228219147,0.14705711294637663,0.011399325346050948,0.006077701523787368,0.019309061300453647,0.06638943817610794,0.02087937652669536,0.0003198790275677562,0.03841456321972781,0.09954053739676631,0.08712341514481796,0.015208793765266954,0.1572350820053507,0.024572525299523088,0.07316505757822496,0.15465870182851316,0.32519851387775917,0.32075471698113206,0.19938806731259562
3700900,57127,12016,30233,14878,15769,22786,18572,1305,49,157,2501,9505,2890,7507,861,1320,1060,468,2152,1291,2610,5842,7880,367,5394,1003,2965,7162,15200,14510,8239,0.210338368897369,0.5292243597598334,0.26043727134279765,0.2760340994626009,0.39886568522765065,0.3251002153097485,0.02284383916536839,0.0008577380223011886,0.0027482626428834,0.043779648852556585,0.1663836714688326,0.05058903845817214,0.13140896598806168,0.015071682391863742,0.023106412029338143,0.018555149053862446,0.00819227335585625,0.037670453550860364,0.02259877115899662,0.04568767833073678,0.10226337808741925,0.13793827787210952,0.0064242827384599225,0.09442120188352268,0.01755737217077739,0.0519019027780209,0.15876393784221143,0.336946642725721,0.321651038549356,0.18263838088271153
3701000,38979,7781,21163,10035,10085,14344,14550,805,6,5,2987,7436,1440,4142,796,765,1269,356,954,1388,1950,3269,5570,281,3241,725,1594,4968,10197,9928,6105,0.19962030837117423,0.542933374381077,0.2574463172477488,0.25872905923702505,0.36799302188357835,0.3732779188793966,0.020652146027348058,0.00015392903871315323,0.0001282741989276277,0.07663100643936478,0.1907693886451679,0.03694296929115678,0.10626234639164678,0.02042125246927833,0.019625952435927036,0.03255599168783191,0.009133122963647091,0.024474717155391363,0.03560891762230945,0.0500269375817748,0.08386567125888299,0.14289745760537725,0.007209009979732677,0.08314733574488828,0.018599758844506015,0.04089381461812771,0.15924097698570422,0.3268478748637733,0.31822552727738956,0.1956856208731329
3701100,48761,12629,26343,9789,13890,18550,16321,575,56,62,3636,6357,2254,8038,1309,295,856,449,1351,233,2446,5304,5847,360,5767,1215,2351,5378,11064,11542,8148,0.2589979696888907,0.5402473288078588,0.20075470150325056,0.2848588010910359,0.3804269805787412,0.3347142183302229,0.011792210988289822,0.001148458809294313,0.0012715079674329895,0.07456778983203789,0.13037058304792765,0.046225467074096104,0.16484485551978015,0.02684522466725457,0.006049916941818256,0.0175550132277845,0.009208178667377618,0.027706568774225303,0.0047784089743852665,0.050163040134533744,0.10877545579458994,0.11991140460614015,0.007382949488320584,0.11827074916429113,0.024917454523081972,0.04821476179733804,0.14884313074283184,0.3062105612753238,0.319439831728108,0.2255064762537363
3701200,618585,138072,352972,127541,128941,193313,296331,964,237,2316,33068,26052,30650,65712,9294,20981,21635,9991,59190,12103,50875,49427,70492,11286,50976,16664,76672,55541,121680,150316,152976,0.2232061883168845,0.5706119611694431,0.20618185051367233,0.20844508030424275,0.3125083860746704,0.47904653362108685,0.0015583953700784856,0.0003831324716894202,0.003744028710686486,0.0534574876532732,0.04211547321710032,0.04954856648641658,0.10622953999854506,0.015024612623972453,0.03391773159711277,0.034974983227850656,0.01615137774113501,0.09568612235990204,0.019565621539481236,0.08224415399662133,0.0799033277560885,0.11395685314063549,0.018244865297412642,0.0824074298600839,0.026938900878618135,0.12394739607329631,0.11558688318526242,0.2532293611203027,0.31282400268046856,0.31835975301396635
3701300,208481,39945,123604,44932,34626,54316,119539,236,22,208,4925,23378,6773,15845,2717,3557,10943,2070,26373,1031,10110,32369,37255,2022,15623,5174,7850,18105,38537,49835,62059,0.19160019378264687,0.5928789673879155,0.2155208388294377,0.16608707747948254,0.26053213482283755,0.5733807876976799,0.0011319976400727164,0.00010552520373559222,0.0009976928353183263,0.023623255836263256,0.11213491876957613,0.032487372950053,0.07600212969047539,0.013032362661345638,0.01706150680397734,0.05248919565811753,0.009928962351485267,0.12650073627812605,0.004945294775063435,0.04849362771667442,0.15526115089624473,0.1786973393258858,0.009698725543334884,0.07493728445277988,0.02481760927854337,0.03765331133292722,0.10742511985569848,0.2286573788389424,0.29569350168509995,0.36822399962025915
3701400,71005,14983,40133,15889,13975,21491,35539,254,17,245,1766,2297,875,6153,595,893,1124,676,3333,368,1359,22476,16348,700,6567,2461,2498,5883,12889,16541,20709,0.2110133089219069,0.5652137173438491,0.22377297373424407,0.19681712555453842,0.3026688261390043,0.5005140483064573,0.0035772128723329344,0.0002394197591718893,0.003450461235124287,0.024871487923385678,0.032349834518695865,0.012323075839729596,0.08665586930497853,0.008379691571016125,0.01257657911414689,0.015829871135835505,0.00952045630589395,0.04694035631293571,0.005182733610309133,0.01913949721850574,0.3165410886557285,0.23023730723188507,0.009858460671783677,0.09248644461657629,0.03465953101894233,0.03518062108302232,0.1050123165899111,0.23007032951340545,0.29525900539073935,0.3696583485059441
3701500,42693,9631,22817,10245,11278,17081,14334,468,71,243,2186,9849,1701,5460,696,702,656,308,1461,329,2836,3925,5219,594,3450,930,1609,5198,10055,10633,7176,0.22558733281802637,0.5344435855995128,0.23996908158246083,0.2641650856112243,0.4000890075656431,0.3357459068231326,0.010961984400252969,0.0016630360949101727,0.005691799592439041,0.05120277328836109,0.23069355632070832,0.03984259714707329,0.1278898180029513,0.01630243833883775,0.016442976600379453,0.015365516595226383,0.00721429742580751,0.0342210666854051,0.007706181341203476,0.06642775162204577,0.09193544609186517,0.12224486449769283,0.013913287892628768,0.08080950038648022,0.021783430538964234,0.03768767713676715,0.15721976891900066,0.3041255822394289,0.32160788821002967,0.21704676063154074
3701600,63422,15531,32906,14985,17652,24807,20963,77,50,108,2906,9323,3033,9743,1039,493,1474,519,1343,408,2952,6274,11305,745,7601,1507,2522,6970,14895,15384,10642,0.2448834789189871,0.5188420421935606,0.23627447888745232,0.2783261328876415,0.39114187505912773,0.33053199205323075,0.0012140897480369588,0.0007883699662577655,0.0017028791271167733,0.04582006243890133,0.14699946390842294,0.04782252215319605,0.15362177162498816,0.016382327898836365,0.007773327867301567,0.023241146605278925,0.008183280249755604,0.021175617293683578,0.006433098924663366,0.046545362807858474,0.0989246633660244,0.17825044937088078,0.011746712497240705,0.1198480022705055,0.02376147078300905,0.03976538109804169,0.14553882775469296,0.31101877179428283,0.32122945856215157,0.22221294188887264
3701700,284382,63477,154765,66140,70224,101824,112334,325,62,389,11429,34728,17632,32075,16250,4590,12921,4282,12379,6426,26789,21334,35778,3518,26955,7058,9462,29841,65399,70843,54822,0.22321032976770683,0.5442151753627164,0.23257449486957685,0.24693546005021416,0.3580536039552433,0.39501093599454257,0.0011428290116814706,0.00021801661145923442,0.0013678784170587449,0.040188900844638546,0.12211743359284342,0.06200111118143905,0.11278843246056361,0.057141450584073536,0.016140262041901388,0.04543536510749625,0.015057211778523254,0.04352947795570746,0.02259636685866194,0.09420075813518436,0.07501881272373076,0.12580965039981434,0.012370684501832043,0.09478448003038167,0.024818729736762524,0.03327214802624639,0.13508521762748693,0.2960503383807519,0.32069441615173944,0.24817002784002173
3701800,190036,40325,103731,45980,44965,67058,78013,67,106,171,6504,15810,7032,22170,6083,1921,9651,1890,8703,6809,14558,16479,39785,3164,18117,4388,6628,18353,43221,48513,39624,0.2121966364267823,0.5458492075185755,0.24195415605464227,0.23661306278810332,0.352869982529626,0.41051695468227073,0.0003525647772001094,0.0005577890504956956,0.000899829505988339,0.03422509419267928,0.08319476309751836,0.03700351512345029,0.11666210612726009,0.0320097244732577,0.010108611000021049,0.05078511439937696,0.009945484013555326,0.0457965859100381,0.03583005325306784,0.07660653770864467,0.08671514870866573,0.2093550695657665,0.01664947694121114,0.09533456818708035,0.0230903618261803,0.03487760213854217,0.12258952247997809,0.28869622138653805,0.32404432540027117,0.26466993073321265
3701990,96933,22524,52928,21481,23608,37748,35577,534,64,217,5543,17415,4588,12623,4425,818,1474,755,3395,4934,6361,7269,9857,2480,8888,2168,3125,9669,23328,24248,17164,0.2323666862678345,0.5460266369554229,0.2216066767767427,0.24354966832760772,0.38942362250214063,0.3670267091702516,0.005508959796973167,0.0006602498633076454,0.0022386596927774856,0.057183828004910606,0.17966017764847886,0.04733166207586684,0.13022396913331888,0.04565008820525518,0.008438818565400843,0.01520637966430421,0.00778888510620738,0.03502419196764776,0.0509011378993738,0.06562264657031146,0.07498994150598867,0.10168879535349158,0.025584682203171262,0.09169219976684927,0.02236596411954649,0.03223876285681863,0.12994395839213,0.31351046244405917,0.32587455818516575,0.23067102097864506
3702000,37128,7619,19927,9582,8525,17386,11217,179,45,128,1076,11098,2322,3649,803,257,580,161,591,385,1608,3438,3874,232,2642,850,3210,4040,10169,9592,5708,0.2052090066795949,0.5367108381814264,0.2580801551389787,0.22961107519931048,0.4682719241542771,0.3021170006464124,0.004821159232923939,0.0012120232708468003,0.003447532859297565,0.02898082309847016,0.2989118724412842,0.0625404007756949,0.09828162034044387,0.02162788192199957,0.006921999569058392,0.015621633268692092,0.004336349924585219,0.015917905623787976,0.010369532428355957,0.04330963154492566,0.09259857789269554,0.10434173669467788,0.006248653307476837,0.0711592329239388,0.022893772893772892,0.08645765998707175,0.13690738418787488,0.34460673015012366,0.32505337354705344,0.19343251211494797
3702100,44497,10000,23640,10857,11115,20159,13223,218,117,55,1248,14754,1256,4697,329,218,531,208,678,64,2812,3533,6627,251,3957,1041,1903,4528,11641,11496,6832,0.2247342517473088,0.5312717711306381,0.24399397712205317,0.24979212081713373,0.4530417780973998,0.2971661010854664,0.004899206688091332,0.002629390745443513,0.0012360383846101984,0.028046834618064138,0.3315729150279794,0.028226622019461987,0.10555767804571095,0.007393756882486459,0.004899206688091332,0.011933388767782098,0.004674472436344023,0.015236982268467538,0.0014382992111827764,0.06319527159134324,0.0793986111423242,0.14893138863294156,0.005640829718857451,0.08892734341641009,0.023394835606894846,0.04276692810751287,0.13125779053251008,0.3374496333014465,0.33324636924949996,0.19804620691654345
3702200,130843,30914,70308,29621,32648,53680,44515,312,83,600,6206,12259,3408,17127,3340,1550,2842,1628,5900,908,7492,8715,26882,2644,18163,4503,6281,11825,29415,32544,26145,0.236267893582385,0.5373462852426191,0.22638582117499598,0.24952041759971874,0.41026268122864806,0.34021690117163317,0.0023845371934302943,0.000634348035431777,0.004585648448904412,0.047430890456501305,0.09369244055853199,0.02604648318977706,0.13089733497397643,0.025526776365567893,0.011846258493003066,0.021720688152977233,0.012442392791360639,0.04509220974756005,0.006939614652675344,0.057259463631986425,0.06660654372033659,0.20545233600574733,0.020207424164838776,0.13881522129575138,0.034415291609027614,0.04800409651261436,0.11833401715217805,0.2943589948863693,0.32567122657086534,0.2616357613905873
3702390,66124,14749,34300,17075,17311,28105,20708,227,72,249,3917,5267,850,9498,607,621,1442,675,2737,230,2054,6715,9401,4682,8272,2047,6561,6272,16924,17231,10948,0.22305063214566573,0.5187224003387575,0.2582269675155768,0.26179601959954024,0.4250347831347166,0.31316919726574316,0.003432944165507229,0.0010888633476498699,0.003765652410622467,0.05923719073256306,0.07965337850099813,0.012854636743088742,0.1436392232774787,0.009179722944770432,0.009391446373480128,0.021807513157098782,0.01020809388421753,0.04139193031274575,0.003478313471659307,0.031062851612122678,0.10155163027040107,0.1421722823785615,0.07080636380134293,0.1250983001633295,0.03095698989776783,0.0992226725545944,0.12208272506082725,0.32942092457420924,0.33539659367396596,0.21309975669099757
3702500,46027,9890,23949,12188,11790,18438,15799,849,22,67,2672,7218,1850,6384,667,479,835,408,1302,240,1929,4254,7730,819,5018,1553,1731,4582,11078,11811,8666,0.214873878375736,0.5203250266148131,0.264801095009451,0.25615399656723226,0.40059095748147827,0.3432550459512895,0.018445694918200188,0.0004779803159015361,0.0014556673257001326,0.05805288200404111,0.1568209963716949,0.040193799291720074,0.13870119712342754,0.014491494123014752,0.010406935059856171,0.018141525626262846,0.008864362222173941,0.028287744150172725,0.005214330718925848,0.041910183153366504,0.09242401199296066,0.16794490190540334,0.017793903578334457,0.10902296478154128,0.03374106502704934,0.03760836031025268,0.12679525140437778,0.3065556078257741,0.32683952735423527,0.2398096134156128
3702690,79308,17725,42163,19420,21718,32512,25078,423,65,318,4688,13952,2526,9798,3088,1510,1299,494,2007,215,5074,9084,9957,1284,7342,1797,4387,8305,20053,20111,13114,0.2234957381348666,0.5316361527210369,0.24486810914409643,0.27384374842386644,0.4099460331870681,0.31621021838906543,0.005333635950975942,0.0008195894487315278,0.004009683764563474,0.05911131285620618,0.17592172290311192,0.03185050688455137,0.12354365259494629,0.038936803348968575,0.01903969334745549,0.01637917990618853,0.006228879810359611,0.02530640036314117,0.002710949715035053,0.06397841327482726,0.1145407777273415,0.12554849447722802,0.016190043879558177,0.09257578050133657,0.022658495990316236,0.05531598325515711,0.13485864605491776,0.3256255784875696,0.3265673968465323,0.21294837861098032
3702800,86332,18628,46483,21221,19575,35969,30788,85,17,328,2297,24158,4339,10559,4047,511,1177,618,2825,2084,5351,5098,9999,1051,7396,1560,2832,9254,22132,22336,13982,0.21577167214937681,0.5384214428022054,0.24580688504841774,0.2267409535282398,0.41663577815873604,0.35662326831302416,0.0009845711902886532,0.0001969142380577306,0.0037992864754668025,0.026606588518741602,0.2798267154705092,0.05025946346661724,0.12230690821479868,0.04687717184821387,0.005919010332205903,0.013633415187879349,0.007158411712922207,0.032722513089005235,0.02413936894778298,0.06198165222628921,0.05905110503637122,0.11582032154936756,0.012173933188157345,0.0856692767455868,0.01806977713941528,0.032803595422323126,0.13668320926385444,0.32689353657095593,0.32990665248729767,0.206516601677892
3703000,75704,17279,40509,17916,19837,29270,26597,31,122,573,3414,15393,2639,10568,1504,474,1195,980,1892,391,4431,6030,11965,864,7799,1645,3794,8097,18742,19286,12300,0.22824421430835887,0.5350972207545176,0.23665856493712353,0.26203371023988165,0.3866374299904893,0.3513288597696291,0.0004094895910387826,0.001611539680862306,0.007568952763394273,0.04509669238085174,0.2033313959632252,0.03485945260488217,0.13959632251928564,0.019866849836204164,0.0062612279403994504,0.01578516326746275,0.012945154813484096,0.02499207439501215,0.005164852583747226,0.05853059283525309,0.07965233012786643,0.15804977279932367,0.011412871182500265,0.10301965550036986,0.021729367008348304,0.05011624220648843,0.13858793324775354,0.32078733418913136,0.33009841677364143,0.21052631578947367
3703100,714100,160253,413094,140753,146159,210352,357589,1692,145,2064,33949,34602,44077,70442,36689,24008,65858,12804,62127,31490,65280,34768,81891,15461,62519,18386,15848,66403,141413,173766,172265,0.22441254726228818,0.5784820053213836,0.19710544741632824,0.20467581571208515,0.2945693880408906,0.5007547962470242,0.002369416048172525,0.00020305279372636884,0.002890351491387761,0.04754096064976894,0.04845539840358493,0.06172384820053214,0.09864444755636466,0.05137795826914998,0.03361994118470803,0.09222517854642207,0.017930261868085703,0.0870004201092284,0.044097465340988656,0.09141576809970592,0.04868785884329926,0.11467721607617981,0.02165102926760958,0.08754936283433692,0.025747094244503572,0.022192970172244784,0.11989412238397969,0.2553286376923591,0.31374368733603325,0.311033552587628
3703290,95941,26156,50508,19277,28400,35573,31968,416,56,207,5293,9105,4702,16146,2853,948,1492,1149,3101,1989,4965,8277,13340,3443,12388,2431,3640,9138,21279,23026,16342,0.2726258846582796,0.526448546502538,0.20092556883918242,0.2960152593781595,0.3707799585161714,0.3332047821056691,0.0043359981655392375,0.0005836920607456667,0.002157576010256303,0.05516932281297881,0.0949020752337374,0.049009286957609366,0.16829092879999166,0.02973702588048905,0.00988107274262307,0.015551224189866689,0.011976110317799481,0.032321947863791285,0.02073149122898448,0.05175055502861133,0.08627177119271219,0.13904378732762843,0.03588663866334518,0.1291210222949521,0.02533848927986992,0.03793998394846833,0.1309450454968833,0.30492226123092353,0.32995629433259294,0.2341763989396002
3703400,49324,11166,26298,11860,13797,18197,17330,423,193,148,2703,7385,2430,5374,3908,175,685,215,1020,1485,2843,4137,8266,779,4135,1004,2016,5083,12113,12486,8476,0.2263806666126024,0.5331684372719163,0.24045089611548132,0.2797218392668883,0.3689279052793772,0.3513502554537345,0.008575946800746087,0.003912902441002352,0.003000567674965534,0.054800908279944854,0.14972427215959777,0.04926607736598816,0.10895304517070797,0.07923120590381964,0.0035479685345876245,0.01388776254967156,0.0043589327710647965,0.02067958803016787,0.030107047279214986,0.05763928310761495,0.08387397615765145,0.16758575946800747,0.015793528505392913,0.08383342794582758,0.020355202335577,0.04087259751844944,0.1332092876985167,0.3174432622254835,0.32721840767335814,0.22212904240264164
3703500,44989,10148,23907,10934,11429,19179,14381,64,64,128,2253,9849,2521,5872,1593,153,687,383,843,1358,3072,5001,3960,785,3955,939,1509,5259,11616,11141,6825,0.22556624952766233,0.5313965636044367,0.24303718686790104,0.2540398764142346,0.4263042076952144,0.31965591589055103,0.0014225699615461557,0.0014225699615461557,0.0028451399230923114,0.05007890817755451,0.21892018048856388,0.05603591989152904,0.13052079397185978,0.03540865544910978,0.0034008313143212786,0.015270399430972015,0.008513192113627775,0.018737913712240768,0.03018515637155749,0.06828335815421548,0.11116050590144258,0.08802151637066838,0.017448709684589565,0.0879103780924226,0.020871768654560002,0.033541532374580456,0.1509428546827014,0.33340030423925837,0.319766941247381,0.19588989983065927
3703600,46473,9969,24817,11687,11286,22139,13048,270,25,99,2289,16104,2286,4754,839,218,798,346,667,334,2780,3723,4316,449,3710,1084,1382,6043,12203,11351,6907,0.2145116519269253,0.5340089944699072,0.2514793536031674,0.2428506874959654,0.4763841370257999,0.28076517547823465,0.0058098250597120905,0.0005379467647881566,0.0021302691885611,0.04925440578400361,0.3465237880059389,0.049189852172229036,0.10229595679211585,0.018053493426290534,0.004690895788952725,0.01717126073203796,0.007445183224668087,0.014352419684548017,0.007186968777569772,0.05981968024444301,0.08011103221225227,0.09287112947302735,0.009661523895595292,0.07983129989456243,0.023325371721214468,0.029737697157489296,0.1655435020819636,0.3342921323690555,0.31095222441376286,0.18921214113521806
3703700,44949,9976,23669,11304,12773,19058,13118,426,41,164,1993,4659,765,6036,475,349,904,353,1458,512,2156,3596,11084,1289,5656,1372,1661,5063,10472,11620,7818,0.22194042136643752,0.5265745622816971,0.25148501635186543,0.2841664998108968,0.4239916349640704,0.2918418652250328,0.00947740772875926,0.0009121448753031214,0.0036485795012124855,0.0443391399141249,0.10365080424481078,0.017019288526997262,0.13428552359340587,0.010567532091926405,0.007764355158068032,0.020111682128634675,0.007853344902000044,0.032436761663218315,0.011390687223297514,0.04796547197935438,0.08000177979487864,0.2465905804356048,0.028676944982090814,0.12583149791986473,0.03052348216868006,0.036952991167767915,0.1447688216624253,0.2994309896205644,0.33225631201212363,0.22354387670488662
3703800,25808,6670,13418,5720,8468,10088,7252,232,65,94,1901,1983,580,4569,748,109,510,310,776,297,940,4559,3440,252,2814,513,1116,2816,5786,6242,4294,0.2584469931804092,0.5199163050216987,0.22163670179789213,0.3281153130812151,0.3908865468071916,0.2809981401115933,0.008989460632362058,0.002518598884066956,0.0036422814631122133,0.07365933044017359,0.0768366398016119,0.022473651580905144,0.17703812771233726,0.02898326100433974,0.004223496590204588,0.01976131432114073,0.012011779293242406,0.030068195908245506,0.011508059516429013,0.03642281463112213,0.17665065096094235,0.1332920024798512,0.00976441413515189,0.10903595784252945,0.019877557346559206,0.04324240545567266,0.147141812101578,0.30233044205246107,0.32615738321663706,0.22437036262932386
3703900,36849,7755,19848,9246,8840,17924,10085,4757,0,35,1378,8512,1236,3807,520,222,411,123,429,1393,1534,3987,3735,62,2226,688,1794,5622,9411,9083,4978,0.21045347227875927,0.5386306276968167,0.250915900024424,0.23989796195283455,0.48641754186002334,0.27368449618714213,0.12909441233140656,0.0,0.0009498222475508155,0.03739585877500068,0.23099677060435833,0.03354229422779451,0.10331352275502727,0.014111644820754972,0.006024586827322315,0.011153626964096719,0.00333794675567858,0.011642106977122852,0.03780292545252246,0.04162935222122717,0.1081983228852886,0.10135960270292274,0.001682542267090016,0.060408694944231865,0.01867079160899889,0.048685174631604655,0.1932357187048876,0.32346875644462775,0.3121949542861071,0.17110057056437752
3704000,39742,9083,20967,9692,11216,16502,12024,1297,8,283,1688,5338,1631,6001,888,220,850,362,941,596,1251,4556,6518,247,3946,1009,2112,4911,9716,10001,6031,0.22854914196567863,0.5275778773086407,0.24387298072568064,0.28222032107090733,0.4152282220321071,0.30255145689698554,0.03263549896834583,0.0002012983745156258,0.0071209299984902625,0.04247395702279704,0.1343163403955513,0.04103970610437321,0.1509989431835338,0.02234411957123446,0.005535705299179709,0.02138795229228524,0.009108751446832066,0.023677721302400482,0.014996728901414121,0.031478033314880985,0.11463942428664889,0.1640078506366061,0.006215087313169946,0.09929042322983242,0.025388757485783304,0.053142770872125204,0.1601813496852474,0.31690531328484295,0.32620111549626535,0.1967122215336443
3704190,68369,17672,35380,15317,20065,30286,18018,663,16,368,3979,8293,1314,9957,1392,369,1206,928,2137,632,5760,7056,9132,560,9002,1749,3856,7875,16445,16828,9549,0.25847972034109024,0.517485995114745,0.22403428454416474,0.29348096359461157,0.442978542906873,0.2635404934985154,0.009697377466395589,0.00023402419225087393,0.005382556421770101,0.05819889131038921,0.12129766414603109,0.01921923678860302,0.14563618014012197,0.02036010472582603,0.00539718293378578,0.017639573490909624,0.013573403150550688,0.03125685617750735,0.00924395559390952,0.08424870921031462,0.1032046687826354,0.1335693077271863,0.008190846728780588,0.13166786116514795,0.025581769515423656,0.05639983033246062,0.15533463518551394,0.32437816833343197,0.3319328559875338,0.18835434049352032
3704200,76241,19640,40230,16371,21096,27148,27997,590,20,489,2919,6206,1738,8726,594,864,1849,909,1842,1640,5599,9905,18496,570,9037,1551,2697,7739,16060,18942,13860,0.2576041762306371,0.5276688396007397,0.21472698416862318,0.2767015123096497,0.35608137353917185,0.3672171141511785,0.007738618328720767,0.00026232604504138193,0.0064138718012617885,0.038286486273789694,0.08139977177634082,0.02279613331409609,0.11445285345155494,0.0077910835377290434,0.0113324851457877,0.02425204286407576,0.01192271874713081,0.024160228748311276,0.021510735693393318,0.07343817630933487,0.1299169738067444,0.24259912645427,0.007476292283679385,0.11853202345194842,0.02034338479295917,0.03537466717383035,0.13672903305595308,0.28374056995459446,0.33465839826151483,0.24487199872793766
3704300,32900,7223,17281,8396,9364,12891,10645,275,30,91,1139,4157,628,4170,830,314,571,370,1651,152,2074,3236,6556,412,3949,882,1413,3564,7706,8637,5770,0.21954407294832826,0.5252583586626139,0.25519756838905777,0.2846200607902736,0.39182370820668694,0.32355623100303954,0.008358662613981762,0.000911854103343465,0.0027659574468085106,0.034620060790273556,0.12635258358662613,0.019088145896656535,0.12674772036474163,0.025227963525835867,0.009544072948328267,0.01735562310030395,0.011246200607902736,0.05018237082066869,0.004620060790273556,0.06303951367781155,0.09835866261398177,0.19927051671732524,0.012522796352583587,0.12003039513677811,0.026808510638297874,0.0429483282674772,0.138801261829653,0.30011294154301515,0.33637107138684424,0.2247147252404876
3704400,40514,9209,20653,10652,12235,16515,11764,592,0,154,2187,3802,1495,6264,640,323,741,705,1146,270,2390,4333,5326,999,5321,1329,2497,4457,9854,10231,6763,0.22730414177815075,0.5097743989731944,0.2629214592486548,0.3019943723157427,0.4076368662684504,0.29036876141580686,0.014612232808411906,0.0,0.0038011551562422865,0.05398133978377845,0.09384410327294268,0.03690082440637804,0.1546132201214395,0.015797008441526386,0.007972552697832848,0.01828997383620477,0.01740139211136891,0.028286518240608186,0.006664362936268944,0.0589919533988251,0.1069506837142716,0.1314607296243274,0.02465814286419509,0.13133731549587796,0.03280347534185714,0.06163301574764279,0.1423734227759144,0.3147739977639355,0.3268168024277272,0.21603577703242294
3704690,122105,30762,65048,26295,32866,43729,45510,543,21,303,9222,5579,4829,15684,2522,3798,2954,2409,8931,613,6561,10474,20161,2226,16579,3848,4848,11509,26307,29809,23718,0.25193071536792105,0.5327218377625814,0.21534744686949756,0.26916178698660986,0.3581262028581958,0.3727120101551943,0.004446992342655911,0.00017198312927398552,0.002481470865238934,0.07552516276974734,0.04569018467712215,0.039547930060194095,0.12844682854919945,0.0206543548585234,0.031104377380123664,0.024192293517873963,0.019728921829572907,0.07314196797837927,0.0050202694402358625,0.053732443388886615,0.08577863314360591,0.16511199377584865,0.018230211703042464,0.13577658572540027,0.0315138610212522,0.03970353384382294,0.1259976133912834,0.28800236471322377,0.3263413726284444,0.2596586492670484
3704800,30383,6631,15072,8680,9409,11884,9090,177,15,1158,2208,1392,746,4258,560,326,417,948,1157,3,1894,3152,3677,1514,4342,772,1667,2991,7095,7793,5873,0.21824704604548598,0.49606687950498635,0.2856860744495277,0.3096797551262219,0.3911397821149985,0.2991804627587796,0.0058256261725306915,0.0004936971332653128,0.03811341868808215,0.07267221801665405,0.045815093967021034,0.024553204094394893,0.14014415956291348,0.018431359641905013,0.010729684362966133,0.013724780304775697,0.03120165882236777,0.038080505545864465,9.873942665306256e-05,0.062337491360300167,0.10374222427015108,0.12102162393443702,0.04983049731757891,0.14290886350919924,0.025408945792054768,0.0548662080768851,0.12592623779050185,0.29871168743684745,0.3280986864264062,0.24726338834624453
3704990,65279,14132,35370,15777,17443,29905,17931,1294,0,222,2315,15288,1668,7253,1264,214,1498,352,892,410,4713,6968,11032,132,5146,891,3727,8908,16988,17021,8230,0.21648615940807917,0.5418281530047948,0.24168568758712602,0.26720691187058626,0.4581105715467455,0.27468251658266823,0.019822607576709204,0.0,0.003400787389512707,0.03546316579604467,0.23419476401292913,0.02555186200769007,0.11110770691953002,0.019363041713261538,0.00327823649259333,0.02294765544815331,0.005392239464452581,0.013664425006510517,0.006280733467118062,0.07219779714762788,0.10674183121677722,0.16899768685182065,0.0020220897991697177,0.07883086444338915,0.013649106144395594,0.05709339910231468,0.17416466263905997,0.3321406925137349,0.3327858916456488,0.1609087532015563
3705000,108038,26292,58645,23101,30927,40854,36257,296,0,365,4413,6553,2166,16210,4272,1290,1743,1665,6121,486,6749,10590,21053,1066,15042,3082,4876,12311,24925,27270,17240,0.24335881819359856,0.5428182676465688,0.21382291415983265,0.28626038986282604,0.3781447268553657,0.33559488328180825,0.0027397767452192745,0.0,0.00337844091893593,0.040846739110313036,0.06065458449804698,0.020048501453192397,0.15003980081082582,0.03954164275532683,0.011940243247746164,0.01613321238823377,0.01541124419185842,0.056655991410429665,0.004498417223569485,0.06246876099150299,0.09802106666173013,0.1948666210037209,0.009866898683796442,0.13922878987023085,0.028526999759343936,0.045132268275976974,0.15060064100995768,0.30490788540112057,0.3335943043084677,0.2108971692804541
3705200,32532,7335,17725,7472,8715,14441,9376,361,96,156,1365,6542,550,4521,740,106,399,253,562,109,1736,4034,5121,165,2682,540,2494,3892,8740,8208,4357,0.22547030616008853,0.5448481495143244,0.22968154432558713,0.26789007746219107,0.443901389401205,0.28820853313660394,0.011096766260912333,0.002950940612320177,0.004795278495020288,0.04195868683142752,0.2010943071437354,0.016906430591417682,0.13897085946145335,0.022746833886634697,0.003258330259436862,0.012264846919955736,0.007776958072052133,0.017275298167957705,0.0033505471535718676,0.05336284273945654,0.12400098364687077,0.15741423828845444,0.005071929177425305,0.08244190335669495,0.016599040944300997,0.07666297799090127,0.1544628328769298,0.3468666904790253,0.3257530658411716,0.17291741080287334
3705390,74566,17130,40964,16472,17444,27811,29311,1016,47,239,7777,13896,4289,8625,2995,407,1119,628,3331,291,4644,7246,5794,702,5583,2333,3604,8145,17743,18094,13454,0.229729367271947,0.5493656626344446,0.22090497009360835,0.2339404017917013,0.3729715956333986,0.39308800257490006,0.013625512968377008,0.0006303140841670467,0.0032052141726792373,0.10429686452270472,0.18635839390606979,0.057519512914733256,0.11566933991363355,0.040165759193197974,0.005458251750127404,0.01500683957836011,0.008422069039508623,0.044671834348094304,0.003902582946651289,0.06228039589088861,0.0971756564654132,0.07770297454603975,0.009414478448622697,0.07487326663626855,0.03128771826301532,0.048333020411447575,0.1418100146249739,0.30891775193258586,0.315028901734104,0.23424333170833622
3800100,110183,28122,58148,23913,21124,26471,62588,797,16199,2389,9000,2970,6652,11340,7507,1298,2992,2112,3184,252,2714,8888,11909,2123,8704,3152,6001,8978,27156,29180,16747,0.2552299356525054,0.5277402140076055,0.21702985033988909,0.1917174155722752,0.24024577294137933,0.5680368114863454,0.007233420763638674,0.14701905012569996,0.0216821106704301,0.08168229218663496,0.02695515642158954,0.06037228973616619,0.10291968815516005,0.06813210749389652,0.011780401695361353,0.027154824246934644,0.019168111233130336,0.028897379813582858,0.002287104181225779,0.024631748999391922,0.0806658014394235,0.10808382418340397,0.019267945145802892,0.07899585235471897,0.028606953885808157,0.0544639372679996,0.10940641717746555,0.3309245561228842,0.35558913491183386,0.20407989178781638
3800200,52235,11221,26056,14958,13149,16669,22417,1220,341,373,2185,6619,3593,5364,1149,711,1934,424,1151,191,695,7303,8357,1656,3706,1264,3999,3593,13207,15132,9082,0.21481765100028716,0.4988226285057911,0.2863597204939217,0.2517277687374366,0.31911553556044797,0.42915669570211545,0.02335598736479372,0.006528189910979229,0.007140805973006605,0.041830190485306784,0.1267158035799751,0.06878529721451135,0.10268976739733895,0.02199674547717048,0.013611563128170768,0.03702498324877956,0.008117162821862737,0.02203503398104719,0.003656552120225902,0.013305255097157078,0.13981047190581028,0.159988513448837,0.031702881209916725,0.07094859768354551,0.024198334450081363,0.07655786350148368,0.08760423270102892,0.3220119959038377,0.36894718876481203,0.22143658263032134
3800300,73991,18437,37949,17605,17685,20996,35310,420,321,494,4874,1755,3234,9343,1816,1049,3068,700,4117,1876,3105,6068,14840,1386,6630,2973,5922,4787,16718,20172,13877,0.2491789541971321,0.5128867024367828,0.23793434336608507,0.23901555594599344,0.28376424159695096,0.4772202024570556,0.005676366044518928,0.004338365476882324,0.006676487680934168,0.06587287643091727,0.023719100971739807,0.04370801854279575,0.12627211417604844,0.024543525563919935,0.014177399954048465,0.041464502439485885,0.009460610074198213,0.05564190239353435,0.025354434998851212,0.0419645632576935,0.08200997418604966,0.20056493357300212,0.018732007946912464,0.08960549255990594,0.040180562500844695,0.08003676122771688,0.08616841271555603,0.30093242610793103,0.3631061669726752,0.24979299420383771
3800400,54973,15234,26446,13293,14259,16612,24102,1470,187,435,2857,4404,2761,7415,1974,630,1698,643,1945,168,1499,7333,10368,848,4955,1382,2001,3554,12169,14287,9729,0.27711785785749365,0.48107252651301546,0.24180961562949085,0.25938187837665766,0.30218470885707527,0.43843341276626707,0.026740399832645118,0.003401669910683426,0.007912975460680698,0.05197096756589598,0.08011205500882251,0.05022465574009059,0.13488439779528133,0.03590853691812344,0.011460171356847907,0.03088789041893293,0.011696651083259055,0.03538100522074473,0.003056045695159442,0.02726793153002383,0.13339275644407256,0.1886016771869827,0.015425754461280992,0.09013515725901806,0.025139613992323503,0.03639968711913121,0.08943355393945494,0.3062231057651174,0.35952087370089836,0.2448224665945293
3800500,119823,34734,62133,22956,27916,36338,55569,286,25,180,7671,8937,8539,13826,4639,3436,8383,1905,6611,3381,5651,7640,19421,2105,10686,4009,2492,7488,24514,30337,22750,0.28987756941488696,0.518539846273253,0.19158258431185998,0.23297697437052986,0.3032639810386987,0.4637590445907714,0.0023868539428991095,0.00020864107892474732,0.001502215768258181,0.06401942865726948,0.07458501289401867,0.0712634469175367,0.11538686228854227,0.03871543860527612,0.028675629887417273,0.06996152658504627,0.015898450214065746,0.05517304691086018,0.02821661951378283,0.04716122948014989,0.06376071371940278,0.1620807357519007,0.017567578845463727,0.089181542775594,0.03345768341637248,0.020797342747218815,0.08800197440327187,0.2880983440867797,0.35653257177778563,0.26736710973216277
3900100,47664,10787,24303,12574,12257,17523,17884,1012,60,276,1613,15277,1451,5173,1661,533,1346,207,704,87,1080,4210,6517,258,3252,1457,1490,3275,13906,12481,7215,0.22631336018798254,0.5098816717019133,0.26380496811010407,0.2571542463914065,0.36763595166163143,0.3752098019469621,0.021231957032561262,0.0012588116817724068,0.005790533736153071,0.033841054044981535,0.320514434373951,0.03044226250419604,0.10853054716347768,0.03484810339039946,0.011182443773078215,0.028239342061094328,0.004342900302114804,0.014770057066129574,0.00182527693856999,0.022658610271903322,0.08832661967103055,0.1367279288351796,0.00541289023162135,0.06822759315206445,0.03056814367237328,0.031260490097348104,0.0888087425766738,0.37709141199121404,0.33844944003037125,0.19565040540174092
3900290,303169,75382,156418,71369,81180,101710,120279,1284,386,1634,14450,45046,12376,31080,13062,3348,6582,3222,12189,6832,18313,27004,53349,5352,28588,9833,9239,21244,70265,78174,58104,0.24864679436222042,0.5159432527732057,0.2354099528645739,0.26777144101144906,0.33548944648034595,0.396739112508205,0.004235261520801929,0.0012732172484653775,0.005389733119151365,0.047663184560426695,0.14858379319785334,0.04082211571763604,0.10251707793342987,0.04308488005040093,0.011043345460782599,0.021710663029531382,0.010627735685376803,0.04020529803508934,0.02253528559978098,0.06040525251592346,0.08907243154808045,0.17597115800098295,0.017653519983903368,0.09429724015318189,0.03243405493305714,0.0304747517061441,0.09326256546686158,0.3084679986127391,0.34318903185871014,0.2550804040616892
3900700,62086,14701,31755,15630,15641,21961,24484,657,147,207,2157,16183,1743,6714,1368,669,1093,674,1107,514,1651,4782,9223,2056,7567,1661,1913,4769,16942,16271,9403,0.236784460264794,0.5114679637921593,0.25174757594304675,0.25192474954095934,0.3537190348870921,0.3943562155719486,0.010582095802596399,0.0023676835357407467,0.0033340849789002354,0.03474213188158361,0.26065457591083335,0.028073961923783138,0.10814032148954676,0.022033952904036338,0.010775376091228295,0.017604612956222013,0.01085590954482492,0.01783010662629256,0.008278839029732952,0.026592146377605257,0.07702219501981122,0.1485520085043327,0.03311535611893181,0.12187932867313082,0.026753213284798506,0.030812099346068357,0.10064366360662656,0.35753930568745385,0.3433787063416693,0.1984383243642503
3900800,96861,22556,49291,25014,25539,34307,37015,1090,24,568,4205,16101,4145,12118,2291,959,1746,772,2559,1417,5720,10722,14670,1225,9128,3033,4368,7470,23618,25336,17881,0.23286978247178947,0.5088838645068706,0.25824635302133986,0.2636664911574318,0.354187960066487,0.3821455487760812,0.011253239177790855,0.0002477777433642023,0.0058640732596194544,0.04341272545193628,0.16622789357945922,0.04279328109352577,0.12510711225364182,0.023652450418641145,0.009900785661927917,0.01802583082974572,0.007970184078215174,0.02641930188620807,0.014629210931128112,0.05905369550180155,0.11069470684795739,0.15145414563136866,0.012646988984214493,0.09423813505951828,0.03131291231765107,0.04509554929228482,0.10053159275957203,0.3178520960904381,0.340973016620685,0.24064329452930489
3900900,746481,163797,396041,186643,163405,229960,353116,200,380,3178,21143,67940,38387,65605,23315,15165,43328,13793,51558,26099,50850,53590,148539,16806,60085,21891,24629,52308,156609,189952,183815,0.21942554465552372,0.5305439790162108,0.2500304763282656,0.21890041407617877,0.30805874496470775,0.4730408409591135,0.0002679237649719149,0.0005090551534466383,0.0042573086254037275,0.028323560814005982,0.0910137029609595,0.051423947829884485,0.08788569300491238,0.031233212901600978,0.020315319478995446,0.05804300444351564,0.01847736245128811,0.06906806737210994,0.03496271171001003,0.06811961724410937,0.07179017282422459,0.19898564062581633,0.02251363397059001,0.08049099709168753,0.029325595695000945,0.032993472037466456,0.08977078485079391,0.26877175278538623,0.32599487887088024,0.3154625834929396
3901090,128651,31016,63812,33823,33820,43938,50893,1300,221,1027,6428,27971,5920,15719,1755,1321,2166,1041,4506,1742,6583,10519,17433,1789,12451,4296,4463,9248,30722,32417,25248,0.2410863498923444,0.4960085813557609,0.2629050687518947,0.2628817498503704,0.34152863172458825,0.39558961842504137,0.010104857327187508,0.0017178257456218762,0.007982837288478132,0.049964632999354844,0.21741766484520136,0.046015965674576956,0.12218327102004649,0.013641557391703136,0.010268089637857459,0.016836246900529338,0.008091658828924765,0.03502499008946685,0.01354050881843126,0.051169442911442584,0.08176384171129646,0.13550613675758447,0.013905838275644962,0.09678121429293204,0.033392666982767334,0.03469075250095219,0.09472013110052747,0.3146617503968864,0.33202232805858556,0.2585957904440006
3901300,28408,6170,14644,7594,7752,10947,9709,105,39,140,1105,6986,780,2734,623,329,464,168,741,54,1134,2531,5479,182,2804,927,1083,2228,7945,7476,4589,0.21719234018586314,0.5154885947620389,0.267319065052098,0.27288087862573923,0.3853491974091805,0.34176992396508027,0.003696141931850183,0.0013728527175443537,0.004928189242466911,0.03889749366375669,0.24591664319909884,0.027457054350887074,0.09624049563503238,0.021930442128977753,0.01158124471979724,0.016333427203604617,0.005913827090960293,0.02608420163334272,0.0019008729935229513,0.03991833286398198,0.08909462123345536,0.19286820613911573,0.006406646015206984,0.09870459025626584,0.03263165305547733,0.038123063925654746,0.1001888659052073,0.35727133735048117,0.33618131126899903,0.20635848547531252
3901490,166823,38438,82992,45393,48512,61666,56645,254,247,905,7454,21134,6895,21685,6597,1854,3303,1717,4576,2017,11597,13658,32811,2178,17154,5279,5508,12462,43532,42874,29517,0.23041187366250457,0.49748535873350797,0.27210276760398744,0.290799230321958,0.36964926898569145,0.33955150069235057,0.001522571827625687,0.0014806111867068689,0.005424911433075775,0.04468208820126721,0.12668516931118612,0.041331231305035875,0.1299880711892245,0.039544906877349045,0.011113575466212692,0.01979942813640805,0.010292345779658681,0.027430270406358835,0.012090658961893744,0.06951679324793344,0.08187120480988833,0.1966815127410489,0.01305575370302656,0.10282754776020094,0.031644317630063,0.03301703002583577,0.09706741441757215,0.3390738793472758,0.3339486700159676,0.2299100362191845
3901700,54987,13640,27707,13640,14307,18465,22215,119,309,85,2064,10265,3510,6567,1758,634,556,497,1599,990,1502,9105,5962,539,5561,1570,1795,3660,13606,13112,10969,0.24805863204030043,0.5038827359193991,0.24805863204030043,0.260188771891538,0.33580664520704895,0.40400458290141306,0.002164147889501155,0.005619510066015604,0.0015458199210722535,0.037536144906978014,0.18668048811537272,0.06383326968192482,0.11942822849037045,0.0319711931911179,0.01152999799952716,0.010111480895484387,0.009038500009093058,0.029079600632876863,0.018004255551312128,0.027315547311182645,0.16558459272191609,0.1084256278756797,0.009802316911269936,0.10113299507156237,0.028552203248040448,0.032644079509702294,0.08851911867850146,0.3290686144097516,0.3171209519433091,0.26529131496843783
3901800,273476,64245,142093,67138,65361,92089,116026,81,111,1591,11058,29279,14760,31792,9718,4827,9795,2874,14916,16274,18130,18614,46298,5036,22910,8249,7163,18978,63100,68672,58481,0.2349200661118343,0.5195812429609911,0.2454986909271746,0.23900086296420892,0.33673521625298014,0.42426392078281094,0.00029618686831751233,0.0004058857084351095,0.005817695154236569,0.04043499246734631,0.1070624113267709,0.0539718293378578,0.11625151750062163,0.03553511094209364,0.017650543374921383,0.03581667129839547,0.010509148883265807,0.05454226330646931,0.05950796413579254,0.06629466571106789,0.06806447366496511,0.16929456332548376,0.018414778627740644,0.08377334756980503,0.0301635244043353,0.02619242639207828,0.09070357642987893,0.30158054972733483,0.32821140270801175,0.2795044711347745
3901900,61058,15351,30796,14911,16640,21432,22986,189,17,103,3843,8980,3724,8237,3257,595,1184,553,2211,3224,2925,4465,7078,1052,5836,1723,1862,4004,15180,14992,11531,0.2514166857741819,0.5043728913492089,0.24421042287660913,0.27252776049002586,0.35101051459268234,0.37646172491729174,0.0030954174719119527,0.0002784237937698582,0.0016869206328409053,0.0629401552622097,0.14707327459137215,0.060991188705820695,0.13490451701660716,0.053342723312260476,0.009744832781945037,0.019391398342559533,0.009056962232631268,0.03621147106030332,0.05280225359494251,0.04790527039863736,0.07312719054014216,0.11592256542959153,0.017229519473287692,0.09558125061417014,0.028219070392086213,0.030495594352910348,0.08760146148292385,0.3321154308967992,0.32800227536263593,0.2522808322576411
3902000,47701,12301,23800,11600,11126,16821,19754,561,990,202,2488,14374,2180,5014,1227,388,1150,333,1219,371,935,4695,5855,392,3090,1279,958,3439,12798,11385,7778,0.2578771933502442,0.4989413219848641,0.24318148466489173,0.23324458606737805,0.3526341166851848,0.4141212972474372,0.011760759732500367,0.020754281880883,0.004234712060543804,0.05215823567640091,0.30133540177354773,0.045701347980126206,0.10511310035429026,0.02572273117963984,0.008134001383618791,0.02410850925557116,0.0069809857235697366,0.02555501981090543,0.0077776147250581745,0.019601266220833944,0.09842560952600575,0.12274375799249491,0.008217857067985996,0.06477851617366512,0.026812855076413494,0.020083436405945367,0.09714689265536723,0.3615254237288136,0.32161016949152543,0.21971751412429377
3902100,38594,9013,19757,9824,9881,14565,14148,497,16,152,2184,9617,1365,4098,1337,426,669,265,1517,133,1016,3407,5877,343,3292,1236,1147,2776,11237,9667,5901,0.23353370990309374,0.5119189511323003,0.2545473389646059,0.2560242524744779,0.37739026791729285,0.36658547960822924,0.012877649375550604,0.00041457221329740376,0.003938436026325335,0.05658910711509561,0.24918381095507072,0.03536819194693476,0.10618230813079753,0.0346426905736643,0.011037985179043374,0.017334300668497695,0.0068663522827382495,0.039306627973260094,0.003446131523034669,0.026325335544385136,0.08827797066901591,0.1522775560968026,0.008887391822563092,0.08529823288594082,0.032025703477224436,0.02971964554075763,0.09384402150028735,0.3798722152733173,0.32679760657178597,0.19948615665460936
3902200,51831,12387,26589,12855,13459,19327,19045,109,32,257,5310,9927,1776,6512,1065,811,1012,305,1001,64,3967,3867,7083,443,4512,1350,2428,3927,14314,13095,8108,0.23898825027493198,0.5129941540776756,0.24801759564739248,0.2596708533503116,0.3728849530203932,0.3674441936292952,0.0021029885589705,0.0006173911365784955,0.004958422565646042,0.1024483417259941,0.19152630665046014,0.0342652080801065,0.12563909629372383,0.020547548764253052,0.015647006617661247,0.01952499469429492,0.005884509270513785,0.01931276649109606,0.001234782273156991,0.07653720746271536,0.07460786016090756,0.13665566938704637,0.008547008547008548,0.08705215025756786,0.026046188574405278,0.04684455248789335,0.09955886826893824,0.36289422979413855,0.3319896562214786,0.20555724571544468
3902300,41369,9689,20810,10870,11008,15958,14403,502,340,208,2320,10431,1547,4449,1037,401,1180,127,1054,213,1151,4218,5933,280,3521,1315,1142,2866,12016,10479,6319,0.2342091904566221,0.5030336725567454,0.2627571369866325,0.2660929681645677,0.3857477821557205,0.34815924967971185,0.012134690226981557,0.00821871449636201,0.005027919456597935,0.056080640092823125,0.25214532621044744,0.03739515095844714,0.10754429645386643,0.02506707921390413,0.009693248567768136,0.028523773840315212,0.0030699315912881627,0.025478014938722232,0.005148782905073848,0.027822765839154922,0.10196040513427929,0.14341656796151708,0.006768353114651067,0.08511204041673717,0.031787086949164836,0.02760521163189828,0.09046717171717172,0.3792929292929293,0.3307765151515151,0.19946338383838383
3902400,56852,13986,29742,13124,13582,19765,23505,186,38,165,2113,15775,2210,5089,4306,497,1211,431,1806,2187,2322,4095,6566,259,4699,1839,1058,3871,15527,14173,9295,0.2460071765285302,0.5231478224160979,0.23084500105537184,0.2389010061211567,0.3476570745092521,0.41344191936959124,0.003271652712305636,0.0006684021670301836,0.0029022725673679027,0.03716667839302047,0.2774748469710828,0.038872862872018576,0.08951312178991065,0.0757405192429466,0.00874199676352635,0.021300921691409274,0.007581087736579188,0.031766692464645044,0.0384683036656582,0.04084289031168648,0.07202912826285794,0.1154928586505312,0.004555688454232041,0.0826532048124956,0.03234714697811862,0.018609723492577217,0.09030467036812392,0.3622218074931181,0.3306350020995661,0.2168385200391919
3902500,49802,12207,25555,12040,13279,16998,19525,125,24,163,1957,8930,2564,5273,1508,547,989,305,1270,260,3207,3878,10275,507,4489,1760,1771,3381,12824,13174,8216,0.24511063812698286,0.513132002730814,0.24175735914220312,0.26663587807718564,0.3413115939118911,0.3920525280109233,0.002509939359865066,0.0004819083570940926,0.0032729609252640456,0.03929561061804747,0.1793100678687603,0.05148387614955223,0.10587928195654793,0.030279908437412153,0.010983494638769527,0.0198586402152524,0.00612425203807076,0.025500983896229068,0.005220673868519337,0.06439500421669812,0.07786835870045379,0.2063170153809084,0.010180314043612707,0.09013694229147423,0.035339946186900124,0.03556082085056825,0.08993217183136056,0.3411091900518686,0.3504189386886554,0.21853969942811544
3902600,51087,12893,25450,12744,12829,17299,20959,705,48,154,2397,17747,1975,5001,1544,545,1392,249,986,100,977,3753,6719,508,3320,1820,1147,3166,14984,12689,7355,0.25237340223540233,0.4981697887916691,0.24945680897292855,0.2511206373441384,0.338618435218353,0.4102609274375086,0.013799988255329144,0.0009395736684479417,0.003014465519603813,0.04691996006811909,0.34738778945720045,0.038659541566347606,0.09789183158141992,0.030222953001742128,0.010668076027169338,0.02724763638499031,0.0048740384050736975,0.019300409106034803,0.0019574451425998785,0.019124239043200816,0.07346291620177345,0.13152073913128584,0.009943821324407383,0.06498717873431598,0.03562550159531779,0.022451895785620606,0.08289260093208357,0.3923129287322616,0.3322249567994973,0.1925695135361575
3902700,38343,8811,20445,9087,8668,13611,16064,411,57,108,1098,10877,1135,3437,2555,228,657,269,1270,84,2484,4453,3838,377,2797,1067,1141,2537,11165,9669,6161,0.2297942258039277,0.5332133635865738,0.23699241060949847,0.22606473150249068,0.3549800485095063,0.418955219988003,0.010719036069165168,0.0014865816446287458,0.0028166810108755185,0.028636256943901102,0.28367629032678715,0.029601230993923273,0.08963826513314034,0.06663537021099027,0.005946326578514983,0.01713480948282607,0.007015622147458467,0.03312208225751767,0.0021907518973476254,0.06478366325013692,0.11613593093915447,0.10009649740500222,0.009832303158333985,0.07294682210572986,0.027827765172260908,0.029757713272305246,0.08590681294866585,0.37806447243667884,0.32740755790329135,0.20862115671136394
3902800,49607,11678,25905,12024,12010,18057,19540,273,102,219,2129,11806,1326,5392,1188,613,752,654,756,230,2399,5405,8440,412,4148,1333,2030,3519,13714,12760,7936,0.235410325155724,0.5222045275868326,0.2423851472574435,0.2421029290221138,0.3640010482391598,0.39389602273872637,0.005503255588928981,0.0020561614288306085,0.004414699538371601,0.04291733021549378,0.23799060616445258,0.02673009857479791,0.10869433749269257,0.023948233112262383,0.012357127018364344,0.015159150926280566,0.013183623278972725,0.015239784707803334,0.004636442437559216,0.04836011046828068,0.10895639728264156,0.17013727901304251,0.008305279496845203,0.08361723143911141,0.02687120769246276,0.04092164412280525,0.09277861267104326,0.3615703024071291,0.3364180442405547,0.2092330406812729
3902900,44663,12203,22096,10364,10468,18589,15606,262,653,490,3641,12441,1620,5384,1464,318,815,159,1070,72,849,2737,6589,283,3640,937,1239,3910,12470,10464,5616,0.27322392136667933,0.49472717909679154,0.23204889953652913,0.23437744889505854,0.4162058079394577,0.3494167431654837,0.005866153191679914,0.01462060318384345,0.010971049862302129,0.08152161744620827,0.27855271701408324,0.03627163423863153,0.12054720909925441,0.03277881020083738,0.0071199874616573,0.018247766607706602,0.00355999373082865,0.023957190515639343,0.001612072632828068,0.0190090231287643,0.06128114994514475,0.14752703580144638,0.0063363410429214334,0.0814992275485301,0.020979334124443052,0.02774108322324967,0.12045594577942083,0.3841651263093038,0.32236598890942697,0.17301293900184844
3903000,40119,9211,20430,10478,10965,14807,14347,219,1344,312,1943,7845,1733,4509,1136,380,667,429,1134,94,1896,3370,6282,440,3844,1279,1263,3131,11833,9705,6239,0.22959196390737555,0.5092350257982502,0.26117301029437423,0.2733118971061093,0.36907699593708715,0.35761110695680354,0.0054587601884393926,0.03350033649891573,0.007776863830105436,0.04843091801889379,0.19554325880505496,0.04319649044093821,0.11239063785238915,0.02831576061217877,0.009471821331538673,0.0166255390214113,0.010693187766394975,0.028265908920960144,0.002343029487275356,0.047259403275256115,0.08400009970338243,0.15658416211769985,0.010967372068097411,0.09581495052219646,0.03188015653431043,0.03148134300456143,0.10130063414002848,0.3828458651481817,0.31399637634269445,0.2018571243690954
3903190,168720,41911,85192,41617,46836,62402,59482,309,520,878,9005,26793,7040,20307,3772,2471,5199,1680,5734,1104,8965,15126,30696,2232,17008,5973,3908,12189,43699,42226,28695,0.24840564248458985,0.5049312470365102,0.24666311047889997,0.2775960170697013,0.36985538169748694,0.3525486012328118,0.0018314366998577526,0.0030820293978188716,0.005203888098624941,0.05337245139876719,0.15880156472261736,0.04172593646277857,0.12035917496443813,0.022356567093409198,0.01464556661925083,0.030814366998577526,0.00995732574679943,0.033985301090564246,0.006543385490753912,0.05313537221431958,0.08965149359886201,0.18193456614509246,0.013229018492176387,0.10080606922712186,0.03540184921763869,0.023162636320531057,0.09612093778832732,0.34460487820265123,0.33298898343177535,0.2262852005772461
3903400,29168,6528,14593,8047,7929,11975,9264,156,212,146,1103,6260,1028,3422,1032,185,406,215,508,149,1264,2736,5258,275,2444,1044,1325,2306,8572,7229,4533,0.2238069116840373,0.5003085573230938,0.2758845309928689,0.27183900164563907,0.410552660449808,0.31760833790455295,0.0053483269336258915,0.0072682391662095445,0.005005485463521668,0.03781541415249588,0.2146187602852441,0.03524410312671421,0.11732035106966539,0.035381239714755895,0.006342567196928141,0.013919363686231487,0.007371091607240812,0.01741634668129457,0.005108337904552934,0.04333516182117389,0.09380142622051563,0.18026604498080087,0.009428140427866155,0.0837904552934723,0.035792649478880965,0.045426494788809654,0.10185512367491166,0.3786219081272085,0.31930212014134274,0.20022084805653712
3903500,41522,8840,21113,11569,12024,15577,13921,19,1813,892,2370,2260,1126,5940,2020,915,1125,472,814,40,1862,4160,8076,371,4151,1236,1860,2929,11596,11024,7133,0.2128991859737007,0.5084774336496315,0.2786233803766678,0.2895814267135494,0.3751505226145176,0.33526805067193294,0.0004575887481335196,0.0436636000192669,0.021482587543952603,0.057078175425075865,0.054428977409566016,0.02711815423149174,0.14305669283753192,0.04864890901208998,0.02203651076537739,0.027094070613168923,0.011367467848369539,0.019604065314772892,0.0009633447329126728,0.044843697317084916,0.10018785222291797,0.19449930157506864,0.00893502239776504,0.09997109965801262,0.02976735224700159,0.04479553008043929,0.08962119821308366,0.35481304693715193,0.33731105807478123,0.21825469677498316
3903600,32887,7053,17562,8272,7745,12525,12617,105,600,313,2150,4354,1392,3463,1236,232,1249,291,1129,451,882,3014,6837,87,2813,901,1388,2275,9382,8744,5433,0.21446164137805213,0.5340103992459027,0.2515279593760452,0.23550339039742146,0.38084957582023293,0.3836470337823456,0.003192750935019917,0.018244291057256667,0.009517438501535561,0.06537537628850305,0.1323927387721592,0.04232675525283547,0.10529996655213306,0.037583239577948735,0.007054459208805911,0.03797853255085596,0.008848481162769484,0.03432967433940463,0.013713625444704594,0.0268191078541673,0.09164715541095265,0.20789369659743973,0.0026454222033022168,0.08553531790677167,0.027396843737647093,0.042205126645787086,0.08806224355500503,0.3631648215529922,0.33846868467910507,0.21030425021289773
3903700,38335,9229,19832,9274,10269,15303,12763,41,453,318,1215,3856,1214,5649,1878,749,924,221,937,315,1619,4708,7426,382,3652,1358,1420,2657,10518,9824,6107,0.24074605451936873,0.5173340289552628,0.24191991652536846,0.2678753097691405,0.39919133950697794,0.3329333507238816,0.0010695187165775401,0.01181687752706404,0.008295291509064823,0.031694274161992955,0.10058693100299987,0.03166818833963741,0.1473588104865006,0.048989174383722446,0.01953828094430677,0.02410329985652798,0.005764966740576497,0.024442415547150122,0.008217034041998174,0.04223294639363506,0.12281205164992827,0.19371331681231252,0.009964784139820007,0.09526542324246771,0.03542454675883657,0.037041867744880656,0.09128701985844843,0.36136878994021854,0.33752490895348036,0.20981928124785268
3903800,59011,14701,30830,13480,14090,23016,21905,772,137,338,3021,8051,1703,10713,1491,337,3001,459,2151,1392,2462,5726,7127,569,5287,2091,2183,4367,14575,14383,10985,0.24912304485604378,0.5224449678873431,0.22843198725661318,0.2387690430597685,0.3900289776482351,0.3712019792919964,0.013082306688583484,0.002321601057429971,0.005727745674535256,0.05119384521529884,0.13643219060853062,0.02885902628323533,0.18154242429377573,0.02526647574181085,0.0057107996814153295,0.05085492535290031,0.007778210842046398,0.036450831200962534,0.023588822422938097,0.041721035061259765,0.09703275660470081,0.12077409296571825,0.009642270085238346,0.08959346562505295,0.035434071613766924,0.03699310298080019,0.09855563078311894,0.32893252087564884,0.32459941322500563,0.2479124351162266
3903900,42652,12175,21307,9170,12441,15704,14507,82,54,350,2473,4024,914,6365,895,320,641,424,1263,233,3431,4102,8016,433,5787,1401,1444,3076,10417,10066,6918,0.2854496858295039,0.4995545343711901,0.214995779799306,0.29168620463284256,0.36818906499109066,0.3401247303760668,0.0019225358717058988,0.0012660602081965675,0.008205945793866642,0.057980868423520585,0.09434493107005533,0.021429241301697457,0.14923098565131765,0.020983775672887554,0.007502579011535215,0.015028603582481478,0.00994091719028416,0.029611741536153053,0.005462815342774078,0.08044171433930414,0.09617368470411704,0.18793960423895714,0.010151927224983589,0.13567945231173215,0.032847228734877616,0.03385538778955266,0.10092856908488368,0.34179873347114215,0.3302818518883092,0.22699084555566493
3904000,89483,24834,48311,16338,22506,26588,40389,350,27,185,3487,5926,2205,12164,2574,658,5987,1030,6048,12193,4432,6524,7663,3276,10351,2443,1960,5331,17025,20253,22040,0.27752757507012504,0.5398902584848518,0.18258216644502306,0.25151146027737115,0.297129063621023,0.45135947610160587,0.003911357464546339,0.0003017332901221461,0.002067431802688779,0.03896829565392309,0.06622486952829029,0.024641552026641932,0.1359364348535476,0.028765240324977927,0.007353352033347116,0.06690656325782551,0.011510566252807795,0.06758825698736073,0.13626051875775286,0.04952896080819821,0.07290770313914374,0.0856363778594817,0.036610305868153725,0.11567560318719756,0.027301275102533443,0.021903601801459494,0.08246067224551037,0.2633451406827638,0.3132763074448174,0.3409178796269084
3904100,767361,188442,424720,154199,164732,247586,355043,433,320,4740,27326,37881,34081,75771,45336,18365,55806,12186,52255,25556,59418,69249,116947,12304,65028,23129,31230,53367,154151,183744,187657,0.24557151067098798,0.5534813471104213,0.20094714221859072,0.21467340664954304,0.3226460557677547,0.4626805375827023,0.0005642715749171511,0.00041701363504269826,0.006177014469069968,0.035610358097427415,0.04936529221578892,0.044413255299656874,0.09874231294006341,0.05908040674467428,0.023932673148622356,0.07272457161622757,0.015880400489469756,0.06809702343486312,0.03330375142859749,0.07743161302177202,0.09024305379084942,0.1524015424291826,0.01603417426739175,0.08474238331111432,0.030140963640320526,0.04069792444494834,0.09218388064651531,0.2662738656012326,0.31739155218605714,0.3241507015661949
3904200,64839,15277,36021,13541,13004,20873,30962,947,101,237,2652,14722,2078,5767,4125,356,782,303,3714,1482,8724,3898,5538,286,3670,1179,4278,4751,16582,16056,12173,0.23561436789586515,0.5555452736778791,0.2088403584262558,0.20055830595783403,0.3219204491124169,0.47752124492974907,0.014605407239470071,0.0015577044679899444,0.003655207513996206,0.0409013093971221,0.22705470473017783,0.032048612717654495,0.08894338284057435,0.06361911812335169,0.005490522679251685,0.012060642514536004,0.004673113403969833,0.05728034053578865,0.02285661407486235,0.13454865127469579,0.060118138774503,0.08541155785869615,0.00441092552321905,0.05660173660913956,0.018183500670892517,0.06597880905010874,0.09585973124571244,0.3345708405633348,0.3239578709495178,0.24561155724143496
3904300,48261,11556,24854,11851,12923,18496,16842,506,142,132,1100,6905,1800,5220,2388,211,2688,458,841,1616,2490,4804,8137,467,5021,1658,1677,3826,12256,12440,8183,0.23944800149188786,0.5149914009241416,0.2455605975839705,0.26777315016265724,0.3832494146412217,0.34897743519612107,0.010484656347775637,0.002942334390087234,0.002735127742897992,0.022792731190816602,0.14307618988417148,0.03729719649406353,0.10816186983278424,0.04948094734879095,0.004372060255693003,0.05569714676446821,0.009490064441267276,0.01742607902861524,0.03348459418578148,0.05159445515012122,0.09954207330971178,0.16860404881788607,0.009676550423737593,0.10403845755371832,0.03435486210397629,0.034748554733635854,0.10423648004359079,0.333905462471053,0.3389184034872633,0.2229396539980929
3904400,41822,9770,21567,10485,10216,15488,16118,120,60,176,1831,11313,1934,4693,2313,204,587,265,1313,432,2120,3379,4576,346,3826,1349,985,3055,11306,10687,7004,0.2336091052556071,0.5156855243651667,0.25070537037922624,0.2442733489550954,0.37033140452393476,0.38539524652096985,0.0028693032375304863,0.0014346516187652431,0.004208311415044713,0.04378078523265267,0.2705035627181866,0.04624360384486634,0.11221366744775477,0.055305819903400125,0.004877815503801826,0.014035675003586628,0.006336377982879824,0.031394959590646074,0.01032949165510975,0.050691023863038594,0.08079479699679594,0.10941609679116254,0.008273157668212903,0.09148295155659701,0.032255750561905217,0.023552197408062744,0.09531386496942469,0.3527392986397105,0.3334269312367403,0.21851990515412456
3904500,55409,12302,29243,13864,11805,19127,24477,859,35,150,3101,20519,2812,4835,2189,333,1039,273,1122,9,2333,3698,5822,327,3141,1465,1347,4076,16742,13971,8318,0.22202169322673213,0.5277662473605371,0.2502120594127308,0.2130520312584598,0.34519662870652784,0.4417513400350124,0.015502896641339855,0.0006316663357938241,0.0027071414391163892,0.055965637351332816,0.3703189012615279,0.05074987817863524,0.08726019238751827,0.03950621740150517,0.0060098539948383834,0.018751466368279523,0.004926997419191828,0.02024941796459059,0.00016242848634698335,0.0421050731830569,0.06674006027901605,0.10507318305690411,0.005901568337273728,0.056687541735097186,0.026439748055370065,0.024310130123265175,0.09455540863432853,0.38838239729046325,0.32410049411928454,0.19296169995592363
3904600,258498,58836,136538,63124,60583,89723,108192,225,46,1211,8963,26753,10415,24352,9073,8844,11588,3009,14177,3981,16860,22365,55448,3791,23326,7208,6863,18364,57378,68484,55436,0.2276071768446951,0.5281975102321875,0.24419531292311739,0.23436544963597397,0.34709359453458055,0.4185409558294455,0.0008704129238910939,0.0001779510866621792,0.004684755781476066,0.03467338238593722,0.10349403090159305,0.04029044712144775,0.09420575787820408,0.035098917593172865,0.034213030661745934,0.04482819983133332,0.011640322168836896,0.05484375120890684,0.015400506000046423,0.06522294176357264,0.08651904463477474,0.21450069246183723,0.014665490642093942,0.09023667494526069,0.02788416157958669,0.026549528429620346,0.09197543849104987,0.28737566487363647,0.3429996694413559,0.2776492271939578
3904700,62321,16665,30829,14827,17041,20098,25182,141,89,158,1592,3790,1311,11048,997,788,1106,573,9465,1287,1940,8565,7131,613,8741,1375,1611,3984,12601,14525,14546,0.2674058503554179,0.494680765713002,0.23791338393158004,0.27343912966736733,0.32249161598819015,0.40406925434444246,0.002262479741981034,0.001428090049902922,0.0025352609874681087,0.025545161342083726,0.06081417178800083,0.021036247813738546,0.17727571765536496,0.015997817750036104,0.01264421302610677,0.01774682691227676,0.009194332568476116,0.15187496991383323,0.020651144878933266,0.031129153896760322,0.13743360985863512,0.1144237095040195,0.009836170793151586,0.1402576980472072,0.0220631889732193,0.025850034498804575,0.08726125810408271,0.27599877343613105,0.3181400035044682,0.318599964955318
3904800,38503,9370,20528,8605,10247,13626,14630,234,34,274,936,5897,1228,6046,2117,401,846,161,552,265,1356,2993,7872,285,4150,624,2232,2675,10037,9976,6445,0.2433576604420435,0.5331532607848739,0.2234890787730826,0.2661351063553489,0.35389450172713816,0.3799703919175129,0.006077448510505675,0.0008830480741760382,0.007116328597771602,0.0243097940420227,0.15315689686517933,0.03189361867906397,0.1570267251902449,0.054982728618549206,0.010414772874840921,0.021972313845674364,0.004181492351245358,0.014336545204269796,0.006882580578136769,0.03521803495831494,0.07773420252967302,0.2044516011739345,0.0074020206217697325,0.10778380905383995,0.016206529361348466,0.057969508869438746,0.0918202725431641,0.3445233927161638,0.34242954724882435,0.22122678749184774
3904900,28156,6509,14737,6910,6947,11617,9592,145,175,196,1341,5461,371,3100,749,216,704,233,654,62,2917,2618,4441,86,2658,775,1254,2118,8295,7065,4169,0.23117630345219492,0.5234053132547237,0.2454183832930814,0.2467324904105697,0.412594118482739,0.3406733911066913,0.005149879244210826,0.006215371501633754,0.006961216081829805,0.047627503906804945,0.19395510725955392,0.01317658758346356,0.11010086660036937,0.02660179002699247,0.007671544253445092,0.025003551640858077,0.008275323199318086,0.02322773121181986,0.0022020173320073874,0.1036013638300895,0.09298195766444098,0.1577283705071743,0.0030544111379457307,0.09440261400767154,0.027525216650092343,0.04453757636027845,0.09784265718113365,0.38319397607058714,0.3263731694923084,0.1925901972559708
3905000,35625,8852,18641,8132,10821,13174,11630,134,232,806,1442,1255,743,4035,395,489,832,270,611,748,989,8897,7481,184,3826,873,1383,2208,8308,8777,7480,0.24847719298245613,0.5232561403508772,0.22826666666666667,0.30374736842105265,0.3697964912280702,0.32645614035087717,0.00376140350877193,0.006512280701754386,0.022624561403508773,0.04047719298245614,0.035228070175438594,0.020856140350877194,0.11326315789473684,0.011087719298245613,0.013726315789473684,0.02335438596491228,0.007578947368421052,0.017150877192982455,0.020996491228070176,0.02776140350877193,0.24974035087719298,0.20999298245614034,0.005164912280701754,0.10739649122807017,0.02450526315789474,0.03882105263157895,0.08247114630411236,0.3103126283942778,0.32783027677137416,0.2793859485302357
3905100,35187,8298,19194,7695,10168,14040,10979,26,12,221,1527,1903,695,4367,1080,273,678,463,817,178,1103,4766,10024,60,3841,876,2277,2650,9258,9120,5861,0.2358257310938699,0.5454855486401228,0.21868872026600733,0.2889703583709893,0.3990109983800836,0.31201864324892714,0.000738909256259414,0.00034103504135049877,0.006280728678205019,0.04339670901185097,0.05408247364083326,0.01975161281154972,0.12410833546480234,0.030693153721544887,0.007758547190723847,0.01926847983630318,0.013158268678773411,0.023218802398613125,0.005058686446699065,0.031346804217466676,0.13544775058970643,0.2848779378747833,0.0017051752067524938,0.10915963281893881,0.02489555801858641,0.06471139909625714,0.09855331176317453,0.34430436237866785,0.33917215218118935,0.21797017367696828
3905200,34042,7719,18052,8271,8135,13609,12298,119,64,238,939,6047,1552,3859,4028,674,1055,204,471,273,1089,3829,4797,182,2841,603,1178,2509,9628,8594,5592,0.22674930967628223,0.5302861171494037,0.24296457317431408,0.23896950825450913,0.3997708712766582,0.36125962046883264,0.0034956818048293287,0.0018800305504964455,0.006991363609658657,0.027583573233065036,0.1776335115445626,0.045590740849538805,0.11335996709946537,0.11832442277187004,0.019799071734915692,0.030991128605839843,0.005992597379707421,0.013835849832559779,0.008019505316961401,0.03198989483579108,0.11247870277892016,0.1409141648551789,0.005346336877974267,0.08345573115563128,0.017713412842958697,0.0346043123200752,0.09531588344793526,0.3657637807240816,0.32648254378300345,0.21243779204497967
3905300,92952,23809,48848,20295,22616,30586,39750,230,36,129,3739,12519,4708,11171,1778,1398,3997,1054,5145,5869,5476,6206,10957,3794,8645,3012,3089,6131,20431,22312,20269,0.256142955503916,0.5255185472071607,0.21833849728892332,0.24330837421464843,0.32905155348997334,0.42764007229537826,0.0024743953868663396,0.0003872966692486445,0.0013878130648076427,0.04022506239779671,0.13468241673121611,0.05064979774507273,0.12018030811601686,0.01912815216455805,0.01504002065582236,0.043000688527412,0.011339185816335313,0.055351148980118774,0.0631401153283415,0.05891212668904381,0.06676564248214133,0.11787804458214993,0.04081676564248214,0.09300499182373698,0.03240382132713659,0.033232205869696184,0.08867130439813141,0.2954890589069031,0.3226935481538261,0.2931460885411394
3905400,155293,38418,82166,34709,36297,51680,67316,64,124,584,7802,23553,13125,19003,6790,934,7161,1417,5068,1594,9969,13667,18735,2324,15899,4221,3259,11611,35869,37773,31622,0.24739041682496957,0.5291030503628624,0.22350653281216798,0.2337323639829226,0.33279027386939525,0.4334773621476821,0.0004121241781664338,0.0007984905951974654,0.003760633125768708,0.05024051309460182,0.15166813700553147,0.08451765372553817,0.12236868371401158,0.043723799527345085,0.006014437225116393,0.04611283187265363,0.009124686882216198,0.03263508335855447,0.010264467812457741,0.06419478018970591,0.08800783035938516,0.12064291371793964,0.014965259219668627,0.10238066107293954,0.027180877438133078,0.02098613588506887,0.09934545454545454,0.3069005347593583,0.3231914438502674,0.2705625668449198
3905500,528877,122746,283808,122323,114126,158201,256550,343,177,2664,23855,49821,27339,43682,13540,10531,32918,7790,41338,26280,33984,37335,89740,12615,46371,16253,12301,36288,110183,129994,129666,0.23208799021322538,0.5366238274683905,0.23128818231838405,0.21578930450747527,0.299126261871853,0.4850844336206717,0.0006485439903796157,0.00033467138862155094,0.005037088018575208,0.045105005511678516,0.09420148730234063,0.05169254855098634,0.08259387343370954,0.02560141583014576,0.019912002223579396,0.06224131508838539,0.014729322696959785,0.0781618410329812,0.049690192615674346,0.06425690661533778,0.07059297341347799,0.1696802848299321,0.023852426934807148,0.08767823142242903,0.03073115299020377,0.023258716109794905,0.08935048050998323,0.27129916209301924,0.3200789892916325,0.319271368105365
3905690,66220,17494,33831,14895,17132,24293,24795,66,91,768,3963,6776,2528,9987,2509,1463,2394,880,3177,611,3271,6131,8444,1036,7450,2176,2499,4730,15918,15487,12591,0.26418000604047115,0.5108879492600423,0.22493204469948655,0.2587133796436122,0.36685291452733315,0.37443370582905466,0.0009966777408637873,0.0013742071881606766,0.011597704620960434,0.05984596798550287,0.10232558139534884,0.038175777710661433,0.15081546360616127,0.037888855330715794,0.022093023255813953,0.03615221987315011,0.013289036544850499,0.047976442162488676,0.009226819691935971,0.049395952884324974,0.09258532165508909,0.12751434611899728,0.015644820295983086,0.11250377529447297,0.03286016309272123,0.03773784355179704,0.09707343102245208,0.3266839059229159,0.3178385256331322,0.2584041374214998
4000190,124029,28750,65860,29419,28003,51110,44916,1060,608,1717,8217,16931,3515,14073,3913,1079,2930,1115,3452,739,5916,11556,17578,5858,10434,2609,10729,11600,31602,32968,19109,0.23180062727265396,0.5310048456409389,0.2371945270864072,0.2257778422788219,0.41208104556192504,0.3621411121592531,0.00854638834466133,0.0049020793524095175,0.013843536592248587,0.06625063493215297,0.13650839722968017,0.02834014625611752,0.1134653992211499,0.03154907320062243,0.008699578324424126,0.02362350740552613,0.00898983302292206,0.02783220053374614,0.005958283949721436,0.047698522119826815,0.09317175821783615,0.1417249191721291,0.04723088955002459,0.08412548678131727,0.021035403010586234,0.08650396278289754,0.12174770935883038,0.33167854406532393,0.34601538639154483,0.20055836018430084
4000200,26843,6639,14038,6166,7356,12400,7087,1285,129,453,708,1558,402,3595,227,213,701,281,445,106,723,4459,5102,1056,2232,505,2663,2830,6714,6691,3969,0.24732704988265097,0.522966881496107,0.22970606862124204,0.2740379242260552,0.4619453861341877,0.2640166896397571,0.047870953321163805,0.0048057221622024365,0.016875908057966696,0.026375591401855233,0.05804120254815036,0.014975971389188988,0.13392690831874232,0.008456580859069404,0.007935029616659837,0.02611481578065045,0.010468278508363446,0.0165778787765898,0.0039488879782438625,0.026934396304436913,0.16611407070744702,0.19006817419811498,0.039339865141750176,0.08315016950415378,0.018813098386916513,0.09920649703833402,0.1400712730152445,0.3323104335775094,0.3311720451395763,0.19644624826766977
4000300,48721,11197,26168,11356,12301,21546,14874,519,1878,764,2139,5429,827,5683,1509,468,1406,340,1167,30,1595,5722,8330,1717,3490,1303,4405,4873,12780,12771,7100,0.22981876398267687,0.5370989922210135,0.2330822437963096,0.25247839740563616,0.4422323022926459,0.30528930030171797,0.010652490712423801,0.03854600685536011,0.015681123129656617,0.04390303975698364,0.1114303893598243,0.016974200036945053,0.1166437470495269,0.03097227068409926,0.0096057141684284,0.028858192565834034,0.006978510293302683,0.023952710330247737,0.0006157509082325896,0.03273742328769935,0.11744422323022927,0.17097350218591573,0.03524147698117855,0.07163235565772459,0.02674411444756881,0.09041275835881858,0.12986355399211172,0.34058202750239847,0.34034218100415736,0.18921223750133248
4000400,36528,9017,18676,8835,9450,13395,13683,464,3264,621,2146,2438,2060,4366,1064,337,1258,594,911,62,780,4340,5245,488,3398,702,1990,3913,8888,9025,5685,0.24685173017958825,0.5112790188348664,0.24186925098554535,0.25870565045992117,0.36670499342969776,0.3745893561103811,0.012702584318878668,0.08935611038107753,0.01700065703022339,0.05874945247481384,0.06674332019272887,0.05639509417433202,0.11952474813841436,0.02912833990363557,0.009225799386771791,0.03443933420937363,0.01626149802890933,0.02493977222952256,0.0016973280770915462,0.021353482260183968,0.11881296539640823,0.14358848007008324,0.013359614542268944,0.0930245291283399,0.01921813403416557,0.05447875602277705,0.1422340154847152,0.3230707716913235,0.32805059794264113,0.2066446148813202
4000500,41879,9617,21793,10469,9347,15468,17064,4603,4491,737,3075,1827,1656,4549,1623,1032,1405,334,894,324,738,4464,4066,223,2577,852,2409,5207,10455,9962,6638,0.22963776594474558,0.5203801427923302,0.24998209126292414,0.22319062059743547,0.36934979345256574,0.4074595859499988,0.10991188901358676,0.10723751761025813,0.01759831896654648,0.07342582201103179,0.043625683516798394,0.03954249146350199,0.10862245994412474,0.03875450703216409,0.0246424222163853,0.033549034122113706,0.007975357577783615,0.021347214594426803,0.007736574416772129,0.017622197282647627,0.10659280307552711,0.09708923326727,0.005324864490556126,0.0615344205926598,0.020344325318178563,0.05752286348766685,0.16139730952823755,0.32406546401339037,0.30878432831194597,0.20575289814642614
4000600,65540,15745,34062,15733,16537,27510,21493,486,1874,905,3213,6040,1153,7464,1920,750,2545,827,3282,417,3465,7298,8994,2263,6537,1282,4825,6658,16631,16343,10163,0.2402349710100702,0.5197131522734209,0.240051876716509,0.25231919438510836,0.41974366798901436,0.32793713762587734,0.007415318889227952,0.028593225511138236,0.013808361306072627,0.04902349710100702,0.09215746109246262,0.01759231003967043,0.11388465059505645,0.02929508696978944,0.011443393347574,0.03883124809276778,0.012618248397924931,0.050076289288983826,0.006362526701251144,0.052868477265791886,0.11135184620079341,0.13722917302410742,0.034528532194079954,0.09974061641745499,0.019560573695453158,0.07361916386939274,0.1337082036349031,0.3339893563610804,0.3282056431368611,0.20409679686715534
4000700,91245,22465,47865,20915,20510,39112,31623,477,2880,663,4500,9785,2704,9649,4685,631,2256,816,3838,783,2472,8298,14179,5333,7751,1448,8097,9293,23144,22738,13605,0.24620527152172722,0.5245766891336512,0.22921803934462162,0.22477943996931338,0.4286481451038413,0.3465724149268453,0.005227683708696367,0.03156337333552523,0.007266151569949039,0.04931777083675818,0.10723875280837306,0.02963450052057647,0.10574826017863992,0.05134527919338046,0.0069154474217765355,0.024724642446161432,0.008942955778398817,0.042062578771439534,0.008581292125595923,0.027091895446325825,0.09094196942298208,0.15539481615430983,0.05844703819387364,0.08494712039015836,0.015869362704805743,0.08873910899227355,0.1351119511485897,0.33649316661820294,0.3305902878743821,0.19780459435882525
4000800,34021,8932,17914,7175,8280,12822,12919,131,2192,163,2582,3627,1483,4276,1067,179,699,393,1317,62,1964,4264,2823,688,3477,946,1688,3498,7645,8415,5531,0.262543722994621,0.5265571264807031,0.21089915052467595,0.2433790893859675,0.37688486523029896,0.37973604538373357,0.0038505628876282297,0.06443079274565709,0.00479115840216337,0.07589430057905411,0.10661062285059228,0.043590723376737896,0.1256870756297581,0.03136298168778107,0.00526145615943094,0.020546133270626966,0.011551688662884689,0.03871138414508686,0.0018224038094118338,0.05772904970459422,0.12533435231180742,0.08297816054789689,0.020222803562505512,0.10220158137620881,0.027806354898445077,0.04961641339172864,0.13942365179959346,0.3047152138387341,0.3354059548009088,0.2204551795607637
4000900,85227,24393,43409,17425,23906,31615,29706,113,546,429,4987,3332,2809,10853,675,1460,2334,1371,4763,442,5256,12665,12463,2296,11572,2089,4772,7372,17558,20004,15900,0.2862121158787708,0.5093338965351356,0.20445398758609362,0.2804979642601523,0.37095052037499854,0.3485515153648492,0.001325870909453577,0.006406420500545602,0.005033616107571544,0.05851432057915919,0.03909559177256034,0.0329590388022575,0.127342274161944,0.007920025344081101,0.01713072148497542,0.02738568763420043,0.016086451476644725,0.055886045502012274,0.005186149929013106,0.06167059734591151,0.1486031421967217,0.14623300127893743,0.026939819540755864,0.13577856782475037,0.024511011768570994,0.05599164583993335,0.1211822336193576,0.28862149455896374,0.3288292731038564,0.26136699871782226
4001000,445988,108195,237267,100526,98593,162501,184894,166,13000,3269,19793,24149,20987,48083,15907,7348,19812,7157,28356,10149,34912,34743,64893,7447,45150,11326,29341,42076,94776,111988,88953,0.24259621335103188,0.5320031032225082,0.2254006834264599,0.22106648609379626,0.3643618213942976,0.4145716925119062,0.00037220732396387346,0.02914876633452021,0.007329793626734351,0.044380117850704504,0.054147196785563734,0.04705731992789044,0.1078123178202104,0.035666878929477924,0.01647577961738881,0.044422719893808804,0.01604751697355086,0.06358018601397347,0.022756217656080432,0.0782801330977515,0.07790119913540275,0.14550391490354,0.016697758684090156,0.10123590769258366,0.025395302115751993,0.06578876561701212,0.12456149180119186,0.280574197807533,0.33152848045992667,0.26333582993134846
4001100,61137,15231,31596,14310,15875,25526,19736,588,1694,379,4567,5753,1984,7312,1310,547,2139,608,1843,31,2124,7318,8070,1009,6854,1485,5522,5812,15526,15140,9428,0.2491290053486432,0.5168065165120957,0.234064478139261,0.25966272470026336,0.4175213046109557,0.32281597068878093,0.009617743755827076,0.02770826177273991,0.006199191978670854,0.07470108117833718,0.09410013576066867,0.03245170682238252,0.1196002420792646,0.02142728625873039,0.008947118766050019,0.03498699641788115,0.00994487789718174,0.030145411125832147,0.0005070579190997269,0.03474164581186515,0.119698382321671,0.1319986260366063,0.016503917431342722,0.11210887024224284,0.024289709995583688,0.09032173642802231,0.12660654380690978,0.33821286977737114,0.3298043828693417,0.20537620354637737
4001290,457272,111044,240000,106228,107427,163040,186805,701,11878,5204,22554,42126,17995,52349,18654,8876,17998,7042,21806,6272,35996,43173,65096,9920,43670,11558,14404,40481,103671,116625,85451,0.24284014765828654,0.5248517293864483,0.23230812295526515,0.2349301947199916,0.35654927482986054,0.40852053045014786,0.0015330044262495846,0.02597578684021764,0.011380534998862822,0.04932294126909148,0.09212459980055634,0.03935294529295474,0.11448109659021327,0.040794100666561695,0.01941076645847548,0.03935950593957207,0.015400024493080705,0.047687153379170386,0.013716125194632516,0.07871901187914414,0.09441426547000473,0.142357284067251,0.02169387148130653,0.09550114592627583,0.02527598453436904,0.03149985129201001,0.1169200642351283,0.29942985547096135,0.336844507087815,0.24680557320609542
4001400,46849,10831,24425,11593,10537,18031,18281,183,2332,424,3337,5988,1568,4975,1522,402,1368,407,1841,918,2392,4244,6006,1653,3834,1047,2408,4656,11811,11867,7684,0.23118956647954064,0.5213558453755683,0.24745458814489105,0.22491408567952356,0.3848748105615915,0.3902111037588849,0.0039061666204187923,0.049776942944353135,0.00905035326260966,0.07122884159747273,0.12781489466157228,0.0334692309334244,0.1061922346261393,0.03248735298512241,0.008580759461247839,0.02920019637558966,0.008687485325193707,0.03929646310486883,0.019594868620461482,0.05105765331170356,0.0905889133172533,0.12819910777177743,0.035283570620504176,0.08183739247369208,0.022348395910264895,0.051399176076330336,0.1292686989838414,0.3279193736465101,0.3294741518129824,0.2133377755566661
4100100,50625,11491,26241,12893,12050,20333,18242,3914,69,438,2421,5692,1803,5804,2474,580,892,460,1223,288,1448,4194,7409,438,4976,1935,4167,5632,12249,13374,7879,0.22698271604938272,0.5183407407407408,0.25467654320987654,0.2380246913580247,0.4016395061728395,0.3603358024691358,0.07731358024691358,0.001362962962962963,0.008651851851851852,0.047822222222222224,0.11243456790123457,0.035614814814814814,0.11464691358024691,0.048869135802469134,0.01145679012345679,0.01761975308641975,0.00908641975308642,0.024158024691358023,0.005688888888888889,0.02860246913580247,0.08284444444444444,0.14635061728395063,0.008651851851851852,0.09829135802469136,0.03822222222222222,0.08231111111111111,0.14391577656257987,0.3130014820871876,0.3417488628813819,0.20133387846885062
4100200,44179,8948,23305,11926,11016,17037,16126,5327,52,714,1782,5552,1345,4407,1253,634,515,324,1496,272,1098,3681,5458,1105,4550,1757,2857,6042,10451,11599,7139,0.20253966816813418,0.5275130718214537,0.2699472600104122,0.24934923832590145,0.3856357092736368,0.3650150524004618,0.12057765001471288,0.001177029810543471,0.01616152470630843,0.04033590619977818,0.12567056746417982,0.03044432875348016,0.09975327644355916,0.02836189139636479,0.014350709613164626,0.011657122162113221,0.007333801127232396,0.03386224224178908,0.006156771316688924,0.024853437153398675,0.08332012947327916,0.12354285972973585,0.025011883474048757,0.1029901084225537,0.03977002648317074,0.064668734013898,0.17149669325310096,0.2966421617325651,0.32922710113252535,0.20263404388180864
4100300,42245,9268,21761,11216,10779,17152,14314,2428,168,354,1791,3391,1628,5939,1146,471,876,301,1125,464,1416,3909,7500,473,3664,1603,3598,4326,10273,11664,6714,0.21938690969345484,0.5151142146999645,0.26549887560658064,0.25515445614865667,0.4060125458634158,0.33883299798792754,0.05747425730855722,0.003976801988400994,0.008379689904130667,0.042395549769203456,0.0802698544206415,0.0385371049828382,0.14058468457805656,0.027127470706592497,0.011149248431767072,0.020736181796662326,0.007125103562551781,0.026630370458042372,0.010983548348917032,0.03351875961652267,0.09253166055154456,0.17753580305361583,0.011196591312581371,0.08673215765179311,0.037945318972659486,0.08516984258492129,0.13118233920611336,0.31152015040786,0.353701064378203,0.20359644600782364
4100400,78360,18126,42722,17512,18758,29401,30201,908,47,448,6803,5406,1936,10121,1771,1777,1708,1234,4655,990,4994,4340,12595,2855,9748,3206,2818,6418,17940,20653,15223,0.23131699846860643,0.5452016334864727,0.2234813680449209,0.23938233792751404,0.37520418580908627,0.38541347626339967,0.011587544665645738,0.0005997958141909138,0.0057172026544155185,0.08681725370086779,0.06898928024502297,0.024706482899438487,0.12916028586013273,0.022600816743236347,0.022677386421643696,0.02179683511995916,0.01574783052577846,0.059405308831036244,0.012633996937212864,0.06373149566105156,0.05538540071465033,0.160732516590097,0.03643440530883103,0.12440020418580909,0.04091373149566105,0.03596222562531904,0.10655111730916093,0.29783843012252215,0.34287943686290134,0.25273101570541556
4100500,53991,11624,27110,15257,14535,21339,18117,1861,144,492,2891,5635,611,6707,1383,469,900,921,1253,182,1869,3903,6846,1587,11006,2492,2839,5062,13398,14868,9039,0.21529514178288975,0.5021207238243411,0.2825841343927692,0.269211535255876,0.3952325387564594,0.3355559259876646,0.03446870774758756,0.002667111185197533,0.009112629882758237,0.05354596136393103,0.10436924672630624,0.011316700931636755,0.12422440777166564,0.025615380341167972,0.008686632957344743,0.01666944490748458,0.017058398621992554,0.02320757163230909,0.0033709321924024374,0.034616880591209646,0.0722898260821248,0.12679891092959938,0.029393787853531143,0.20384878961308367,0.04615584078827953,0.05258283788038747,0.1194797837939906,0.31623669365307905,0.35093350957112845,0.21335001298180187
4100600,83949,19214,43449,21286,19258,28907,35784,3518,33,213,4075,10272,2169,7970,3189,1234,1529,826,3285,1350,3046,13908,12681,973,6643,3554,3481,6787,18305,22102,17541,0.2288770563079965,0.5175642354286532,0.25355870826335036,0.22940118405222218,0.3443400159620722,0.4262587999857056,0.041906395549678975,0.0003930958081692456,0.0025372547618196764,0.04854137631180836,0.1223600042883179,0.02583711539148769,0.09493859366996629,0.03798734946217346,0.014699400826692396,0.018213439111841714,0.009839307198418088,0.03913090090412036,0.01608119215237823,0.03628393429344007,0.1656720151520566,0.15105599828467284,0.011590370343899273,0.07913137738388784,0.04233522734040906,0.04146565176476194,0.1048428207306712,0.28276820885147136,0.34142272341082874,0.27096624700702865
4100700,154614,35487,80545,38582,36552,59502,58560,2181,252,744,7490,14040,6631,19451,3674,3044,3492,2607,6114,3601,9622,16195,26609,2977,15469,6775,3646,12712,36227,40898,29290,0.22951996585044046,0.520942476101776,0.24953755804778352,0.23640808723660212,0.38484225231867747,0.3787496604447204,0.014106096472505724,0.0016298653420776903,0.0048119833908960375,0.04844321988953135,0.09080678334432846,0.04288744874332208,0.12580361416171887,0.023762401852354897,0.01968773849716067,0.022585276883076565,0.01686134502697039,0.039543637704218246,0.02329025832072128,0.06223239810107752,0.10474471910693728,0.17209955114025896,0.019254401283195572,0.10004915466904679,0.043818800367366476,0.023581305703235154,0.10670964600804184,0.3041040234371721,0.34331427803940334,0.24587205251538274
4100800,54814,11640,27644,15530,14243,23766,16805,1785,72,298,2505,5397,1247,7458,1384,568,1282,820,1224,456,2796,3863,11073,615,7345,2267,2359,5160,14549,15257,8208,0.2123545079724158,0.504323712920057,0.28332177910752726,0.25984237603531946,0.4335753639581129,0.3065822600065677,0.03256467325865655,0.001313533039004634,0.0054365673003247345,0.045700003648702886,0.09846024738205568,0.022749662494983034,0.1360601306235633,0.025249023971977962,0.010362316196592112,0.02338818550005473,0.01495968183310833,0.022330061663078774,0.00831904258036268,0.05100886634801328,0.07047469624548473,0.2020104352902543,0.011219761374831248,0.13399861349290326,0.04135804721421535,0.04303645054183238,0.11951637559642378,0.3369852225876685,0.35338398109973596,0.19011442071617177
4100900,88067,20194,45442,22431,21332,35284,31451,2442,122,327,4863,7894,2567,13508,3408,1477,1922,1199,2672,1394,3785,5442,16561,1897,9808,3436,3343,8695,21467,22872,14839,0.22930268999738834,0.5159935049450987,0.25470380505751306,0.24222466985363417,0.40064950549013817,0.35712582465622766,0.027728888232822737,0.0013853089125325036,0.003713082085230563,0.055219321652832505,0.08963629963550479,0.029148262118614238,0.15338321959417262,0.03869780962221945,0.01677132183451236,0.021824292867930098,0.013614634312512065,0.030340536182679095,0.015828857574346804,0.042978641261766606,0.06179386149181873,0.1880500073807442,0.0215404180907718,0.11136975257474423,0.03901574937263674,0.037959735201607864,0.12810690554417808,0.3162818793923946,0.33698230518762984,0.21862890987579744
4101000,37291,7682,19472,10137,8497,14744,14050,1808,144,250,1753,5210,634,3947,1298,285,757,414,994,461,2475,2628,6323,328,3649,1739,2194,3372,10218,10412,5607,0.20600144807058005,0.5221635247110563,0.27183502721836367,0.22785658738033307,0.3953769005926363,0.37676651202703065,0.048483548309243514,0.0038615215467539083,0.006704030463114424,0.047008661607358344,0.13971199485130462,0.01700142125445818,0.10584323295165053,0.034807326164490095,0.007642594727950444,0.02029980424231048,0.011101874446917487,0.02665522512134295,0.012362232173982999,0.0663699015848328,0.07047276822825883,0.16955833847309001,0.008795687967606125,0.09785202863961814,0.04663323590142394,0.05883457134429219,0.11388429193826201,0.34509777432537403,0.3516498361984532,0.18936809753791076
4101100,154094,33505,82401,38188,32683,56021,65390,7807,319,316,10801,10939,3921,16846,4847,1515,4637,1862,5595,1413,7963,10898,25694,1585,11207,6088,19841,16556,33491,41103,29439,0.21743221669889806,0.534745025763495,0.2478227575376069,0.21209781042740145,0.36355081962957675,0.4243513699430218,0.05066388048853297,0.0020701649642426052,0.002050696328215245,0.07009357924383817,0.07098913650109673,0.02544550728775942,0.10932288083896842,0.03145482627487118,0.009831661193816761,0.03009202175295599,0.01208353342764806,0.036309006191026255,0.009169727568886524,0.05167624956195569,0.07072306514205615,0.16674237802899528,0.010285929367788493,0.07272833465287422,0.03950835204485574,0.12875906913961607,0.1372927878993938,0.2777284826974268,0.34085198484107176,0.24412674456210764
4101200,55214,13002,28550,13662,13366,22083,19765,4913,94,243,3160,8676,1186,5211,824,348,895,481,1154,414,1785,6662,7879,712,5666,2375,2536,6167,12145,14078,9822,0.2354837541203318,0.5170790017024668,0.24743724417720142,0.2420762850001811,0.39995291049371534,0.3579708045061035,0.08898105552939471,0.0017024667656753722,0.004401057702756547,0.05723186148440613,0.15713406020212264,0.021480059405223313,0.09437823740355707,0.014923751222516029,0.00630274930271308,0.016209656971058067,0.008711558662658022,0.020900496250950844,0.007498098308400043,0.03232875719926106,0.12065780418009925,0.142699315391024,0.012895280182562394,0.1026189010033687,0.04301445285615967,0.04593037997609302,0.14609589690135508,0.28771439401118165,0.3335070596039041,0.23268264948355918
4101325,509235,107022,294282,107931,92158,161316,255761,1442,60,2583,23823,34328,25401,45262,25056,13199,19347,10051,41727,19971,26646,49390,74141,9677,49962,22692,14477,40079,94632,130870,136632,0.21016230227694482,0.5778903649592035,0.21194733276385166,0.18097342091568724,0.3167810539338419,0.5022455251504708,0.0028316985281844334,0.00011782379451530237,0.0050723143538837666,0.0467819376123008,0.06741092030202166,0.049880703408053256,0.08888234312252692,0.049203216589590267,0.02591927106345793,0.03799228254145925,0.019737449311221733,0.08194055789566702,0.03921765000441839,0.05232554714424578,0.09698862018517973,0.14559289915265056,0.019003014325409684,0.09811187369289227,0.04456095908568736,0.028428917886633872,0.099646207357793,0.23527832267977414,0.3253748635673138,0.339700606395119
4101326,166293,36434,90391,39468,35034,56172,75087,4146,49,496,13050,18828,11404,19839,4151,2397,5818,2345,9761,2140,9115,11602,22771,2535,13693,7340,4813,14432,33379,43217,38831,0.21909521146410252,0.5435646719946119,0.23734011654128556,0.21067633634608793,0.33778932366365394,0.45153433999025816,0.024931897313777488,0.00029466062913051063,0.0029826871846680256,0.07847594306435027,0.11322184337284191,0.06857775131845598,0.11930147390449387,0.024961964724913254,0.014414316898486407,0.034986439597577766,0.014101615822674437,0.058697600019243144,0.012868851966108014,0.05481289050050213,0.06976842079943232,0.1369330037945073,0.015244177445833559,0.08234261213640984,0.04413895954730506,0.028942889959288724,0.11113592434871669,0.2570403283561401,0.332799420910372,0.29902432638477117
4101327,299584,65688,171695,62201,55304,91215,153065,2860,302,995,16223,45705,15022,33016,5945,9471,11444,4308,16599,15588,25591,19671,32974,5326,21863,10068,6613,24996,52866,74145,81889,0.21926404614398634,0.5731113811151464,0.20762457274086735,0.18460264900662252,0.30447220145268106,0.5109251495406965,0.009546571245460371,0.0010080645161290322,0.003321272164067507,0.05415175710318308,0.1525615520187994,0.05014286477248451,0.11020615253151037,0.019844183935056613,0.03161383785515915,0.03819963682973723,0.014379940183721428,0.055406830805383465,0.05203215124973296,0.0854217848750267,0.06566104998931852,0.110065958128605,0.01777798547318949,0.07297786263618884,0.03360660115359966,0.022073942533646657,0.10686800971371892,0.22602353182611076,0.3169998631870575,0.35010859527311283
4200100,122408,28925,63560,29923,34006,43674,44728,420,52,637,4057,19200,3433,14012,2924,1309,5489,1023,3645,758,6080,10957,25369,2603,11490,5206,3744,9299,32171,29590,22423,0.2362999150382328,0.5192471080321548,0.24445297692961243,0.2778086399581727,0.35679040585582644,0.36540095418600094,0.003431148290961375,0.0004248088360237893,0.005203908241291419,0.03314325861054833,0.15685249330109144,0.02804555257826286,0.11446964250702568,0.023887327625645383,0.01069374550682962,0.04484184040258807,0.008357296908698778,0.029777465525129075,0.006192405725116005,0.049669956212012284,0.08951212339062806,0.2072495261747598,0.02126495000326776,0.0938664139598719,0.04252990000653552,0.03058623619371283,0.099472631387525,0.34413743675320646,0.3165281388059861,0.23986179305328242
4200200,44462,9331,23052,12079,11122,17230,16110,425,430,275,1366,10055,752,4701,1681,428,1756,181,1006,931,1017,3471,8653,288,3226,1698,2122,3063,13885,10955,7228,0.20986460348162475,0.5184652062435338,0.27167019027484146,0.25014619225405965,0.38752192883810893,0.3623318789078314,0.00955872430389996,0.009671179883945842,0.006185056902523503,0.03072286446853493,0.22614817147226846,0.016913319238900635,0.10573073635913814,0.037807566011425486,0.009626197651927489,0.039494399712113715,0.004070891997660924,0.022626062705231435,0.020939229004543206,0.022873464981332373,0.0780666636678512,0.1946156268274032,0.006477441410642796,0.072556340245603,0.038189914983581486,0.04772614817147227,0.08718795365916142,0.3952349776550625,0.3118328541743759,0.20574421451140018
4200300,67249,14011,34913,18325,16953,25192,25104,342,1031,540,2045,14222,1651,7795,4907,731,1204,400,1817,771,1733,4637,12581,257,4466,2863,3256,4472,21668,16667,10431,0.20834510550342755,0.5191601362102038,0.27249475828636854,0.2520929679251736,0.37460780085949236,0.37329923121533404,0.005085577480706033,0.015331082990081638,0.008029859180062156,0.030409374117087242,0.2114826986274889,0.02455055093756041,0.11591250427515651,0.07296762777141667,0.010870050112269327,0.01790361194962007,0.005948043837083079,0.027018989129949888,0.011464854495977636,0.02576989992416244,0.0689526981813856,0.18708084878585554,0.0038216181653258786,0.06640990944103257,0.04257312376392214,0.048417076833856265,0.08400015026860513,0.407002516999136,0.31306585521619895,0.19593147751605997
4200400,36021,7686,19046,9289,8585,12855,14581,355,1426,444,1418,5560,968,3958,1699,355,1005,258,915,618,835,2798,8068,164,2509,925,1743,2581,10857,8890,6007,0.21337553094028483,0.5287471197357098,0.25787734932400547,0.23833319452541574,0.3568751561589073,0.40479164931567696,0.009855362149857027,0.03958801810055246,0.012326143083201466,0.039365925432386664,0.15435440437522557,0.026873212848060855,0.10988034757502568,0.04716693040171011,0.009855362149857027,0.02790039143832764,0.0071624885483467975,0.02540184892146248,0.017156658615807445,0.023180922239804558,0.07767691069098581,0.2239804558452014,0.0045528996973987395,0.06965381305349658,0.02567946475666972,0.04838844007662197,0.09108875948473619,0.3831656961355214,0.3137462502205753,0.2119992941591671
4200500,32656,7369,16378,8909,9496,12355,10805,105,700,245,2409,1287,803,4470,975,432,854,338,1043,352,1045,3630,4863,552,4427,1752,2374,2456,8788,8113,5930,0.22565531602155806,0.501531112199902,0.27281357177853993,0.2907888290053895,0.37833782459578635,0.3308733463988241,0.0032153356197942187,0.021435570798628123,0.007502449779519843,0.07376898579127879,0.039410828025477705,0.024589661930426263,0.1368814306712396,0.029856687898089172,0.013228809407153356,0.02615139637432631,0.010350318471337579,0.031939000489955904,0.010779029887310143,0.03200024497795199,0.11115874571288584,0.14891597256246938,0.016903478686918178,0.13556467417932386,0.05365017148456639,0.07269720725134737,0.09712500494325148,0.34753035156404477,0.3208367936093645,0.23450784988333925
4200600,50036,13594,24327,12115,15096,17937,17003,62,78,124,1722,4763,946,7809,2443,315,941,606,1442,163,2323,5480,6786,1425,9512,1780,1316,4247,11423,11240,9532,0.2716843872411863,0.48618994324086656,0.2421256695179471,0.30170277400271805,0.35848189303701333,0.3398153329602686,0.0012391078423535054,0.001558877608122152,0.002478215684707011,0.03441522104085059,0.09519146214725398,0.01890638740107123,0.15606763130546006,0.04882484611080022,0.00629546726357023,0.01880645934926853,0.012111279878487488,0.028819250139899274,0.003257654488768087,0.046426572867535376,0.10952114477576146,0.13562235190662722,0.028479494763770086,0.1901031257494604,0.03557438644176193,0.02630106323447118,0.11654135338345864,0.31345700016464517,0.3084353218813457,0.26156632457055046
4200700,108143,23691,55925,28527,27777,38143,42223,262,306,330,4180,12446,4398,11863,5320,1454,5533,786,4853,1488,7291,9252,21603,1056,8517,3605,3600,8139,27689,26955,21669,0.21907104482028425,0.5171393432769573,0.2637896119027584,0.2568543502584541,0.35270891319826525,0.39043673654328065,0.0024227180677436357,0.002829586750876155,0.0030515151234938925,0.0386525248975893,0.11508835523334844,0.04066837428220042,0.10969734518184256,0.04919412259693184,0.013445160574424605,0.051163736903914264,0.0072681542032309076,0.044875766346411695,0.013759559102299732,0.06741999019816354,0.08555338764413785,0.19976327640254107,0.009764848395180456,0.07875683123271963,0.03333549097028934,0.033289255892660644,0.09637427177568322,0.3278667171884621,0.31917538957040686,0.25658362146544783
4200800,169363,37491,87641,44231,42377,61849,65137,163,421,1974,6247,20308,6301,20999,15438,3128,5443,1102,4996,3473,10457,12969,29208,1727,14413,4580,6016,13565,44040,42305,31962,0.2213647608981891,0.5174743007622681,0.2611609383395429,0.250214037304488,0.3651860205593902,0.3845999421361218,0.0009624298105253213,0.0024857849707433147,0.011655438318877205,0.03688527010031707,0.1199081263321977,0.03720411187803711,0.12398812019154125,0.09115332156374178,0.018469205198301874,0.03213807029870751,0.006506734056434995,0.02949876891646936,0.020506249889291048,0.06174311980775022,0.0765751669490975,0.1724579748823533,0.010197032409676258,0.08510123226442612,0.027042506332551973,0.0355213358289591,0.10286489929628731,0.33396020383402086,0.32080350643047806,0.2423713904392138
4200900,62584,13589,32322,16673,15575,22067,24942,246,1296,397,2979,10422,2473,7384,1848,473,1550,814,2433,499,3166,5593,10162,354,5386,2391,2718,4790,17875,15849,10481,0.2171321743576633,0.5164578806084622,0.2664099450338745,0.24886552473475648,0.3525981081426563,0.3985363671225872,0.003930717116195833,0.020708168221909753,0.006343474370446121,0.04760002556563978,0.1665281861178576,0.03951489198517193,0.11798542758532532,0.0295283139460565,0.007557842260002556,0.024766713537006265,0.013006519238143934,0.03887575099066854,0.007973283906429759,0.050588009714943115,0.08936788955643615,0.16237376965358558,0.0056563978013549785,0.08606033490988112,0.03820465294643999,0.043429630576505174,0.09776507806919073,0.3648331462394122,0.3234819879579549,0.2139197877334422
4201000,43457,8707,22782,11968,9746,14820,18891,431,141,430,1361,4844,1145,3622,2917,305,1658,141,960,2545,709,3000,13346,448,2202,1312,1940,3094,12245,10945,8466,0.2003589755390386,0.524242354511356,0.2753986699496054,0.22426766688910876,0.3410267620866604,0.43470557102423085,0.009917849828566168,0.003244586602848793,0.009894838576063695,0.03131831465586672,0.11146650712198265,0.0263478841153324,0.08334675656395978,0.06712382354971581,0.0070184320132544815,0.03815265664910141,0.003244586602848793,0.02209080240237476,0.05856363761879559,0.01631497802425386,0.06903375750742113,0.30710817589801415,0.010309041121108222,0.05067077801044711,0.030190763283245506,0.044641829854798996,0.08903597122302158,0.3523741007194245,0.31496402877697843,0.24362589928057554
4201100,56841,12967,29240,14634,14456,21579,20806,642,53,258,2982,12258,1699,7237,1604,407,1233,345,1056,390,1245,5704,10476,359,5307,1383,2203,4339,17391,13015,9129,0.22812758396228075,0.5144174099681568,0.25745500606956245,0.2543234636969793,0.37963793740433843,0.3660385988986823,0.011294664062912334,0.0009324255379039777,0.004538977146777854,0.052462131208106826,0.21565419327598037,0.02989039601695959,0.12732006826058656,0.0282190672226034,0.007160324413715452,0.02169208845727556,0.0060695624637145725,0.018578139019369822,0.0068612445241990816,0.021903203673404762,0.10035009940008092,0.1843035836807938,0.006315863549198642,0.09336570433313982,0.02433102865889059,0.0387572350943861,0.09889684095363997,0.3963851027943657,0.2966449377763596,0.20807311847563478
4201200,67450,15465,35491,16494,16312,19340,31798,209,196,234,3137,3942,772,6856,1487,1082,951,1139,3389,1034,2126,19880,8763,751,6597,1880,3025,3741,15504,15424,17316,0.22928094885100075,0.5261823573017049,0.2445366938472943,0.24183839881393626,0.2867309117865085,0.47143068939955524,0.0030985915492957746,0.0029058561897702,0.003469236471460341,0.04650852483320979,0.05844329132690882,0.011445515196441809,0.10164566345441067,0.022045959970348406,0.01604151223128243,0.014099332839140104,0.016886582653817643,0.05024462564862862,0.015329873980726464,0.031519644180874724,0.29473684210526313,0.1299184581171238,0.011134173461823573,0.09780578206078577,0.02787249814677539,0.044848035581912526,0.0719630662691161,0.2982398768875637,0.29670097143406754,0.3330960854092527
4201300,48536,10413,25313,12810,12789,18665,17082,251,861,308,1984,8914,1162,5709,1866,371,924,288,1336,242,1552,4280,10914,89,3352,1760,2373,3413,15737,11542,7431,0.21454178341849348,0.5215304104170101,0.26392780616449646,0.26349513762980054,0.3845599142904236,0.35194494807977583,0.005171419152793803,0.01773940992253173,0.006345805175539805,0.04087687489698368,0.18365749134662931,0.023940992253172904,0.11762403164661282,0.038445689797263885,0.007643810779627493,0.019037415526619417,0.005933739904400857,0.027525960112081752,0.004985989780781276,0.031976265040382396,0.08818196802373496,0.22486401846052415,0.0018336904565683205,0.06906213944288775,0.03626174386022746,0.04889154442063623,0.08952600792172705,0.412795425333788,0.3027568659339506,0.1949217008105343
4201400,45371,9959,23066,12346,12224,15748,17399,127,162,178,1704,7825,1333,6388,1896,413,928,317,862,708,1880,3540,9493,453,4082,1382,1700,3277,12983,11142,8010,0.21950144365343502,0.5083864142293536,0.2721121421172114,0.2694231998413083,0.3470939586960834,0.38348284146260825,0.002799144828194221,0.0035705626942319985,0.003923210861563554,0.03755702982081065,0.17246699433558882,0.029380000440810208,0.1407947808071235,0.04178880782878931,0.009102730819245773,0.020453593705230214,0.006986841815256441,0.01899892001498755,0.015604681404421327,0.04143615966145776,0.07802340702210664,0.20923056577990345,0.009984351237574662,0.08996936369046307,0.0304599854532631,0.03746886777897776,0.09253925223088219,0.36662713204563424,0.31463910538800405,0.2261945103354795
4201500,80080,16777,40026,23277,21168,27098,31814,104,179,1918,4507,10351,2273,9718,3495,624,2123,716,2811,827,3641,7792,15551,729,6454,3064,3203,5903,21682,20397,15321,0.20950299700299702,0.4998251748251748,0.2906718281718282,0.26433566433566436,0.3383866133866134,0.3972777222777223,0.0012987012987012987,0.002235264735264735,0.02395104895104895,0.05628121878121878,0.12925824175824177,0.028384115884115883,0.12135364635364636,0.043643856143856144,0.007792207792207792,0.02651098901098901,0.00894105894105894,0.035102397602397604,0.010327172827172828,0.045467032967032965,0.0973026973026973,0.1941933066933067,0.009103396603396603,0.08059440559440559,0.03826173826173826,0.039997502497502495,0.09324992496406173,0.3425114133611361,0.32221221743045353,0.2420264442443486
4201600,86653,19538,44642,22473,20007,26418,40228,194,677,361,4535,12530,4674,10754,3401,1175,2107,611,4447,4029,3509,5901,13457,700,7534,3166,2891,5547,21668,21862,18038,0.22547401705653583,0.5151812401186341,0.25934474282483005,0.2308864090106517,0.30487115275870424,0.46424243823064404,0.0022388145822995163,0.00781277047534419,0.0041660415680934305,0.05233517593158921,0.14459972534130383,0.05393927503952546,0.1241041856600464,0.0392484968783539,0.013559830588669752,0.02431537280878908,0.0070511119061082705,0.05131963117260799,0.04649579356744717,0.040494847264376306,0.0680992002585023,0.15529756615466286,0.008078196946441555,0.08694447970641524,0.03653653076061995,0.03336295338880362,0.08264918423601281,0.3228488415406392,0.325739402518066,0.268762571705282
4201700,727603,162921,378555,186127,156422,208771,362410,155,2276,4652,29954,36743,23294,75045,23483,14190,54506,9237,66549,29197,39470,62769,134754,14203,63287,25369,18470,48205,155713,176903,183861,0.22391468974152112,0.520276854273553,0.25580845598492585,0.21498262101723056,0.2869298229941328,0.4980875559886367,0.00021302825854208957,0.003128079460914812,0.006393596507985811,0.0411680545572242,0.050498692281367726,0.03201471131922216,0.1031400365309104,0.03227446835705735,0.01950239347556291,0.07491173071029118,0.012695109833246976,0.09146333921108077,0.04012765203002187,0.05424661525584694,0.0862681984543769,0.185202644848908,0.019520260361763214,0.08698012515066596,0.03486654123196303,0.025384722163047706,0.08536663113044156,0.27575343290559995,0.3132789782567888,0.3256009577071697
4201900,47450,10131,23907,13412,12469,17067,17914,451,2177,1325,2234,3745,2331,6066,1900,446,1798,352,1669,724,975,4941,7942,475,3702,2086,2111,3206,14115,11419,8579,0.21350895679662804,0.5038356164383562,0.2826554267650158,0.26278187565858796,0.3596838777660695,0.37753424657534246,0.009504741833508957,0.045879873551106426,0.02792413066385669,0.04708113804004215,0.07892518440463646,0.04912539515279241,0.12783983140147523,0.040042149631190724,0.009399367755532139,0.037892518440463645,0.007418335089567967,0.03517386722866175,0.015258166491043203,0.02054794520547945,0.10413066385669126,0.16737618545837724,0.010010537407797681,0.07801896733403582,0.04396206533192835,0.044488935721812436,0.08590798252900667,0.37822556874514324,0.3059835472547496,0.22988290147110052
4202000,138645,30501,69913,38231,35661,46423,56561,275,921,997,8304,17750,7763,18707,8283,934,3125,1080,5807,2471,6828,9785,22026,1559,13092,5441,3497,10142,37161,35267,25574,0.21999350860110353,0.5042590789426232,0.2757474124562732,0.2572108622741534,0.33483356774496015,0.40795556998088645,0.001983482996141224,0.006642864870712972,0.007191027444192001,0.05989397381802445,0.12802481156911535,0.05599192181470662,0.13492733239568683,0.05974250784377367,0.006736629521439648,0.022539579501604817,0.007789678675754625,0.041883948213062135,0.01782249630350896,0.049248079627826465,0.070575931335425,0.15886616899275127,0.011244545421760612,0.09442821594720328,0.03924411266183418,0.025222691045475854,0.09378236425506732,0.34362516644474034,0.3261114809883119,0.23648098831188047
4202100,52073,10666,26541,14866,15030,19314,17729,99,166,452,1773,3953,1570,6552,2213,838,1925,422,2219,402,2548,5330,13028,339,4028,2088,2128,3452,15271,13191,9493,0.20482783784302805,0.5096883221631172,0.2854838399938548,0.2886332648397442,0.37090238703358747,0.3404643481266683,0.0019011771935552014,0.003187832465961247,0.008680122136231828,0.03404835519367042,0.07591266107195668,0.030149981756380465,0.12582336335528968,0.04249803160947132,0.01609279281009352,0.036967334319128915,0.008104007835154494,0.042613254469686786,0.007719931634436272,0.048931307971501546,0.1023563074914063,0.25018723714785013,0.0065100916021738715,0.07735294682465,0.040097555354982425,0.04086570775641887,0.08336754655010023,0.3688023764097858,0.3185693240273384,0.22926075301277563
4202200,71906,16074,37553,18279,18611,27032,26263,467,287,483,3311,8677,2476,9385,3875,981,1286,538,2537,849,2973,5325,15997,648,5771,2585,3455,4925,21441,17601,11865,0.22354184629933524,0.5222512724946458,0.254206881206019,0.25882402024865797,0.3759352487970406,0.36524073095430143,0.006494590159374739,0.003991322003727088,0.006717102884321197,0.046046227018607624,0.12067143214752593,0.03443384418546436,0.1305176202264067,0.05388980057297027,0.0136428114482797,0.017884460267571553,0.007481990376324646,0.035282173949322725,0.011807081467471421,0.041345645704113705,0.07405501627124302,0.22247100381053042,0.009011765360331544,0.08025755847912552,0.0359497121241621,0.04804884154312575,0.08821106175669867,0.3840270812437312,0.3152493193867316,0.2125125376128385
4202300,141413,32405,74201,34807,34243,45607,61563,568,110,206,5175,9190,4180,16388,17380,1761,8443,1408,9981,5752,10402,10233,17999,1020,10643,6049,4525,10693,34794,33719,29802,0.2291514924370461,0.5247113065984033,0.24613720096455063,0.24214888305884183,0.3225092459674853,0.4353418709736729,0.0040166038483024896,0.0007778634213261865,0.0014567260435744945,0.03659493823057286,0.06498695310897866,0.029558810010395085,0.11588750680630494,0.12290242056953746,0.012452886226867403,0.059704553329609014,0.009956651792975186,0.07058049825687879,0.04067518544971113,0.07355759371486356,0.0723625126402806,0.12727967018590935,0.007212915361388274,0.07526182175613275,0.04277541668729183,0.03199847255909994,0.09809371789226479,0.3191875825627477,0.30932592103331863,0.2733927785116689
4202400,187922,40471,101043,46408,38909,53781,95232,207,41,1272,5823,12096,7512,15069,10256,2601,12874,1432,8366,4309,10028,11833,29690,7284,14200,6349,26680,13364,43993,47097,42997,0.21536062834580305,0.537685848383904,0.246953523270293,0.20704866912868106,0.2861878864635327,0.5067634444077862,0.0011015208437543235,0.00021817562605761965,0.0067687657645193215,0.030986260256915102,0.06436713104373092,0.03997403177914241,0.08018752461127489,0.05457583465480359,0.013840848862826067,0.06850714658209257,0.00762018284181735,0.044518470429220636,0.022929726162982514,0.0533625653196539,0.06296761422292228,0.1579910814061153,0.03876076244399272,0.07556326561019998,0.03378529389853237,0.14197379763944615,0.09063349858597093,0.2983567422397949,0.31940780327023893,0.29160195590399524
4202500,49160,11320,24916,12924,12146,17711,19303,398,2,175,1832,8718,1608,6608,3512,797,798,318,1115,426,2528,4134,8877,403,3444,1565,1902,4274,12963,11650,8953,0.23026851098454026,0.5068348250610252,0.2628966639544345,0.2470707892595606,0.3602725793327909,0.3926566314076485,0.008096013018714402,4.068348250610252e-05,0.0035598047192839707,0.03726606997558991,0.17733930024410088,0.03270951993490643,0.13441822620016272,0.07144019528071603,0.016212367778681853,0.016232709519934906,0.006468673718470301,0.022681041497152155,0.008665581773799837,0.05142392188771359,0.08409275834011391,0.18057363710333604,0.008197721724979658,0.07005695687550854,0.031834825061025224,0.0386899918633035,0.1129492600422833,0.3425739957716702,0.3078752642706131,0.2366014799154334
4202600,50381,10645,26266,13470,12241,18149,19991,846,553,414,1518,11254,1124,5393,5812,328,871,203,1058,436,1669,3775,7857,254,2976,1267,2773,4081,15318,12192,8145,0.21128997042535877,0.5213473333201009,0.2673626962545404,0.24296857942478314,0.3602350092296699,0.39679641134554694,0.016792044619995634,0.010976360135765468,0.008217383537444672,0.030130406303963797,0.2233778607014549,0.022309997816637225,0.10704432226434568,0.11536094956431989,0.006510390821936841,0.01728826343264326,0.004029296758698716,0.020999980151247495,0.008654056092574582,0.03312756793235545,0.0749290407097914,0.1559516484388956,0.005041583136499871,0.05906988745757329,0.02514836942498164,0.05504059069887458,0.10270283873565532,0.3854942621300584,0.3068250452989732,0.20497785383531306
4202700,180471,41180,92900,46391,41232,55746,83493,2718,217,1215,7501,33114,7117,19876,6955,1365,4190,1939,7593,6408,10639,14438,29998,2039,12743,5585,4821,16751,44939,42945,34656,0.22818070493320255,0.5147641449318727,0.25705515013492475,0.22846883986900943,0.30889173329787056,0.46263942683312,0.015060591452366308,0.001202409251347862,0.006732383596256462,0.04156346449013969,0.18348654354439217,0.03943569881033518,0.11013403815571476,0.03853804766416765,0.0075635420649301,0.0232170265582836,0.010744108471721218,0.04207324168425952,0.035507089781737784,0.058951299654792184,0.0800017731380665,0.16622061162181181,0.011298214117503643,0.0706096824420544,0.03094680031694843,0.026713433183170703,0.12025902606772872,0.3226267310881536,0.3083113769015945,0.2488028659425232
4202890,327958,75656,170529,81773,76844,105650,145464,618,277,1556,11597,33169,14062,35371,26624,5199,10335,2897,13203,8994,23714,29151,60613,5338,27386,9942,7912,26440,74314,80022,71526,0.23068807591215948,0.5199720695942773,0.2493398544935632,0.23431049097750323,0.32214490879929747,0.4435446002231993,0.0018843876350020429,0.0008446203477274529,0.004744509967739771,0.035361235280127336,0.10113795059123425,0.04287744162362254,0.10785222498002793,0.08118112685160905,0.015852639667274467,0.031513181565932226,0.008833448185438379,0.040258203794388304,0.027424243348233616,0.07230803944407516,0.08888638179279054,0.184819397605791,0.016276474426603408,0.08350459510059215,0.030314857390275583,0.02412504040151483,0.1047950472053333,0.2945438403183486,0.3171675214623745,0.2834935910139436
4203000,270402,62934,136333,71135,68040,82913,119449,498,163,817,17382,27462,16257,36631,7537,5111,8461,2827,16576,3229,15675,19563,49887,6277,21347,10170,4532,20147,56966,63996,66359,0.23274236137306678,0.5041863595683463,0.26307127905858685,0.25162535780060796,0.30662864919638166,0.4417459930030103,0.0018417023542725275,0.0006028061922618915,0.003021427356306536,0.06428206891960858,0.10155989970488384,0.06012159673375197,0.13546867256898987,0.02787331454649004,0.01890148741503391,0.03129044903514027,0.010454804328370352,0.06130132173578598,0.011941479722783116,0.05796924578960215,0.07234783766392261,0.18449197860962566,0.023213585698330635,0.07894542200131656,0.037610668560143785,0.016760231063379708,0.09710895174195538,0.274577284207685,0.3084620278789982,0.31985173617136137
4203100,516639,113913,275191,127535,105192,133139,278308,292,238,3093,24275,43378,27253,58931,9874,11423,37479,7829,62950,14151,39924,32771,77064,6596,32658,17801,8659,35799,99694,120041,147192,0.22048858100143426,0.5326562648193419,0.2468551541792238,0.2036083222520948,0.2577021866332197,0.5386894911146854,0.0005651915554187741,0.000460669829416672,0.005986772194898179,0.04698638701298199,0.08396191537998486,0.05275056664324606,0.11406610805610881,0.019111991158236214,0.0221102162244817,0.07254388460801449,0.01515371468278624,0.12184523429319119,0.027390498975106408,0.07727639609088745,0.06343113857064604,0.14916411653011097,0.01276713527240491,0.06321241718104904,0.03445539341784108,0.01676025232318892,0.08889170304375679,0.24754796064818263,0.29807114514583116,0.3654891911622294
4203200,698786,161162,383352,154272,141793,196102,360891,56,6,5462,14754,21241,16808,53260,25159,15284,34057,10126,56142,12922,34316,86645,170667,12554,62278,25736,41313,60651,132107,158195,186671,0.23063140932989498,0.5485971384658537,0.22077145220425137,0.20291333827523733,0.28063241106719367,0.516454250657569,8.013898389492634e-05,8.586319703027822e-06,0.007816413036322994,0.021113760149745416,0.03039700280200233,0.024053143594748607,0.0762178978972103,0.0360038695680795,0.02187221839017954,0.04873738168766976,0.014490845552143288,0.08034219346123134,0.018492070533754255,0.04910802448818379,0.12399361177814094,0.24423357079277488,0.017965442925301882,0.08912313641086113,0.036829587312854004,0.05912110431519807,0.11281304406053301,0.24572377721232683,0.29424839664895913,0.347214782078181
4203300,241277,54198,124869,62210,58330,69868,113079,119,68,812,13146,13768,7514,25582,15491,3169,14343,2725,10636,8735,19241,25681,42489,4328,17681,9562,6187,18310,49185,56836,62748,0.22462978236632583,0.5175337889645512,0.25783642866912304,0.24175532686497261,0.28957588166298487,0.4686687914720425,0.0004932090501788401,0.00028183374295933717,0.00336542646004385,0.05448509389622716,0.05706304372153168,0.03114262859700676,0.10602751194684948,0.06420421341445724,0.013134281344678523,0.0594461966950849,0.011294072787708734,0.044082113089933976,0.03620320212867368,0.07974651541589128,0.10643782871968734,0.1761004985970482,0.017937888816588404,0.07328091778329472,0.039630797796723266,0.025642725995432634,0.09787309104709775,0.2629103213081105,0.3038074824004832,0.33540910524430856
4203400,256408,56673,136973,62762,50781,63244,142383,5446,120,524,12069,19574,13239,25822,6914,6519,19402,4299,29822,8898,13015,20011,35403,4213,15843,10266,5009,18266,49067,57710,74692,0.2210266450344763,0.5341994009547284,0.2447739540107953,0.1980476428192568,0.24665377055318086,0.5552985866275624,0.021239586908364794,0.00046800411843624226,0.0020436179838382576,0.04706951421172506,0.07633927178559172,0.05163255436647843,0.10070668621883873,0.026964837290568158,0.02542432373404886,0.07566846588249977,0.01676624754297838,0.1163068235000468,0.03470250538204736,0.05075894667873077,0.0780435867835637,0.13807291504165237,0.016430844591432403,0.06178824373654488,0.040037752332220525,0.019535271910392813,0.09145117280396525,0.2456605001627156,0.2889328360077102,0.37395549102560893
4203500,245176,62400,120593,62183,60089,77704,107383,2808,376,493,17058,38709,14142,29807,12779,3152,6175,1933,10989,5182,9787,16809,39467,4070,19557,7855,4028,20048,59382,56635,46711,0.2545110451267661,0.49186298822070673,0.2536259666525272,0.24508516331125396,0.316931510425164,0.4379833262635821,0.011452997030704473,0.001533592194994616,0.0020108004046073026,0.06957450973994192,0.1578825007341665,0.05768101282344112,0.12157388977713969,0.052121741116585636,0.012856070741018697,0.02518598884066956,0.00788413221522498,0.04482086337977616,0.02113583711293112,0.0399182627989689,0.06855891278102261,0.16097415734003329,0.016600319770287468,0.07976718765295135,0.03203820928639019,0.01642901425914445,0.10968617323937498,0.3248894822077297,0.3098601566945332,0.25556418785836216
4203600,182710,42775,93975,45960,44375,58791,79544,551,241,1359,11747,32114,6901,20859,10197,1442,3674,1583,6888,4759,11767,11972,27827,2020,14390,7710,4709,14921,48634,43792,32588,0.2341141699961688,0.5143396639483334,0.2515461660554978,0.24287121668217393,0.3217722073230803,0.43535657599474575,0.003015707952493022,0.0013190301570795249,0.00743801652892562,0.06429314213781402,0.17576487329648077,0.03777023698757594,0.11416452301461333,0.05580975316074654,0.007892288325762137,0.020108368452739313,0.00866400306496634,0.03769908598325215,0.02604674073668655,0.06440260522138909,0.06552460182803349,0.15230146133216574,0.011055771441081495,0.07875868863225877,0.04219801871818729,0.025773083027748892,0.10662807732161361,0.3475470754278772,0.3129452960302998,0.2328795512202094
4203700,88430,20818,45091,22521,22994,30678,34758,2437,371,300,4084,16400,1868,9757,7355,660,1695,475,2615,721,3714,7191,13865,1134,8238,3134,2416,7894,24449,20513,14756,0.23541784462286555,0.5099061404500735,0.25467601492706093,0.2600248784349203,0.34691846658373854,0.3930566549813412,0.027558520863960195,0.004195408797919258,0.003392513852764899,0.04618342191563949,0.1854574239511478,0.0211240529232161,0.11033585887142372,0.0831731312902861,0.007463530476082778,0.01916770326812168,0.0053714802668777565,0.0295714124166007,0.008153341626144974,0.041999321497229444,0.08131855705077462,0.15679068189528442,0.012823702363451317,0.09315843039692412,0.035440461381883975,0.027321044894266653,0.11675442229190085,0.3616074069691771,0.3033928888363012,0.21824528190262082
4203800,43142,8868,22245,12029,11257,15767,16118,412,847,327,2869,6718,1534,4993,3686,258,987,222,1056,263,989,3234,6143,262,4404,1367,2571,3292,14705,10100,6177,0.20555375272356405,0.5156228269435816,0.2788234203328543,0.26092902507996846,0.36546752584488434,0.3736034490751472,0.00954985860646238,0.01963284038755737,0.007579620787167957,0.06650132121830235,0.1557183255296463,0.03555699782114877,0.11573408743220064,0.0854387835519911,0.005980251263270131,0.022877937972277596,0.005145797598627788,0.02447730749617542,0.006096147605581568,0.02292429650920217,0.07496175420703723,0.14239024616383106,0.00607296833711928,0.1020814983079134,0.03168605998794678,0.05959389921654073,0.09604948357355429,0.4290424228277995,0.29468401703915503,0.18022407655949116
4203900,38409,8423,19803,10183,10095,14924,13390,55,963,369,1459,3630,1068,5342,1699,445,478,334,1224,227,2017,2777,7964,667,4390,1209,2092,3229,11079,9502,6176,0.21929756046759874,0.5155822854018589,0.2651201541305423,0.26282902444739514,0.38855476581009657,0.3486162097425083,0.001431956051966987,0.02507224869171288,0.009607123330469421,0.03798588872399698,0.09450909942982114,0.027805982972740763,0.13908198599286625,0.044234424223489284,0.011585826238641985,0.012444999869822178,0.008695878570126794,0.03186753104741076,0.005910073159936473,0.052513733760316594,0.07230076284204223,0.20734723632481972,0.017365721575672368,0.11429612851154677,0.031476997578692496,0.054466401103907935,0.10768358567331421,0.3694724204628827,0.3168812112319082,0.20596278263189488
4204000,100233,22086,52848,25299,22153,29833,48247,149,7011,880,9263,9235,4192,10713,3615,911,1923,2051,4598,3001,3419,7412,15426,2116,7704,3298,3316,7351,26945,24338,19513,0.22034659243961568,0.5272515039956901,0.2524019035646943,0.22101503496852334,0.29763650693883253,0.48134845809264415,0.0014865363702573004,0.06994702343539552,0.008779543663264593,0.09241467381002265,0.09213532469346424,0.041822553450460424,0.10688096734608363,0.03606596629852444,0.009088823042311414,0.019185298255065698,0.020462322787904184,0.0458731156405575,0.029940239242564823,0.03411052248261551,0.0739477018546786,0.1539014097153632,0.021110811808486226,0.07686091407021639,0.03290333522891663,0.033082916803847034,0.094066310926843,0.34479890462845664,0.31143869886240033,0.24969608558230003
4400100,293274,63526,155644,74104,63180,96731,133363,152,121,1010,11298,22408,10686,25564,6048,4055,20502,3604,15453,9225,20674,27765,58294,6091,24884,11427,14013,25889,56018,69843,77998,0.21660972333040093,0.5307118939967402,0.2526783826728588,0.21542993923770945,0.3298314886420208,0.4547385721202698,0.0005182866534367179,0.00041258345438054513,0.003443878420862402,0.038523701385052886,0.0764063640145393,0.03643691564884715,0.08716763163458063,0.020622353157797826,0.013826660392670335,0.06990732216289204,0.012288849335433758,0.052691339839194745,0.031455226170748175,0.07049380442862306,0.0946725587675689,0.19876975115421075,0.02076897372423058,0.08484898081657426,0.03896356308435115,0.047781255754004784,0.11268433239897627,0.24382366767066524,0.3039982937827533,0.3394937061476052
4400201,77669,18740,39417,19512,19623,25869,32177,33,2,106,3339,5657,3838,11761,2998,1577,3191,1363,4609,2100,3786,6317,12839,880,8854,2822,1597,5915,15581,18832,18601,0.24128030488354427,0.5074997746848807,0.25121992043157504,0.25264906204534626,0.3330672469067453,0.4142836910479084,0.00042487993922929354,2.5750299347229912e-05,0.0013647658654031853,0.04299012476020034,0.0728347217036398,0.0494148244473342,0.1514246353113855,0.038599698721497634,0.020304111035290784,0.04108460260850533,0.017548829005137184,0.05934156484569133,0.02703781431459141,0.048745316664306225,0.08133232048822568,0.16530404665954243,0.01133013171278116,0.11399657521018682,0.0363336723789414,0.020561614028763085,0.10037502757555702,0.2644029255544808,0.31957100918053927,0.3156510376894229
4400300,47184,11530,22659,12995,12617,16157,18410,170,4,130,2369,3980,1101,4993,668,607,1405,659,3992,393,1594,5890,6184,1750,7648,2578,1069,3546,9519,10658,11931,0.244362495761275,0.4802263479145473,0.2754111563241777,0.26739996609020006,0.3424253984401492,0.39017463546965075,0.0036029162427941674,8.477449983045101e-05,0.0027551712444896575,0.05020769752458461,0.08435062733129875,0.02333418107833164,0.10581976941336046,0.014157341471685318,0.01286453034927094,0.029777043065445912,0.013966598847066802,0.0846049508307901,0.008329094608341811,0.033782638182434724,0.1248304510003391,0.13106137673787724,0.03708884367582231,0.16208884367582232,0.05463716514072567,0.02265598507968803,0.09945588152801929,0.2669826667414596,0.29892859146238854,0.3346328602681326
4400400,50290,11720,24462,14108,12344,15944,22002,275,53,132,2118,9312,1276,5987,869,586,960,615,1758,1192,1526,6307,7237,1387,5740,1704,1256,3638,10693,12350,11889,0.23304831974547624,0.48641877112746074,0.280532909127063,0.24545635315172,0.3170411612646649,0.43750248558361504,0.005468283953072181,0.0010538874527739113,0.002624776297474647,0.04211572877311593,0.1851660369854842,0.02537283754225492,0.11904951282561145,0.01727977729170809,0.011652415987273812,0.01908928216345198,0.012229071385961424,0.03495724796182144,0.023702525352952874,0.03034400477232054,0.12541260688009545,0.14390534897593954,0.027580035792404055,0.11413799960230663,0.03388347584012726,0.02497514416384967,0.09432201192636765,0.2772361939331086,0.32019704433497537,0.30824474980554833
4500100,304224,73884,164494,65846,71276,109678,123270,201,176,1140,14112,39864,15428,32778,9426,7527,11451,3706,17634,5463,36945,19869,42465,4835,26865,6729,7610,28701,67853,75167,58619,0.24286052382455034,0.540700273482697,0.2164392026927527,0.23428789313137688,0.36051725044703903,0.4051948564215841,0.0006606973808772484,0.0005785210897233617,0.0037472388766172293,0.04638687283054591,0.13103502682234144,0.0507126327968865,0.10774297885768382,0.030983748816661407,0.02474163774061218,0.03764002840012622,0.012181813400652152,0.05796386872830546,0.0179571631429473,0.12144012306721363,0.06531042915746292,0.1395846481539918,0.01589289470916167,0.08830664247396655,0.02211857052698012,0.025014463027243083,0.12460276113571242,0.2945775809672658,0.3263306416601546,0.25448901623686726
4500101,59627,14739,30749,14139,14947,21668,23012,155,33,2127,2616,11585,1025,7873,233,519,1041,375,1315,161,2220,10748,5843,867,6568,1673,2650,5168,14048,14143,11529,0.2471866771764469,0.5156892012007983,0.23712412162275479,0.2506750297683935,0.3633924228956681,0.3859325473359384,0.002599493518037131,0.0005534405554530666,0.03567175943783856,0.04387274221409764,0.194291176815872,0.017190199070890703,0.13203749979036342,0.003907625740017106,0.008704110553943684,0.017458533885655828,0.006289097221057575,0.022053767588508563,0.002700119073574052,0.03723145554866084,0.1802539118184715,0.09799252016703842,0.014540392775085112,0.11015144146108306,0.028057759068878193,0.044442953695473526,0.11513099269292461,0.31295669221172695,0.3150730707538763,0.2568392443414721
4500200,68078,16530,35975,15573,18404,26056,23618,100,73,364,2707,13633,2502,9141,1952,459,983,547,2210,209,3478,6436,11528,556,7463,1627,2110,6732,16516,17100,11200,0.24280971826434383,0.5284379682129322,0.22875231352272393,0.2703369664208702,0.38273744822115807,0.34692558535797174,0.0014689033167836893,0.0010722994212520932,0.005346808073092629,0.03976321278533447,0.20025558917712036,0.03675196098592791,0.13427245218719705,0.028672992743617617,0.006742266224037134,0.014439319603983666,0.00803490114280678,0.03246276330091953,0.0030700079320779105,0.05108845735773671,0.09453861746819825,0.1693351743588237,0.008167102441317313,0.10962425453156673,0.023899056964070624,0.030993859984135844,0.13059672538216807,0.32040040350741056,0.3317296500349189,0.21727322107550245
4500300,134996,33140,72369,29487,31985,47769,55242,169,170,551,7282,28467,7786,16856,7582,1093,3071,1611,5411,2291,10994,11706,10110,1082,12081,3375,3308,13712,32304,33006,22834,0.24548875522237695,0.5360825505940917,0.21842869418353136,0.23693294616136776,0.3538549290349344,0.4092121248036979,0.0012518889448576253,0.001259296571750274,0.0040816024178494175,0.053942339032267625,0.21087291475302972,0.057675782986162556,0.124862958902486,0.056164627100062224,0.008096536193664997,0.022748822187324068,0.011933686924057009,0.04008266911612196,0.016970873211058106,0.08143945005777949,0.08671368040534534,0.07489110788467807,0.008015052297845862,0.08949154049008859,0.025000740762689266,0.024504429760881803,0.13462142632736412,0.3171536286522149,0.32404571159283696,0.22417923342758403
4500400,52082,11878,28067,12137,12954,21505,17623,802,12,421,2094,15948,1888,5625,3253,273,750,337,731,64,1872,5538,4300,444,3727,1140,2863,5996,14021,12961,7226,0.22806343842402366,0.5389001958450136,0.2330363657309627,0.24872316731308322,0.41290657040820244,0.33837026227871436,0.015398794209131754,0.00023040589839099881,0.008083406935217542,0.04020582926922929,0.30620943896163744,0.03625052801351714,0.1080027648707807,0.06245919895549326,0.005241734188395223,0.014400368649437426,0.00647056564648055,0.014035559310318343,0.001228831458085327,0.035943320148995817,0.10633232210744595,0.08256211359010791,0.008525018240466956,0.07156023194193771,0.021888560347144887,0.0549710072577858,0.1491393891155109,0.3487463933936922,0.32238085762610685,0.17973335986469008
4500500,97496,22595,54409,20492,24631,34261,38604,729,37,1557,4225,11930,5264,10675,3526,1805,4679,1293,5486,2298,6511,10089,9366,2110,9721,2509,3686,9419,21415,24276,19791,0.23175309756297693,0.5580639205711003,0.2101829818659227,0.2526360055797161,0.3514092885861984,0.3959547058340855,0.007477229835070156,0.00037950274883072127,0.01596988594403873,0.04333511118404858,0.12236399442028391,0.05399195864445721,0.10949167145318782,0.03616558628046279,0.01851358004430951,0.04799171248051202,0.013262082546976287,0.056268975137441536,0.023570197751702635,0.06678222696315746,0.10348116845819316,0.09606547960941987,0.02164191351440059,0.0997066546319849,0.025734389103142692,0.037806679248379424,0.12575266017810177,0.2859107355041989,0.32410782232546964,0.26422878199222977
4500600,257898,57140,141220,59538,59072,94109,104717,1415,492,2034,13714,15500,8083,24157,2966,4313,21666,3575,12787,2519,21324,20668,35288,3386,24386,7990,31635,23968,56713,66357,53720,0.22156046188803324,0.5475808265283174,0.23085871158364935,0.22905179567115683,0.36490783177845504,0.40604037255038816,0.005486665270765962,0.0019077309634041365,0.007886838982853686,0.05317606185391124,0.06010128035114658,0.031341848327633405,0.09366881480275148,0.011500670807838759,0.016723665945451303,0.0840099574250285,0.013862069500345098,0.04958161753871686,0.009767427432550853,0.08268385175534514,0.08014021047080629,0.136829289098791,0.013129221630256923,0.09455676275116519,0.030981240645526525,0.1226647744457111,0.11938752129429463,0.2824943464270415,0.3305322826487612,0.2675858496299027
4500606,132943,33778,71420,27745,34558,50365,48020,1291,139,3086,6783,12501,7835,18873,8402,2343,3733,2026,4693,1432,8765,11487,18045,793,12690,3683,4343,12663,30507,32256,23739,0.2540788157330585,0.5372227195113696,0.20869846475557194,0.25994599189126166,0.378846573343463,0.36120743476527534,0.00971092874389776,0.001045560879474662,0.023212955928480626,0.05102186651422038,0.09403278096627878,0.05893503230707897,0.14196309696636905,0.06320001805284972,0.017624094536756355,0.028079703331502975,0.015239613969896874,0.035300843218522227,0.010771533664803714,0.06593051157262887,0.0864054519606147,0.13573486381381494,0.005964962427506526,0.09545444288153569,0.027703602295720723,0.032668135968046456,0.12769626380275298,0.3076387838451066,0.3252760550597489,0.23938889729239146
4500700,46236,10086,25407,10743,10038,18838,17360,342,98,272,1793,10955,1159,4682,2073,582,1912,272,3123,749,2285,4180,5044,141,2991,868,2715,5147,11940,11671,7392,0.21814170776018688,0.5495068777575914,0.23235141448222166,0.21710355567090578,0.4074314387057704,0.3754650056233238,0.007396833636127692,0.0021195605156155376,0.0058828618392594515,0.038779306168353664,0.23693658620987976,0.025067047322432735,0.10126308504195865,0.04483519335582663,0.01258759408253309,0.041353058223029676,0.0058828618392594515,0.06754477030885024,0.01619949822649018,0.049420365083484734,0.09040574444156069,0.10909248204862013,0.0030495717622631715,0.06468985206332728,0.01877325028116619,0.05872047754996107,0.1423789764868603,0.33029045643153526,0.3228492392807745,0.20448132780082987
4500800,56099,12408,29805,13886,15724,23108,17267,921,0,272,3363,9920,954,6811,1148,310,1081,317,1386,406,4286,5667,8103,337,4754,1841,4222,6691,14860,14063,8077,0.22118041319809623,0.5312928929214424,0.24752669388046133,0.28029020125135923,0.41191465088504253,0.3077951478635983,0.016417404944829676,0.0,0.004848571275780317,0.059947592648710316,0.1768302465284586,0.017005650724611847,0.12141036382110199,0.020463822884543396,0.0055259452040143315,0.019269505695288687,0.005650724611846914,0.024706322750851172,0.007237205654289738,0.07640064885292074,0.10101784345532006,0.1444410773810585,0.00600723720565429,0.08474304354801333,0.032816984259968984,0.07525980855273713,0.15314366803231788,0.3401158133253988,0.3218740701746355,0.1848664484676478
4500900,85214,19349,45954,19911,23457,32907,28850,350,6,972,2939,9985,3600,10869,2941,833,2781,883,2809,1292,5514,6237,17335,908,9025,1988,3947,9180,20977,21780,13928,0.22706362804234045,0.5392775834956697,0.2336587884619898,0.27527166897458166,0.38616893937615887,0.3385593916492595,0.004107306311169526,7.041096533433474e-05,0.011406576384162226,0.03448963785293496,0.11717558147722205,0.04224657920060084,0.12754946370314738,0.03451310817471308,0.009775389020583471,0.03263548243246415,0.010362147065036261,0.03296406693735771,0.015161827868660079,0.06470767714225362,0.07319219846504095,0.2034290140117821,0.010655526087262656,0.10590982702372849,0.023329499847442908,0.0463186800291032,0.1393759963561831,0.3184847794731648,0.3306763835117285,0.21146284065892357
4501000,36787,7903,19052,9832,10464,15480,10843,737,40,313,1449,4665,657,4718,1356,163,927,588,973,63,1632,3207,6412,1076,4853,869,2089,4191,9496,9332,5865,0.21483132628374155,0.5179003452306521,0.26726832848560633,0.2844483105444858,0.42080082637888383,0.29475086307663034,0.020034251230054097,0.0010873406366379427,0.008508440481691902,0.03938891456220948,0.12681110174790008,0.01785956995677821,0.12825182809144534,0.03686084758202626,0.004430913094299617,0.025199119254084322,0.01598390735857776,0.02644956098621796,0.0017125615027047598,0.04436349797482807,0.08717753554244706,0.17430070405306222,0.02924946312556066,0.1319216027400984,0.023622475330959306,0.05678636474841656,0.14509763190693808,0.3287633291787841,0.32308544522919264,0.20305359368508516
4501100,127922,33059,65005,29858,41269,53091,33562,177,41,517,7421,3043,2786,21422,1682,2110,3190,4465,4745,602,7577,9485,12541,5039,32085,3102,5892,12923,29790,30976,21174,0.2584309188411688,0.5081612232454151,0.23340785791341598,0.32261065336689543,0.4150263441784838,0.2623630024546208,0.0013836556651709636,0.0003205078094463814,0.004041525304482419,0.05801191350979503,0.023787933271837525,0.021778896515063866,0.16746142180391177,0.01314863745094667,0.016494426291021092,0.02493707102765748,0.034904082175075436,0.03709291599568487,0.004705992714310283,0.05923140663842029,0.07414674567314457,0.09803630337236753,0.03939119150732478,0.250816904050906,0.024249151826894515,0.04605931739653851,0.1362280341123515,0.314031814300623,0.32653405437314864,0.22320609721387685
4501200,338629,83441,185087,70101,81794,115144,141691,412,216,3210,20107,27253,10278,40526,12772,6767,8201,6678,24788,2534,27773,29055,44015,6128,43676,9505,14735,32135,73280,82741,67032,0.24640831116059167,0.5465775228937864,0.20701416594562191,0.2415445812378739,0.3400299442752983,0.41842547448682776,0.0012166707517666828,0.0006378662193728239,0.00947940076012391,0.059377667004302644,0.0804804077618869,0.030351800938490207,0.11967669632547714,0.03771679330476716,0.019983521789332867,0.024218244745724673,0.019720697282276475,0.07320105484172944,0.007483115740234888,0.08201601162334,0.08580186575869167,0.12998000761895762,0.01809650089035493,0.12897891202466416,0.0280690667367532,0.0435136978817526,0.1259267677163503,0.28716083828393185,0.32423546561750555,0.26267692838221235
4501300,58021,11781,30514,15726,15326,23818,18877,1760,48,488,2078,10345,1491,7537,1733,309,1200,370,1032,146,2916,7263,8405,400,5396,1215,3889,6720,15498,14957,9065,0.20304717257544683,0.5259130314885989,0.27103979593595423,0.2641457403353958,0.410506540735251,0.32534771892935316,0.03033384464245704,0.0008272866720670102,0.00841074783268127,0.03581461884490098,0.1782975129694421,0.025697592251081505,0.12990124265352201,0.02986849588941935,0.005325657951431378,0.020682166801675256,0.0063770014305165375,0.01778666344944072,0.0025163302942038225,0.05025766532807087,0.12517881456713947,0.14486134330673378,0.006894055600558419,0.09300081005153306,0.020940693886696195,0.06702745557642922,0.1453287197231834,0.3351643598615917,0.3234645328719723,0.1960423875432526
4501400,71356,17093,36056,18207,20198,27556,23602,387,0,519,5111,1015,1009,10576,773,447,1696,2116,4234,1095,5145,5376,9463,2626,12797,4069,2902,7130,15676,17303,14154,0.23954537810415383,0.5052973821402545,0.2551572397555917,0.2830595885419586,0.38617635517685966,0.33076405628118166,0.005423510286451034,0.0,0.007273389764000224,0.07162677280116599,0.014224452043275968,0.014140366612478278,0.14821458601939572,0.010833006334435787,0.006264364594427939,0.023768148438813835,0.029654128594652166,0.059336285666236895,0.015345591120578508,0.07210325690901956,0.07534054599473064,0.13261673860642412,0.036801390212455855,0.17934020965300745,0.05702393631930041,0.040669320029149615,0.13139708456959623,0.2888892984169692,0.31887289681735254,0.26084072019608207
4501500,64676,13778,34279,16619,15062,21034,28580,712,145,534,4339,8633,1144,7239,2047,586,2016,406,4510,85,8343,5926,6967,1021,5554,1607,2862,6424,15697,16669,12108,0.21303110891211577,0.5300111324138784,0.25695775867400583,0.2328839136619457,0.325221102108974,0.44189498422908036,0.01100872039087142,0.0022419444616240953,0.008256540293153565,0.06708825530335828,0.133480734739316,0.017688168717917,0.11192714453584018,0.031650071123755334,0.009060547962149793,0.031170758859546045,0.006277444492547467,0.06973220359948049,0.001314243305089987,0.1289968458160678,0.09162595089368544,0.10772156595955223,0.01578638134702208,0.08587420372317398,0.024846929309171872,0.044251345166676975,0.12621321073519587,0.308401115957405,0.32749813352194584,0.23788753978545327
4501600,36115,8039,19187,8889,9298,13808,13009,113,19,363,1232,8270,1000,3737,655,234,674,323,877,146,2221,3820,6279,337,2927,740,2148,3806,8988,9277,6005,0.2225944898241728,0.5312750934514745,0.24613041672435276,0.25745535096220407,0.38233421016198255,0.3602104388758134,0.0031288938114356914,0.0005260971895334348,0.010051225252665098,0.03411324934237851,0.22899072407586876,0.027689325764917623,0.10347501038349716,0.018136508376021043,0.006479302228990724,0.018662605565554477,0.008943652222068393,0.024283538695832756,0.004042641561677973,0.06149799252388204,0.10577322442198532,0.17386127647791777,0.009331302782777239,0.08104665651391389,0.020490101066039042,0.05947667174304306,0.13556062117110698,0.3201310728023935,0.330424561903405,0.21388374412309447
4600100,81365,18975,41018,21372,22041,30974,28350,357,460,443,5946,3672,3068,11416,1682,986,3458,1052,3064,805,2741,7111,14968,1845,11261,2705,4325,6148,20532,21922,13788,0.23320838198242488,0.5041233945799791,0.262668223437596,0.27089043200393287,0.3806796534136299,0.34842991458243716,0.0043876359614084684,0.005653536532907269,0.005444601487125914,0.0730781048362318,0.04512996988877281,0.037706630615129355,0.14030602839058565,0.020672279235543538,0.012118232655318625,0.04249984637128987,0.012929392244822712,0.03765746942788668,0.009893688932587722,0.033687703558040925,0.08739630062065999,0.1839611626620783,0.02267559761568242,0.1384010323849321,0.03324525287285688,0.053155533706139006,0.09854143292194262,0.3290912005129027,0.35137041192498797,0.2209969546401667
4600200,36688,7505,18722,10461,9344,14080,13264,1046,55,254,1641,372,1484,4360,496,562,1124,629,1393,49,374,5805,5321,1253,2768,757,6945,2891,9414,10433,6445,0.20456279982555603,0.5103030963802878,0.2851341037941561,0.2546881814217183,0.3837767117313563,0.3615351068469254,0.02851068469254252,0.0014991277802006106,0.006923244657653729,0.044728521587440034,0.010139555167902312,0.040449193196685565,0.11883994766681204,0.013519406890536415,0.015318360226777147,0.030636720453554294,0.0171445704317488,0.037968818142171824,0.0013355865678150894,0.010194068905364152,0.1582261229829917,0.14503379851722634,0.034152856519843,0.07544701264718709,0.020633449629306584,0.18929895333624072,0.09906452386663468,0.3225850666483912,0.35750265565568995,0.22084775382928418
4600300,59672,14052,29516,16104,16168,20892,22612,1843,126,446,2857,9111,3896,8222,1342,695,2555,337,1245,423,1320,5226,8432,1037,4893,1800,3866,4079,15855,16289,9397,0.23548733074138625,0.49463735085132055,0.26987531840729323,0.2709478482370291,0.35011395629440945,0.37893819546856145,0.030885507440675693,0.0021115431022925325,0.00747419225097198,0.04787840193055369,0.15268467623005766,0.06529025338517228,0.13778656656388255,0.022489609867274434,0.011647003619788175,0.042817401796487464,0.0056475398847030435,0.020864056844080978,0.007088751843410645,0.022120927738302723,0.08757876390937124,0.14130580506770343,0.017378334897439333,0.08199825713902668,0.03016490146132189,0.06478750502748358,0.08941253836036826,0.34754493643138973,0.3570583077597545,0.2059842174484875
4600400,60920,15367,29484,16069,16762,21056,23102,1940,133,731,2764,11222,3449,6634,1190,699,2216,406,1638,460,1147,7960,7656,652,5381,1488,3154,4057,14626,15936,10934,0.2522488509520683,0.4839789888378201,0.26377216021011163,0.2751477347340775,0.3456336178594879,0.3792186474064347,0.03184504267892318,0.0021831910702560737,0.011999343401181879,0.045370978332239,0.18420879842416282,0.05661523309258043,0.10889691398555483,0.01953381483913329,0.011474064346684175,0.03637557452396586,0.006664478003939593,0.026887721602101115,0.0075508864084044645,0.018827971109652,0.13066316480630336,0.12567301378857518,0.010702560735390677,0.08832895600787918,0.024425476034143138,0.05177281680892974,0.08906109367110839,0.32107654819660614,0.3498342589950168,0.24002809913726866
4600590,181017,45619,95139,40259,44093,58706,78218,782,83,473,9157,18359,9625,22773,6102,2983,15287,1895,7294,3436,7705,13161,32979,3118,15519,4483,5803,12013,40367,46909,36109,0.25201500411563554,0.5255804703425645,0.22240452554179993,0.24358485667092042,0.324312081185745,0.4321030621433346,0.004320036239690195,0.0004585204704530514,0.002613014247280642,0.05058640901130833,0.10142141345840446,0.053171801543501436,0.12580586353767878,0.033709541092825535,0.016479115221222317,0.08445063170862405,0.010468630018175088,0.04029455796969345,0.018981642608152827,0.04256506294988868,0.07270587845340493,0.18218730837435157,0.017224901528585714,0.0857322792886856,0.024765629747482282,0.03205776253059105,0.08872361482444349,0.29813586611323656,0.34645268024638476,0.2666878388159352
4700100,44719,10264,23767,10688,10611,19021,15087,413,0,441,1994,10495,1586,5968,1823,344,1294,387,762,97,1843,4489,5179,301,3510,833,2960,4492,12515,11045,6403,0.22952212706008632,0.5314743174042353,0.23900355553567834,0.23728169234553545,0.42534493168451887,0.33737337596994565,0.009235448019857331,0.0,0.009861580089000201,0.04458954806681724,0.234687716630515,0.035465909345021134,0.13345557816588027,0.04076567007312328,0.007692479706612402,0.02893624633824549,0.008654039669938952,0.01703973702453096,0.0021691003823877996,0.041212907265368186,0.1003823877993694,0.1158120709318187,0.006730919743285851,0.07849012723898119,0.01862742905700038,0.06619110445224625,0.13037295022493106,0.36322739805543464,0.3205630532578726,0.18583659846176173
4700200,41412,9508,21614,10290,10904,17272,13236,419,252,404,1688,6682,1149,4941,1243,374,2089,270,981,195,1771,5790,6131,139,3226,1227,2441,3560,11485,10112,6747,0.22959528639041824,0.521926011784024,0.2484787018255578,0.26330532212885155,0.41707717569786534,0.3196175021732831,0.010117840239544094,0.006085192697768763,0.009755626388486429,0.040761132039022506,0.16135419685115426,0.027745580991017097,0.11931324253839466,0.030015454457645127,0.0090311986863711,0.0504443156572974,0.00651984931903796,0.023688785859171255,0.004708780063749638,0.04276538201487492,0.13981454650825847,0.14804887472230271,0.0033565150198010237,0.07790012556746836,0.029629093016516953,0.05894426736211726,0.11158475426278837,0.35998620862587766,0.316950852557673,0.211478184553661
4700300,53259,15851,27668,9740,15351,19818,18090,44,324,699,2243,5842,1315,8675,667,992,1365,794,1473,325,2884,6703,6876,343,7937,1344,2414,4574,12071,12490,8273,0.2976210593514711,0.519499051803451,0.18287988884507783,0.28823297470849996,0.3721061229088041,0.33966090238269586,0.0008261514485814604,0.0060834788486453,0.013124542330873654,0.04211494770836854,0.10969038096847482,0.024690662611014103,0.1628832685555493,0.012523704913723501,0.018625959931654744,0.025629471075311216,0.014908278413038172,0.027657297358192983,0.006102255017931242,0.05415047222065754,0.1258566627236711,0.12910494001013914,0.006440226065078203,0.1490264556225239,0.025235171520306427,0.04532567265626467,0.12227331052181352,0.3226849871685201,0.3338857998289136,0.2211559024807528
4700400,53527,13644,28426,11457,12210,21697,19620,198,55,535,3325,13695,1882,6648,2225,244,1255,318,812,249,3317,4202,6138,312,4561,1031,2525,5251,13828,12662,8142,0.2548993965662189,0.5310590916733611,0.21404151176041997,0.228109178545407,0.40534683430791935,0.36654398714667363,0.003699067760195789,0.001027518822276608,0.009994955816690642,0.062118183346722214,0.25585218674687543,0.035159825882265024,0.12419900237263437,0.04156780690119005,0.004558447138827134,0.023446111308311694,0.005940927008799298,0.015169914248883741,0.00465185794085228,0.06196872606348198,0.07850243802193285,0.11467110056606947,0.005828834046369122,0.08520933360733836,0.019261307377585146,0.047172455022698824,0.13166010580949278,0.34671413885615426,0.31747862497806084,0.20414713035629214
4700500,54309,13852,28687,11770,13227,19734,21348,64,17,116,3396,7953,2394,7008,1917,459,1535,572,2993,642,2875,6080,7154,571,4963,1441,2159,4781,12952,13153,9571,0.2550590141597157,0.5282181590528273,0.21672282678745697,0.2435507926862951,0.36336518809037177,0.39308401922333314,0.0011784418788782706,0.00031302362407704064,0.0021359259054668654,0.06253107219797824,0.1464398166049826,0.04408109153179031,0.12903938573717064,0.0352980169032757,0.008451637850080098,0.028264191938721022,0.010532324292474544,0.05511057099191662,0.011821245097497652,0.05293781877773481,0.11195197849343572,0.1317277062733617,0.01051391113811707,0.09138448507613839,0.02653335542911856,0.03975400025778416,0.11817485231233162,0.3201423733840868,0.3251106112662827,0.23657216303729886
4700600,32180,7254,17124,7802,7280,13486,11414,884,193,466,1316,9421,1195,3768,656,453,932,163,523,59,481,3502,3255,164,2298,583,1868,3181,9238,7606,4901,0.22541951522684897,0.5321317588564326,0.24244872591671845,0.22622747047855812,0.4190801740211311,0.35469235550031075,0.027470478558110627,0.005997513983840895,0.014481044126786824,0.04089496581727781,0.29275947793660656,0.03713486637663145,0.11709136109384712,0.02038533250466128,0.014077066500932257,0.02896208825357365,0.005065257924176507,0.01625233064014916,0.0018334369173399628,0.014947172156619018,0.10882535736482288,0.10114978247358608,0.00509633312616532,0.0714108141702921,0.018116842759477936,0.05804847731510255,0.12761774853566557,0.3706170263981385,0.3051432239428709,0.19662200112332504
4700700,45136,11865,23451,9820,12089,18957,14090,187,131,150,2150,6261,1755,5975,1618,550,1286,290,861,83,2334,5171,7558,240,4882,1142,2512,3799,11703,10550,7219,0.26287220843672454,0.5195630981921304,0.21756469337114498,0.26783498759305213,0.41999734136830913,0.3121676710386388,0.004143034384969869,0.002902339595887983,0.003323289613612194,0.04763381779510812,0.138714108472173,0.03888248847926267,0.13237770294221907,0.035847217298830204,0.01218539524991138,0.02849166962070188,0.006425026586316909,0.019075682382133995,0.0018388869195320808,0.05171038638780574,0.11456487061325771,0.1674494859978731,0.005317263381779511,0.10816199929103155,0.025301311591634172,0.05565402339595888,0.11418352318836224,0.35174776832677107,0.3170929638423853,0.21697574464248143
4700800,31240,7613,15976,7651,8315,14517,8408,500,131,190,1008,4993,1030,4388,1832,472,795,321,379,29,2081,2588,5189,234,2495,964,1621,2749,8790,7748,4340,0.24369398207426377,0.5113956466069142,0.244910371318822,0.2661651728553137,0.46469270166453264,0.26914212548015365,0.016005121638924456,0.004193341869398208,0.006081946222791294,0.032266325224071704,0.1598271446862996,0.03297055057618438,0.140460947503201,0.05864276568501921,0.015108834827144686,0.025448143405889884,0.010275288092189501,0.012131882202304737,0.0009282970550576184,0.06661331626120358,0.08284250960307299,0.166101152368758,0.007490396927016646,0.07986555697823304,0.03085787451984635,0.051888604353393084,0.11634993862953401,0.3720319972912346,0.32792991069539085,0.1836881533838405
4700900,26676,6013,14370,6293,6656,12305,7715,44,244,374,1164,5764,357,2980,690,141,748,163,477,118,424,4169,3718,296,1724,498,2583,2244,7860,6552,4007,0.22540860698755436,0.5386864597390914,0.23590493327335432,0.24951267056530213,0.46127605338131655,0.2892112760533813,0.001649422702054281,0.009146798620482831,0.014020092967461388,0.04363472784525416,0.2160743739691108,0.013382816014394961,0.11171090118458539,0.0258659469185785,0.005285650022492127,0.028040185934922777,0.006110361373519268,0.01788124156545209,0.004423451791872844,0.015894436947068526,0.15628280101964312,0.13937621832358674,0.011096116359274254,0.0646273804168541,0.01866846603688709,0.09682860998650472,0.1085999128877704,0.38039006920582685,0.31708851570439917,0.19392150220200358
4701090,83534,18489,45192,19853,19192,30596,33746,51,96,457,6886,15796,3016,9856,3250,935,1746,527,1862,1090,3822,6307,14203,622,7704,2115,3193,6560,21709,22008,14768,0.2213350252591759,0.5410012689443819,0.23766370579644217,0.22975076016951182,0.3662700217875356,0.40397921804295256,0.0006105298441353221,0.0011492326477841358,0.0054708262503890635,0.08243350013168291,0.189096655254148,0.03610505901788493,0.11798788517250461,0.03890631359685876,0.011193047142480907,0.02090166878157397,0.006308808389398329,0.022290324897646468,0.013048579021715708,0.04575382478990591,0.07550219072473484,0.17002657600498,0.007446069863768046,0.0922259199846769,0.025319031771494242,0.03822395671223693,0.10085325543854255,0.3337535552309939,0.33835037281881775,0.2270428165116458
4701200,47405,10751,24893,11761,11672,19560,16173,118,176,394,1670,10145,625,5817,3344,263,1253,307,653,425,2213,4762,7342,340,3969,974,2615,4204,13419,11784,7247,0.2267904229511655,0.525113384664065,0.24809619238476954,0.24621875329606582,0.41261470309039133,0.34116654361354287,0.0024891889041240376,0.0037126885349646663,0.008311359561227718,0.03522835143972155,0.21400696129100305,0.013184263263368842,0.12270857504482649,0.07054108216432865,0.005547937981225609,0.026431810990401858,0.006476110114966776,0.013774918257567766,0.008965299019090813,0.0466828393629364,0.10045353865625989,0.15487817740744647,0.007172239215272651,0.0837253454276975,0.020546355869634006,0.05516295749393524,0.11469416707589895,0.3660991979047307,0.32149287935832377,0.19771375566104654
4701300,60788,15925,31434,13429,16003,24858,19927,6,5,197,1498,4321,2078,8201,405,1348,3416,627,1663,1203,4237,7036,13380,508,7158,1344,2157,4588,13740,14658,11877,0.2619760479041916,0.5171086398631308,0.2209153122326775,0.26325919589392643,0.4089293939593341,0.3278114101467395,9.870369151806278e-05,8.225307626505231e-05,0.0032407712048430613,0.024643021649009673,0.0710831085082582,0.03418437849575574,0.1349114956899388,0.006662499177469238,0.022175429361058104,0.05619530170428374,0.01031453576363756,0.0273573731657564,0.019790090149371588,0.06970125682700533,0.11574652892018161,0.22010923208528,0.008356912548529315,0.11775350398104889,0.022109626900046062,0.035483977100743566,0.10226690145554243,0.30626574237121906,0.3267280386955843,0.26473931747765417
4701400,43139,9617,23183,10339,9900,17772,15467,140,54,355,1535,12301,1633,5788,1285,333,581,260,542,262,2564,3957,4879,200,3411,1254,1805,4095,12282,10690,6455,0.2229305269014117,0.5374023505412736,0.23966712255731473,0.22949071605739585,0.4119706066436403,0.3585386772989638,0.0032453232573773153,0.0012517675421312502,0.008229212545492477,0.035582651429101275,0.2851480099214168,0.0378543777092654,0.13417093581214215,0.029787431326641786,0.007719233176476043,0.013468091518115857,0.006027028906557871,0.012564037182132178,0.006073390667377547,0.05943577737082455,0.09172674378172883,0.11309951551959943,0.004636176081967593,0.0790699830779573,0.02906882403393681,0.04184148913975753,0.12215858242348308,0.36638625380347234,0.3188950539943917,0.19256010977865282
4701500,59115,16361,28979,13775,18648,25672,14795,59,471,363,2538,3381,657,10020,2058,292,1164,1125,1129,215,2261,4055,3342,6170,15940,1070,2805,5480,15187,13625,8462,0.2767656263215766,0.49021398968113,0.2330203839972934,0.31545293072824154,0.4342721813414531,0.25027488793030533,0.0009980546392624546,0.007967520933773155,0.006140573458513068,0.042933265668612025,0.05719360568383659,0.011113930474498858,0.16950012687135244,0.034813499111900535,0.004939524655332826,0.019690433900025374,0.019030702867292564,0.019098367588598494,0.0036369787701936904,0.038247483718176434,0.06859511122388565,0.05653387465110378,0.10437283261439567,0.26964391440412755,0.01810031294933604,0.0474498858157828,0.1281751415072274,0.3552182251953034,0.318683631940871,0.1979230013565982
4701600,292758,70028,156139,66591,68526,104696,119536,246,180,1784,12823,19005,14562,37257,9005,5854,11138,3872,22780,6954,27073,27578,42964,3274,29747,9064,7598,22544,67310,72348,60528,0.2392009782824039,0.5333381154400563,0.22746090627753981,0.23407046092677228,0.3576196039049317,0.408309935168296,0.0008402844670342057,0.0006148422929518579,0.006093770281256191,0.043800681791787074,0.06491709876416699,0.0497407414998053,0.12726210726948536,0.03075919360017489,0.019996037683000976,0.038045074771654405,0.013225940879497742,0.077811707963574,0.02375340725104011,0.09247569665047582,0.09420067086125743,0.14675602374657568,0.011183298150691015,0.10160952049132731,0.03096072524064244,0.0259531763436012,0.1012167197952678,0.3022044628024963,0.32482377766802856,0.27175503973420734
4701700,49940,11943,26976,11021,11492,18069,20379,82,51,71,3502,8162,1676,6476,1849,522,1950,500,1943,709,3031,3994,6633,324,5543,1281,1641,4036,12607,12333,9021,0.23914697637164598,0.5401682018422107,0.22068482178614338,0.23011613936724068,0.3618141770124149,0.4080696836203444,0.0016419703644373247,0.0010212254705646777,0.001421706047256708,0.07012414897877453,0.16343612334801763,0.03356027232679215,0.12967561073287945,0.037024429315178214,0.010452543051661994,0.03904685622747297,0.010012014417300761,0.038906688025630756,0.01419703644373248,0.06069283139767721,0.07997597116539848,0.13281938325991188,0.006487785342410893,0.11099319183019624,0.02565078093712455,0.032859431317581095,0.10621891201936995,0.3317893517909309,0.3245782561781193,0.23741348001157986
4701800,47982,10227,25227,12528,10206,16272,21504,606,22,589,1527,15406,921,5348,1580,112,761,355,1013,160,2364,4417,4728,364,4060,1097,2552,4197,12693,12366,8499,0.213142428410654,0.5257596598724522,0.26109791171689384,0.21270476428660748,0.33912717268975867,0.4481680630236339,0.012629736151056645,0.0004585052728106373,0.012275436622066609,0.031824434162811055,0.3210787378600308,0.01919469801175441,0.1114584635905131,0.032929015047309405,0.0023342086615814263,0.01586011420949523,0.007398607811262557,0.021112083698053438,0.0033345838022591804,0.04926847567837939,0.09205535409111751,0.09853695135675879,0.007586178150139636,0.08461506398232671,0.022862740194239506,0.05318661164603393,0.11116408422725467,0.3361938816050854,0.32753277711561385,0.2251092570520461
4701900,63596,15811,33939,13846,16343,23929,23324,260,31,452,2528,16166,1357,6962,3499,491,1458,432,1123,1012,4235,6377,6754,518,6059,1682,2200,5695,16073,15844,10173,0.2486162651739103,0.5336656393483867,0.217718095477703,0.25698157116799797,0.37626580288068434,0.3667526259513177,0.004088307440719542,0.0004874520410088685,0.00710736524309705,0.039750927731303856,0.25419837725643124,0.021337819988678532,0.10947229385495943,0.05501918359645261,0.007720611359204981,0.0229259701868042,0.006792880055349393,0.017658343292030945,0.01591295050003145,0.06659223850556639,0.10027360211334047,0.1062016479023838,0.00814516636266432,0.09527328762815271,0.026448204289577962,0.03459337065224228,0.11917965888877263,0.3363607826723867,0.3315684838338391,0.21289107460500156
4702000,203534,50319,109077,44138,45898,74094,83542,38,39,1232,9070,24288,7599,20093,17948,3487,10089,2929,8401,3671,15685,11796,32300,2611,19852,6593,5813,18306,46708,51062,37139,0.24722650761052206,0.5359153753181287,0.21685811707134925,0.22550532097831322,0.36403745811510607,0.4104572209065807,0.0001867009934458125,0.00019161417748386018,0.006053042734874763,0.044562579225092616,0.11933141391610247,0.03733528550512445,0.09872060687649238,0.08818182711488007,0.01713227274067232,0.04956911375986322,0.014390716047441705,0.0412756591036387,0.018036298603673097,0.07706329163677814,0.057955918912810635,0.1586958444289406,0.012828323523342537,0.09753652952332288,0.03239262236284847,0.028560338813171264,0.11947916326730411,0.3048526580295663,0.33327024116437687,0.24239793753875274
4702100,26169,6207,13558,6404,6430,11669,8070,276,77,251,843,7019,295,3030,474,187,827,118,409,42,686,3319,2679,94,2628,462,2453,2544,7345,6319,3754,0.23718904046772898,0.5180939279299935,0.2447170316022775,0.24571057357942605,0.44590928197485574,0.3083801444457182,0.010546830218961366,0.0029424127784783522,0.009591501394780084,0.03221368795139287,0.2682181206771371,0.011272880125339143,0.11578585349077153,0.01811303450647713,0.007145859604875998,0.03160227750391685,0.004509152050135657,0.015629179563605794,0.0016049524246245558,0.026214222935534413,0.12682945469830717,0.1023730367992663,0.003592036378921625,0.1004241659979365,0.017654476670870115,0.0937368642286675,0.12744214006612564,0.3679491032962629,0.31655144775072636,0.18805730888688507
4702200,49375,11736,25869,11770,11607,18506,19262,319,81,492,1542,11263,1091,7239,851,488,1119,310,3252,308,3181,5401,5204,136,4147,733,2218,4429,12790,12031,8389,0.23769113924050633,0.5239291139240506,0.23837974683544305,0.23507848101265824,0.3748050632911392,0.3901164556962025,0.006460759493670886,0.001640506329113924,0.009964556962025316,0.031230379746835443,0.22811139240506328,0.02209620253164557,0.1466126582278481,0.017235443037974682,0.00988354430379747,0.022663291139240507,0.006278481012658228,0.06586329113924051,0.006237974683544304,0.0644253164556962,0.1093873417721519,0.10539746835443038,0.0027544303797468355,0.08398987341772152,0.014845569620253164,0.04492151898734177,0.11767050134169346,0.3398071149605462,0.3196418608358352,0.22288052286192514
4702300,44641,12098,23299,9244,11647,16303,16691,1,71,234,2150,3976,3005,6271,5854,921,1373,503,1611,783,1735,3848,4134,452,4894,1368,1457,3881,10360,10607,7695,0.271006473869313,0.5219193118433727,0.20707421428731435,0.2609036535919894,0.3652023924195247,0.3738939539884859,2.2400931878766158e-05,0.001590466163392397,0.0052418180596312805,0.048162003539347235,0.08906610514997423,0.0673148002956923,0.14047624381174256,0.13113505521829708,0.02063125826034363,0.030756479469545933,0.011267668735019377,0.03608790125669228,0.0175399296610739,0.03886561680965928,0.08619878586949217,0.09260545238681929,0.010125221209202303,0.10963016061468157,0.030644474810152103,0.03263815774736229,0.11925759764004548,0.3183480318348032,0.3259379897366561,0.23645638078849524
4702400,129473,35191,70156,24126,28097,40127,61249,73,57,630,4291,27549,4972,15770,7310,3402,3499,1524,3179,1063,9537,10793,16030,973,12866,2595,3360,10718,28463,30877,24224,0.2718018428552671,0.5418581480308636,0.1863400091138693,0.21701049639693218,0.3099256215581627,0.4730638820449051,0.0005638241177697281,0.0004402462289434863,0.00486587937253327,0.03314204505958771,0.2127779537046334,0.03840182895275463,0.12180145667436454,0.05645964795748921,0.026275748611679656,0.027024939562688748,0.011770793910699528,0.02455338178616391,0.008210205988893438,0.07366014535849173,0.0833610096313517,0.12380959736779097,0.0075150803642458274,0.09937206985240166,0.020042788844006086,0.02595135665351077,0.11368023588808043,0.30189219575316606,0.3274962347001549,0.25693133365859866
4702500,493452,118425,272094,102933,100112,157201,236139,294,164,1454,22120,21302,24296,48165,23371,13967,23121,10941,37485,8980,45124,34666,66123,9221,52628,16924,33106,42660,103370,119443,109554,0.23999294764232387,0.551409255611488,0.20859779674618809,0.20288092864148893,0.3185740457025202,0.47854502565599083,0.0005958026312589674,0.00033235248818527433,0.002946588523301152,0.04482705511376993,0.04316934575196777,0.04923680520091113,0.09760827800880328,0.0473622561059637,0.028304678063925164,0.04685562121543737,0.02217236934899443,0.07596483548551834,0.018198325267705876,0.09144557120044097,0.07025202045994342,0.13400087546509082,0.018686721302173262,0.10665272407447939,0.03429715554907063,0.0670906187430591,0.11375180986968939,0.27563348772221735,0.3184917352617278,0.2921229671463655
4702600,141071,35351,79038,26682,28948,38968,73155,165,31,241,6339,3859,4007,15595,1438,4253,11086,1759,16199,10134,10676,9019,24838,2349,11934,4043,3106,10171,26679,33291,35579,0.25059012837507355,0.5602710691779317,0.18913880244699477,0.2052016360556032,0.2762296999383289,0.5185686640060678,0.0011696238064520703,0.00021974750303038894,0.0017083596203330239,0.04493482005514954,0.027355019812718418,0.028404136923960276,0.11054717128254567,0.010193448688958042,0.03014793968994336,0.07858454253531909,0.01246889863969207,0.11482870327707324,0.07183616760354715,0.07567820459201395,0.06393234612358316,0.17606737033125164,0.016651189826399473,0.08459570003756973,0.02865932757264073,0.02201728207781897,0.09620696178584941,0.25235527809307606,0.3148978433598184,0.33653991676125616
4702700,61133,14442,31550,15141,14784,24257,22092,222,56,569,2306,15074,1628,6835,2762,704,2289,2344,1064,554,3646,4539,7628,353,4782,1267,2511,5585,15857,15193,10056,0.23623901984198387,0.5160878739796836,0.2476731061783325,0.24183337968036903,0.3967906040927159,0.36137601622691506,0.003631426561758788,0.0009160355290923069,0.009307575286670047,0.03772103446583678,0.24657713509888277,0.02663046145289778,0.1118054078811771,0.045180180917017,0.011515875222874715,0.037442952251648044,0.03834263000343514,0.01740467505275383,0.00906220862709175,0.05964045605483127,0.07424795118839252,0.12477712528421638,0.005774295388742578,0.07822289107356092,0.020725303845713444,0.04107437881340684,0.11961620012422094,0.33961577177614527,0.32539461566468914,0.21537341243494462
4702800,30071,7269,15697,7105,7429,12855,9787,238,77,316,930,7786,868,3928,853,306,824,180,479,113,1161,3275,4049,104,2311,440,1833,2700,8389,7238,4475,0.24172791061155266,0.5219979382128962,0.2362741511755512,0.24704865152472483,0.42748827774267567,0.3254630707325995,0.007914602108343587,0.0025606065644641018,0.010508463303515014,0.030926806557813175,0.2589205546872402,0.028865019453958963,0.1306241894183765,0.028366199993349075,0.010175916996441754,0.02740181570283662,0.0059858335273186795,0.01592896810880915,0.0037577732699278373,0.03860862625120548,0.10890891556649264,0.13464799973396296,0.0034584815935619034,0.07685145156463037,0.014632037511223437,0.06095573808652855,0.11841066573107623,0.36790632400666606,0.3174282957635295,0.1962547144987282
4702900,36926,8112,19519,9295,8690,14978,13258,609,33,518,1374,8674,1410,4291,1094,296,1235,167,431,30,1747,3604,5403,129,2673,796,2412,3628,10448,9244,5494,0.21968260846016358,0.5285977360125657,0.25171965552727077,0.23533553593673834,0.4056220549206521,0.35904240914260954,0.01649244434815577,0.0008936792503926773,0.014028056112224449,0.03720955424362238,0.23490223690624493,0.038184477062232575,0.11620538374045387,0.029626821209987542,0.008016032064128256,0.0334452689162108,0.0045225586307750636,0.011671992633916481,0.0008124356821751611,0.04731083789200022,0.09760060661864269,0.14631966635974653,0.0034934734333531927,0.07238801928180685,0.02155662676704761,0.06531982884688295,0.1259110154785868,0.3626015131533282,0.3208162698688138,0.1906712014992712
4703000,63284,15228,33834,14222,15929,23673,23682,88,11,160,2853,10053,2528,7521,1398,537,1105,875,1218,142,5132,5346,14261,337,5636,954,3129,6138,15794,16340,9784,0.2406295430124518,0.534637507110802,0.2247329498767461,0.2517065925036344,0.374075595727198,0.3742178117691676,0.0013905568548132229,0.00017381960685165286,0.0025282851905694963,0.04508248530434233,0.15885531887996965,0.03994690601099804,0.11884520573920739,0.022090891852600974,0.008485557170848871,0.017460969597370583,0.013826559635926933,0.01924657101321029,0.002243853106630428,0.08109474748751659,0.0844763289299033,0.2253492193919474,0.005325200682637001,0.0890588458378105,0.015074900448770622,0.04944377725807471,0.1277259863492592,0.32865823206259365,0.34001997669385714,0.20359580489429
4703100,25860,5730,13722,6408,6297,10311,9252,402,18,312,1774,5341,789,2917,1041,77,741,141,380,267,1883,2609,2208,103,1908,678,2271,2792,6898,6606,3834,0.22157772621809746,0.5306264501160093,0.24779582366589328,0.24350348027842228,0.39872389791183294,0.3577726218097448,0.015545243619489559,0.0006960556844547563,0.012064965197215777,0.06860015467904099,0.20653518948182523,0.03051044083526682,0.11279969064191803,0.04025522041763341,0.002977571539056458,0.028654292343387473,0.005452436194895592,0.014694508894044857,0.010324825986078886,0.07281515854601701,0.10088940448569218,0.08538283062645012,0.003982985305491106,0.07378190255220418,0.026218097447795824,0.08781902552204177,0.1386984600099354,0.34267262791852954,0.32816691505216095,0.19046199701937408
4703200,498503,115243,272334,110926,114113,164932,219458,213,42,2831,17324,32813,30534,55158,51895,5560,15812,8565,22012,7146,52792,39430,72199,5340,43939,13704,21194,48322,112739,127413,94786,0.23117814737323547,0.5463036330774338,0.2225182195493307,0.22891136061367734,0.33085457860835343,0.4402340607779692,0.0004272792741467955,8.42522512402132e-05,0.005679002934786751,0.034752047630606034,0.06582307428440752,0.061251386651634994,0.11064727795018285,0.10410168043121104,0.0111533932594187,0.03171896658595836,0.017181441235057764,0.044156203673799355,0.014334918746727703,0.10590106779698417,0.07909681586670492,0.1448316258879084,0.010712071943398535,0.08814189683913637,0.027490305976092422,0.042515290780597105,0.1260815112456296,0.2941580128372384,0.332445337368888,0.24731513854824402
4800100,74867,16428,39921,18518,14153,26570,34144,9112,5105,723,4751,14049,3218,6607,2135,410,1613,472,1052,198,1247,7713,5722,671,4460,1793,3816,12924,17113,18176,10226,0.21942912097452816,0.533225586707094,0.24734529231837793,0.18904190097105533,0.3548960156009991,0.4560620834279456,0.12170916425127226,0.06818758598581484,0.009657125302202573,0.06345920098307666,0.18765277091375374,0.04298288965765958,0.08824982969799779,0.028517237234028343,0.005476378110515981,0.021544872907956775,0.0063045133369842524,0.014051584810397104,0.0026446899167857666,0.016656203667837634,0.10302269357660919,0.07642886719115231,0.008962560273551766,0.05957230822658848,0.02394913646867111,0.050970387487143866,0.22115368161672855,0.29283526412156263,0.3110251715463988,0.17498588271531
4800200,80080,20024,42363,17693,18388,30481,31211,360,368,806,3810,9125,3360,9934,2514,1025,3998,1348,2697,465,3467,8117,13573,795,8654,2613,3051,10363,16940,20434,12319,0.25004995004995006,0.5290084915084915,0.22094155844155844,0.22962037962037962,0.3806318681318681,0.38974775224775227,0.004495504495504496,0.004595404595404595,0.010064935064935065,0.047577422577422576,0.11394855144855146,0.04195804195804196,0.12405094905094904,0.031393606393606395,0.0127997002997003,0.049925074925074926,0.016833166833166834,0.03367882117882118,0.005806693306693307,0.043294205794205794,0.10136113886113886,0.16949300699300698,0.009927572427572428,0.10806693306693306,0.03262987012987013,0.0380994005994006,0.17255561475955775,0.2820700679365925,0.3402491008392167,0.205125216464633
4800300,35498,10873,17217,7408,10205,12589,12704,316,133,417,2728,1577,1857,7042,1159,428,1170,555,1742,227,1501,3706,3272,545,4423,1288,1412,4002,7367,8302,4954,0.3062989464195166,0.4850132401825455,0.2086878133979379,0.2874809848442166,0.3546396980111556,0.35787931714462784,0.00890190996675869,0.003746689954363626,0.011747140683982197,0.07684939996619528,0.044425038030311566,0.05231280635528762,0.1983773733731478,0.03264972674516874,0.012057017296749113,0.03295960335793566,0.015634683644148967,0.04907318722181531,0.00639472646346273,0.04228407234210378,0.10440024790129021,0.09217420699757733,0.015352977632542678,0.12459856893346104,0.036283734294889854,0.03977688883880782,0.16251776649746194,0.29916751269035535,0.3371370558375634,0.20117766497461928
4800400,40351,8620,21225,10506,9259,15850,15242,4683,3448,518,1846,1757,1604,3907,2843,257,1146,286,609,146,1084,5331,4168,123,2841,1705,2049,7406,9673,9777,4875,0.2136254367921489,0.5260092686674431,0.2603652945404079,0.22946147555203092,0.392803152338232,0.37773537210973707,0.11605660330598994,0.08545017471685956,0.012837352234145375,0.04574855641743699,0.04354291095635796,0.03975118336596367,0.09682535748804243,0.07045674208817625,0.006369111050531585,0.02840078312805135,0.007087804515377562,0.015092562761765507,0.0036182498575004335,0.02686426606527719,0.13211568486530692,0.10329359867165622,0.0030482515922777625,0.07040717702163515,0.04225421922628931,0.05077941067135883,0.23339951467019635,0.3048438435599256,0.3081213954807601,0.1536352462891179
4800500,151233,41773,77291,32169,40481,54839,55913,1044,479,1018,7532,4892,7504,18582,4348,3174,6009,2166,5447,1101,6766,25724,27466,2167,17035,4508,4271,18319,31085,36563,23493,0.2762161697513109,0.5110723188722038,0.21271151137648528,0.2676730607737729,0.3626126572904062,0.3697142819358209,0.006903255241911488,0.003167298142601152,0.006731335092208711,0.04980394490620434,0.03234743739792241,0.04961880012960134,0.12287000852988435,0.02875033888106432,0.020987482890638946,0.0397333915216917,0.014322270932931305,0.03601727136273168,0.007280157108567575,0.044738912803422536,0.17009515119054705,0.18161380122063306,0.01432888324638141,0.11264075962256914,0.029808309033081404,0.028241190745406094,0.16735793897314089,0.28398501735793896,0.33403069614471037,0.21462634752420975
4800600,44010,9250,23511,11249,10223,16214,17573,884,4367,634,2696,4439,1385,4676,1591,351,1160,531,1009,123,925,4922,8081,250,3198,1175,1613,5694,10865,11553,6648,0.21017950465803226,0.5342194955691888,0.2556009997727789,0.2322881163371961,0.368416269029766,0.3992956146330379,0.02008634401272438,0.09922744830720291,0.01440581685980459,0.06125880481708702,0.10086344012724381,0.03147012042717564,0.10624857986821178,0.03615087480118155,0.007975460122699387,0.02635764598954783,0.012065439672801636,0.022926607589184276,0.0027948193592365373,0.021017950465803226,0.11183821858668484,0.1836173596909793,0.005680527152919791,0.07266530334014996,0.02669847761872302,0.03665076119063849,0.1638089758342923,0.31257192174913695,0.33236478711162254,0.1912543153049482
4800700,50806,12325,25765,12716,13563,19219,18024,133,857,234,1928,4465,1407,6766,1156,553,1516,728,1262,68,2889,5229,11509,447,5609,1731,2319,5683,11857,12967,7974,0.24258945793803882,0.5071251426996811,0.25028539936228006,0.26695665866236273,0.37828209266622054,0.3547612486714168,0.002617801047120419,0.0168680864464827,0.004605755225760737,0.037948273825926075,0.08788332086761406,0.02769357949848443,0.1331732472542613,0.02275321812384364,0.010884541195921742,0.029838995394244776,0.014329016257922293,0.024839585875683974,0.0013384245955202143,0.056863362594969095,0.10292091485257647,0.22652836279179625,0.008798173444081408,0.11040034641577766,0.03407077904184545,0.045644215250167305,0.1476832722642343,0.3081260881993711,0.33697149242483304,0.20721914711156156
4800800,65577,14981,34402,16194,15004,24385,26188,474,1757,565,3638,9522,1905,8212,1137,510,3056,612,1554,250,2204,7242,11884,736,6488,1487,2344,7257,14754,17398,11187,0.22844899888680484,0.5246046632203364,0.24694633789285877,0.22879973161321804,0.37185293624289006,0.3993473321438919,0.007228144013907315,0.026792930448175427,0.008615825670585723,0.05547676776918737,0.1452033487350748,0.029049819296399652,0.1252268325784955,0.017338396083992864,0.007777116976988884,0.04660170486603535,0.00933254037238666,0.02369733290635436,0.0038123122436220015,0.03360934473977156,0.11043506107324215,0.18122207481281546,0.011223447245223173,0.09893712734647818,0.022675633225063666,0.035744239596199885,0.14343031069649775,0.29160407937386357,0.3438611747964266,0.22110443513321212
4800900,59649,14992,31402,13255,15650,19324,24675,133,121,431,3124,8785,1601,8475,1228,340,1067,552,2548,202,2128,9048,9675,613,6748,1610,1220,6619,12363,14469,11206,0.2513369880467401,0.526446377977837,0.22221663397542288,0.26236818722862076,0.32396184345085416,0.4136699693205251,0.002229710472933327,0.0020285335881573873,0.007225603111535818,0.05237304900333618,0.1472782443963855,0.026840349377189893,0.1420811748730071,0.020587101208737784,0.005700011735318279,0.017887978004660597,0.009254136699693206,0.0427165585340911,0.003386477560394977,0.03567536756693323,0.15168737112105818,0.16219886335060102,0.010276785863970897,0.11312846820566984,0.026991232040771848,0.020452983285553825,0.14821864433347515,0.27684349598047336,0.3240029558635824,0.250934903822469
4801000,60574,13869,31947,14758,14992,24695,20887,718,231,833,2903,14401,2548,6589,2343,393,1920,376,963,81,2471,6338,9880,344,4462,1109,1671,8207,14517,15188,8793,0.2289596196387889,0.5274044969789018,0.24363588338230924,0.2474989269323472,0.4076831643939644,0.3448179086736884,0.011853270380031037,0.003813517350678509,0.01375177468881038,0.047924852246838574,0.23774226565853337,0.04206425198930234,0.10877604252649652,0.03867996169973916,0.006487932116089412,0.03169676759005514,0.006207283653052465,0.01589790999438703,0.001337207382705451,0.04079307953907617,0.1046323505134216,0.1631062832238254,0.005679004193218213,0.07366196718063855,0.018308185029880807,0.027586093043219864,0.17571994433144203,0.3108232523284445,0.325190022481533,0.18826678085858045
4801100,49613,12226,26239,11148,14104,19027,16482,486,127,400,2149,2457,2429,7972,1955,353,1579,623,1112,496,1753,5524,9448,325,6127,1540,2758,5546,11721,12448,7672,0.24642734767097332,0.5288734807409349,0.22469917158809183,0.2842803297522827,0.3835083546651079,0.3322113155826094,0.009795819644044908,0.002559812952250418,0.008062402999213916,0.043315260113276764,0.049523310422671475,0.0489589422127265,0.16068369177433334,0.039404994658658016,0.007115070646806281,0.03182633583939693,0.012557192671275674,0.022413480337814685,0.009997379719025255,0.03533348114405498,0.11134178541914418,0.1904339588414327,0.006550702436861307,0.12349585794045916,0.031040251546973575,0.055590268679579946,0.14834033220103243,0.3135046941450237,0.3329499558670126,0.2052050177869313
4801200,28144,6050,15056,7038,6472,10441,11231,111,1410,722,2226,4637,1039,3004,643,456,1023,420,816,3,1065,3430,2410,99,2600,1003,1027,3520,7025,7208,4341,0.21496588971006253,0.534963047185901,0.2500710631040364,0.22996020466173964,0.37098493462194426,0.3990548607163161,0.003944002274019329,0.050099488345650936,0.025653780557134735,0.07909323479249573,0.16475980670835702,0.03691728254690165,0.10673678226264924,0.022846787947697556,0.016202387720295624,0.03634877771461057,0.014923251847640704,0.028993746446844798,0.00010659465605457646,0.037841102899374646,0.12187322342239909,0.08563104036384309,0.0035176236498010234,0.0923820352472996,0.03563814667424673,0.036490903922683345,0.15931927220059744,0.31795962704806735,0.3262424187562234,0.1964786819951118
4801300,25667,5696,13308,6663,6765,10651,8251,1310,223,287,2034,2310,1144,3759,327,220,675,200,863,38,506,3912,2978,258,2775,666,1182,3295,6027,6583,4066,0.2219191958545993,0.5184867728990532,0.25959403124634745,0.26356800561031674,0.414968636770951,0.32146335761873224,0.05103829820391943,0.00868819885456033,0.011181672965286165,0.07924572408150543,0.0899988311840106,0.044570849729224295,0.1464526434721627,0.012740094284489812,0.008571317255620057,0.02629835976156154,0.007792106596018234,0.03362293996181868,0.0014805002532434644,0.01971402968792613,0.15241360501811665,0.11602446721471149,0.010051817508863522,0.10811547901975299,0.025947714964740718,0.04605134998246776,0.1649892343898653,0.3017875920084122,0.32962796054278704,0.20359521305893546
4801400,29129,7113,15104,6912,7122,11584,10423,46,51,249,2682,4423,1035,4300,1889,135,718,142,727,11,889,3042,4086,161,2982,845,716,3880,6583,7193,4360,0.24418963919118405,0.5185210614851179,0.23728929932369802,0.2444986096330118,0.3976792886813828,0.3578221016856054,0.0015791822582306293,0.0017508325036904803,0.00854818222390058,0.09207319166466409,0.1518418071337842,0.035531600810189155,0.14761921109547185,0.06484946273473172,0.004634556627415977,0.024648975248034603,0.0048748669710597685,0.024957945689862336,0.0003776305400116722,0.03051941364276151,0.10443200933777336,0.14027258058979025,0.005527137903807202,0.10237220639225514,0.02900889148271482,0.024580315149850665,0.17623546511627908,0.29900981104651164,0.32671693313953487,0.1980377906976744
4801500,103491,26260,53696,23535,26765,37707,39019,772,2037,396,4483,5327,5353,12702,4404,1628,3570,1202,4050,710,5768,9123,25718,1075,9887,3349,1937,12188,21587,26265,17191,0.2537418712738306,0.5188470495018891,0.22741107922428036,0.2586215226444812,0.3643505232339044,0.37702795412161444,0.007459585857707433,0.01968287097428762,0.00382641968866858,0.04331777642500314,0.051473074953377586,0.05172430452889623,0.12273531031683914,0.042554425022465724,0.015730836497859717,0.034495753253906136,0.011614536529746549,0.03913383772501957,0.0068604999468552825,0.055734315061213055,0.08815259297909964,0.248504700891865,0.010387376680097786,0.09553487742895518,0.03236030186199766,0.018716603376138986,0.15781227745335422,0.2795121130116145,0.34008364516839096,0.22259196436664033
4801600,75963,17733,40176,18054,17705,26017,32241,46,3776,371,6131,8943,4024,8500,2219,756,1953,1063,3194,356,4250,6571,12421,621,6826,1722,2220,9539,17143,19721,11827,0.23344259705382883,0.5288890644129379,0.2376683385332333,0.23307399655095243,0.3424956886905467,0.42443031475850085,0.0006055579690112292,0.04970841067361742,0.004883956663112305,0.08071034582625752,0.11772836775798744,0.052973157984808394,0.11189658123033581,0.029211589852954727,0.00995221357766281,0.025709885075628925,0.013993654805629056,0.04204678593525796,0.004686492107999947,0.05594829061516791,0.08650263944288666,0.16351381593670603,0.008175032581651594,0.08985953687979674,0.02266893092689862,0.029224754156628886,0.16381590245577882,0.29440151124849734,0.33867422290915333,0.20310836338657048
4801700,35611,7893,18663,9055,8496,14687,12428,1106,1671,570,3375,4913,1088,3340,1489,236,1314,205,682,96,2364,4208,5127,147,2019,634,1027,5152,8379,9075,5112,0.22164499733228496,0.5240796383140041,0.25427536435371095,0.2385779674819578,0.41242874392743817,0.348993288590604,0.031057819213164473,0.046923703350088455,0.016006290191233046,0.09477408665861672,0.13796298896408413,0.03055235741765185,0.09379124427845328,0.0418129229732386,0.006627165763387718,0.036898711072421445,0.0057566482266715345,0.019151385807756032,0.002695796242733987,0.06638398247732442,0.11816573530650641,0.14397236808851196,0.004127937996686417,0.05669596472999916,0.017803487686389036,0.028839403555081296,0.18587199653654665,0.3022945378454434,0.32740457464463524,0.1844288909733747
4801800,31249,7317,16155,7777,8024,13592,9633,394,499,384,1510,3562,779,4363,2745,317,665,397,845,32,977,3719,4824,315,3013,777,1132,4060,7229,7963,4680,0.23415149284777112,0.516976543249384,0.24887196390284488,0.25677621683893886,0.4349579186533969,0.30826586450766424,0.012608403468911004,0.015968510992351755,0.012288393228583315,0.048321546289481265,0.11398764760472335,0.024928797721527087,0.13962046785497137,0.08784281096995104,0.010144324618387789,0.02128068098179142,0.012704406541009312,0.027040865307689847,0.0010240327690486095,0.03126500048001536,0.1190118083778681,0.15437293993407789,0.01008032257032225,0.09641908541073314,0.024864795673461552,0.036225159205094566,0.16964733411332109,0.302064181848571,0.33273441417349153,0.1955540698646164
4801900,435255,102954,249492,82809,89821,118430,227004,372,1485,1761,18149,27757,17580,53337,3432,18352,43858,9022,44482,11375,27064,40963,48061,8037,40477,11104,8587,41545,71529,100145,119082,0.23653720232966882,0.5732088086294241,0.19025398904090707,0.20636408542118986,0.2720933705528943,0.5215425440259158,0.0008546713995244167,0.0034117930868111795,0.004045904125168005,0.04169739577948559,0.06377181192634203,0.04039011613881518,0.12254195816245649,0.007885032911741393,0.04216378904320456,0.10076392000091901,0.020728078942229267,0.10219756234850834,0.02613410529459742,0.06217964181916348,0.09411264660945882,0.11042032831328762,0.018465037736499292,0.09299605978104789,0.025511481775051408,0.01972866480568862,0.12502219373399417,0.215253640524705,0.30136833774198696,0.35835582799931387
4802000,238164,63108,128485,46571,56149,76801,105214,410,360,1316,13804,15793,13935,32546,11841,3278,8767,3836,15010,3140,14183,28775,27843,3927,26903,6575,5922,26161,44190,55556,49149,0.2649770746208495,0.5394811978300666,0.19554172754908383,0.2357577131724358,0.3224710703548815,0.4417712164726827,0.001721502829982701,0.0015115634604726156,0.00552560420550545,0.057960061134344404,0.0663114492534556,0.05851010228246083,0.13665373440150486,0.04971784148737844,0.013763625065081204,0.03681076904989839,0.016106548428813757,0.06302379872692766,0.013184192405233369,0.05955140155523085,0.1208201071530542,0.1169068373053862,0.016488638081322116,0.1129599771585966,0.02760702709057624,0.024865218924774526,0.14944360661731104,0.25243350699204825,0.3173613015263687,0.280761584864272
4802101,48253,12091,25445,10717,11042,17167,20044,105,54,229,3429,10377,1647,6374,3491,439,863,396,1260,121,2351,5769,4213,346,4413,1221,1155,6774,10998,11491,6899,0.25057509377655274,0.5273247259237768,0.2221001802996705,0.22883551281785589,0.3557706256605807,0.41539386152156343,0.0021760305058752824,0.0011191014030215737,0.004745818912813711,0.07106293909186993,0.21505398628064576,0.034132592792158,0.13209541375665762,0.07234783329533916,0.009097879924564276,0.017884898348289227,0.008206743622158208,0.02611236607050339,0.0025076161067705636,0.04872235923155037,0.1195573332228048,0.08731063353573872,0.007170538619360454,0.09145545354692973,0.02530412616832114,0.023936335564628108,0.1873237099717936,0.3041314086610254,0.317764504175654,0.19078037719152702
4802102,45732,10826,24786,10120,10114,16515,19103,791,1300,269,4466,6335,1807,5727,2991,458,800,475,1030,59,1886,6395,4479,396,3792,1303,973,6506,10468,11156,6776,0.23672701828041634,0.5419837313041197,0.22128925041546402,0.22115805125513863,0.3611256887955917,0.41771625994926964,0.01729642263622846,0.02842648473716435,0.005882095687920931,0.09765590833551999,0.13852444677687395,0.03951281378465844,0.1252295985305694,0.0654027814221989,0.010014869238170208,0.017493221376716522,0.010386600192425436,0.02252252252252252,0.0012901250765328435,0.0412402693956092,0.1398364383801277,0.09794017318289162,0.008659144581474678,0.08291786932563631,0.028492084317327037,0.02127613049943147,0.18638629461983613,0.29989113619435054,0.3196012146908841,0.19412135449492923
4802200,41273,11067,20524,9682,11520,15218,14535,1051,2069,1154,2559,3221,1058,5148,731,240,880,700,1226,51,1553,6344,5375,676,4845,1272,1120,4981,8843,9794,6588,0.2681413999466964,0.497274247086473,0.2345843529668306,0.2791170983451651,0.36871562522714607,0.3521672764276888,0.025464589441038937,0.05012962469410995,0.027960167664090325,0.06200179293969423,0.07804133452862647,0.025634191844547283,0.12473045332299566,0.017711336709228795,0.005814939548857607,0.02132144501247789,0.016960240350834686,0.029704649528747608,0.0012356746541322414,0.0376275046640661,0.15370823540813608,0.13023041697962348,0.016378746395948926,0.11738909214256293,0.030819179608945316,0.0271363845613355,0.16490101304376614,0.2927564060120506,0.32424021717539564,0.21810236376878767
4802300,1722130,384181,978186,359763,315979,503746,902405,884,7649,6498,91395,111192,113929,162545,87138,50704,122947,44765,165405,32118,173018,123021,189327,21821,140502,42406,34866,218583,317419,411565,390382,0.22308478454007538,0.56800938372829,0.20890583173163466,0.1834815025578789,0.29251334103697163,0.5240051564051494,0.0005133178099214345,0.00444159267883377,0.0037732343086758838,0.05307090637756731,0.06456655420903183,0.06615586512051935,0.09438602196117599,0.0505989675576176,0.029442608862281013,0.07139240359322467,0.025993972580467213,0.09604675605209827,0.01865015997630841,0.10046744438573162,0.07143537363613664,0.10993769343777764,0.012670936572732605,0.08158617525970746,0.02462415729358411,0.020245858326607167,0.16337169802436416,0.23724297413429063,0.3076088849425501,0.2917764428987951
4802400,33322,8029,17943,7350,7790,11706,13826,431,1381,222,3006,3278,1192,4855,1315,435,611,317,1008,150,1506,4593,3410,324,3349,792,1147,3752,7566,8485,5490,0.2409519236540424,0.5384730808474881,0.22057499549846948,0.23377948502490847,0.3512994418102155,0.41492107316487603,0.012934397695216374,0.04144409099093692,0.006662265170157854,0.09021067162835364,0.09837344697197047,0.03577216253526199,0.14569953784286657,0.03946341756197107,0.013054438509093092,0.018336234319668687,0.009513234499729907,0.030250285096932956,0.004501530520376928,0.04519536642458436,0.13783686453394153,0.10233479382990217,0.009723305924014165,0.10050417141828222,0.02376808114759018,0.03442170337914891,0.14834143834262445,0.2991341477879255,0.3354683113905033,0.21705610247894674
4802500,935713,224022,508507,203184,199265,302611,433837,693,6774,3242,53514,86169,50890,111088,76211,11825,44247,15699,41247,8051,62366,80750,118144,17479,94538,27408,25378,117087,183929,229328,181347,0.23941315339211916,0.54344334213589,0.21714350447199088,0.21295525444233435,0.3234015130707813,0.4636432324868843,0.0007406117046573041,0.007239399260243258,0.003464737585135613,0.057190612933666625,0.09208913416827595,0.054386334271299,0.1187201631269417,0.0814469821408915,0.012637421944549237,0.04728693520342242,0.016777580305072176,0.04408082392784967,0.008604133959878723,0.06665077860412327,0.08629782850083305,0.1262609368470888,0.018679872995245338,0.10103311592336539,0.029291032613632598,0.027121563983828374,0.16451943329338153,0.25843940698983126,0.32222973172345865,0.25481142799332857
4802600,58594,11697,31373,15524,14581,22045,21968,2188,4107,860,2952,6383,1753,6439,1480,402,1635,678,1006,172,1752,7675,8667,445,4212,1624,4164,8342,15060,15510,7985,0.19962794825408745,0.5354302488309384,0.2649418029149742,0.24884800491517903,0.3762330614056047,0.3749189336792163,0.037341707342048676,0.07009250093866266,0.014677270710311637,0.05038058504283715,0.10893606853944089,0.02991773901764686,0.10989179779499607,0.025258558896815372,0.00686077072737823,0.027903880943441307,0.011571150629757313,0.017168993412294775,0.0029354541420623273,0.02990067242379766,0.13098610779260675,0.14791616889101272,0.007594634262893812,0.07188449329282862,0.027716148411100112,0.07106529678806704,0.17787918203723052,0.32112928332302704,0.3307247798366633,0.1702667548030791
4802700,57973,14338,30089,13546,14545,22267,21161,137,816,485,3212,2481,2465,7262,1521,833,2822,786,1903,271,2466,5839,13075,906,6391,1863,2439,7057,12901,15078,8599,0.2473220292204992,0.5190174736515274,0.23366049712797338,0.25089265692650026,0.3840925948286271,0.3650147482448726,0.002363169061459645,0.014075517913511462,0.008365963465751297,0.055405102375243646,0.04279578424438963,0.04251979369706588,0.12526520966656893,0.02623635140496438,0.01436875787004295,0.04867783278422714,0.013558035637279423,0.03282562572231901,0.004674589895296086,0.04253704310627361,0.10071930036396254,0.22553602539113035,0.015627964742207578,0.11024097424663205,0.03213564935400962,0.04207130905766478,0.16172797066574998,0.2956571559527902,0.3455482983843245,0.19706657499713534
4802800,32315,6747,17198,8370,6825,11334,14156,1699,3876,948,1909,1313,1379,3490,1146,187,862,221,551,10,739,2781,4734,202,2854,921,2493,5268,7858,8314,4128,0.20878848831811853,0.5321986693485997,0.25901284233328176,0.21120222806746092,0.35073495280829337,0.4380628191242457,0.052576203001701995,0.11994429831347671,0.029336221568930836,0.05907473309608541,0.04063128578059724,0.04267368095311775,0.10799938109237196,0.03546340708649234,0.005786786322141421,0.026674918768373822,0.006838929289803497,0.017050905152406003,0.00030945381401825775,0.02286863685594925,0.0860591056784775,0.14649543555624323,0.006250967043168807,0.08831811852081077,0.02850069627108154,0.07714683583475167,0.20603879849812265,0.30733729662077597,0.3251720901126408,0.16145181476846057
4802900,45711,11635,23647,10429,11619,17439,16653,383,1024,340,2481,2870,1993,5109,821,737,2012,687,1515,114,2236,5129,9193,624,5301,1387,1755,6645,10050,11275,6106,0.25453391962547306,0.5173153070376934,0.2281507733368336,0.25418389446741485,0.38150554571109796,0.3643105598214872,0.008378727221019011,0.02240161011572707,0.007438034608737503,0.05427577607140513,0.06278576272669598,0.04360000875062895,0.1117674082824703,0.017960665922863207,0.01612303384305747,0.044015663625823105,0.015029205224125484,0.033143007153639166,0.0024939292511649276,0.0489160158386384,0.1122049397300431,0.2011113298768349,0.013650981164271181,0.11596771017916913,0.030342805889173284,0.0383933845245127,0.19500528231013028,0.2949289822749149,0.33087803732832494,0.17918769808662988
4803000,94158,23002,52030,19126,15900,23454,54804,235,23688,299,5417,3497,5840,8271,3834,1025,1844,2235,4381,1963,3423,5281,9279,1475,7653,2860,1658,15779,20485,22616,12276,0.24429151001508104,0.5525818305401559,0.20312665944476305,0.16886509908876568,0.24909195182565474,0.5820429490855795,0.00249580492363899,0.25157713630281014,0.003175513498587481,0.05753095860149961,0.03713970135304488,0.06202340746404979,0.08784171286560886,0.04071879181800803,0.010885957645659423,0.019584103315703393,0.02373669789077933,0.04652817604452091,0.020847936447248243,0.036353788313260686,0.05608657787973406,0.0985471229210476,0.015665158563266,0.08127827693876251,0.030374476943010684,0.01760870026975934,0.22175220641969756,0.28788858283208724,0.3178368654786666,0.1725223452695486
4803100,67160,17255,36117,13788,12972,20274,33914,58,7917,433,6447,4028,5233,8114,2674,504,1483,1888,1866,341,1655,6590,6291,336,7109,2765,1428,12273,14497,15491,7644,0.2569237641453246,0.5377754615842764,0.20530077427039906,0.19315068493150686,0.30187611673615244,0.5049731983323407,0.0008636092912447886,0.11788266825491364,0.006447290053603335,0.09599463966646814,0.059976176295413935,0.07791840381179273,0.12081596188207266,0.03981536628945801,0.007504466944609886,0.022081596188207268,0.0281119714115545,0.027784395473496128,0.005077427039904705,0.024642644431209053,0.09812388326384752,0.09367182846932698,0.005002977963073258,0.10585169743895176,0.04117033948779035,0.021262656343061345,0.2459272617974151,0.2904919346758842,0.3104097785793007,0.15317102494740006
4803200,36114,8549,19272,8293,7530,11475,17109,1732,5759,468,3282,960,1181,3528,1899,368,897,790,586,78,819,3983,2042,465,4111,732,2434,7245,7984,8061,4275,0.2367226006534862,0.5336434623691643,0.22963393697734952,0.208506396411364,0.3177438112643296,0.47374979232430636,0.04795924018386222,0.15946724262059037,0.012958963282937365,0.09087888353547101,0.026582488785512545,0.03270199922467741,0.0976906462867586,0.052583485628842,0.010189954034446475,0.024838012958963283,0.02187517306307803,0.016226394196156617,0.0021598272138228943,0.02267818574514039,0.11028963836739215,0.05654316885418397,0.012875893005482638,0.11383397020546049,0.020269147698953313,0.06739768510826827,0.26283330310175945,0.2896426627970252,0.29243606022129515,0.15508797387992018
4803300,328308,87378,175113,65817,92338,134945,101025,910,55,2740,17078,16981,12797,47000,17159,6061,9881,5826,12393,1399,27671,41409,49434,3018,37103,7424,11969,75555,60631,65703,39041,0.26614642348039036,0.5333802405058664,0.2004733360137432,0.28125418814040476,0.4110317141221049,0.3077140977374904,0.002771787467865541,0.00016752561618967556,0.0083458216065402,0.05201822678704144,0.05172277251848874,0.038978642006895964,0.14315825383481365,0.05226494633088442,0.018461322904102247,0.030096738428548802,0.017745531634928178,0.03774809020797544,0.004261242491806474,0.08428366046517295,0.12612851346905954,0.15057202383128038,0.009192587448371651,0.11301278068155513,0.02261291226531184,0.03645662000316776,0.3135973104221143,0.251654007388038,0.272705765160005,0.1620429170298427
4803400,45084,9687,24066,11331,11155,18185,15744,630,160,347,3375,2232,1510,5627,1568,522,1050,932,2045,70,2099,9051,4535,959,4739,1263,2370,5806,10115,11840,7636,0.21486558424274688,0.533803566675539,0.25133084908171416,0.247427025108686,0.4033581758495253,0.34921479904178865,0.013973915357998403,0.003548930884571023,0.007696743855913406,0.07486026084642002,0.04950758583976577,0.03349303522313903,0.12481146304675717,0.034779522668796026,0.011578387010912962,0.02328985892999734,0.02067252240262621,0.04535977286842339,0.0015526572619998225,0.04655753704196611,0.20075858397657706,0.10059000975955994,0.02127140448939757,0.10511489663738799,0.028014373170082513,0.05256853872770828,0.1640251998756957,0.28575868011413397,0.33449162358391954,0.2157244964262508
4803500,100177,24924,54730,20523,24951,36174,39052,120,245,400,5110,6623,4346,12806,3043,785,3955,1421,3420,902,3407,10713,24476,1127,10638,3284,3356,12374,21229,25364,16286,0.2487996246643441,0.5463329906066263,0.20486738472902963,0.24906914760873256,0.36110085149285764,0.3898300008984098,0.0011978797528374777,0.0024456711620431835,0.003992932509458259,0.051009712808329256,0.06611298002535512,0.043383211715263985,0.12783373429030614,0.030376234065703705,0.007836130049811834,0.039480120187268535,0.014184892739850465,0.034139572955868114,0.009004062808828374,0.03400980264931072,0.10694071493456582,0.24432754025375086,0.011250087345398644,0.1061920400890424,0.032781975902652305,0.033500703754354794,0.16443198277809523,0.28210171023082137,0.3370496857268149,0.21641662126426853
4803601,42884,9139,22427,11318,9575,15938,17371,1853,1333,734,3665,5389,2409,5575,1015,264,1506,446,1154,13,1005,4513,5611,312,3472,868,1747,6279,10330,10667,6469,0.21310978453502472,0.5229689394646022,0.2639212760003731,0.22327674657214813,0.37165376364145136,0.4050694897864005,0.04320958865777446,0.031083854118086,0.017115940677175638,0.08546310978453503,0.125664583527656,0.05617479712713366,0.1300018654976215,0.023668501072661132,0.006156142150918757,0.035117992724559274,0.01040014923980972,0.02690980319000093,0.00030314336349221156,0.023435313869974817,0.10523738457233467,0.13084133942729223,0.007275440723813077,0.08096259677268912,0.02024064919317228,0.040737804309299505,0.18607201066824713,0.30611942510001483,0.3161060897910802,0.19170247444065788
4803602,109962,39182,50220,20560,35991,36012,37959,789,1111,523,5420,5102,2200,9338,771,1390,1679,1684,4436,311,3617,37584,12500,1598,12439,2340,5130,10875,17591,21703,20611,0.3563230934322766,0.4567032247503683,0.18697368181735508,0.32730397773776393,0.327494952801877,0.34520106946035906,0.007175205980247722,0.010103490296647933,0.00475618850148233,0.04928975464251287,0.04639784652880086,0.020006911478510758,0.08492024517560612,0.007011513068150815,0.01264073043414998,0.015268911078372529,0.01531438133173278,0.04034120878121533,0.002828249759007657,0.032893181280806094,0.34179080045834015,0.1136756334006293,0.014532292973936451,0.11312089630963423,0.021280078572597807,0.046652479947618265,0.1536450974851653,0.2485306583780729,0.30662616558349814,0.29119807855326363
4803700,42020,9279,21852,10889,10564,16770,14686,690,1034,622,2807,6011,1529,5513,1227,366,1208,338,743,57,1329,5773,6519,240,3267,904,1843,5847,9740,10899,6255,0.22082341742027606,0.5200380771061399,0.259138505473584,0.25140409328891006,0.39909566872917657,0.3495002379819134,0.016420752022846263,0.024607329842931937,0.014802475011899095,0.0668015230842456,0.14305092812946216,0.03638743455497382,0.1311994288434079,0.0292003807710614,0.008710138029509757,0.02874821513564969,0.008043788672060924,0.017682056163731558,0.0013564969062351262,0.03162779628748215,0.13738695859114708,0.155140409328891,0.005711565920990005,0.07774869109947644,0.02151356496906235,0.043860066634935746,0.17858342750679576,0.2974863321218045,0.33288537307962496,0.19104486729177483
4803800,111544,27072,58909,25563,26538,41244,43762,171,72,770,6911,15461,4870,11137,2319,956,4899,2068,3265,538,8450,13916,16927,1076,10507,2797,4434,14364,24140,27986,17982,0.24270243132754787,0.5281234311123861,0.229174137560066,0.237915082837266,0.36975543283368,0.392329484329054,0.0015330273255396974,0.0006454851897009252,0.0069031055009682275,0.06195761313920964,0.13860897941619452,0.04365990102560425,0.09984400774582228,0.0207900021516173,0.008570608907695619,0.04391988811590045,0.01853976905974324,0.029270960338521123,0.0048232087785985795,0.07575485906906691,0.12475794305386215,0.15175177508427168,0.009646417557197159,0.09419601233593917,0.025075306605465107,0.039751129599081975,0.17004451179088928,0.28577516810304004,0.3313050478264987,0.21287527227957193
4803900,49121,10832,26275,12014,9754,18582,20785,371,171,366,1837,3276,748,5171,545,346,996,619,1085,147,719,6525,4509,397,3891,1012,16390,5624,11279,13139,8247,0.22051668329227825,0.5349036053826266,0.24457971132509518,0.19857087600008144,0.3782903442519493,0.4231387797479693,0.007552777834327477,0.003481199486981128,0.0074509883756438185,0.037397447120376216,0.06669245332953319,0.015227703019075344,0.10527065817063985,0.0110950509965188,0.007043830540909184,0.020276460169784818,0.012601534985036949,0.022088312534353942,0.002992610085299566,0.014637324158710123,0.13283524358217463,0.09179373384092343,0.008082083019482503,0.07921255674762322,0.020602186437572525,0.33366584556503326,0.14688291676460602,0.2945754655384053,0.34315338608999973,0.21538823160698894
4804000,58527,14506,30353,13668,16998,22812,18717,718,162,255,2530,6787,1850,6904,1503,474,1387,549,1264,716,3260,8012,12756,418,5645,1220,2117,7856,13043,14384,8738,0.2478514190031951,0.51861533992858,0.23353324106822493,0.29043005792198473,0.38976882464503565,0.3198011174329797,0.012267842192492355,0.0027679532523450716,0.0043569634527653904,0.043227911903907595,0.11596357236830865,0.031609342696533226,0.11796264971722453,0.02568045517453483,0.008098826182787431,0.02369846395680626,0.009380286021836076,0.021596869820766484,0.012233669930117723,0.05570078767064773,0.13689408307276985,0.21795068942539342,0.007142002836297777,0.09645121055239463,0.020845080048524613,0.0361713397235464,0.178460280320756,0.2962904068512755,0.32675314054655735,0.19849617228141114
4804100,24492,4993,13270,6229,6345,10008,8139,852,313,454,1495,3993,687,3274,507,86,862,137,473,52,463,3359,4032,148,1719,458,1128,3311,6321,6383,3484,0.20386248570961946,0.5418095704719909,0.2543279438183897,0.25906418422341987,0.4086232239098481,0.332312591866732,0.03478686918177364,0.012779683161848767,0.01853666503348032,0.061040339702760085,0.1630328270455659,0.0280499755022048,0.1336763024661114,0.020700636942675158,0.003511350645108607,0.03519516576841417,0.005593663236975339,0.019312428548097338,0.0021231422505307855,0.0189041319614568,0.13714682345255594,0.164625183733464,0.0060427894822799285,0.07018618324350809,0.018699983668136536,0.046055854973052424,0.16980357967075235,0.3241704702805272,0.327350120519001,0.17867582952971947
4804200,35267,8158,18637,8472,9238,11311,14718,107,486,366,3694,5872,1076,5113,696,159,797,253,1169,78,705,4560,3766,338,3729,1121,1182,4251,8704,8867,5287,0.23132106501828906,0.5284543624351377,0.24022457254657328,0.2619445940964641,0.32072475685485013,0.4173306490486857,0.003033997788300678,0.013780588085178779,0.010377973743159328,0.10474381149516546,0.1665012618028185,0.03051010860010775,0.14497972608954546,0.01973516318371282,0.004508464003175773,0.022599030254912524,0.007173845237757677,0.033147134715172825,0.0022116993223126437,0.01999035925936428,0.12929934499673917,0.10678538010037712,0.009584030396688122,0.10573624067825446,0.031786088978365046,0.0335157512688916,0.1568113910509425,0.32107418200597587,0.3270869452949205,0.19502748164816114
4804300,119716,26552,65300,27864,25898,36866,56952,131,330,1351,13658,15179,4007,13140,4388,1128,2618,1776,5566,968,6190,10503,17719,957,10629,4205,5273,14646,27211,31547,19760,0.22179157339035718,0.5454575829463063,0.23275084366333657,0.2163286444585519,0.30794547094791,0.47572588459353804,0.0010942564068294966,0.002756523772929266,0.011285041264325571,0.11408667178990277,0.12679174045240402,0.033470881085235056,0.10975976477663804,0.03665341307761703,0.009422299442012763,0.02186842193190551,0.014835109759764776,0.046493367636740286,0.00808580306725918,0.051705703498279264,0.08773263390023055,0.14800862040161716,0.00799391894149487,0.08878512479534899,0.03512479534899261,0.04404590865047279,0.1572066463440814,0.2920763384998497,0.3386179210853978,0.21209909407067107
4804400,29052,7018,15339,6695,6595,9453,13004,256,1006,167,2602,3252,901,3650,2880,254,490,308,1087,188,879,3762,2668,203,2489,930,1080,4171,6284,7083,4496,0.24156684565606498,0.5279843040066088,0.23044885033732618,0.22700674652347516,0.3253820735233375,0.4476111799531874,0.008811785763458625,0.03462756436734132,0.005748313369131213,0.08956354123640368,0.11193721602643536,0.031013355362797743,0.12563678920556243,0.09913258983890955,0.008742943687181605,0.016866308687870025,0.01060167974666116,0.03741566845656065,0.0064711551700399285,0.030256092523750517,0.1294919454770756,0.09183532975354537,0.006987470742117583,0.08567396392675203,0.03201156546881454,0.03717472118959108,0.18929835708450576,0.2851956067895071,0.3214577471180902,0.2040482890078969
4804500,177979,45630,96665,35684,41939,57653,78387,188,3958,1127,13838,10468,8047,23226,3244,1553,6594,3332,12980,1687,11129,22551,20557,3145,20772,5680,3903,21520,34229,42256,34344,0.25637856151568444,0.5431258744009124,0.2004955640834031,0.23564015979413303,0.3239314750616646,0.4404283651442024,0.001056304395462386,0.022238578708724064,0.00633220773237292,0.07775074587451329,0.05881592772180988,0.04521319931003096,0.13049854196281585,0.018226869462127555,0.008725748543367476,0.03704931480680305,0.018721309817450373,0.0729299524101158,0.009478646357154496,0.06252984902713242,0.12670595969187376,0.1155023907314908,0.017670624062389385,0.11671039841779086,0.03191387747992741,0.0219295534866473,0.16260039743405694,0.2586268124428594,0.31927706291698466,0.25949572720609904
4804600,2353111,522404,1328687,502020,443544,681828,1227739,1650,74317,16842,176351,171082,146370,234202,113755,30467,79967,50703,189976,40950,185435,201396,285510,26423,204371,67889,55455,344349,444530,557808,484020,0.22200567674028127,0.5646512212981029,0.21334310196161593,0.1884925955469164,0.2897559868616483,0.5217514175914353,0.0007011993909339594,0.03158244553699337,0.007157333419460451,0.07494376593369373,0.07270460254531129,0.06220276051575978,0.09952866651849403,0.04834238588829851,0.0129475405112636,0.03398352223928238,0.021547219829408812,0.08073397302549688,0.017402493974997355,0.07880418730778106,0.08558712274941556,0.12133299279124529,0.011228964549483642,0.08685140649973588,0.028850742697645797,0.023566674075298614,0.1880961836055688,0.24281875799895888,0.30469539909991056,0.2643896592955618
4804700,108143,25441,57629,25073,27984,34812,45347,109,560,774,6931,6530,2201,11754,3131,562,4516,1630,3717,200,5596,25750,10863,2489,15082,3072,2676,13797,21740,27355,19810,0.2352533219903276,0.5328962577328167,0.23185042027685565,0.25876848247228207,0.3219071044820284,0.4193244130456895,0.0010079246923055585,0.005178328694413878,0.007157190016922038,0.06409106460889748,0.06038301138307611,0.02035268117215169,0.108689420489537,0.02895240561108902,0.0051968227254653564,0.04175952211423763,0.01507263530695468,0.03437115670917212,0.0018494031051478135,0.05174629888203582,0.238110649787781,0.1004503296561035,0.02301582164356454,0.13946348815919662,0.028406831695070415,0.024745013546877744,0.1668278880800948,0.2628715145945684,0.33076588232449033,0.23953471500084642
4804800,104825,25904,56837,22084,23643,31509,49673,445,1206,320,15274,12364,2694,13021,2564,530,2342,1630,3822,283,4342,13735,11952,1457,10648,3472,2724,14793,21553,25999,16576,0.24711662294300024,0.5422084426424995,0.21067493441450036,0.22554734080610542,0.3005866921058908,0.4738659670880038,0.00424517052229907,0.011504889100882423,0.0030527068924397806,0.14570951585976627,0.11794896255664203,0.025699976150727402,0.12421655139518245,0.024459813975673744,0.005056045790603387,0.022341998569043644,0.015549725733365133,0.03646076794657763,0.002699737658001431,0.041421416646792275,0.1310279036489387,0.1140186024326258,0.013899356069639875,0.1015788218459337,0.033121869782971616,0.025986167421893632,0.18744060516212416,0.2730958806908174,0.3294306965193041,0.21003281762775433
4804900,190374,46441,104378,39555,47799,63364,79211,581,3250,939,11601,14556,8499,25459,3715,2076,5156,2530,10042,1318,8929,29371,29448,3398,20558,6016,2932,26436,34610,43554,39333,0.24394612709718763,0.5482786514965279,0.20777522140628446,0.2510794541271392,0.33283956842846185,0.4160809774443989,0.003051887337556599,0.017071658945024007,0.004932396230577705,0.0609379432065303,0.07646002080115982,0.04464370134577201,0.13373149694811265,0.01951421937869667,0.010904850452267642,0.02708353031401347,0.013289629886434073,0.05274879973105571,0.006923214304474351,0.04690241314465211,0.15428052149978463,0.15468498849632828,0.017849076029289715,0.10798743525901647,0.031600953911773665,0.015401262777480117,0.18366879033994984,0.24045910249907942,0.3025991259822278,0.2732729811787429
4805000,57424,12692,29611,15121,13329,21094,23001,2717,1510,1511,3669,9082,2750,7424,1998,284,1093,561,1430,38,1629,7848,5831,716,4215,1559,1559,9294,12885,13982,8571,0.2210225689607133,0.5156554750626916,0.26332195597659513,0.23211549178044025,0.36733769852326553,0.40054680969629425,0.04731471161883533,0.026295625522429648,0.02631303984396768,0.06389314572304262,0.1581568682084146,0.047889384229590416,0.1292839230983561,0.03479381443298969,0.004945667316801338,0.019033853441069937,0.009769434382836445,0.024902479799387017,0.0006617442184452493,0.02836792978545556,0.13666759543048204,0.10154290888826971,0.012468654221231541,0.07340136528280858,0.027148927277793257,0.027148927277793257,0.207770723419476,0.28804882410802113,0.31257265492265046,0.19160779754985247
4805100,39471,9405,20280,9786,9621,15085,14765,909,1064,561,4469,2860,1277,5884,878,420,1141,438,941,121,838,4926,4910,353,4680,994,1807,5653,9173,9528,5712,0.23827620278178915,0.5137949380557878,0.24792885916242305,0.2437485749030934,0.3821793215271972,0.3740721035697094,0.023029566010488712,0.026956499708646855,0.014212966481720758,0.11322236578754022,0.072458260495047,0.03235286666159966,0.14907147019330647,0.022244179270857086,0.010640723569202705,0.02890729902966735,0.011096754579311393,0.02384028780623749,0.0030655417901750653,0.021230777026171113,0.12480048643307745,0.12439512553520306,0.008943274809353703,0.11856806262825872,0.025183045780446403,0.045780446403688786,0.18801969001529967,0.30509545666201027,0.3169028138096188,0.18998203951307124
4805200,168335,42960,94738,30637,37458,53610,77267,189,1037,1413,13335,12071,12102,24179,1822,1833,7457,2195,12811,489,10008,15786,18650,3073,19030,6400,4455,19617,31140,40565,34053,0.25520539400599995,0.5627944277779428,0.18200017821605727,0.2225205691032762,0.3184720943356997,0.45900733656102416,0.0011227611607805862,0.006160335046187662,0.008393976297264384,0.0792170374550747,0.0717082009089019,0.07189235750141088,0.14363620162176613,0.010823655211334542,0.01088900109899902,0.044298571301274244,0.013039474856684587,0.07610419698814863,0.0029049217334481837,0.05945287670419105,0.09377728933376897,0.11079098226750231,0.018255264799358423,0.11304838565954793,0.03801942555024208,0.02646508450411382,0.15646660019940178,0.24837487537387837,0.3235493519441675,0.27160917248255234
4805300,757792,177787,441123,138882,132111,219536,406145,432,1484,4921,42510,39778,34628,65061,11702,26685,31364,15695,90305,5608,53397,75576,84753,13128,75659,25790,59316,83412,136470,183552,176571,0.23461187238714581,0.5821162007516575,0.18327192686119673,0.17433675731599171,0.2897048266542798,0.5359584160297285,0.0005700772771420126,0.0019583210168489505,0.0064938663907774166,0.0560971876187661,0.05249197669017356,0.045695916557577806,0.08585601325957519,0.01544223216924961,0.03521414847345974,0.04138866601917149,0.020711488112833073,0.11916858451923483,0.007400447616232423,0.07046392677674085,0.09973185254001098,0.11184203580929859,0.017324015033148937,0.09984138127612854,0.034033085596047466,0.07827477724758244,0.1438125533400574,0.235291075076939,0.3164662373600228,0.3044301342229808
4805400,63040,19950,31033,12057,17714,22854,22472,130,151,239,5057,4409,1768,10186,3150,803,1021,1377,2521,397,1872,10999,6050,557,8397,1877,2079,7631,11971,13595,9893,0.3164657360406091,0.4922747461928934,0.19125951776649747,0.280996192893401,0.3625317258883249,0.3564720812182741,0.0020621827411167514,0.0023953045685279188,0.003791243654822335,0.08021890862944163,0.06993972081218273,0.028045685279187816,0.16157994923857869,0.04996827411167513,0.012737944162436548,0.016196065989847717,0.021843274111675127,0.03999048223350254,0.00629758883248731,0.02969543147208122,0.1744765228426396,0.09597081218274112,0.008835659898477158,0.1332011421319797,0.0297747461928934,0.03297906091370558,0.17709445346948247,0.27781387792991413,0.3155024367602692,0.2295892318403342
4805500,39195,8225,21103,9867,8672,14554,15969,1466,2163,602,3250,4739,1425,4187,1118,234,1141,480,809,220,1368,5058,4759,188,2741,785,2462,6356,9566,9898,5150,0.20984819492282178,0.5384105115448399,0.2517412935323383,0.2212527108049496,0.37132287281541015,0.4074244163796403,0.03740272994004337,0.05518561040949101,0.015359101926266105,0.08291873963515754,0.12090827911723434,0.03635667814772292,0.10682485010843219,0.028524046434494195,0.005970149253731343,0.029110855976527617,0.012246460007654038,0.02064038780456691,0.005612960836841434,0.03490241102181401,0.12904707233065443,0.12141854828421993,0.004796530169664498,0.0699323893353744,0.020028064804184207,0.0628141344559255,0.2052308685824992,0.30887956086535356,0.31959961252825314,0.1662899580238941
4805600,45874,10377,24877,10620,9855,15059,20960,261,2372,548,4156,4953,1984,5422,1351,445,1199,659,1519,184,1842,4260,6819,381,4327,1463,1729,6732,10583,12013,6169,0.22620656581069887,0.5422897501852901,0.23150368400401097,0.21482757117321358,0.3282687361032393,0.4569036927235471,0.0056894973187426425,0.051706849195622795,0.01194576448532938,0.09059598029384837,0.10796965601430004,0.043248899158564766,0.11819331211579544,0.029450233247591228,0.009700483934254697,0.026136809521733445,0.014365435758817631,0.03311243841827615,0.004010986615512055,0.04015346383572394,0.09286305968522475,0.14864629201726468,0.008305358154946157,0.09432358198543837,0.031891703361381175,0.0376901948816323,0.18964982956306167,0.2981378708059836,0.33842296532101307,0.17378933430994167
4805700,36275,8673,19729,7873,7923,12700,15652,231,268,400,2419,7120,1472,4334,929,168,523,548,1173,464,1531,4613,3677,498,3536,1166,1205,5421,8383,8873,4925,0.23909028256374915,0.5438731909028256,0.21703652653342523,0.21841488628532046,0.35010337698139216,0.4314817367332874,0.00636802205375603,0.007388008270158512,0.011026878015161957,0.06668504479669193,0.19627842866988285,0.040578911095796005,0.1194762232942798,0.025609924190213646,0.004631288766368022,0.01441764300482426,0.015106822880771881,0.03233631977946244,0.01279117849758787,0.04220537560303239,0.12716747070985526,0.10136457615437629,0.013728463128876637,0.0974776016540317,0.03214334941419711,0.0332184700206754,0.19639881168031303,0.3037098760959351,0.32146221288312443,0.17842909934062748
4805800,54369,14904,28256,11209,12892,20850,20627,73,359,397,6392,3394,2517,7326,3191,735,821,554,2446,806,3001,5105,6066,1891,6975,1735,585,7350,11714,12850,7551,0.2741268001986426,0.5197079217936692,0.20616527800768822,0.23712041788519192,0.38349059206533137,0.37938899004947674,0.001342676893082455,0.006603027460501389,0.0073019551582703375,0.11756699589839799,0.06242527911125825,0.046294763560116976,0.13474590299619268,0.05869153377843992,0.013518733101583623,0.015100516838639666,0.010189630120105207,0.04498887233533815,0.014824624326362449,0.05519689528959518,0.09389541834501278,0.11157093196490647,0.03478084938108113,0.12829001820890581,0.031911567253398075,0.010759807978811455,0.1862409730140631,0.29681996705941976,0.32560496642594705,0.19133409350057012
4805900,848789,212833,467403,168553,205932,297924,344933,826,4115,5670,40096,34501,30153,94493,25315,21089,64860,15875,49436,11185,65158,80737,143644,14764,102906,24114,19852,127263,173496,204240,130957,0.25074900829299157,0.5506704257477418,0.19858056595926668,0.24261860132494648,0.35099889371799115,0.40638250495706235,0.0009731511600645155,0.004848083563759663,0.006680105420781843,0.0472390664817758,0.04064732224380853,0.03552472993877159,0.11132684330263469,0.029824844572679428,0.024845986458354195,0.07641475089804416,0.018703117029084965,0.05824297911495083,0.013177597730413566,0.07676583933109407,0.09512022422533752,0.16923404992289015,0.017394193374325066,0.12123861171622158,0.02840988749854204,0.023388616016465812,0.20011290089251457,0.2728113265697627,0.32115429369327436,0.20592147884444836
4806000,46180,10302,23444,12434,10657,17715,17808,559,554,332,4487,3274,1285,7072,466,503,1662,631,2165,326,1407,4349,7634,874,5706,1548,1346,6145,10234,11929,7570,0.2230835859679515,0.507665656128194,0.2692507579038545,0.23077089649198787,0.38360762234733653,0.3856214811606756,0.012104807275877002,0.011996535296665223,0.007189259419662191,0.09716327414465137,0.07089649198787354,0.027825898657427458,0.15313988739714163,0.010090948462537896,0.010892161108705067,0.03598960588999567,0.013663923776526634,0.04688176699870074,0.007059333044608055,0.030467734950194888,0.09417496751840623,0.1653096578605457,0.01892594196621914,0.12355998267648333,0.033521004763967084,0.029146816803811173,0.17127487596856011,0.28524443948938066,0.33248787557834886,0.21099280896371037
4806100,29267,6411,15986,6870,7002,10408,11857,1209,3228,521,2252,527,889,3296,778,122,714,696,889,3,1038,4111,3251,158,3153,798,1634,4917,7222,7248,3469,0.21905217480438718,0.5462124577168825,0.2347353674787303,0.239245566679195,0.3556223733214884,0.4051320599993166,0.0413093244951652,0.11029487135681826,0.017801619571531077,0.07694673181398845,0.018006628626097653,0.030375508251614447,0.1126183073085728,0.02658284074213278,0.004168517442853726,0.024396077493422628,0.023781050329722896,0.030375508251614447,0.00010250452728328834,0.03546656644001777,0.14046537055386613,0.11108073939932347,0.005398571770253186,0.10773225817473606,0.0272662042573547,0.05583079919363105,0.21512950647532378,0.3159782989149457,0.3171158557927896,0.15177633881694086
4806200,51726,11813,27952,11961,15595,21527,14604,1257,3024,462,1602,3325,1185,5654,1692,307,1182,667,891,133,1745,7359,11186,1200,4949,992,2914,12945,10750,10951,5267,0.22837644511464253,0.5403858794416734,0.23123767544368404,0.3014924796040676,0.41617368441402774,0.28233383598190465,0.024301125159494258,0.05846189537176662,0.008931678459575456,0.030970885048138268,0.06428101921664153,0.02290917526969029,0.10930673162432819,0.03271082241039323,0.005935119669025248,0.022851177357615125,0.012894869118045084,0.017225379886324093,0.0025712407686656613,0.033735452190387816,0.14226887832038046,0.216254881490933,0.023199164830066118,0.09567722228666435,0.019177976259521324,0.05633530526234389,0.32433041866058676,0.2693358053766943,0.2743717585749004,0.13196201738781851
4806300,94576,24177,51775,18624,28041,40853,25682,150,1185,507,2500,669,2677,10957,14291,732,2668,1082,2540,36,6805,14470,16695,1277,9888,1757,3690,23075,18022,19299,10003,0.255635679242091,0.5474433260023684,0.1969209947555405,0.2964917103704957,0.43195948232109627,0.2715488073084081,0.0015860260531212992,0.012529605819658264,0.005360768059549992,0.026433767552021654,0.007073676196920994,0.028305278294704788,0.1158539164270005,0.1511059888343766,0.007739807139231941,0.02821011673151751,0.011440534596514972,0.026856707832854,0.00038064625274911184,0.07195271527660295,0.15299864659110132,0.17652469971240062,0.013502368465572661,0.10455083742175605,0.01857765183556082,0.03901624090678396,0.32777454225202063,0.2559979545163994,0.2741374167246694,0.1420900865069106
4806400,22639,4674,12943,5022,7996,8553,6090,379,1646,212,956,360,253,2310,452,88,590,222,345,7,417,4227,6717,15,1157,241,2045,5817,5083,4883,2182,0.20645788241530103,0.5717125314722382,0.22182958611246079,0.3531958125358894,0.37779937276381464,0.26900481470029597,0.016741022129952737,0.07270639162507178,0.009364371217809975,0.04222801360484121,0.01590176244533769,0.011175405274084544,0.10203630902425019,0.019965546181368435,0.0038870974866381026,0.026061221785414552,0.009806086841291577,0.015239189010115287,0.0003092009364371218,0.018419541499182825,0.1867131940456734,0.29670038429259243,0.0006625734352224039,0.051106497636821416,0.010645346525906622,0.09033084500198772,0.32379627052602283,0.282939048149179,0.27180629000834955,0.12145839131644864
4806500,35209,8109,19017,8083,8664,12046,14499,553,1428,276,7582,1340,577,3872,600,257,529,385,932,51,735,5555,3433,447,4296,900,1461,6018,8260,8619,4203,0.23031043199182027,0.540117583572382,0.22957198443579765,0.24607344712999518,0.34212843307108975,0.41179811979891506,0.015706211480019314,0.04055781192308785,0.00783890482547076,0.21534266806782357,0.038058450964242097,0.016387855377886337,0.10997188218921299,0.017041097446675566,0.0072992700729927005,0.01502456758215229,0.010934704194950155,0.026470504700502714,0.001448493282967423,0.020875344372177567,0.15777216052713794,0.09750347922406202,0.012695617597773297,0.12201425771819706,0.025561646170013348,0.041495072282655004,0.22206642066420665,0.3047970479704797,0.3180442804428044,0.15509225092250922
4806600,155737,37902,84040,33795,41561,53645,60531,459,2985,1440,16319,6677,5236,16175,4859,1511,3920,2866,7071,734,7270,16503,31681,2401,18987,4537,4106,24899,34387,38844,19705,0.2433718384199002,0.5396277056832994,0.21700045589680036,0.26686657634345085,0.3444589275509352,0.38867449610561394,0.0029472764981988866,0.019166928860835895,0.009246357641408272,0.10478563218759833,0.042873562480335435,0.033620783757231744,0.1038609964234575,0.031200035958057495,0.009702254441783263,0.02517064024605585,0.01840282013908063,0.045403468668331864,0.0047130739644400494,0.046681263925720924,0.10596711121955604,0.2034262891926774,0.015417017150709209,0.12191707815098532,0.02913244765213148,0.02636496144140442,0.2113039419527305,0.29182331225866676,0.32964738829719525,0.1672253574914075
4806700,132874,31349,74098,27427,44444,56228,32202,632,70,1308,3316,5614,3790,16149,4163,965,3167,1629,2670,375,8329,19262,39502,1593,13360,2291,4689,32073,26075,28308,15069,0.2359302798139591,0.5576561253518371,0.20641359483420382,0.3344822914941975,0.42316781311618523,0.24234989538961724,0.004756385748904977,0.0005268148772521336,0.009843912277797011,0.024955973328115357,0.042250553155621116,0.02852326263979409,0.12153619218206722,0.03133043334286617,0.0072625193792615565,0.0238346102322501,0.012259734786338938,0.020094224603759953,0.0028222225567078587,0.06268344446618601,0.14496440236615138,0.2972891611601969,0.011988801420894982,0.10054638228697864,0.017241898339780543,0.035289070849075066,0.31591233686284165,0.25683329229253876,0.2788278749076582,0.14842649593696133
4806800,253083,65255,140080,47748,85779,102090,65214,3881,1020,1775,7965,6856,8830,36374,7393,2784,6487,2331,5331,522,12550,41693,65651,3339,23792,4073,10436,59710,47468,51531,29119,0.2578403132569157,0.5534943081913839,0.18866537855170043,0.3389362383091713,0.4033854506229182,0.2576783110679105,0.015334890134856944,0.004030298360616873,0.007013509402053871,0.031471888668934696,0.02708992701998949,0.03488973972965391,0.14372360055791975,0.029211760568667196,0.011000343760742524,0.025631907318942798,0.009210417135880325,0.021064235843577007,0.002062564455139223,0.0495884749271978,0.16474042112666595,0.2594050173263317,0.013193300221666409,0.09400868489783984,0.016093534532149532,0.041235484011174196,0.3178972251208553,0.2527205741423004,0.27435206678450497,0.15503013395233936
4806900,29823,7011,15981,6831,9527,10626,9670,1096,3212,187,919,615,790,2859,551,278,759,593,497,85,1159,4864,6336,196,3045,559,1223,5328,6990,7180,3314,0.23508701337893573,0.5358615833417161,0.22905140327934814,0.31945143010428195,0.356302182878986,0.32424638701673203,0.03675015927304429,0.10770210911041814,0.006270328270127083,0.030815142675116522,0.02062166784025752,0.02648962210374543,0.09586560708178252,0.01847567313818194,0.009321664487140797,0.025450155919927574,0.01988398216141904,0.01666499010830567,0.0028501492136941285,0.03886262280789994,0.163095597357744,0.21245347550548235,0.006572108775106462,0.10210240418468967,0.018743922475941387,0.041008617509975524,0.2335612835349816,0.3064176749079432,0.3147466245835525,0.1452744169735227
4903001,32936,8914,17277,6745,9763,10852,12321,483,101,88,2397,7735,795,3466,2689,320,529,203,829,28,1711,3265,3116,540,2687,609,1345,2702,7199,8661,5460,0.2706461015302405,0.5245627884381832,0.20479111003157638,0.296423366529026,0.3294874908914258,0.37408914257954823,0.014664804469273743,0.0030665533155210104,0.002671848433325237,0.07277750789409765,0.23484940490648532,0.02413772164197231,0.10523439397619626,0.08164318678649501,0.009715812484819043,0.01606145251396648,0.00616346854505708,0.025170026718484333,0.0008501335924216663,0.05194923487976682,0.0991316492591693,0.09460772407092544,0.016395433568132136,0.0815824629584649,0.01849040563517124,0.04083677435025504,0.11248022645907918,0.2996836233452668,0.36054450087419865,0.22729164932145532
4905001,81834,26224,40356,15254,28904,26827,26103,623,92,174,4751,12300,1570,9181,1932,1019,1499,1850,5699,605,3366,9772,7052,5734,9447,1723,3445,6058,14197,18350,17005,0.3204536011926583,0.4931446586993181,0.18640174010802357,0.3532028252315663,0.3278221766014126,0.318974998167021,0.0076129726030745165,0.0011242270938729624,0.00212625559058582,0.0580565535107657,0.15030427450692865,0.019185179754136424,0.11219053205269204,0.023608768971332208,0.01245203705061466,0.01831756971429968,0.02260674047461935,0.06964098052154362,0.007393015128186328,0.04113204780409121,0.11941246914485422,0.08617445071730577,0.07006867561160397,0.11544101473715082,0.021054818290686023,0.04209741672165603,0.10893724150332675,0.25529581010609603,0.32997662290954866,0.3057903254810286
4911000,110991,33690,57136,20165,33369,37419,40203,359,115,357,10630,13484,2862,14753,5730,1501,2481,1457,9061,1168,4963,11119,12255,3139,9361,3288,2908,8691,20013,26345,22252,0.30353812471281455,0.5147804776963898,0.18168139759079566,0.3006459983241884,0.3371354434143309,0.36221855826148064,0.0032344964907064537,0.0010361200457694767,0.0032164770116495933,0.09577353118721338,0.12148732780135327,0.025785874530367327,0.13292068726293124,0.051625807497905234,0.01352361903217378,0.02235316377003541,0.013127190492922849,0.08163724986710634,0.010523375769206512,0.04471533727959925,0.10017929381661576,0.1104143579209125,0.028281572379742503,0.08434017172563542,0.029624023569478606,0.026200322548675117,0.11243062832304886,0.2588970388481391,0.3408105975343139,0.28786173529449816
4913001,48668,11509,26652,10507,14115,15833,18720,171,4438,1001,3729,1152,1268,5624,2014,887,631,681,1273,95,1263,5778,5815,1452,6008,1213,4175,4252,11561,13428,7918,0.23647982247061725,0.5476288320867921,0.21589134544259062,0.2900263006492973,0.32532670337798963,0.38464699597271307,0.003513602367058437,0.09118928248541136,0.02056792964576313,0.07662118846059011,0.023670584367551574,0.02605408071011753,0.11555847784992192,0.041382427878688254,0.01822552806772417,0.012965398208268267,0.013992767321443248,0.02615681762143503,0.0019520013150324648,0.02595134379880003,0.11872277471850086,0.11948302786225035,0.029834799046601464,0.12344867263910578,0.02492397468562505,0.08578532095011096,0.1144271912591835,0.31112247369412527,0.36136602169057297,0.2130843133561183
4921001,49578,13106,25667,10805,17245,17027,15306,1901,1001,665,2748,4028,940,6163,1878,542,1085,378,1148,103,1625,7708,4885,1038,6434,1236,4072,4074,10908,12964,8526,0.2643511234821897,0.5177094679091533,0.21793940860865707,0.3478357335915124,0.34343862196942193,0.3087256444390657,0.03834362015410061,0.020190407035378596,0.01341320747105571,0.05542781072249788,0.08124571382468031,0.018960022590665215,0.12430916938964863,0.03787970470773327,0.010932268344830368,0.021884706926459316,0.007624349509863246,0.02315543184476986,0.0020775343902537415,0.03277663479769252,0.15547218524345477,0.09853160676106337,0.020936705796926056,0.12977530356206382,0.024930412683044897,0.08213320424381783,0.11170212765957446,0.2990787453388901,0.3554507567449002,0.23376837025663522
4935000,681964,180459,372773,128732,157987,223822,300155,232,2486,2882,37203,54031,30700,74430,33546,18752,45921,10832,52262,15047,51348,65323,77930,10707,50336,18491,29505,52867,117458,165660,165520,0.26461660732824605,0.5466168302139116,0.18876656245784235,0.23166472130493693,0.3282020751828542,0.44013320351220886,0.0003401939105290015,0.0036453537136857663,0.004226029526485269,0.05455273298883812,0.07922852232669172,0.045017039022587704,0.10914065845117923,0.04919027983881847,0.027497052630344125,0.06733639898880293,0.015883536374354072,0.07663454375890809,0.022064214533318475,0.07529429705966884,0.0957865811098533,0.11427289417036676,0.015700242241525945,0.07381034776029233,0.027114334480998998,0.04326474711275082,0.10541669574580513,0.23421102481530592,0.330325719584052,0.33004655985483694
4949000,228087,77799,114593,35695,67172,74589,86326,1142,89,582,21885,18472,7343,29444,3914,14202,5318,2739,18755,1419,14236,28822,28533,4828,15752,4996,5616,17446,37430,49961,45451,0.3410935301003564,0.5024091684313442,0.15649730146829938,0.2945016594545064,0.32701995291270436,0.37847838763278924,0.005006861416915475,0.00039020198433054054,0.002551657920004209,0.09595022951768405,0.08098664106240162,0.03219385585324898,0.12909109243402736,0.017160118726626244,0.06226571439845322,0.02331566463673949,0.012008575675071355,0.08222739568673357,0.006221310289494798,0.062414780325051405,0.12636406283567236,0.1250970024595878,0.021167361576942132,0.06906136693454691,0.021903922626015513,0.024622183640452985,0.11608378579793463,0.2490551474502289,0.33243505802193124,0.30242600872990527
4953001,63860,19133,31926,12801,20331,25238,18291,88,255,225,6479,3264,1362,8714,4089,1119,1536,912,2870,39,2805,5386,10702,2005,7978,1721,2311,5632,12855,15821,10419,0.299608518634513,0.4999373629815221,0.20045411838396493,0.31836830566865015,0.3952082680864391,0.28642342624491074,0.0013780144065142499,0.0039931099279674285,0.0035233322893830255,0.10145631067961165,0.05111180707798309,0.021327904791731914,0.1364547447541497,0.06403069213905418,0.017522705919198245,0.024052615095521455,0.014281240212965863,0.04494206075790792,0.0006107109301597244,0.043924209207641715,0.08434074538051989,0.16758534293767616,0.031396805512057625,0.12492953335421234,0.026949577200125273,0.03618853742561854,0.12591946698861986,0.28741028908712857,0.353723701567286,0.2329465423569656
4957000,105474,29677,55502,20295,28000,37913,39561,395,54,309,6369,14469,3856,12531,2324,980,4460,875,4783,406,9198,10006,13291,2033,7649,2383,9103,8142,22480,25243,19932,0.2813679200561276,0.5262149913722813,0.1924170885715911,0.2654682670610767,0.3594535146102357,0.37507821832868765,0.0037449987674687602,0.0005119745150463621,0.002929631947209739,0.060384549746857044,0.13718072700381137,0.036558772778125415,0.11880653051936971,0.022033866166069362,0.009291389347137684,0.04228530253901435,0.008295883345658646,0.04534766861975463,0.0038492898723856118,0.08720632572956369,0.09486698143618333,0.12601209776817035,0.019274892390541747,0.07252024195536341,0.0225932457288052,0.0863056298234636,0.10741849941290553,0.296581658904706,0.33303428895602727,0.2629655527263612
5000100,120497,29212,61924,29361,26431,35412,58654,785,65,545,6037,11964,4449,14837,3637,2465,3493,1274,9114,763,5748,14671,19017,2235,10137,3482,5779,6131,24392,28729,32033,0.24242927209806053,0.513904910495697,0.2436658174062425,0.21934985933259749,0.2938828352573093,0.4867673054100932,0.006514685012904886,0.0005394325169921243,0.004522934180933965,0.05010083238586853,0.09928877897375038,0.03692208104766094,0.12313169622480227,0.030183324066159322,0.02045694083670133,0.02898827356697677,0.010572877333045636,0.0756367378440957,0.006332107853307551,0.047702432425703545,0.12175406856602239,0.15782135654829582,0.018548179622729196,0.08412657576537175,0.028896984987178104,0.047959700241499786,0.0671632798378704,0.26720709864709424,0.3147176425480638,0.35091197896697157
5000200,65225,13836,33444,17945,17053,21988,26184,877,91,379,3308,5523,1630,8373,1265,816,3060,506,2534,441,1739,7777,10706,625,8497,2191,4887,4079,16227,16130,14953,0.21212725182062092,0.5127481793790725,0.2751245688003066,0.2614488309697202,0.33711000383288614,0.40144116519739365,0.013445764660789575,0.001395170563434266,0.005810655423533921,0.05071674971253354,0.08467612111920277,0.0249904177845918,0.1283710233806056,0.01939440398620161,0.012510540436949023,0.046914526638558836,0.007757761594480644,0.038850134151015715,0.0067612111920275966,0.02666155615178229,0.1192334227673438,0.16413951705634341,0.009582215408202376,0.13027213491759296,0.03359141433499425,0.07492525871981602,0.0793749635135924,0.31576796590710077,0.31388040242075155,0.29097666815855533
5000300,58754,11992,28459,18303,18203,19319,21232,762,83,238,2965,4900,2004,5818,1160,822,1222,681,2248,107,1724,7126,14435,811,6915,1599,3134,3742,14517,14801,13702,0.20410525240834668,0.4843755318786806,0.31151921571297275,0.30981720393505124,0.3288116553766552,0.36137114068829357,0.012969329747761854,0.0014126697756748476,0.004050788031453177,0.05046464921537257,0.08339857711815366,0.03410831602954693,0.09902304523947306,0.019743336623889437,0.013990536814514756,0.020798583926200768,0.011590700207645436,0.03826122476767539,0.0018211526023760084,0.029342683051366714,0.12128535929468631,0.245685400142969,0.013803315518943392,0.11769411444327195,0.027215168328964836,0.05334104912005991,0.08002224028056969,0.3104443779136906,0.31651768530002994,0.29301569650570974
5000400,58939,12136,29047,17756,15554,20405,22980,907,339,460,3031,7195,1263,8046,1187,687,1049,502,1710,582,2103,8373,10553,933,6383,1609,2027,3627,14681,15019,13476,0.20590780298274486,0.4928315716249003,0.3012606253923548,0.2638999643699418,0.3462053988021514,0.3898946368279068,0.015388791801693277,0.005751709394458677,0.00780467941430971,0.05142605066254941,0.12207536605643123,0.021428935000593834,0.1365140229729042,0.02013946622779484,0.011656119038327762,0.017798062403501926,0.008517280578224944,0.0290130473879774,0.009874616128539676,0.03568095827889852,0.14206213203481566,0.17904952578089212,0.015829925855545563,0.10829841022073669,0.02729941125570505,0.03439148950609953,0.07749503236971989,0.31367647373031643,0.3208982330192509,0.2879302608807128
5101300,154139,32139,89240,32760,22796,32320,99023,4,0,558,2021,1087,1731,9551,8767,5720,6408,3293,40111,2703,12711,10731,10441,2925,15656,11367,8354,14754,23552,30689,53005,0.20850660767229579,0.5789579535354453,0.21253543879225895,0.14789248665165858,0.20968087245927378,0.6424266408890676,2.5950603027137845e-05,0.0,0.003620109122285729,0.013111542179461396,0.007052076372624709,0.011230123459993902,0.06196355237804838,0.05687723418472937,0.03710936232880711,0.04157286604947483,0.02136383394209123,0.2602261595053815,0.017536119995588396,0.08246452876948727,0.06961898027105405,0.06773756155158656,0.018976378463594547,0.10157066024821752,0.07374512615236896,0.054197834422177384,0.1209344262295082,0.19304918032786886,0.2515491803278688,0.4344672131147541
5104100,139754,36119,72924,30711,36322,47231,56201,158,43,1078,10065,8598,5896,19869,10679,2098,4922,1447,8475,1339,11744,11005,16956,2800,12607,5116,4859,13234,29449,32652,28300,0.25844698541723315,0.5218025959900969,0.21975041859266997,0.25989953775920543,0.33795812642214174,0.4021423358186528,0.0011305579804513645,0.00030768350100891567,0.007713553815990956,0.07201940552685433,0.06152238934127109,0.042188416789501554,0.1421712437568871,0.07641283970405141,0.015012092677132676,0.03521902772013681,0.010353907580462814,0.06064227141978047,0.009581121112812514,0.08403337292671409,0.07874550996751435,0.12132747542109706,0.020035204716859625,0.09020850923766047,0.036607181189804945,0.03476823561400747,0.12769817146716841,0.28416075650118205,0.31506730351715156,0.273073768514498
5110700,167435,37489,95519,34427,34246,46416,86773,489,201,441,16630,7440,3871,17321,13577,7088,3620,2078,21572,1393,11492,16937,13036,3974,15118,5812,5345,16299,27261,34658,51728,0.22390181264371248,0.570484068444471,0.20561411891181652,0.20453310239794548,0.2772180249051871,0.5182488726968675,0.0029205363275300864,0.0012004658524203422,0.002633857915011796,0.09932212500373279,0.04443515394033506,0.02311941947621465,0.10344909965061068,0.081088183474184,0.04233284558186759,0.02162033027742109,0.012410786275271,0.1288380565592618,0.008319646429957894,0.06863558993042077,0.10115567235046435,0.07785707886642577,0.02373458356974348,0.09029175500940663,0.03471197778242303,0.03192283572729716,0.12542902436396658,0.20978714235143828,0.26671078755790867,0.39807304572668645
5151000,168151,37587,87701,42863,41207,61798,65146,430,187,705,10354,18027,8005,19278,7687,1842,6218,1851,7989,5258,9636,12669,29947,2208,14215,6301,5344,14732,39361,43038,33433,0.22353123085797885,0.5215609779305506,0.25490779121147067,0.24505950009217906,0.3675149121920179,0.38742558771580304,0.0025572253510237823,0.0011120956759103425,0.004192660168538992,0.06157560763837265,0.10720721256489703,0.047606020778942736,0.11464695422566622,0.04571486342632515,0.010954439759501876,0.0369786679829439,0.011007963080802374,0.04751086820774185,0.0312695137108908,0.05730563600573294,0.0753429952840007,0.1780958781095563,0.013131054825722119,0.08453711247628619,0.03747227194604849,0.03178095878109556,0.11283355289360007,0.30146901136607335,0.3296314451150394,0.25606599062528723
5151001,114644,26378,59955,28311,26896,37029,50719,1080,129,1521,6017,4935,2264,11138,2331,2114,2409,1742,7290,2353,6120,20517,19571,2824,11836,5087,3366,9363,22841,26327,29735,0.2300861798262447,0.5229667492411291,0.24694707093262622,0.23460451484595793,0.32299117267366806,0.44240431248037404,0.009420466836467674,0.0011252224276891943,0.01326715746135864,0.052484211995394436,0.04304629984997034,0.01974808973866927,0.097152925578312,0.020332507588709397,0.01843969156693765,0.02101287463800984,0.01519486410104323,0.0635881511461568,0.020524405987230033,0.05338264540665015,0.17896270192945116,0.17071107079306375,0.024632776246467324,0.10324133840410314,0.044372143330658385,0.029360454973657583,0.10607708517435932,0.2587746131013074,0.29826886910021977,0.33687943262411346
5151010,58816,13041,31893,13882,15402,25033,18381,305,3251,575,2847,3117,1269,9224,1198,841,1282,343,2720,586,2761,7929,9133,248,4261,1916,5010,4965,15185,15458,10167,0.22172538084874863,0.5422504080522307,0.23602421109902066,0.26186751904243744,0.42561547878128403,0.3125170021762786,0.005185663764961915,0.055274075081610446,0.009776251360174102,0.04840519586507073,0.052995783460282914,0.02157576169749728,0.15682807399347115,0.02036860718171926,0.014298830250272034,0.021796789989118607,0.005831746463547334,0.046245919477693145,0.009963275299238303,0.04694300870511425,0.13481025571273123,0.15528087595212187,0.0042165397170837865,0.07244627312295975,0.03257616974972796,0.08518090315560392,0.10846531949754233,0.33173129437465865,0.33769524849808846,0.22210813762971054
5151020,74675,17230,38770,18675,20001,33043,21631,355,330,375,2642,14005,2079,10407,2372,712,1326,401,1574,986,4269,6794,10922,982,7625,1983,4536,6645,19883,19012,11905,0.23073317710077001,0.5191831268831604,0.2500836960160696,0.2678406427854034,0.44249079343823233,0.28966856377636424,0.0047539337127552725,0.004419149648476732,0.0050217609641781055,0.03537997991295614,0.1875460328088383,0.027840642785403415,0.13936391027787076,0.03176431201874791,0.00953465015065283,0.01775694676933378,0.005369936391027787,0.0210780046869769,0.01320388349514563,0.05716772681620355,0.09098091730833613,0.1462604620020087,0.013150318044861064,0.10210913960495481,0.02655507197857382,0.06074322062269836,0.1156758638697885,0.3461223779267125,0.3309600487422752,0.20724170946122378
5151040,70917,17965,36373,16579,18250,25781,26886,402,68,278,2240,11711,946,8453,1294,835,885,1187,3390,274,3503,15387,7874,890,7186,1911,2203,5161,15849,16887,15055,0.25332430869890155,0.512895356543565,0.23378033475753346,0.2573430912193127,0.36353765669726584,0.37911925208342145,0.005668598502474724,0.000958867408378809,0.003920075581313367,0.03158622051130194,0.16513670911065048,0.013339537769505196,0.11919567945626577,0.01824668274179675,0.011774327735239787,0.012479377300224206,0.016737876672730093,0.04780236050594357,0.003863671616114613,0.04939577252280836,0.21697195312830492,0.1110312054937462,0.012549882256722648,0.10132972347956061,0.026946994373704472,0.031064483833213474,0.09746562924913128,0.2993088079770358,0.31891146698897116,0.2843140957848618
5151080,62863,14223,31873,16767,16315,23650,22898,413,48,473,3847,9195,1781,7580,3390,734,1036,571,1832,1154,2127,6993,9638,655,6902,2062,2432,5772,16176,15524,11168,0.22625391724862,0.5070232092009608,0.2667228735504192,0.2595326344590618,0.3762149436075275,0.36425242193341073,0.006569842355598683,0.0007635652132414934,0.007524298872150549,0.06119657031958386,0.14627046116157358,0.028331450932981245,0.12057967325771916,0.05392679318518047,0.01167618471915117,0.0164802825191289,0.009083244515851931,0.02914273897205033,0.018357380335014238,0.03383548351176368,0.11124190700412007,0.15331753177544818,0.010419483639024545,0.10979431462068308,0.03280148895216582,0.038687304137569,0.11866776315789473,0.3325657894736842,0.3191611842105263,0.22960526315789473
5151084,59692,13882,31563,14247,13859,21117,24716,357,122,186,3110,8362,1871,7741,2699,571,2304,571,2148,1501,2870,6193,9132,743,5138,1597,2476,5393,14399,14166,11852,0.23256047711586142,0.5287643235274408,0.2386751993566977,0.23217516585137038,0.3537659987938082,0.4140588353548214,0.0059807009314481,0.002043824968169939,0.003115995443275481,0.052100784024659924,0.14008577363800845,0.03134423373316357,0.12968236949675,0.04521543925484152,0.009565770957582256,0.0385981371037995,0.009565770957582256,0.035984721570729745,0.025145748173959658,0.04808014474301414,0.1037492461301347,0.15298532466662199,0.0124472291094284,0.08607518595456677,0.026754003886617972,0.041479595255645645,0.11772538746998472,0.3143200174634359,0.3092337917485265,0.2587208033180528
5151085,31030,7256,15982,7792,8091,12470,10469,204,16,171,1727,5358,450,3672,1555,364,607,174,871,377,1579,3725,3557,864,3053,1194,1512,3243,8085,7241,5205,0.2338382210763777,0.5150499516596841,0.2511118272639381,0.2607476635514019,0.40186915887850466,0.33738317757009345,0.006574282951981953,0.0005156300354495649,0.005510796003867225,0.055655816951337415,0.17267160812117305,0.014502094747019014,0.11833709313567516,0.05011279407025459,0.011730583306477603,0.01956171446986787,0.005607476635514018,0.02806961005478569,0.012149532710280374,0.05088623912342894,0.12004511762810184,0.11463100225588141,0.027844021914276505,0.09838865613922011,0.038478891395423785,0.04872703834998389,0.13640952300832843,0.3400773954740473,0.3045764280306217,0.2189366534870026
5151087,52424,11996,26985,13443,13206,18737,20481,1448,159,263,4881,3954,1485,6963,689,690,942,714,3244,250,1900,7068,6065,900,4885,2894,3030,5087,11720,12479,11142,0.22882649168319855,0.5147451548908897,0.2564283534259118,0.2519075232717839,0.3574126354341523,0.3906798412940638,0.0276209369754311,0.003032962002136426,0.005016786204791699,0.09310621089577292,0.07542347016633603,0.028326720585991148,0.13282084541431405,0.01314283534259118,0.013161910575309018,0.017968869220204485,0.013619716160537159,0.061880054936670224,0.004768808179459789,0.0362429421638944,0.13482374484968718,0.11569128643369449,0.01716770944605524,0.09318251182664429,0.05520372348542652,0.05779795513505265,0.1258286336202632,0.2898980904323736,0.3086722073810231,0.27560106856634015
5151095,31004,7039,15229,8736,8825,12203,9976,272,33,120,2178,3794,1458,4229,525,346,650,358,1453,271,1372,3920,4745,403,2255,1425,1197,2926,7750,7866,5423,0.22703522126177267,0.49119468455683135,0.2817700941813959,0.2846406915236744,0.3935943749193652,0.3217649335569604,0.008773061540446395,0.0010643787898335698,0.003870468326667527,0.07024900012901561,0.1223713069281383,0.04702619016901045,0.13640175461230808,0.01693329892917043,0.011159850341891368,0.020965036769449105,0.011546897174558122,0.0468649206553993,0.008740807637724165,0.04425235453489872,0.1264352986711392,0.15304476841697845,0.012998322797058443,0.07273255063862727,0.04596181137917688,0.038607921558508576,0.12209472146880868,0.32338827456707697,0.3282286668057584,0.22628833715835595
5151096,68826,16510,35150,17166,17778,24978,26070,178,47,305,3657,10958,2335,8370,1439,644,2613,798,3718,1146,3797,5682,11592,658,6887,2140,1862,6176,16379,17079,12682,0.23988027780199342,0.510708162612966,0.24941155958504055,0.2583035480777613,0.36291517740388807,0.37878127451835064,0.0025862319472292447,0.0006828814692122163,0.004431464853398425,0.05313399006189522,0.15921308807718013,0.033926132566181384,0.12161101909162235,0.020907796472263387,0.00935692906750356,0.03796530380960683,0.011594455583645715,0.054020283032574896,0.016650684334408507,0.0551681050765699,0.08255601080986837,0.16842472321506408,0.009560340568971029,0.10006392932903263,0.031092900938598785,0.027053729695173334,0.11805183882559829,0.31307821698906646,0.32645844483523206,0.24241149935010323
5151097,70048,14744,35602,19702,19436,30777,19835,612,28,354,2643,12883,2366,9046,2054,635,1382,559,1823,600,5359,7145,11032,597,5488,2466,2976,7841,18462,18475,10526,0.21048423937871175,0.5082514846962083,0.28126427592507997,0.2774668798538145,0.4393701461854728,0.28316297396071266,0.00873686614892645,0.00039972590223846506,0.005053677478300594,0.03773126998629511,0.18391674280493375,0.0337768387391503,0.1291400182731841,0.029322750114207402,0.00906521242576519,0.01972932846048424,0.007980242119689356,0.026025011420740065,0.008565555047967108,0.07650468250342622,0.10200148469620832,0.15749200548195524,0.008522727272727272,0.07834627683873915,0.03520443124714481,0.042485153037916855,0.1417799797483003,0.33382757124258644,0.33406263561406047,0.1903298133950528
5151100,180836,46725,93971,40140,51048,64317,65471,85,0,1345,10295,6119,4622,23390,2034,4044,9315,4439,14395,3375,13105,18360,25094,4027,25201,6528,5063,17137,36674,43585,36715,0.25838328651374726,0.5196476365325489,0.2219690769537039,0.28228892477161627,0.355664801256387,0.36204627397199673,0.0004700391514963835,0.0,0.00743767833838395,0.05693003605476785,0.03383728903536906,0.025559070096662168,0.12934371474706363,0.011247760401689929,0.02236280386648676,0.05151076113163308,0.02454710345285231,0.07960251277400518,0.018663319250591698,0.07246897741600124,0.10152845672321882,0.1387666172664735,0.022268796036187484,0.13935831361012188,0.03609900683492225,0.027997743812072817,0.12778221025866632,0.27346004429166887,0.32499198425185105,0.27376576119781376
5151105,52646,10824,26359,15463,14890,22340,15416,1515,132,327,2844,5467,1466,6098,2447,458,919,381,1082,483,2802,7527,7987,476,3935,2015,4285,6227,13748,13339,8508,0.2055996656916005,0.5006838126353379,0.29371652167306156,0.28283250389393305,0.42434372981802987,0.2928237662880371,0.02877711507047069,0.0025073129962390303,0.0062112981043194165,0.05402119819169548,0.10384454659423319,0.02784637009459408,0.11583026250807278,0.04648026440755233,0.008699616305132394,0.01745621699654295,0.007237017057326292,0.020552368650989628,0.009174486190783725,0.05322341678380124,0.1429738251719029,0.1517114310678874,0.009041522622801352,0.07474452000151958,0.03827451278349732,0.08139269840063823,0.14889292716751948,0.3287265075797427,0.3189469657118263,0.20343359954091148
5151110,65483,16443,33465,15575,16523,25762,23198,1502,81,137,3620,10304,2638,6537,3901,1090,1070,819,1866,380,2014,10189,7852,854,7562,1459,1608,6785,15066,14394,12795,0.25110333979811555,0.5110486691202297,0.23784799108165477,0.2523250309240566,0.39341508483117754,0.35425988424476584,0.02293725088954385,0.0012369622650153474,0.002092146053174106,0.055281523448834045,0.15735381702121162,0.04028526487790724,0.09982743612846082,0.05957271352870211,0.01664554159094727,0.016340118809461998,0.012507062901821847,0.028495945512575782,0.005803032848220149,0.03075607409556679,0.1555976360276713,0.1199089840111174,0.013041552769421072,0.11548035367958095,0.022280591909350517,0.024555991631415787,0.13835644371941272,0.30721859706362153,0.2935154975530179,0.2609094616639478
5151115,62321,16804,32705,12812,16777,20666,24878,49,40,304,3452,1168,1476,8820,2055,710,4829,682,4686,863,2869,6819,9616,999,7819,2814,2251,5728,11979,14114,13696,0.26963623818616517,0.5247829784502817,0.2055807833635532,0.26920299738450926,0.33160571877858186,0.3991912838369089,0.0007862518252274514,0.0006418382246754705,0.0048779705075335765,0.05539063878949311,0.01874167616052374,0.023683830490524863,0.14152532854094124,0.0329744387927023,0.011392628487989602,0.07748591967394618,0.010943341730716772,0.07519134802073138,0.013847659697373277,0.046035846664848126,0.10941737135155084,0.1542979092119831,0.016029909661269878,0.1254633269684376,0.045153319105919354,0.036119446093612104,0.12584309159215237,0.2631763956324011,0.31008194740426653,0.30089856537118
5151120,47889,12535,24764,10590,13587,16943,17359,340,77,191,2991,1663,2040,8038,1908,578,735,728,4135,745,2223,6218,5404,863,5274,2256,1482,4610,10185,10879,9680,0.26175113282799806,0.5171124892981687,0.22113637787383325,0.28371859926079057,0.35379732297604877,0.36248407776316066,0.007099751508697196,0.0016078849004990707,0.003988389818121072,0.06245693165445092,0.03472613752636305,0.042598509052183174,0.16784647831443547,0.03984213493704191,0.012069577564785232,0.015347992232036584,0.01520182087744576,0.08634550731900854,0.01555680845288062,0.04641984589362902,0.12984192612082107,0.1128442857441166,0.018020839858840235,0.11012967487314415,0.047108939422414335,0.030946563929086013,0.13039542908864626,0.2880862137240482,0.30771624144368387,0.2738021157436217
5151125,47148,9467,23278,14403,13304,20218,13626,1624,15,239,2601,5684,1295,6158,797,625,1154,394,1708,490,1510,5687,6383,780,4834,1973,3197,5692,11900,11784,8305,0.20079324679731908,0.4937218970051752,0.3054848561975057,0.2821752778484771,0.4288198863154323,0.2890048358360906,0.034444727241876645,0.0003181471112242301,0.005069143972172733,0.0551667090862815,0.12055654534656825,0.02746670060235853,0.13060999406125393,0.01690421650971409,0.01325612963434292,0.024476117756850768,0.008356664121489776,0.036226351064732334,0.010392805633324849,0.0320268091965725,0.1206201747688131,0.13538220072961737,0.016543649783659964,0.10252820904386188,0.04184695002969373,0.06780775430559091,0.15105756216660918,0.31580902842281255,0.31273055386003556,0.2204028555505427
5151135,63676,14218,33244,16214,16614,23185,23877,201,160,1632,3539,6315,1787,7749,4390,264,1006,605,1395,214,2279,5951,11460,780,6601,2352,4996,6901,15813,16065,10679,0.22328663860795275,0.5220805326967775,0.2546328286952698,0.2609146303159746,0.364108926440103,0.3749764432439224,0.003156605314404171,0.0025127206482819272,0.025629750612475657,0.055578239839185875,0.09917394308687731,0.028063948740498775,0.12169420189710409,0.06894277278723537,0.00414598906966518,0.015798731076072617,0.009501224951316037,0.021907783152208052,0.003360763867077078,0.035790564733965705,0.09345750361203593,0.17997361643319304,0.012249513160374396,0.10366543124568126,0.03693699352974433,0.07845970224260318,0.13953253265396903,0.31972582797525173,0.32482106029358243,0.2159205790771968
5151145,46805,10633,24505,11667,12401,17843,16561,573,11,392,2542,5972,2175,5425,2419,388,677,377,2356,874,1900,4786,6826,460,4192,1590,2870,5260,11184,11695,8033,0.22717658369832283,0.5235551757290887,0.2492682405725884,0.26495032581989103,0.3812199551329986,0.35382971904711036,0.012242281807499198,0.00023501762632197415,0.008375173592564896,0.05431043691913257,0.1275932058540754,0.046469394295481255,0.11590642025424634,0.05168251255207777,0.008289712637538724,0.014464266638179681,0.00805469501121675,0.050336502510415555,0.018673218673218674,0.0405939536374319,0.10225403268881529,0.14583911975216324,0.009828009828009828,0.08956308086742869,0.03397072962290354,0.06131823523127871,0.14541634413358398,0.30918942828707285,0.32331637730841534,0.2220778502709278
5151175,94913,21250,49927,23736,19054,27432,48427,29,3,383,3357,26829,2009,9546,1495,618,1472,1661,6030,2726,5599,6822,12949,1214,7053,2535,2583,9384,22307,24850,17122,0.22388924594101967,0.5260291003339901,0.25008165372499025,0.20075226786636183,0.28902257857195535,0.5102251535616829,0.0003055429709312739,3.1607893544614545e-05,0.00403527440919579,0.03536923287642367,0.28266939196948787,0.021166752710376872,0.10057631725896347,0.015751266949732914,0.006511226070190596,0.01550893976589087,0.017500237059201583,0.06353186602467523,0.028721039267539748,0.05899086531876561,0.07187634992045347,0.13643020450307122,0.012790660921054018,0.07431015772338878,0.02670867004519929,0.02721439634191312,0.12739095611093765,0.3028250274900561,0.3373471077745951,0.23243690862441116
5151186,54634,12496,28381,13757,13950,17311,23373,3,0,334,2115,2329,1035,6684,1700,1282,729,677,5019,397,3328,6608,9091,957,5789,1483,5074,5092,11055,13719,12272,0.22872204121975326,0.5194750521653183,0.25180290661492843,0.2553355053629608,0.31685397371600105,0.42781052092103816,5.4910861368378664e-05,0.0,0.006113409232346158,0.03871215726470696,0.04262913204231797,0.01894424717209064,0.12234139912874767,0.031116154775414576,0.023465241424753817,0.013343339312516016,0.012391551048797453,0.09186587106929751,0.00726653732108211,0.06091444887798807,0.12095032397408208,0.16639821356664347,0.017516564776512793,0.1059596588205147,0.027144269136435188,0.09287257019438445,0.12084104608666761,0.2623522711092126,0.325573116901609,0.2912335659025108
5151187,162355,34168,88295,39892,39112,54299,68944,9,1,786,6559,7253,4209,15177,9896,3394,5403,3029,10657,2156,11442,20431,33775,2003,13832,6004,6339,16351,35216,41730,34890,0.21045240368328663,0.5438391179821995,0.24570847833451387,0.24090419143235503,0.3344461211542607,0.42464968741338427,5.543407964029442e-05,6.159342182254935e-06,0.004841242955252379,0.040399125373410116,0.044673708847895045,0.02592467124511102,0.09348033630008315,0.06095285023559484,0.02090480736657325,0.03327892581072341,0.0186566474700502,0.06564010963629084,0.01327954174494164,0.07047519324936097,0.12584152012565059,0.20803178220566043,0.012337162391056635,0.08519602106495026,0.03698069046225863,0.03904407009331404,0.1275558363952663,0.2747236459235336,0.32554003136043436,0.27218048632076575
5151200,201454,46493,109587,45374,46559,61784,93111,86,8,621,8847,7149,9465,23194,3476,3881,20908,4214,17830,8503,20016,11580,29292,2615,17016,7168,5585,17080,39303,47945,50633,0.23078717722159897,0.5439802634844679,0.2252325592939331,0.23111479543717175,0.3066903610749849,0.4621948434878434,0.0004268964627160543,3.971129885730738e-05,0.003082589573798485,0.043915732623824796,0.0354870094413613,0.04698343046055179,0.11513298321204841,0.017254559353500055,0.01926494385815124,0.10378547956357283,0.02091792667308666,0.08850655732822381,0.04220814677296058,0.09935766974098305,0.057482105095952425,0.14540292076603095,0.012980630813982348,0.08446593266949279,0.03558132377614741,0.027723450514757712,0.11022128148372816,0.25363155890837047,0.30940042978555893,0.3267467298223424
5151206,64106,17127,31166,15813,20457,23143,20506,47,2,327,3435,2303,1550,8369,1627,459,807,1191,4048,1509,3473,7844,7214,5845,10508,1919,1629,6052,13599,14580,12748,0.26716687985523974,0.4861635416341684,0.24666957851059182,0.3191120955916763,0.36101144978629146,0.31987645462203224,0.0007331607025863414,3.119832776963155e-05,0.005100926590334758,0.05358312794434218,0.03592487442673073,0.02417870402146445,0.1305494025520232,0.025379839640595266,0.00716001622313044,0.01258852525504633,0.018578604186815586,0.06314541540573425,0.023539138302187002,0.05417589617196518,0.12235984151249493,0.112532368265061,0.0911771129067482,0.16391601410164416,0.02993479549496147,0.025411037968364896,0.12882351689052554,0.289469763085634,0.3103514336192767,0.27135528640456374
5151215,88541,20709,47459,20373,20331,28665,39545,871,338,104,10248,5939,6866,9861,1990,833,9438,813,3847,3149,4638,6757,7827,3177,5699,2851,3295,8134,19201,21145,19352,0.2338916434194328,0.5360115652635502,0.23009679131701696,0.229622434804215,0.3237483199873505,0.4466292452084345,0.009837250539298178,0.0038174405077873526,0.0011745970793191854,0.11574298912368282,0.06707626975073695,0.07754599564043776,0.11137213268429315,0.022475463344665183,0.009408070837239246,0.10659468494821608,0.009182186783524017,0.0434487977321241,0.03556544425746264,0.052382512056561366,0.07631492754768977,0.08839972442145447,0.035881681932663965,0.06436566110615421,0.03219977185710575,0.03721439784958381,0.11991390494162048,0.28306698903172545,0.3117260290128553,0.2852930770137988
5151235,163521,34023,88157,41341,32153,47287,84081,20,18,884,7796,6229,4675,8888,3910,2243,7775,2212,12056,10107,9976,18198,28143,3541,12983,5478,18389,13445,31912,40568,43573,0.2080650191718495,0.5391172999186649,0.25281768090948564,0.19662917912683997,0.2891799829991255,0.5141908378740345,0.00012230844967924608,0.00011007760471132149,0.0054060334758226775,0.04767583368497012,0.038092966652601194,0.028589600112523775,0.054353875037456964,0.023911301912292612,0.01371689263152745,0.04754740981280692,0.013527314534524618,0.07372753346664955,0.06180857504540701,0.06100745470000795,0.11128845836314602,0.17210633496615113,0.02165471101571052,0.0793965301092826,0.03350028436714551,0.11245650405758281,0.1038239972818113,0.24642851627052156,0.31327124743239276,0.33647623901527435
5151255,93704,17861,54924,20919,14125,21308,58271,4,0,286,2473,1594,1347,7020,3377,1451,2925,1786,17130,1170,6399,5230,6633,1160,9016,10287,14416,8612,15089,18653,33489,0.19061085972850678,0.586143601126953,0.22324553914454026,0.15074063006915392,0.22739690941688723,0.6218624605139589,4.268761205498164e-05,0.0,0.0030521642619311877,0.026391616152992403,0.017011013403910185,0.01437505335951507,0.07491675915649279,0.03603901647741825,0.015484931272944591,0.031215316315205327,0.019060018782549305,0.1828096986254589,0.012486126526082131,0.06828950738495689,0.0558140527618885,0.07078673269017331,0.012379407495944676,0.09621787757192862,0.10978186630239904,0.15384615384615385,0.11355036061337236,0.19895046345740544,0.2459422754901573,0.4415569004390649
5151256,153108,38428,82225,32455,37730,48286,67092,161,108,729,17254,4082,4275,25193,2569,1625,2435,1980,12548,1073,9572,20880,17545,3280,16202,5589,6008,17688,27714,32060,37218,0.25098623194085223,0.5370392141494893,0.21197455390965855,0.24642735846591948,0.3153721556025812,0.43820048593149935,0.0010515453144185804,0.0007053844345168116,0.004761344932988479,0.1126916947514173,0.026660919089792828,0.027921467199623795,0.1645439820257596,0.016779005669200826,0.010613423204535361,0.015903806463411448,0.012932047966141547,0.08195522115108289,0.007008124983671656,0.06251796117773076,0.13637432400658359,0.11459231392219871,0.021422786529769835,0.10582072785223502,0.036503644486245004,0.03924027483867597,0.15423787931635857,0.24166376002790374,0.2795605162190443,0.3245378444366934
5155000,102792,24661,54676,23455,26532,36364,39896,204,60,240,9469,4440,4298,16161,4409,2085,3341,1355,9504,1479,8164,7388,10654,1120,9869,4254,4298,10582,22757,25692,19100,0.23991166627753133,0.5319090979842789,0.22817923573818974,0.2581134718655148,0.3537629387500973,0.3881235893843879,0.001984590240485641,0.0005837030119075414,0.0023348120476301658,0.09211806366254183,0.04319402288115807,0.04181259241964355,0.15722040625729627,0.042892442991672504,0.020283679663787066,0.032502529379718266,0.013181959685578644,0.09245855708615457,0.014388279243520897,0.0794225231535528,0.07187329753288194,0.10364619814771578,0.01089578955560744,0.09600941707525877,0.04138454354424469,0.04181259241964355,0.1354391982695729,0.29126723067668403,0.32883234567585207,0.24446122537789097
5159300,658744,136087,380152,142505,109432,148068,401244,113,197,2105,26848,6363,17613,62882,8593,22981,26830,10450,183973,19070,47250,57448,66657,9571,50337,24917,14546,58454,96114,133291,234798,0.20658556282865576,0.5770860911067122,0.21632834606463208,0.16612219617939594,0.2247732047654324,0.6091045990551717,0.00017153856429811884,0.0002990539572276939,0.0031954750251994707,0.040756348444919425,0.009659291014415311,0.026737245424626258,0.09545741593092309,0.013044521088617126,0.034886086248982914,0.040729023717863085,0.015863522096595948,0.27927844504086563,0.02894903027579758,0.07172740852288598,0.0872083844406932,0.10118801841079388,0.014529164592011465,0.07641359921304786,0.03782501244793121,0.02208141554230475,0.11184007867492447,0.18389498275159427,0.2550257625938235,0.4492391759796578
5310100,83392,21620,42942,18830,18958,28921,35513,3259,141,188,7015,9847,2546,8240,2549,1236,1991,1126,3400,270,3929,9573,10828,2240,7873,3082,4059,6639,16735,20779,17619,0.25925748273215654,0.5149414811972371,0.22580103607060628,0.22733595548733693,0.34680784727551806,0.4258561972371451,0.03908048733691481,0.0016908096699923254,0.0022544128933231007,0.08412077897160398,0.118080871066769,0.03053050652340752,0.09881043745203377,0.030566481197237146,0.014821565617805066,0.023875191864927092,0.013502494244052187,0.04077129700690714,0.003237720644666155,0.04711483115886416,0.11479518419033001,0.12984458940905602,0.02686108979278588,0.09440953568687643,0.036957981580967,0.048673733691481195,0.10747587903904682,0.27091562520235707,0.3363821796283106,0.28522631613028554
5310200,67616,14839,35007,17770,15225,24167,28224,2812,41,380,5631,6857,1442,8649,1874,625,1665,955,2209,257,2055,6895,9672,2477,7026,2424,3670,6115,14221,18695,13746,0.21945989115002365,0.5177324893516327,0.2628076194983436,0.22516859914813062,0.3574154046379555,0.41741599621391384,0.041587789872219595,0.0006063653573118789,0.005619971604353999,0.08327910553715097,0.10141090866067203,0.021326313298627542,0.12791351159488878,0.02771533364884051,0.009243374349266446,0.02462434926644581,0.01412387600567913,0.03266978230004733,0.0038008755324183624,0.030392214860388074,0.10197290582110743,0.1430430667297681,0.03663334122101278,0.10391031708471368,0.035849503076194986,0.05427709417889257,0.11586486537696344,0.26945449722416964,0.3542262728082309,0.2604543645906361
5310300,50991,11305,26397,13289,12775,20954,17262,10677,3,1249,2537,2334,2750,5289,749,769,792,700,1171,79,1505,4328,7184,1037,5125,971,1742,8230,11070,12276,8110,0.22170579121805808,0.5176795905159735,0.2606146182659685,0.2505344080327901,0.41093526308564254,0.3385303288815673,0.20938989233394129,5.883391186680002e-05,0.02449451864054441,0.04975387813535722,0.04577278343237042,0.05393108587790002,0.10372418662116845,0.014688866662744406,0.015081092741856405,0.015532152732835206,0.013727912768920006,0.02296483693200761,0.0015492930124924005,0.029515012453178013,0.08487772351983683,0.14088760761703045,0.020336922201957208,0.10050793277245004,0.01904257614088761,0.03416289149065521,0.2073779166456685,0.27893967646021267,0.30932822657864234,0.2043541803154765
5310400,29481,5629,15154,8698,7509,12055,9917,4811,535,360,1142,2086,427,3016,460,304,344,292,605,184,515,3544,4095,762,1941,533,3525,3430,7380,8265,4777,0.19093653539567856,0.5140259828364031,0.29503748176791833,0.25470642108476643,0.40890743190529494,0.33638614700993863,0.16318985109053288,0.018147281299820222,0.012211254706421084,0.03873681354092466,0.07075743699331773,0.014483904887893898,0.10230317831823886,0.015603269902649163,0.010311726196533361,0.011668532275024592,0.009904684372985991,0.020521691937179877,0.006241307961059666,0.017468878260574607,0.12021301855432312,0.13890302228553983,0.025847155795257964,0.06583901495878701,0.018079440995895663,0.11956853566703979,0.14380345463692773,0.30940801609927887,0.34651182290793225,0.20027670635586114
5310500,229189,55784,121912,51493,46092,84471,98626,1710,175,595,11147,16166,10871,30515,7266,3779,11881,3269,10124,4144,11979,20373,44293,4156,20554,6083,10109,16677,49793,61150,45785,0.2433973707289617,0.5319277975819083,0.22467483168912994,0.20110912827404456,0.3685648089567998,0.4303260627691556,0.007461091064579888,0.0007635619510534973,0.002596110633581891,0.04863671467653334,0.07053567143274765,0.047432468399443255,0.13314338820798555,0.03170309220774121,0.016488574931606666,0.05183931165980915,0.01426333724567933,0.04417314967123204,0.018081147000946818,0.05226690635239911,0.08889170073607372,0.19325971141721462,0.018133505534733342,0.08968144195402047,0.026541413418619566,0.04410770150399888,0.09617369741356939,0.28714858279749716,0.35264265736282113,0.2640350624261123
5310600,38226,9557,19257,9412,8638,12682,16906,2972,16,223,1240,4672,1234,3549,845,239,415,382,813,15,278,10211,4980,436,2852,575,2279,3245,7510,9354,8560,0.250013080102548,0.5037670695338251,0.24621985036362684,0.22597185161931668,0.33176372102757284,0.44226442735311045,0.07774812954533564,0.00041856328153612725,0.005833725736409773,0.03243865431904986,0.12222047820854916,0.03228169308847381,0.09284256788573222,0.02210537330612672,0.006252289017945901,0.0108564851148433,0.009993198346675038,0.021268246743054466,0.0003924030764401193,0.007272537016690211,0.2671218542353372,0.1302778213781196,0.011405849421859467,0.07460890493381468,0.015042117930204572,0.05961910741380212,0.1131884614043043,0.26195542223307405,0.3262757682514214,0.29858034811120027
5310700,147229,34633,77878,34718,30461,50770,65998,16062,78,2429,9041,11671,3873,15989,3167,1211,2772,1845,9671,544,11772,14185,19420,2194,11649,3179,6477,18004,28498,36587,29507,0.23523218931052986,0.5289582894674283,0.23580952122204185,0.2068953806654939,0.34483695467604886,0.44826766465845724,0.10909535485536137,0.0005297869305639514,0.016498108388972282,0.06140773896447031,0.07927106752066508,0.02630595874454082,0.1085995286254746,0.021510707808923515,0.008225281704012117,0.01882781245542658,0.01253149854987808,0.06568678724979454,0.0036949242336767893,0.07995707367434404,0.09634650782114937,0.13190336143015302,0.014901955457144992,0.0791216404376855,0.021592213490548736,0.04399269165721427,0.15989910831645884,0.2530995772496359,0.32494049522185514,0.26206081921205016
5310800,50598,12274,26077,12247,12293,18315,19990,8744,52,1703,2280,5227,2135,4772,1187,622,682,498,740,56,1917,6231,4609,1166,4681,804,2492,6770,10968,12326,8260,0.242578758053678,0.5153761018222064,0.24204514012411557,0.24295426696707378,0.36197082888651727,0.39507490414640895,0.17281315467014507,0.001027708605083205,0.03365745681647496,0.04506106960749437,0.10330447843788292,0.04219534368947389,0.09431202814340488,0.023459425273726235,0.012292976006956797,0.01347879362820665,0.00984228625637377,0.014625083995414838,0.0011067631131665284,0.037886872998932765,0.1231471599667971,0.09109055693900944,0.023044389106288785,0.09251353808450927,0.015889956124748014,0.04925095853591051,0.17665170650245277,0.28619142051977875,0.32162613505897086,0.21553073791879762
5310900,105235,23977,54535,26723,23737,45527,35971,25718,47,639,3421,8890,4128,9790,3475,861,1371,890,1509,637,3182,10028,14583,2211,6264,1745,5846,19160,22605,24572,14921,0.22784244785480115,0.5182211241507103,0.2539364279944885,0.22556183779160927,0.4326222264455742,0.34181593576281655,0.24438637335487243,0.0004466194707084145,0.006072124293248444,0.032508195942414594,0.0844775977574001,0.039226493086900745,0.09302988549436975,0.03302133320663277,0.008181688601700954,0.01302798498598375,0.008457262317669977,0.014339335772319096,0.006053119209388512,0.030237088421152657,0.09529149047370171,0.13857556896469805,0.021010120207155415,0.05952392264930869,0.016581935667791134,0.05555186012258279,0.23579216815575083,0.2781879937975338,0.30239484112333553,0.18362499692337986
5311000,33691,7296,17498,8897,8029,11887,13775,2980,172,527,1383,4937,797,4134,1233,303,388,419,726,98,1198,3955,4006,386,3078,813,2158,3368,8100,9106,5821,0.21655635036063042,0.5193671900507554,0.26407645958861414,0.23831290255557863,0.35282419637291856,0.40886290107150275,0.08845092161111276,0.005105220978896441,0.015642159627200142,0.041049538452405686,0.14653765100471935,0.02365616930337479,0.12270339259742959,0.036597310854530885,0.008993499747707103,0.011516428719836158,0.012436555756730285,0.021548781573714048,0.002908788697278205,0.0355584577483601,0.11739040099729899,0.11890415838057641,0.011457065685197828,0.09135971030839096,0.024131073580481433,0.06405271437475883,0.1275999242280735,0.30687630232998675,0.3449895813601061,0.22053419208183367
5311100,152503,36567,83117,32819,29996,50284,72223,674,125,1659,12228,13687,7423,17601,3933,3270,5160,2990,8534,2958,7412,15810,23098,2573,12995,4899,5474,10766,29307,40399,35464,0.23977888959561452,0.5450187865156751,0.21520232388871038,0.19669121263188266,0.3297246611542068,0.47358412621391055,0.004419585188488095,0.0008196560067670799,0.010878474521812686,0.08018202920598283,0.0897490541169682,0.04867445230585628,0.115414123000859,0.025789656596919404,0.02144220113702681,0.033835399959345064,0.019606171681868553,0.05595955489400208,0.019396339744136182,0.04860232257726078,0.10367009173590028,0.1514593155544481,0.016871799243293576,0.08521143846350564,0.0321239582172154,0.035894375848343964,0.09286157880209771,0.2527860198730334,0.34845949489373446,0.3058929064311344
5311200,43848,9386,23509,10953,8997,15118,19733,1959,210,392,2537,7722,1577,4722,939,371,979,532,943,106,1467,4215,6902,634,3832,1217,2592,3823,10742,12291,7606,0.21405765371282612,0.5361476008027732,0.24979474548440064,0.20518609742747673,0.3447819740923189,0.45003192848020435,0.04467706622879037,0.004789272030651341,0.008939974457215836,0.057858967341725964,0.17610837438423646,0.03596515234446269,0.10769020251778873,0.02141488779419814,0.008461047254150703,0.022327130085750775,0.012132822477650063,0.021506112023353403,0.0024174420726144866,0.03345648604269294,0.09612753147235906,0.1574074074074074,0.014459040321109286,0.08739281153074256,0.027754971720488963,0.059113300492610835,0.11093378213684638,0.31170564679937324,0.3566537055307295,0.22070686553305088
5311300,34286,7340,17928,9018,7469,13204,13613,1349,64,484,1464,3371,866,4039,906,290,746,352,654,79,1064,4117,3994,1255,3464,1140,4588,3033,8462,9708,5743,0.21408154932042234,0.5228956425363122,0.26302280814326545,0.21784401796651695,0.3851134573878551,0.39704252464562795,0.039345505454121216,0.0018666511112407397,0.014116549028758094,0.04269964416963192,0.09832001399988334,0.025258122848976258,0.11780318497345856,0.02642477979350172,0.008458262847809601,0.02175815201539987,0.010266581111824068,0.019074841042991307,0.002304147465437788,0.0310330747243773,0.1200781660152832,0.11649069591086741,0.03660386163448638,0.10103249139590503,0.033249722918975676,0.13381555153707053,0.11255845023380094,0.3140354783641357,0.36027610777109775,0.21312996363096565
5311400,117386,24644,63616,29126,22008,36375,59003,2081,46,244,5285,3646,2960,11934,2629,1752,2433,1293,5131,960,7056,12030,13997,3127,8581,4066,28135,8241,23003,32067,29431,0.20993985654166597,0.5419385616683421,0.248121581789992,0.18748402705603734,0.30987511287547065,0.502640860068492,0.017727838072683286,0.0003918695585504234,0.0020786124410065937,0.045022404716064945,0.031059921966844428,0.02521595420237507,0.10166459373349462,0.02239619716150137,0.014925118838703082,0.020726492085938696,0.011014942156645597,0.04371049358526571,0.0081781473088784,0.060109382720256246,0.10248240846438246,0.11923909154413644,0.02663861107798204,0.07310071047654745,0.03463786141447873,0.2396793484742644,0.08885941644562334,0.24803217528196503,0.3457656725108365,0.3173427357615751
5311500,295267,69313,158721,67233,58771,98318,138178,1065,196,664,21689,16790,13644,42465,14594,3278,7727,5108,9707,952,20254,28242,49271,7091,27045,11275,14210,25069,61166,77624,62095,0.23474685623520408,0.5375507591434193,0.2277023846213766,0.19904357750781496,0.33297998083090896,0.46797644166127605,0.0036069049368876306,0.0006638059789952823,0.0022488120921064663,0.07345555040014631,0.056863787690463206,0.046209024374549136,0.14381898417364622,0.049426451313556885,0.0111018163221762,0.026169534692329317,0.017299596636264805,0.032875329786261245,0.0032242004694056567,0.06859554233964514,0.09564902274890184,0.1668693081177375,0.024015552025793602,0.09159506480575208,0.038185777618223504,0.04812593347715796,0.11094736096727653,0.2707011161563858,0.3435389504058348,0.27481257247050284
5311600,1359383,295645,787837,275901,197882,328689,832812,2756,435,5493,70309,101918,67188,147354,61756,110385,43353,28127,126583,34546,74081,102329,160721,29286,110014,45678,37071,98570,219212,319492,426464,0.2174846971015527,0.5795548421600094,0.20296046073843796,0.14556751114292293,0.24179278393212214,0.6126397049249549,0.002027390367541745,0.000319998116792692,0.004040803805844269,0.05172125883581007,0.07497371969489099,0.04942536430130434,0.10839770690085135,0.04542943379459652,0.0812022807406007,0.03189167438462891,0.020691004669029994,0.09311798073096397,0.025412999868322614,0.05449604710372279,0.07527606274317099,0.11823084443457069,0.021543597352622477,0.08092936280650855,0.033602009146796744,0.02727046020142962,0.09266379503223539,0.20607706032876516,0.30034839405943947,0.40091075057956
5311700,278016,61128,150507,66381,48473,78054,151489,1417,161,1384,22390,57805,8691,35110,4781,6321,9342,3332,13855,1832,14270,19212,31819,6455,21414,7321,11104,21021,52271,72082,71514,0.21987223756906077,0.5413609288674033,0.23876683356353592,0.17435327463167588,0.28075362569060774,0.5448930996777164,0.0050968289594843464,0.0005791033609576428,0.004978130755064457,0.0805349332412523,0.20791968807550645,0.03126079074585635,0.12628769567219153,0.017196851979742172,0.022736101519337016,0.03360238259668508,0.011984921731123388,0.04983526127992634,0.006589548802946593,0.05132798112338858,0.0691039364640884,0.11445024746777165,0.023218088167587476,0.07702434392265194,0.026333016804788213,0.039940147329650094,0.09692099147947328,0.24100457378923684,0.3323466489616761,0.3297277857696138
5311800,67302,15900,34609,16793,15517,25421,26364,218,55,257,4108,2819,1174,10463,1377,1373,1587,1165,4292,331,2723,8246,11049,2702,7356,2345,3662,4914,13328,17798,15362,0.23624855130605332,0.5142343466761761,0.24951710201777064,0.23055778431547352,0.3777153725000743,0.39172684318445217,0.003239131080799976,0.0008172119699265995,0.0038186086594752013,0.061038304953790375,0.041885828058601526,0.0174437609580696,0.15546343347894565,0.02046001604707141,0.020400582449258565,0.0235802799322457,0.017310035362990698,0.06377225045318119,0.004918130219012808,0.040459421711093284,0.12252236189117709,0.16417045555852725,0.04014739532257585,0.10929838637781938,0.03484294671777956,0.05441145879765832,0.09559939301972686,0.25928952180848996,0.3462511186335162,0.298859966538267
5311900,29122,5933,14613,8576,7207,11295,10620,806,21,192,1734,1734,496,3924,759,346,400,365,787,145,741,2799,5167,1109,3267,1320,3010,2397,6950,8295,5547,0.2037291394821784,0.5017855916489252,0.29448526886889637,0.2474761348808461,0.3878511091271204,0.3646727559920335,0.027676670558340773,0.0007211043197582584,0.006592953780646934,0.05954261383146762,0.05954261383146762,0.017031797266671245,0.1347434928919717,0.02606277041411991,0.011881052125540829,0.013735320376347778,0.012533479843417348,0.027024242840464254,0.00497905363642607,0.02544468099718426,0.09611290433349358,0.17742600096147243,0.03808117574342421,0.11218322917382048,0.04532655724194767,0.10335828583201703,0.10336797619560999,0.2997110699038337,0.35771270861184185,0.23920824528871448
5400100,58386,11589,29995,16802,14254,22269,21863,5,2796,617,2815,5551,2497,6188,1498,479,1774,456,2137,915,2982,4374,11095,1126,6486,1917,2678,4221,16398,15782,10396,0.19848936388860344,0.5137361696297057,0.2877744664816908,0.24413386770801218,0.3814099270373035,0.3744562052546843,8.563696776624533e-05,0.04788819237488439,0.010567601822354673,0.04821361285239612,0.09507416161408556,0.042767101702462916,0.10598431130750523,0.0256568355427671,0.008204021512006303,0.030383996163463843,0.007810091460281574,0.036601240023293256,0.015671565101222897,0.051073887575788714,0.07491521940191141,0.1900284314732984,0.019285445140958448,0.11108827458637345,0.03283321344157846,0.045867159935601,0.09019808962112956,0.3504070773767549,0.33724384041712074,0.22215099258499477
5400200,58142,13304,31583,13255,14129,21479,22534,11,2616,1037,3899,2632,1975,7883,2704,887,1158,520,2988,493,3153,5047,10726,639,5119,1810,2845,4663,15676,14493,10006,0.2288190980702418,0.5432045681263115,0.22797633380344673,0.24300849643975095,0.36942313645901415,0.38756836710123493,0.00018919197826012177,0.04499329228440714,0.017835643768704206,0.0670599566578377,0.045268480616421865,0.03396855973306732,0.13558185132950362,0.04650682811048812,0.015255753156066183,0.019916755529565545,0.008943620790478484,0.05139142100374944,0.00847924048020364,0.05422930067765127,0.08680471947989406,0.18447937807436965,0.010990334009837982,0.0880430669739603,0.031130680059165493,0.04893192528636786,0.10399661001828805,0.3496141665551541,0.32323029573129936,0.2231589276952585
5400300,67813,17726,35847,14240,15603,22734,29476,61,1017,844,3973,4306,1323,6457,1170,681,831,770,3245,1153,2993,11183,15599,415,7008,2050,2734,4546,15273,15176,15092,0.2613953076843673,0.5286154572132187,0.209989235102414,0.23008862607464645,0.335245454411396,0.4346659195139575,0.0008995325380089363,0.01499712444516538,0.01244599118163184,0.058587586450975476,0.0634981493224013,0.01950953357025939,0.0952177311135033,0.017253329007712384,0.010042322268591568,0.012254287525990592,0.011354754987981655,0.04785218173506555,0.01700263961187383,0.044136080102635186,0.16490938315662187,0.23002964033444914,0.006119770545470632,0.1033430168256824,0.03023019185111999,0.04031675342485954,0.09076207399125522,0.3049294228043205,0.3029927925409787,0.3013157106634456
5400400,65695,14776,34562,16357,17485,22951,25259,253,203,382,2623,4254,2062,7814,2946,2388,1519,543,2860,343,2990,8642,10821,1012,8078,1710,4252,5162,16451,16237,13069,0.22491818251008447,0.5260978765507268,0.24898394093918869,0.2661541974275059,0.34935687647461755,0.38448892609787655,0.0038511302230002284,0.003090037293553543,0.0058147499809726765,0.03992693507877312,0.064753786437324,0.031387472410381305,0.118943603013928,0.044843595402998704,0.036349798310373695,0.023122003196590305,0.008265469213791003,0.04353451556435041,0.005221097496004262,0.04551335718091179,0.1315473019255651,0.16471573179085167,0.015404520892000914,0.1229621736814065,0.02602937818707664,0.06472334272014613,0.10137669632160883,0.32308175730081107,0.31887900390816787,0.2566625424694122
5400500,41956,8689,22715,10552,10214,18590,13152,356,1777,526,2458,5510,1073,4589,1575,468,958,262,817,411,1218,4248,8540,191,3407,1145,2427,3715,13240,9950,6362,0.2070979120983888,0.5414005148250548,0.2515015730765564,0.24344551434836495,0.44308323005052913,0.31347125560110595,0.008485079607207551,0.042353894556201734,0.012536943464581942,0.058585184478977974,0.13132805796548766,0.025574411288016016,0.10937648965582991,0.037539326913909814,0.011154542854418916,0.022833444560968634,0.006244637239012299,0.019472781008675756,0.00979597673753456,0.029030412813423587,0.10124892744780246,0.20354657259986653,0.004552388216226523,0.08120411860043855,0.027290494804080464,0.05784631518733912,0.11167222773318905,0.3979920040881354,0.29909519944689933,0.19124056873177622
5400600,28853,5747,15782,7324,7178,10797,10878,52,1622,212,1546,5028,530,3835,766,252,795,158,602,139,594,2975,4934,79,2544,734,1456,2354,8890,7416,4446,0.1991820607909056,0.5469795168613316,0.25383842234776277,0.24877828995251794,0.37420718816067655,0.3770145218868055,0.0018022389352926906,0.056215991404706615,0.007347589505424046,0.053581949883894225,0.17426264166637784,0.018368973763560115,0.13291512147783593,0.026548365854503864,0.008733927147956885,0.027553460645340172,0.005476033688004714,0.020864381520119227,0.004817523307801615,0.020587113991612657,0.10310886216337989,0.17100474820642567,0.002738016844002357,0.08817107406508855,0.025439295740477593,0.05046269018819533,0.10187830000865576,0.38474855016013154,0.3209555959491041,0.19241755388210854
5400700,41963,8888,23029,10046,10786,16363,14814,9,182,618,2057,3341,942,6396,1661,621,1684,358,1182,404,2603,3055,7098,517,4309,1311,3615,3106,11237,10950,7782,0.2118056383004075,0.548792984295689,0.23940137740390344,0.257035960250697,0.38993875557038343,0.35302528417891954,0.00021447465624478706,0.004337154159616805,0.014727259728808713,0.049019374210614114,0.07961775850153707,0.022448347353621046,0.152419989037962,0.03958248933584348,0.014798751280890308,0.04013059123513572,0.008531325215070419,0.028167671520148704,0.009627529013654887,0.062030836689464526,0.07280223053642494,0.1691490122250554,0.012320377475394991,0.10268569930653194,0.031241808259657316,0.08614732025832281,0.09390778533635677,0.3397430083144369,0.3310657596371882,0.23528344671201815
5400800,67029,16051,36334,14644,16499,26395,24135,218,167,780,2807,5563,2180,9176,1703,741,1359,761,2086,573,3951,5602,17768,915,6492,1842,2345,5015,16758,17155,12050,0.23946351579167227,0.5420638827969984,0.21847260141132943,0.24614719002222918,0.39378477972220977,0.360068030255561,0.003252323621119217,0.002491458920765639,0.011636754240701786,0.04187739635083322,0.08299392800131286,0.03252323621119217,0.13689597040087126,0.02540691342553223,0.011054916528666697,0.02027480642706888,0.011353294842530845,0.031120858136030674,0.00854853869220785,0.05894463590386251,0.08357576571334796,0.2650792940369094,0.013650807859284787,0.09685360068030256,0.027480642706888065,0.034984857300571395,0.0983757699399741,0.3287300404095885,0.3365177135234807,0.23637647612695672
5400900,28474,5727,16480,6267,6058,9446,12970,93,1035,635,2883,2713,1704,3321,1372,263,728,513,1140,311,1875,2473,3440,347,2036,767,825,2277,8216,7309,4945,0.20113085621970922,0.5787736180375079,0.22009552574278288,0.21275549624218584,0.3317412376202852,0.45550326613752895,0.0032661375289738006,0.036348949919224556,0.022301046568799606,0.10125026339818782,0.09527990447425722,0.05984406827281028,0.11663271756690315,0.048184308491957574,0.009236496452904404,0.025567184097773407,0.018016436046919996,0.04003652454871111,0.010922244854955398,0.06584954695511695,0.08685116246400225,0.12081196881365457,0.012186556156493644,0.071503828053663,0.02693685467443984,0.02897380066025146,0.10010111223458039,0.36119048665758124,0.3213170967600123,0.21739130434782608
5401000,110380,21528,60852,28000,22910,43232,44238,39,1916,1023,4763,3813,3567,12640,4110,2140,5175,1365,5419,1414,7798,6735,22210,1239,9042,3219,12753,8554,28896,29282,22120,0.19503533248776952,0.5512955245515492,0.25366914296068127,0.20755571661532887,0.3916651567312919,0.4007791266533792,0.00035332487769523465,0.017358217068309475,0.009267983330313463,0.043150933140061604,0.03454430150389563,0.03231563689074107,0.11451349882225041,0.03723500634172858,0.019387570211994925,0.04688349338648306,0.012366370719333213,0.049094038775140424,0.012810291719514404,0.07064685631454974,0.06101648849429244,0.20121398804131183,0.011224859576010146,0.08191701395180287,0.029162891828229752,0.11553723500634173,0.09627245306802323,0.32521496421014723,0.32955926709584477,0.24895331562598477
5401100,28329,5637,15323,7369,7202,12773,8354,567,453,203,1369,2384,734,3721,626,301,402,267,678,33,1128,3056,5672,225,4263,770,1477,2542,8504,7116,4530,0.19898337392777718,0.5408944897454905,0.2601221363267323,0.2542271170884959,0.4508807229340958,0.2948921599774083,0.02001482579688658,0.01599068092767129,0.00716580182851495,0.04832503794698013,0.08415404708955487,0.02590984503512302,0.131349500511843,0.022097497264287478,0.010625154435384235,0.014190405591443397,0.009424970877898974,0.023933072116911997,0.001164884041088637,0.039817854495393414,0.10787532210808712,0.2002188570016591,0.007942391189240708,0.15048183839881393,0.02718062762540153,0.05213738571781567,0.11202185792349727,0.3747576238321876,0.313590692755156,0.19962982548915917
5401200,64507,14499,34996,15012,15998,27345,21164,104,2355,532,2264,1942,2297,9198,1558,901,1282,492,1952,614,5610,5199,15083,906,6668,2239,3311,5321,17224,16547,10916,0.22476630443207715,0.5425147658393663,0.2327189297285566,0.24800409257909994,0.4239074829088316,0.32808842451206843,0.0016122281302804347,0.03650766583471561,0.008247166974126838,0.035096966220720234,0.030105259894275038,0.035608538608213065,0.14258917636845614,0.024152417567085742,0.013967476397910305,0.019873812144418437,0.0076270792317112875,0.03026028182987893,0.00951834684607872,0.08696730587378114,0.08059590432046135,0.23381958547134418,0.014044987365712249,0.10336862666067248,0.03470941138171051,0.0513277628784473,0.10640297552391617,0.3444248920172772,0.3308870580707087,0.2182850743880979
5401300,23425,4310,13672,5443,4979,8886,9560,100,4187,326,494,682,379,2805,789,217,459,176,606,127,797,2979,4186,112,1488,756,1760,2010,6982,6183,3940,0.183991462113127,0.583649946638207,0.23235859124866595,0.21255069370330842,0.37933831376734256,0.40811099252934896,0.004268943436499467,0.17874066168623265,0.013916755602988261,0.021088580576307366,0.02911419423692636,0.016179295624332977,0.11974386339381003,0.033681963713980786,0.009263607257203842,0.01959445037353255,0.007513340448239061,0.025869797225186765,0.005421558164354323,0.034023479188900745,0.1271718249733191,0.17869797225186768,0.004781216648879402,0.06352187833511205,0.03227321237993597,0.07513340448239061,0.10515302118754905,0.36526288255296885,0.32346324875752025,0.2061208475019618
5500100,64152,12796,32160,19196,19031,23595,21526,998,115,392,2333,11024,2192,7089,2859,809,1369,559,1314,718,1517,6062,8935,1400,6132,1815,6520,4249,18198,18401,10508,0.1994637735378476,0.5013093901982791,0.2992268362638733,0.29665481980296793,0.367798353909465,0.33554682628756705,0.01555680259383963,0.001792617533358274,0.006110487591969073,0.036366753959346555,0.17184187554557925,0.0341688489836638,0.11050317994762439,0.04456603067714179,0.012610674647711685,0.021339942636238934,0.008713680009976306,0.02048260381593715,0.011192168599576008,0.023646963461778275,0.09449432597580745,0.13927858835266244,0.02182316997131812,0.09558548447437336,0.028292181069958847,0.10163362015213867,0.08273619440766415,0.3543500272606901,0.35830282732300023,0.20461095100864554
5500104,344622,85631,185145,73846,74648,95467,174507,1954,135,1521,15526,23799,13321,31080,7540,17474,18516,4665,23310,10529,17706,39084,50104,5395,26951,11389,24623,20964,66345,84074,87608,0.2484780426090035,0.5372408029667287,0.21428115442426776,0.21660834189343686,0.2770194590014567,0.5063721991051064,0.005669980442339723,0.0003917335515434302,0.0044135313473893135,0.04505226015750591,0.0690582725420896,0.038653945482296545,0.09018576875533194,0.021879044286203436,0.05070483021977703,0.05372843289169003,0.013536570503334087,0.06763932656649894,0.030552315290376122,0.05137803158242944,0.11341121576684018,0.1453882804928298,0.015654833411680044,0.07820452553812583,0.03304780310020834,0.07144929807151024,0.08094489769914785,0.2561672027213301,0.32462131888752893,0.33826658069199317
5500200,158895,38427,84992,35476,37597,52120,69178,879,70,661,7282,26385,8200,15883,7568,1697,10253,1406,7126,5591,6630,10928,22741,2975,13562,4303,4755,11078,38156,41720,29514,0.2418389502501652,0.5348941124642059,0.22326693728562888,0.23661537493313195,0.32801535605273924,0.4353692690141288,0.005531955064665345,0.000440542496617263,0.004159979860914441,0.04582900657667013,0.16605305390352118,0.05160640674659366,0.09995909248245696,0.047628937348563515,0.010680008810849932,0.06452688882595424,0.008848610717769597,0.04484722615563737,0.035186758551244535,0.04172566789389219,0.06877497718619215,0.14311967022247396,0.018723056106233676,0.08535196198747601,0.027080776613486894,0.029925422448786935,0.09195803034830827,0.31673141415147593,0.34631603413354584,0.24499452136667
5500600,43601,8857,21642,13102,12374,16495,14732,877,3,159,2088,6130,1449,6499,1386,544,1937,375,941,459,1108,3233,5126,1175,4551,1316,4245,2938,12649,12481,6676,0.20313754271691017,0.4963647622760946,0.30049769500699525,0.2838008302561868,0.3783170110777276,0.3378821586660856,0.020114217563817344,6.880576133574918e-05,0.0036467053507947067,0.04788880988968143,0.14059310566271416,0.03323318272516686,0.1490562143070113,0.03178826173711612,0.012476778055549184,0.04442558656911539,0.008600720166968648,0.02158207380564666,0.010527281484369624,0.025412261186670032,0.07414967546615903,0.11756611086901676,0.026948923189835095,0.1043783399463315,0.030182793972615307,0.09736015229008509,0.0845613631130555,0.36406285977434955,0.3592274925166935,0.19214828459590144
5500700,73613,16598,37109,19906,19466,26707,27440,2253,941,482,3000,14771,2378,7675,5240,556,1793,301,1379,1035,1692,7259,9833,516,5622,1281,5606,4858,20143,20192,11822,0.22547647833942375,0.5041093285153437,0.2704141931452325,0.2644369880320052,0.36280276581582055,0.37276024615217423,0.030606007091138792,0.012783068208061077,0.006547756510398978,0.04075367122654966,0.200657492562455,0.03230407672557836,0.10426147555458955,0.07118307907570674,0.007553013733987203,0.02435711083640118,0.004088951679730482,0.018733104207137325,0.014060016573159632,0.022985070571774006,0.09861029981117465,0.13357694972355427,0.0070096314509665416,0.07637237987855405,0.017401817613736704,0.07615502696534579,0.08520564763658686,0.3532929930719986,0.35415241603086905,0.20734894326054548
5500800,54546,12536,26232,15778,15780,19345,19421,1894,58,158,1989,9595,2697,9782,1319,1236,1597,236,1181,252,1386,5743,6932,650,3342,1230,3269,3331,14800,14818,9061,0.22982436842298243,0.48091519084809153,0.28926044072892604,0.2892971070289297,0.35465478678546547,0.3560481061856048,0.0347229861034723,0.0010633227001063323,0.0028966377002896636,0.03646463535364646,0.17590657426759065,0.04944450555494445,0.1793348733179335,0.024181424852418143,0.02265977340226598,0.029278040552927802,0.004326623400432663,0.021651450152165144,0.004619953800461996,0.025409745902540973,0.10528728046052872,0.12708539581270853,0.011916547501191655,0.06126938730612694,0.02254977450225498,0.05993106735599311,0.07929064508450369,0.35229707212568434,0.3527255415377291,0.21568674125208284
5500900,72229,20521,35386,16322,19628,24455,28146,47,3,526,2666,8038,3988,8546,2544,871,3280,657,2162,2090,2436,6122,15408,831,6648,2907,2459,3468,14689,19099,14452,0.2841102604217143,0.48991402345318363,0.22597571612510212,0.2717468052998103,0.3385759182599787,0.389677276440211,0.0006507081643107339,4.153456367940855e-05,0.007282393498456299,0.03691038225643439,0.1112849409516953,0.05521327998449376,0.11831812706807515,0.03522131000013845,0.012058868321588282,0.04541112295615334,0.009096069445790472,0.02993257555829376,0.028935746029987955,0.03372606570767974,0.08475819961511305,0.2133215190574423,0.011505074139196167,0.09204059311356934,0.04024699220534688,0.03404449736255521,0.06706892550475749,0.28407596503442406,0.3693625744565638,0.27949253500425464
5501000,56915,13576,28729,14610,15025,19986,21904,844,190,333,2664,11441,2080,7307,1307,262,1475,550,1574,472,1384,3803,6755,945,6916,1251,5362,4173,15651,14969,8546,0.23853114293244312,0.5047702714574366,0.2566985856101204,0.26399016076605464,0.3511552314855486,0.38485460774839675,0.014829131160502504,0.003338311517174734,0.005850830185364139,0.046806641482913115,0.20101906351576912,0.036545726082754984,0.1283844329262936,0.02296406922603883,0.004603355881577792,0.025915839409645963,0.00966353333919002,0.02765527541070017,0.008293068611086708,0.02431696389352543,0.06681894052534482,0.11868575946587016,0.016603707282790127,0.12151453922516033,0.02198014583150312,0.09421066502679434,0.09628740856964858,0.36112969842405224,0.34539329472299773,0.1971895982833014
5501001,67587,15872,34318,17397,18095,22401,27091,1520,39,191,3323,19055,3110,7219,2867,682,1252,300,1134,1525,3128,4107,8386,907,4303,1700,2839,4968,18702,17695,10350,0.23483806057377898,0.5077603681181292,0.25740157130809177,0.26772900113927234,0.33143947800612544,0.4008315208546022,0.022489532010593755,0.0005770340450086555,0.002825987246068031,0.04916625978368621,0.28193291609333154,0.046014766153254325,0.10681048130557652,0.042419400180508084,0.010090697915279565,0.018524272419252225,0.004438723423143504,0.016778374539482444,0.02256351073431281,0.046281089558642935,0.06076612366283457,0.12407711542160475,0.013419740482637194,0.06366608963262166,0.025152766064479855,0.04200511932768136,0.0960649714782945,0.3616358890070579,0.3421637822682007,0.20013535724644688
5501300,39988,8063,20079,11846,11646,13488,14854,1110,133,149,1694,11055,748,4510,1085,265,804,276,733,121,801,2742,5058,461,4169,1365,2709,3021,12239,10953,5712,0.20163549064719416,0.5021256376913074,0.2962388716614984,0.2912373712113634,0.33730119035710715,0.37146143843152946,0.027758327498249476,0.003325997799339802,0.0037261178353506052,0.04236270881264379,0.2764579373812144,0.01870561168350505,0.11278383515054516,0.027133139941982593,0.0066269880964289285,0.020106031809542863,0.0069020706211863556,0.018330499149744925,0.0030259077723316995,0.020031009302790836,0.0685705711713514,0.12648794638391517,0.011528458537561268,0.10425627688306492,0.034135240572171655,0.06774532359707912,0.09462803445575568,0.3833672670321065,0.34308535630383713,0.1789193422083007
5501301,40414,8952,20590,10872,10793,13582,16039,2334,68,912,2006,11002,1162,4074,1289,210,933,239,782,653,1366,2965,4593,369,2769,1009,1679,2504,10950,11312,6696,0.22150739842628792,0.5094769139407136,0.2690156876329985,0.26706091948334737,0.3360716583362201,0.3968674221804325,0.057752264066907505,0.0016825852427376652,0.02256643737318751,0.049636264660761126,0.27223239471470284,0.02875241253031128,0.10080665116048894,0.031894887910130156,0.005196219131983966,0.023086059286385907,0.005913792250210323,0.01934973029148315,0.016157767110407284,0.03380016825852428,0.0733656653634879,0.11364873558667789,0.009130499331914683,0.06851586084030287,0.024966595734151532,0.041545009155243236,0.07958807450257453,0.34803890407475685,0.3595448477528447,0.21282817366982393
5501400,49397,11020,24699,13678,14356,18271,16770,1902,85,211,1611,10978,1480,5609,1176,584,1199,265,699,235,1084,4557,7085,1312,4123,1211,3991,3569,14588,13218,7002,0.22309047108123975,0.5000101220721906,0.2768994068465696,0.2906249367370488,0.3698807619895945,0.33949430127335667,0.03850436261311416,0.0017207522724052068,0.004271514464441161,0.03261331659817398,0.22224021701722776,0.029961333684231838,0.1135494058343624,0.023807113792335566,0.011822580318642832,0.024272729113104036,0.005364698261027998,0.014150656922485171,0.004757373929590866,0.021944652509261697,0.09225256594530032,0.1434297629410693,0.026560317428183898,0.08346660728384314,0.024515658845678887,0.08079438022551977,0.09299841050629283,0.38012351147822915,0.34442504625166115,0.18245303176381686
5501401,62925,15662,31546,15717,16687,20748,25490,1488,325,160,3627,13945,2595,7891,1724,1414,2570,378,1318,416,1890,5289,7227,585,5194,1807,3082,4042,16344,16399,10478,0.2488994835121176,0.5013269765593961,0.2497735399284863,0.26518871672626143,0.3297258641239571,0.40508541914978147,0.023647199046483908,0.005164878823996822,0.002542709574890743,0.05764004767580453,0.22161303138657132,0.04123957091775924,0.12540325784664283,0.027397695669447754,0.02247119586809694,0.04084227254668256,0.00600715137067938,0.020945570123162494,0.0066110448947159315,0.030035756853396902,0.08405244338498212,0.11485101311084625,0.009296781883194279,0.08254270957489074,0.02871672626142233,0.04897894318633294,0.08552144383555847,0.3458096185176565,0.34697331950997606,0.2216956181368089
5501500,110557,27279,58282,24996,26944,34460,49153,535,57,185,7578,19353,5729,12698,2792,1192,7243,950,3817,2118,8369,7291,13114,1342,8932,4101,3161,6448,25775,29263,21792,0.24674149985980082,0.5271669817379271,0.22609151840227212,0.24371138869542408,0.31169442007290354,0.4445941912316724,0.004839132755049431,0.0005155711533417151,0.0016733449713722333,0.06854382807058802,0.17504997422144233,0.051819423464819055,0.11485478079180875,0.025253941405790677,0.0107817686804092,0.06551371690621127,0.008592852555695252,0.03452517705798819,0.01915753864522373,0.0756985084616985,0.06594788208797273,0.11861754570040793,0.012138534873413714,0.0807909042394421,0.0370939877167434,0.028591586240581782,0.07742741180143616,0.30950551165974205,0.35138932251014676,0.26167775402867505
5501501,97395,22911,52390,22094,20736,29044,47615,342,1,149,5276,23220,3043,9264,3436,1630,3582,719,3851,4244,4986,5437,13261,742,6455,3373,4384,5656,23074,26313,19441,0.23523794855998767,0.5379126238513271,0.22684942758868526,0.21290620668412136,0.2982083269161661,0.48888546639971253,0.0035114738949638073,1.026746752913394e-05,0.001529852661840957,0.05417115868371066,0.23841059602649006,0.031243903691154578,0.09511781918989681,0.03527901843010421,0.01673597207248832,0.03677806868935777,0.007382309153447302,0.0395400174546948,0.043575132193644436,0.05119359310026182,0.05582422095590123,0.13615688690384517,0.007618460906617383,0.06627650290055957,0.03463216797576878,0.045012577647723186,0.07593577144084636,0.30978465173728587,0.35327050104720475,0.26100907577466304
5501600,71843,16617,37822,17404,16611,25198,30034,1073,95,298,2417,17160,4915,7573,2172,478,4831,423,2078,2684,1944,4163,10423,1265,4591,1626,1634,4186,18014,19991,13035,0.23129602048912212,0.526453516696129,0.24225046281474882,0.23121250504572471,0.3507370237879821,0.4180504711662932,0.01493534512756984,0.0013223278537922972,0.004147933688737942,0.03364280444858928,0.23885416811658755,0.06841306738304358,0.10541040880809543,0.03023259050986178,0.00665339699066019,0.06724385117547986,0.005887838759517281,0.02892418189663572,0.037359241679773954,0.027059003660760268,0.057945798477235085,0.14508024442186435,0.017607839316286903,0.06390323343958354,0.022632685160697632,0.02274403908522751,0.07579763155035672,0.3261869409336182,0.36198529678050195,0.23603013073552312
5501601,88821,20585,45578,22658,22157,31155,35509,2014,29,367,2977,13280,2719,9413,6225,1816,5207,539,2032,848,2317,6118,15994,696,8815,2707,4708,5241,22223,24428,16344,0.23175825536753697,0.5131444140462278,0.25509733058623524,0.24945677261008095,0.35076164420576217,0.3997815831841569,0.02267481789216514,0.0003264993638891704,0.0041319057430112245,0.03351684849303656,0.14951419146373043,0.03061213001429842,0.10597719007892278,0.07008477724862364,0.020445615338714942,0.058623523716238274,0.006068384728836649,0.02287747266975152,0.009547291744069533,0.026086173314869232,0.06888010718186015,0.18007002848425485,0.007835984733340089,0.099244548023553,0.030477026829240833,0.053005482937593586,0.07680696406588898,0.325678527463509,0.3579928483498447,0.23952166012075737
5502400,65916,16374,34378,15164,17493,22887,25536,564,131,354,2579,10031,5770,7901,2488,1416,1411,434,1597,2066,2878,5689,9126,628,6154,1685,3014,5047,16285,16904,11306,0.2484070635354087,0.5215425693306632,0.23005036713392804,0.2653832150009102,0.3472146368104861,0.3874021481886037,0.008556344438376115,0.001987377874871048,0.005370471509193519,0.03912555373505674,0.152178530250622,0.0875356514351599,0.1198646762546271,0.03774500879907761,0.021481886036774075,0.021406031919412587,0.006584137386977365,0.024227805085260026,0.031342921293767825,0.04366162995327386,0.08630681473390375,0.13844893500819225,0.009527277140603191,0.09336124764852236,0.025562837550822257,0.0457248619455064,0.10187315812845667,0.3287109926930685,0.3412054418473215,0.22821040733115336
5502500,61033,14304,31750,14979,14209,18612,28212,657,6,181,2287,21609,2765,5699,1225,310,2919,230,1049,946,2051,3818,7041,767,4356,1472,1645,3727,15244,16473,11285,0.23436501564727277,0.5202103779922337,0.2454246063604935,0.2328084806580047,0.3049497812658726,0.46224173807612273,0.010764668294201498,9.830747300640637e-05,0.002965608769026592,0.03747153179427523,0.35405436403257257,0.045303360477118935,0.09337571477725165,0.0200711090721413,0.005079219438664329,0.0478265856176167,0.0037684531319122443,0.017187423197286715,0.015499811577343404,0.03360477118935658,0.06255632198974326,0.11536381957301788,0.012566971965985614,0.07137122540265102,0.024118100044238363,0.026952632182589746,0.0797577521453487,0.32622140426715746,0.3525219884868069,0.24149885510068694
5510000,65724,18633,32945,14146,19811,22268,23645,229,0,151,1648,7910,3315,8796,6797,221,877,562,1502,1877,4703,6511,8857,719,6060,1760,3229,5981,14247,15716,11147,0.28350374292495895,0.5012628567950824,0.2152334002799586,0.30142718032986426,0.33881078449272717,0.35976203517740857,0.0034842675430588523,0.0,0.0022974864585235226,0.025074554196336193,0.12035177408556996,0.050438196092751506,0.13383238999452254,0.10341732091777738,0.003362546406183434,0.013343679629967744,0.008550909865498144,0.022853143448359807,0.028558821739395047,0.0715568133406366,0.09906579027448116,0.1347605136631976,0.01093968717667823,0.09220376118312945,0.02677865011259205,0.04912969387134076,0.1270094073177465,0.30254188698477413,0.3337368074579007,0.2367118982395787
5520000,98855,24616,49649,24590,27070,29702,42083,613,119,222,3740,23559,5109,11817,2381,935,4119,603,4229,618,4209,7339,12140,1824,8140,3516,3623,6746,23969,25289,18235,0.24901117798796216,0.5022406555055384,0.24874816650649942,0.2738354155075616,0.3004602700925598,0.4257043143998786,0.0062010014667948,0.0012037833190025795,0.002245713418643468,0.037833190025795355,0.23831874968388042,0.051681756107430074,0.11953871832481917,0.024085782206261695,0.009458297506448839,0.04166708815942542,0.0060998432046937435,0.04277982904253705,0.006251580597845329,0.042577512518334935,0.0742400485559658,0.12280613019068333,0.018451267007232815,0.08234282535026048,0.03556724495473168,0.03664963835921299,0.09086868088201619,0.322862646317973,0.340643058230849,0.24562561456916177
5530000,74011,17846,38138,18027,19805,23509,30697,216,22,141,2860,17672,3526,8905,2115,552,1920,499,1900,811,4186,5100,11119,1040,6417,1898,3112,6478,17757,19053,12877,0.24112631906068016,0.5153017794652146,0.2435719014741052,0.267595357446866,0.3176419721392766,0.4147626704138574,0.0029184850900541813,0.00029725311102403695,0.001905122211563146,0.038642904433124806,0.23877531718258097,0.0476415667941252,0.12031995243950223,0.02857683317344719,0.007458350785694018,0.0259420896893705,0.00674224101822702,0.025671859588439556,0.010957830592749726,0.056559160124846304,0.06890867573739039,0.1502344246125576,0.01405196524840902,0.08670332788369296,0.02564483657834646,0.04204780370485468,0.1153387340870649,0.31615774948811537,0.33923261817858097,0.22927089824623875
5540100,510868,124091,272251,114526,130859,153219,226790,65,35,2196,11118,52584,18803,46888,15410,9654,25408,6591,24334,20730,39199,46635,100095,10528,41852,17477,21266,42027,105838,125888,113024,0.2429022761261226,0.5329184838353548,0.22417924003852266,0.25615031671586397,0.29991896145383934,0.4439307218302967,0.00012723443237783538,6.851084820344981e-05,0.004298566361565023,0.021762960295027285,0.102930698340863,0.03680598510769905,0.091781047158953,0.030164347737576046,0.018897249387317273,0.04973496089009294,0.012901571443112507,0.04763265657664994,0.04057799666450042,0.07673019253505799,0.09128581159908235,0.1959312385978374,0.020608063139597704,0.08192331482887948,0.034210402687191215,0.041627191368416104,0.10865951181171579,0.27364088350651666,0.32547953988991074,0.2922200647918568
5550000,40942,10252,20057,10633,12071,13866,15005,501,7,99,1544,8792,1661,4317,1222,296,610,410,1049,182,1637,4646,3994,1177,5589,1238,1971,3707,9777,9853,7353,0.25040300913487373,0.48988813443407747,0.2597088564310488,0.29483171315519513,0.3386742220702457,0.36649406477455915,0.012236822822529431,0.0001709735723706707,0.0024180548092423426,0.03771188510575937,0.2147428068975624,0.04056958624395486,0.10544184456059792,0.029847100776708515,0.007229739631674076,0.014899125592301304,0.010014166381710713,0.025621611059547654,0.004445312881637438,0.039983391138683995,0.11347760246201945,0.09755263543549411,0.02874798495432563,0.13651018513995408,0.03023789751355576,0.04814127302037028,0.12078853046594983,0.3185728250244379,0.32104920169436296,0.23958944281524927
5555100,132387,34356,66377,31654,36735,47578,48074,1854,525,258,5259,23692,4489,15688,5058,1088,4803,801,3724,3690,6231,9584,22170,2245,10646,3523,7059,7752,31937,35678,22664,0.2595118856081035,0.5013860877578614,0.23910202663403507,0.2774819279838655,0.3593857402917205,0.363132331724414,0.014004396202044007,0.003965646173717963,0.001948831833941399,0.0397244442430148,0.17896016980519236,0.03390816318822845,0.1185010612824522,0.038206168279362775,0.008218329594295512,0.03627999728069976,0.006050443019329692,0.028129650192239418,0.027872827392417684,0.047066554873212624,0.07239381510269136,0.16746357270728998,0.016957858399993957,0.08041575079124083,0.0266113742285874,0.05332094541004782,0.07907702665483368,0.32578470075792354,0.36394609868306965,0.23119217390417318
5555102,51139,14033,25513,11593,14968,16366,19805,719,0,162,2315,9961,2448,5707,2731,372,1390,272,1850,223,1911,4713,7290,773,5083,1249,1970,2624,11608,13266,9608,0.2744089638045327,0.498895168071335,0.22669586812413225,0.2926924656328829,0.3200297229120632,0.38727781145505386,0.014059719587790141,0.0,0.0031678366804200318,0.045268777254150454,0.19478284675101196,0.04786953205968048,0.11159780206887111,0.053403468976710534,0.007274291636520072,0.02718082089990027,0.0053188368955200535,0.03617591270850036,0.004360664072430044,0.037368740100510375,0.09216058194333092,0.14255265061890143,0.015115665147930151,0.099395764485031,0.024423629715090243,0.03852245839770038,0.07071632620061445,0.3128335040155231,0.3575163046407589,0.2589338651431035
5570100,252448,60201,133070,59177,57816,72988,121644,252,282,943,16493,43371,17967,26368,7026,5350,13499,3460,16032,8764,14929,12826,28882,3948,17059,8817,6180,17196,54913,65116,55022,0.23846891240968437,0.5271184560780834,0.2344126315122322,0.22902142223348967,0.2891209278742553,0.48185764989225505,0.0009982253771073646,0.001117061731524908,0.003735422740524781,0.06533226644695145,0.17180171758144253,0.07117109266066675,0.10444923310939283,0.027831474204588667,0.021192483204461907,0.05347239827608062,0.013705792876156675,0.0635061478007352,0.03471606033717835,0.059136931169983524,0.05080650272531373,0.11440771960958296,0.015638864241348714,0.06757431233362911,0.03492600456331601,0.024480289010013943,0.08944742960878453,0.28563774727303937,0.3387100969065837,0.2862047262115924
5600100,54571,11814,28972,13785,15032,18033,21506,911,1709,461,5118,1572,994,5654,1337,999,1449,846,2248,150,1805,5514,7809,1726,9507,1706,3056,4773,13006,14332,10646,0.2164886111671034,0.530904692968793,0.25260669586410367,0.2754576606622565,0.3304502391380037,0.3940921001997398,0.01669384838100823,0.031316999871726744,0.008447710322332375,0.09378607685400671,0.028806508951640983,0.018214802734052887,0.10360814351945172,0.024500192409888037,0.018306426490260395,0.026552564548936248,0.015502739550310604,0.041194040790896266,0.0027487126862252844,0.03307617599091092,0.10104267834564146,0.1430979824448883,0.031628520642832274,0.17421341005295854,0.03126202561800224,0.0560004397940298,0.11163084407231565,0.30418411020417707,0.33519657599925157,0.24898846972425567
5600200,45007,8899,24461,11647,9757,13616,21634,659,6393,903,3057,1565,1996,4353,1485,529,1024,480,1188,419,1215,5045,5363,365,3784,1318,3866,3727,12044,13025,7312,0.19772479836469883,0.5434932343857622,0.25878196724953895,0.21678849956673407,0.30253071744395316,0.48068078298931277,0.014642166774057368,0.14204457084453528,0.02006354567067345,0.06792276756948919,0.03477236874264003,0.04434865687559713,0.09671828826626969,0.032994867465060994,0.011753727197991424,0.022752016353011755,0.01066500766547426,0.026395893972048792,0.009309662941320239,0.02699580065323172,0.11209367431732842,0.1191592418957051,0.008109849578954385,0.08407581042948875,0.029284333548114737,0.08589774923900727,0.10321812340755511,0.33355489088290685,0.3607233853993575,0.20250360031018058
5600300,62958,15643,32657,14658,15259,20965,26734,463,422,226,3749,1602,1289,7675,3019,1400,2172,857,2767,86,2420,8652,9578,643,6302,1713,7923,4958,13439,16153,12765,0.24846723212300265,0.5187108866228279,0.23282188125416944,0.24236792782489913,0.3329997776295308,0.42463229454557005,0.007354109088598748,0.006702881285936656,0.0035896947171129958,0.05954763493122399,0.02544553511865053,0.02047396677149846,0.12190666793735506,0.04795260332285015,0.022237046920169,0.03449918993614791,0.013612249436132024,0.04394993487721973,0.0013659900250960959,0.038438323962006415,0.13742494996664442,0.15213316814384192,0.010213157978334763,0.10009847835064646,0.02720861526732107,0.12584580196321357,0.10478706541265984,0.2840325478178168,0.3413927929831977,0.26978759378632566
5600400,51951,11540,27953,12458,11919,16473,23559,501,4365,448,3382,2250,2770,6065,1769,627,1400,1192,1694,107,1692,4968,7580,797,5261,1761,3322,4558,13414,14280,8159,0.22213239398664125,0.5380647148274336,0.2398028911859252,0.22942772997632385,0.3170872552982618,0.45348501472541436,0.009643702719870648,0.08402148178090893,0.008623510615772555,0.065099805586033,0.0433100421551077,0.053319474119843696,0.11674462474254586,0.0340513175877269,0.012069065080556678,0.026948470674289234,0.022944697888394833,0.03260764951588997,0.0020596331158206772,0.03256915170064099,0.0956285730784778,0.14590671979365172,0.01534137937672037,0.10126850301245405,0.03389732632673096,0.06394487112856345,0.11279107173789314,0.3319393234515355,0.35336913216698423,0.20190047264358715
5600500,52035,10499,28323,13213,12301,15646,24088,330,6536,697,3621,1950,1339,5558,1928,782,951,776,1381,225,1062,6664,6819,525,5304,1259,4328,4515,13754,14722,8545,0.2017680407418084,0.5443067166330354,0.25392524262515614,0.23639857788027288,0.3006822331123282,0.46291918900739887,0.006341885269530124,0.12560776400499662,0.013394830402613625,0.06958777745748054,0.037474776592678005,0.02573267992697223,0.10681272220620736,0.037051984241376,0.015028346305371384,0.01827616027673681,0.014913039300470837,0.026539828961276064,0.004324012683770539,0.020409339867396945,0.12806764677620833,0.13104641106947246,0.010089362928797925,0.10193139233208418,0.024195253194964926,0.08317478620159507,0.10870088597842835,0.331134437596302,0.3544395223420647,0.20572515408320494
