MIGPUMA,Total number of jobs,Number of jobs for workers age 29 or younger,Number of jobs for workers age 30 to 54,Number of jobs for workers age 55 or older,Number of jobs with earnings $1250/month or less,Number of jobs with earnings $1251/month to $3333/month,Number of jobs with earnings greater than $3333/month,"Number of jobs in NAICS sector 11 (Agriculture, Forestry, Fishing and Hunting)","Number of jobs in NAICS sector 21 (Mining, Quarrying, and Oil and Gas Extraction)",Number of jobs in NAICS sector 22 (Utilities),Number of jobs in NAICS sector 23 (Construction),Number of jobs in NAICS sector 31-33 (Manufacturing),Number of jobs in NAICS sector 42 (Wholesale Trade),Number of jobs in NAICS sector 44-45 (Retail Trade),Number of jobs in NAICS sector 48-49 (Transportation and Warehousing),Number of jobs in NAICS sector 51 (Information),Number of jobs in NAICS sector 52 (Finance and Insurance),Number of jobs in NAICS sector 53 (Real Estate and Rental and Leasing),"Number of jobs in NAICS sector 54 (Professional, Scientific, and Technical Services)",Number of jobs in NAICS sector 55 (Management of Companies and Enterprises),Number of jobs in NAICS sector 56 (Administrative and Support and Waste Management and Remediation Services),Number of jobs in NAICS sector 61 (Educational Services),Number of jobs in NAICS sector 62 (Health Care and Social Assistance),"Number of jobs in NAICS sector 71 (Arts, Entertainment, and Recreation)",Number of jobs in NAICS sector 72 (Accommodation and Food Services),Number of jobs in NAICS sector 81 (Other Services [except Public Administration]),Number of jobs in NAICS sector 92 (Public Administration),Number of jobs for workers with Educational Attainment: Less than high school,"Number of jobs for workers with Educational Attainment: High school or equivalent, no college",Number of jobs for workers with Educational Attainment: Some college or Associate degree,Number of jobs for workers with Educational Attainment: Bachelor's degree or advanced degree,Proportion of jobs for ages 29 and younger,Proportion of jobs for ages 30 to 54,Proportion of jobs for ages 55 and older,Proportion of jobs paying 1250 a month or less,Proportion of jobs paying 1251 to 3333 a month or less,Proportion of jobs paying more than 3333 a month,Proportion of agriculture jobs,Proportion of extraction jobs,Proportion of utilities jobs,Proportion of construction jobs,Proportion of manufacturing jobs,Proportion of wholesale trade jobs,Proportion of retail trade jobs,Proportion of transportation jobs,Proportion of information jobs,Proportion of finance jobs,Proportion of real estate jobs,Proportion of professional jobs,Proportion of management jobs,Proportion of support/administrative jobs,Proportion of educational jobs,Proportion of health jobs,Proportion of entertainment jobs,Proportion of hospitality jobs,Proportion of other services jobs,Proportion of public administration jobs,Proportion of jobs with less than high school education,"Proportion of jobs with high school education, no college",Proportion of jobs with some college or associate degree,Proportion of jobs with bachelor's degree or advanced degree
0100190,98779,25260,51315,22204,24429,40764,33586,804,496,1136,4186,21987,3405,13554,2269,668,3170,867,2065,592,3732,8442,14392,673,9445,2087,4809,9425,24176,24604,15314,0.2557223701394021,0.5194930096477997,0.22478462021279827,0.2473096508367163,0.41267880824871683,0.34001154091456687,0.008139381852418024,0.005021310197511617,0.011500420129784672,0.042377428400773444,0.22258779700138692,0.03447088956154648,0.13721540003442026,0.02297046943176181,0.00676257099181,0.03209184138328997,0.008777169236376153,0.020905253140849775,0.005993176687352575,0.03778130979256725,0.08546350945038925,0.1456989846019903,0.006813189038155884,0.09561748954737342,0.021127972544771664,0.048684436975470494,0.12819815285844477,0.32884016376718944,0.3346617881091963,0.20829989526516954
0100290,251113,61138,133922,56053,57381,83406,110326,978,110,1439,10297,36639,7143,30758,4729,3014,4773,2884,37023,1235,20338,17880,31247,3529,22888,4706,9503,22517,53389,60427,53642,0.243468080107362,0.5333136874634129,0.2232182324292251,0.22850668822402664,0.33214528917260355,0.4393480226033698,0.00389466096936439,0.00043804980228024835,0.0057304878680116125,0.04100544376436106,0.14590642459769107,0.0284453612517074,0.12248668925941708,0.018832159227120858,0.012002564582478805,0.01900737914803296,0.011484869361602148,0.14743561663474214,0.004918104598328242,0.0809914261706881,0.07120300422518945,0.12443401974409928,0.01405343411133633,0.09114621704173022,0.018740566995734988,0.037843520646083637,0.11852612185813922,0.28103171469930255,0.31807869456507437,0.28236346887748387
0100400,38349,9478,20490,8381,8663,17262,12424,339,20,471,1287,12699,1306,4607,1680,260,749,266,647,80,1130,3249,4185,103,2904,536,1831,4218,10119,9416,5118,0.2471511643067616,0.5343033716654932,0.2185454640277452,0.22589898041669926,0.45012907768129545,0.3239719419020053,0.008839865446295862,0.0005215259850322042,0.012281936947508409,0.033560197136822345,0.33114292419619806,0.03405564682260294,0.12013351065216825,0.043808182742705155,0.006779837805418655,0.01953114813945605,0.006936295600928316,0.016871365615791806,0.002086103940128817,0.02946621815431954,0.08472189626848158,0.10912931236798873,0.002685858822915852,0.07572557302667605,0.013976896398863074,0.0477457039296983,0.1460981607841779,0.3504901111842333,0.3261404177202037,0.17727131031138513
0100600,55347,12855,30219,12273,12340,20116,22891,224,68,430,3811,13855,2246,6442,1572,260,1423,459,1751,840,3422,3955,6304,283,4922,1059,2021,5588,13943,14067,8894,0.2322619112147,0.545991652664101,0.221746436121199,0.22295698050481508,0.36345240031076664,0.4135906191844183,0.004047193163134406,0.0012286122102372306,0.0077691654470883695,0.06885648725314832,0.25032973783583573,0.04058033859107088,0.11639293909335646,0.02840262344842539,0.004697634921495293,0.025710517281876163,0.008293132419101306,0.03163676441360869,0.015176974361754025,0.06182810269752651,0.07145825428659186,0.11389957901963972,0.005113194933781416,0.08892984262923014,0.019133828391782754,0.03651507760131534,0.13150710722018263,0.32813235432552007,0.33105055069189493,0.20930998776240234
0100700,37022,9531,19312,8179,8457,16222,12343,483,14,277,1507,9162,1119,4703,2864,240,904,268,689,230,1196,2931,4713,190,3076,679,1777,3639,9418,9358,5076,0.2574415212576306,0.5216357841283561,0.2209226946140133,0.22843174328777482,0.4381718977905029,0.3333963589217222,0.01304629679649938,0.00037815353033331534,0.007482037707309167,0.04070552644373616,0.2474744746367025,0.030225271460212845,0.12703257522554157,0.07735940791961536,0.00648263194857112,0.02441791367295122,0.00723893900923775,0.01861055588568959,0.006212522284047323,0.032305115877046084,0.0791691426719248,0.12730268489006535,0.0051320836259521364,0.08308573280751985,0.018340446221165794,0.04799848738587867,0.13237059401258594,0.3425848459495835,0.3404023134844131,0.1846422465534175
0100800,29093,7619,15446,6028,7167,12108,9818,129,23,218,2284,4849,1569,4494,761,152,711,150,956,157,1029,2801,2898,146,3227,1016,1523,2987,7145,7105,4237,0.261884302065789,0.5309180902622624,0.20719760767194859,0.24634791874334033,0.41618258687656823,0.33746949438009144,0.004434056302203279,0.0007905681779122126,0.007493211425428798,0.07850685731963016,0.16667239542157908,0.05393049874540268,0.15447014745815144,0.026157494930051903,0.005224624480115491,0.024438868456329702,0.005155879421166604,0.032860138177568485,0.0053964871274877115,0.035369332829202904,0.09627745505791771,0.09961159041693879,0.005018389303268827,0.11092015261403086,0.034922489946035126,0.05234936238957825,0.13909844463071622,0.3327279500791655,0.3308652323740337,0.19730837291608458
0100900,37243,9913,19670,7660,10386,15353,11504,14,36,273,1000,5575,1004,4965,792,358,981,329,758,97,3610,2904,7648,271,3836,860,1932,3600,8510,9449,5771,0.266170824047472,0.528152941492361,0.205676234460167,0.2788711972719706,0.41223854147088046,0.30889026125714897,0.00037590956689847755,0.0009666246005960851,0.007330236554520313,0.026850683349891255,0.14969255967564374,0.02695808608329082,0.1333136428322101,0.021265741213113875,0.009612544639261068,0.02634052036624332,0.008833874822114222,0.02035281797921757,0.0026045162849394517,0.09693096689310743,0.0779743844480842,0.20535402625996832,0.00727653518782053,0.10299922133018286,0.02309158768090648,0.0518755202319899,0.13172338090010977,0.31137943651664834,0.3457372850347603,0.21115989754848152
0101000,47304,10698,25979,10627,10224,17596,19484,574,432,474,1621,14827,902,4820,2039,225,880,365,663,101,2889,5060,5133,258,2961,746,2334,4901,12688,12023,6994,0.22615423642820903,0.5491924572974801,0.22465330627431085,0.2161339421613394,0.3719769998308811,0.4118890580077795,0.012134280399120581,0.0091324200913242,0.010020294266869609,0.03426771520378826,0.3134407238288517,0.01906815491290377,0.10189413157449687,0.043104177236597326,0.004756468797564688,0.018603077963808556,0.007716049382716049,0.014015728056823946,0.002135125993573482,0.06107305936073059,0.1069676982918992,0.10851090816844242,0.005454084221207509,0.0625951293759513,0.015770336546592253,0.049340436326737694,0.13388515543899907,0.3466098453805387,0.32844342457520626,0.19106157460525597
0101100,42278,11091,22042,9145,11087,16320,14871,179,6,280,1188,6814,1711,5970,922,506,891,391,1377,128,2953,4007,6439,290,5026,1004,2196,4108,10163,10253,6663,0.26233502057807845,0.5213586262358674,0.2163063531860542,0.262240408723213,0.3860163678508917,0.35174322342589526,0.004233880505227305,0.00014191778229812196,0.006622829840579024,0.028099720895028147,0.16117129476323383,0.04047022091868111,0.14120819338663135,0.021808032546478073,0.011968399640474952,0.02107479067127111,0.009248308813094281,0.03257013103741899,0.0030275793556932685,0.06984720185439236,0.09477742561142911,0.15230143336960122,0.006859359477742561,0.11887979563839349,0.023747575571219075,0.05194190832111264,0.13172155064610255,0.32587295988713244,0.3287587776958348,0.2136467117709302
0101200,92163,22327,51343,18493,19404,28844,43915,177,474,1627,5590,5534,6329,12051,1510,1115,11515,1367,7362,2175,6401,6410,7500,1202,8482,2859,2483,7634,18968,22705,20529,0.24225556893764308,0.5570890704512657,0.2006553606110912,0.21054002148367565,0.31296724281978666,0.47649273569653766,0.0019205104000520816,0.005143061749292016,0.017653505202738628,0.060653407549667436,0.06004578844004644,0.06867180972841595,0.13075746232219004,0.01638401527728047,0.012098130486203791,0.12494167941581763,0.01483241647949828,0.07988021223267472,0.023599492204029817,0.06945303429792866,0.06955068736911776,0.08137755932424075,0.013042110174364983,0.09203259442509466,0.031021125614400572,0.026941397306945305,0.10931324818145369,0.27160776676785614,0.32511884987685435,0.29396013517383585
0101300,373365,86492,203439,83434,77650,115946,179769,65,1583,6252,17967,23815,19485,42437,13355,6818,24685,5942,20823,6651,25663,26577,65074,5212,33495,10899,16567,32572,79653,94340,80308,0.23165535066222062,0.5448796753846772,0.2234649739531022,0.20797343082506395,0.31054330213062287,0.4814832670443132,0.00017409237609309925,0.004239818943928863,0.016745008235908562,0.04812181109638022,0.06378476825626397,0.05218753766421598,0.11366089483481312,0.03576928742651293,0.018260951080042317,0.06611492775166392,0.015914721519156856,0.05577116226748624,0.017813667590695432,0.06873434842580317,0.0711823550680969,0.17429057356742061,0.013959530218418973,0.08971114057289784,0.029191273954441363,0.04437212914975962,0.11354153231569371,0.27765945209204074,0.32885632318133806,0.2799426924109275
0101590,97998,26931,51928,19139,24078,33529,40391,397,1233,276,4525,16961,1762,10709,2974,1387,2071,1803,3498,565,6063,12541,13913,1056,10391,2273,3600,9089,21701,23470,16807,0.27481173085165006,0.5298883650686749,0.1952999040796751,0.24569889181411866,0.3421396355027654,0.412161472683116,0.004051103083736403,0.012581889426314823,0.0028163840078368947,0.04617441172268822,0.17307496071348394,0.01797995877466887,0.10927774036204821,0.030347558113430886,0.014153350068368742,0.021133084348660177,0.01839833465989102,0.0356946060123676,0.005765423784158861,0.06186860956346048,0.12797199942855977,0.1419722851486765,0.010775730116941162,0.1060327761791057,0.023194350905120512,0.03673544358048123,0.12789339637243727,0.30535973095811,0.3302517342789199,0.23649513839053288
0101700,33235,6571,17825,8839,8224,13611,11400,986,68,345,1712,6609,677,3693,671,179,724,372,500,159,1281,4559,4873,308,2039,893,2587,3841,8993,8757,5073,0.1977132540995938,0.5363321799307958,0.26595456596961037,0.24744997743342861,0.40953813750564166,0.3430118850609297,0.029667519181585677,0.0020460358056265983,0.010380622837370242,0.05151196028283436,0.1988566270497969,0.020370091770723634,0.11111779750263277,0.020189559199638933,0.005385888370693546,0.021784263577553784,0.01119301940725139,0.015044380923724988,0.004784113133744546,0.03854370392658342,0.13717466526252445,0.14662253648262374,0.009267338649014594,0.061350985406950505,0.02686926432977283,0.07783962689935309,0.14405190519051905,0.3372712271227123,0.3284203420342034,0.19025652565256526
0101800,32243,7519,17455,7269,8046,13489,10708,482,16,381,1361,7615,740,4062,752,274,641,259,673,257,2282,2532,4100,277,2712,742,2085,3661,8206,7994,4863,0.23319790342089755,0.5413578140991843,0.22544428247991813,0.2495425363644822,0.4183543714914865,0.3321030921440313,0.014948981174208356,0.000496231740222684,0.011816518314052662,0.04221071240269206,0.23617529386223365,0.022950717985299136,0.1259808330490339,0.02332289179046615,0.008497968551313463,0.01988028409267128,0.008032751294854697,0.020872747573116645,0.007970722327326861,0.0707750519492603,0.07852867289023974,0.12715938343206276,0.008591012002605217,0.08411127996774494,0.02301274695282697,0.06466519864776851,0.14807474518686298,0.3319042226176994,0.3233295583238958,0.19669147387154182
0101900,58215,18011,29372,10832,17401,20425,20389,360,40,316,2587,6687,1454,6780,2949,468,1109,786,2175,246,4498,9825,6602,976,7781,1173,1403,5428,11777,12697,10302,0.3093876148758911,0.5045435025337113,0.18606888259039767,0.29890921583784247,0.3508545907412179,0.35023619342093965,0.006183973202782788,0.000687108133642532,0.005428154255776003,0.04443871854333076,0.11486730224169028,0.024976380657906038,0.11646482865240917,0.05065704715279567,0.008039165163617624,0.0190500730052392,0.013501674826075753,0.03736150476681268,0.004225715021901571,0.07726530962810273,0.16877093532594692,0.11340719745769991,0.01676543846087778,0.13365970969681354,0.02014944601906725,0.02410031778751181,0.13501144164759726,0.29293105163665306,0.31581434683116105,0.2562431598845886
0102090,166367,38264,90813,37290,38680,61172,66515,495,226,1106,6010,18362,5611,19189,5565,2210,5561,2024,8424,1086,12024,12303,20809,3604,15515,4701,21542,16373,38500,42559,30671,0.22999753556895297,0.5458594553006305,0.2241430091304165,0.2324980314605661,0.36769311221576395,0.39980885632366997,0.0029753496787223426,0.0013584424795782817,0.006647953019529113,0.03612495266489148,0.11037044606201951,0.033726640499618314,0.11534138380808694,0.03345014335775725,0.013283884424194701,0.0334261001280302,0.012165874241886913,0.05063504180516569,0.006527736870893868,0.07227394855951,0.07395096383297169,0.12507889184754187,0.02166294998407136,0.09325767730379222,0.028256805736714612,0.12948481369502365,0.1278112144134017,0.300539409693762,0.33222485031576154,0.2394245255770747
0102200,39780,7765,21840,10175,8966,14707,16107,1393,399,849,1311,8466,1158,4516,2119,286,1149,204,542,87,1064,3724,4213,1274,2735,726,3565,4317,10848,10629,6221,0.1951985922574158,0.5490196078431373,0.25578179989944694,0.22538964303670186,0.36970839617898443,0.40490196078431373,0.035017596782302665,0.010030165912518854,0.02134238310708899,0.03295625942684766,0.2128205128205128,0.029110105580693817,0.1135243841126194,0.05326797385620915,0.00718954248366013,0.028883861236802415,0.005128205128205128,0.01362493715434892,0.002187028657616893,0.026747109100050275,0.09361488185017597,0.10590749120160885,0.03202614379084967,0.06875314228255405,0.018250377073906487,0.08961789844142785,0.13484304232391067,0.3388411682024051,0.3320006247071685,0.1943151647665157
0102300,41629,9199,22701,9729,9493,17863,14273,973,27,970,1475,11464,1291,5141,931,273,973,355,930,91,1505,3254,5154,236,3496,1056,2034,4681,10901,10743,6105,0.22097576208892838,0.5453169665377501,0.23370727137332148,0.22803814648442192,0.42909990631530903,0.342861947200269,0.023373129308895242,0.0006485863220351197,0.02330106416200245,0.03543203055562228,0.2753849479929857,0.031012034879531095,0.12349564005861298,0.022364217252396165,0.006557928367243989,0.023373129308895242,0.008527709048980278,0.022340195536765237,0.0021859761224146627,0.036152682024550194,0.07816666266304739,0.12380792236181508,0.005669124888899565,0.08397991784573254,0.02536693170626246,0.04886016959331235,0.14434165895775516,0.3361393771199507,0.3312673450508788,0.18825161887141537
0102400,43827,10206,23236,10385,10501,18613,14713,921,183,384,1462,8902,801,4738,2980,317,1288,567,1107,192,1219,5252,5159,393,4060,795,3107,5144,10805,10800,6872,0.2328701485385721,0.5301754626143701,0.23695438884705775,0.23960115910283616,0.4246925411276154,0.33570629976954847,0.021014443151481963,0.004175508248340064,0.008761722226025052,0.0333584320167933,0.2031168001460287,0.018276404955849136,0.10810687475756954,0.06799461519154859,0.007232984233463391,0.0293882766331257,0.012937230474365118,0.02525840235471285,0.004380861113012526,0.02781390467063682,0.11983480502886348,0.11771282542724805,0.008967075090697515,0.09263695895224405,0.01813950304606749,0.07089237228192667,0.15299961333690254,0.32137652062698907,0.3212278040510395,0.20439606198506885
0102500,68824,15578,37170,16076,18060,27197,23567,912,68,1166,3037,6917,3349,9823,3398,653,1633,671,2280,671,3746,5922,12710,479,6598,1480,3311,6802,16478,18359,11607,0.22634546088573754,0.540073230268511,0.23358130884575148,0.26240846216436126,0.39516738347088226,0.3424241543647565,0.013251191444844821,0.0009880274322910613,0.01694176450075555,0.044127048703940484,0.10050273160525398,0.04866035104033477,0.1427263745205161,0.049372311984191564,0.009487969313030338,0.023727188190166223,0.009749505986283855,0.03312797861211205,0.009749505986283855,0.05442868766709288,0.08604556550040683,0.18467395094734396,0.0069597814715796815,0.09586772056259445,0.021504126467511334,0.048108218063466233,0.1277466851970101,0.30946925590654695,0.34479585320963074,0.21798820568681215
0102600,74641,20015,38363,16263,20702,29623,24316,736,75,687,4437,4109,2224,12830,1629,491,1920,1979,2373,365,3718,6587,9291,1766,13519,2096,3809,7012,16619,18250,12745,0.2681502123497809,0.5139668546777241,0.217882932972495,0.2773542691014322,0.39687303224769227,0.32577269865087555,0.009860532415160569,0.0010048096890448949,0.009204056751651236,0.05944454120389598,0.05505017349713964,0.029795956645811285,0.17188944413928,0.021824466446055117,0.006578154097613912,0.02572312803954931,0.026513578328264627,0.031792178561380474,0.004890073820018489,0.04981176565158559,0.08824908562318297,0.12447582427888158,0.023659918811377124,0.18112029581597244,0.028081081443174664,0.051030934740960064,0.1283637828140446,0.30423241679786184,0.33408999377585763,0.23331380661223594
0102700,177381,41686,95649,40046,42880,61116,73385,694,362,1432,11352,18404,8245,21549,8279,2237,5436,3011,9502,1386,13980,14767,25847,1513,17139,5789,6457,17878,41450,44854,31513,0.23500825905818548,0.5392291169854719,0.22576262395634256,0.24173953241891746,0.34454648468550747,0.41371398289557504,0.003912482171145726,0.0020408048212604505,0.008073017966975042,0.0639978351683664,0.10375406610629098,0.04648186671627739,0.12148426268878854,0.046673544517169256,0.012611271782208918,0.030645897813181795,0.016974760543688443,0.05356830776689724,0.007813689177533107,0.07881340166083177,0.08325017899324054,0.14571459175447202,0.008529662139688017,0.09662252439663775,0.032635964393029696,0.036401869422316935,0.13175135413979883,0.3054644607391577,0.3305501308080622,0.23223405431298133
0400100,2026092,479540,1108363,438189,407197,705644,913251,6294,2047,14585,122743,124584,79210,228977,82767,40804,150337,43084,123585,26271,194891,151199,270927,44533,193480,56231,69543,243075,386905,505812,410760,0.23668224345192618,0.5470447541375218,0.21627300241055195,0.20097655980083826,0.3482783605088022,0.4507450796903596,0.0031064729538441494,0.00101031937345392,0.007198587230984575,0.060581158209992436,0.06148980401679687,0.03909496705973865,0.11301411781893418,0.0408505635479534,0.020139263172649614,0.07420048053099267,0.02126458225983815,0.06099673657464715,0.012966341113828987,0.09619059746546553,0.07462593011571045,0.13371900190119698,0.021979752153406657,0.09549418289001683,0.0277534287682889,0.03432371284225988,0.1571722127674983,0.25017264210967366,0.32705786808332343,0.26559727703950464
0400200,358390,80348,189883,88159,77640,141483,139267,580,1753,1982,17052,26217,7843,38617,8899,5625,9507,6385,20493,1984,31633,37752,62136,8497,39748,12430,19257,47784,72441,92238,65579,0.22419152320098218,0.5298222606657552,0.24598621613326266,0.21663550880325902,0.39477384971678897,0.388590641479952,0.0016183487262479421,0.004891319512263177,0.005530288233488658,0.0475794525516895,0.07315215268283155,0.02188398113786657,0.10775133234744273,0.02483049192220765,0.015695192388180474,0.026526967828343424,0.017815787270850193,0.0571807249086191,0.005535868746337789,0.08826418147827786,0.10533776054019364,0.17337537319679677,0.023708808839532355,0.11090711236362621,0.03468288735734814,0.053731967967856245,0.17185892778788817,0.2605397745664324,0.33174124772516383,0.2358600499205156
0400300,42073,7032,22985,12056,8369,18696,15008,553,630,1211,1929,444,328,4220,376,354,289,671,489,129,768,6893,6389,277,4742,632,10749,4913,10757,12923,6448,0.16713806954578947,0.5463123618472655,0.2865495686069451,0.19891616951489077,0.44437049889477814,0.3567133315903311,0.013143821453188506,0.014973973807429944,0.028783305207615337,0.04584888170560692,0.010553086302379198,0.0077959736648206684,0.10030185629738787,0.008936847859672473,0.008413947187032063,0.006869013381503577,0.015948470515532526,0.011622655860052766,0.0030660993986642263,0.01825398711762888,0.16383428802319777,0.15185510897725382,0.006583794832790626,0.11270886316640126,0.015021510232215434,0.2554845150096261,0.14020718586798323,0.3069832481949716,0.36879655260979993,0.18401301332724523
0400400,57236,14962,29140,13134,14127,22380,20729,92,41,526,2670,3962,885,5914,1083,538,509,774,1537,161,1837,6112,9168,2619,13824,1391,3593,6061,11823,13998,10392,0.26140890348731566,0.5091201341812845,0.22947096233139982,0.2468201831015445,0.39101264938150815,0.3621671675169474,0.001607379970647844,0.0007163323782234957,0.009190020266964848,0.046648962191627646,0.0692221678663778,0.015462296456775456,0.10332657767838424,0.018921657697952336,0.00939967852400587,0.008893004402823397,0.013522957579145992,0.026853728422671048,0.002812914948633727,0.032095184848696626,0.10678593891956112,0.16017890837934168,0.0457579145992033,0.24152631211125866,0.024302886295338597,0.06277517646236634,0.14337417798173818,0.2796754506315939,0.3311255145006387,0.24582485688602923
0400500,62054,12446,30712,18896,15051,25637,21366,453,979,294,5073,3964,2209,7567,1001,595,755,1000,2158,121,2253,5800,12010,1692,8347,1842,3941,6765,14372,17438,11033,0.20056724788087796,0.494923776066007,0.30450897605311505,0.24254681406516904,0.41314016824056465,0.3443130176942663,0.007300093466980372,0.015776581686917847,0.0047378090050601085,0.08175137783221066,0.06387984658523221,0.03559802752441422,0.12194217939214233,0.01613111161246656,0.009588422986431172,0.012166822444967286,0.01611499661585071,0.034776162697005834,0.001949914590517936,0.03630708737551165,0.09346698037193413,0.19354110935636704,0.027266574274019403,0.1345118767525059,0.02968382376639701,0.06350920166306766,0.13636913401064343,0.2897113368811482,0.35151588453475247,0.2224036445734559
0400600,55263,12448,27805,15010,13005,25097,17161,943,134,591,3339,3345,1387,9357,1461,484,1134,727,1195,68,2596,4063,8497,1187,7906,1825,5024,6968,13115,14857,7875,0.2252501673814306,0.5031395327796174,0.2716102998389519,0.23532924379783943,0.4541374880118705,0.3105332681902901,0.017063858277690316,0.0024247688326728555,0.010694316269475056,0.060420172629064656,0.06052874436784105,0.025098166947143657,0.16931762662179034,0.02643721839205255,0.008758120261295984,0.02052005862873894,0.013155275681740044,0.02162387130629897,0.0012304797061324937,0.04697537231058756,0.0735211624414165,0.15375567739717352,0.021479108987930443,0.14306136112769846,0.0330239038778206,0.09091073593543601,0.16274670092257387,0.30631787924792714,0.3470045544785706,0.18393086535092842
0400700,59571,14670,31768,13133,18807,24987,15777,11823,24,431,2677,2774,1327,7245,1053,453,1068,701,2330,287,4218,3885,7247,1440,5951,1394,3243,17292,10640,11168,5801,0.2462607644659314,0.5332796159204982,0.22045961961357036,0.31570730724681473,0.41944906078461,0.2648436319685753,0.1984690537341995,0.00040288059626328245,0.007235064041228114,0.04493797317486697,0.046566282251431064,0.022275939635057328,0.1216195799969784,0.017676386161051518,0.007604371254469456,0.01792818653371607,0.011767470749190042,0.03911299122056034,0.00481778046364842,0.0708062647932719,0.06521629652011884,0.12165315338000034,0.024172835775796948,0.09989760118178308,0.023400647966292324,0.05443924057007604,0.38511391728469296,0.23696576913654485,0.24872497271775684,0.12919534086100531
0400800,88176,18359,47615,22202,18665,31887,37624,2956,6521,665,3973,5157,1727,11240,1282,856,899,915,1966,122,5629,11345,10079,2010,9037,2168,9629,12149,20591,24197,12880,0.20820858283433133,0.5399995463618218,0.25179187080384685,0.21167891489747778,0.36162901469787695,0.42669207040464524,0.033523861368172744,0.07395436399927417,0.007541734712393395,0.045057612048630014,0.058485302123026675,0.019585828343313374,0.12747232807113046,0.014539103610959898,0.009707857013246234,0.010195518054799492,0.010376973326075123,0.022296316457993105,0.001383596443476683,0.06383823262565777,0.1286631282888768,0.11430547994919252,0.02279531845400109,0.10248820540736708,0.02458718925784794,0.10920205044456542,0.17401206009997566,0.29492816935703337,0.34657748112923786,0.1844822894137531
0400900,40410,7916,21308,11186,9346,17425,13639,1113,110,321,1918,1077,2686,5104,2413,422,519,448,2783,49,2268,5399,4645,614,4263,1038,3220,8035,8535,9921,6003,0.19589210591437764,0.5272952239544667,0.2768126701311557,0.23127938629052214,0.43120514724078196,0.33751546646869585,0.027542687453600594,0.002722098490472655,0.007943578322197475,0.047463499133877755,0.026651818856718634,0.06646869586735957,0.1263053699579312,0.0597129423410047,0.01044295966344964,0.012843355605048255,0.011086364761197723,0.06886909180895819,0.001212571145756001,0.05612472160356347,0.1336055431823806,0.11494679534768622,0.015194258846820094,0.10549368968077208,0.02568671121009651,0.07968324672110863,0.24727642026220226,0.26266387640795225,0.3053179048439712,0.18474179848587433
0500100,128120,34248,69659,24213,24695,47890,55535,696,60,688,5837,12684,7590,11890,10526,1054,3175,1179,9454,20956,5320,8218,11468,1767,10972,2366,2220,13275,27054,29301,24242,0.2673118950983453,0.543701217608492,0.18898688729316265,0.19274898532625664,0.37379019669060254,0.4334608179831408,0.005432407118326569,0.0004683109584764284,0.005369965657196378,0.04555885107711521,0.09900093662191695,0.059241336247268184,0.09280362160474555,0.08215735248204808,0.00822666250390259,0.024781454886044333,0.009202310334061816,0.07379019669060256,0.16356540743053388,0.04152357165157665,0.06414299094598813,0.08950983453012801,0.013791757727130816,0.0856384639400562,0.018467062129253826,0.017327505463627848,0.14141597068348388,0.28820095449122207,0.3121378046701892,0.25824527015510484
0500200,111723,30821,59078,21824,25004,43203,43516,269,4,611,5902,13874,4407,12487,6144,1090,2469,1449,4592,3952,5471,14486,16612,1354,11947,2182,2421,11984,22886,24845,21187,0.27586978509349014,0.5287899537248373,0.19534026118167253,0.22380351404813692,0.38669745710372977,0.3894990288481333,0.0024077405726663265,3.580283379429482e-05,0.005468882862078533,0.052827081263482005,0.12418212901551158,0.039445772132864314,0.11176749639733985,0.05499315270803684,0.009756272208945338,0.022099299159528477,0.012969576541983299,0.04110165319585045,0.03537319978876328,0.048969325922146735,0.12965996258603868,0.14868916874770638,0.012119259239368796,0.10693411383511005,0.019530445834787823,0.021669665153996938,0.1481298360979951,0.2828854663667153,0.3070999480853378,0.26188474944995177
0500300,48160,10581,25257,12322,11543,23218,13399,283,69,463,1998,10852,950,6109,1657,603,1306,485,1055,149,2018,4316,8243,534,4365,896,1809,4930,13164,12326,7159,0.21970514950166112,0.5244393687707641,0.2558554817275748,0.23968023255813953,0.4821013289036545,0.278218438538206,0.00587624584717608,0.0014327242524916945,0.009613787375415283,0.04148671096345515,0.22533222591362126,0.01972591362126246,0.12684800664451829,0.03440614617940199,0.012520764119601329,0.027117940199335548,0.010070598006644518,0.021906146179401995,0.003093853820598007,0.041901993355481726,0.08961794019933556,0.17115863787375415,0.011088039867109635,0.09063538205980066,0.018604651162790697,0.037562292358803984,0.1311902924505708,0.3503020303893132,0.3280023417334149,0.1905053354267011
0500400,38280,8963,20194,9123,9548,17153,11579,429,516,578,1886,5870,793,4531,1144,333,1306,285,510,162,1659,3974,8304,366,3125,687,1822,3342,10272,9784,5919,0.23414315569487984,0.5275339602925809,0.23832288401253918,0.24942528735632183,0.44809299895506793,0.30248171368861027,0.011206896551724138,0.013479623824451411,0.01509926854754441,0.04926854754440961,0.1533437826541275,0.020715778474399163,0.11836468129571578,0.029885057471264367,0.008699059561128526,0.03411703239289446,0.007445141065830721,0.013322884012539185,0.004231974921630094,0.04333855799373041,0.10381400208986416,0.21692789968652038,0.009561128526645767,0.08163531870428423,0.017946708463949843,0.04759665621734587,0.11399529283350956,0.35037691441825564,0.3337312821912201,0.2018965105570147
0500590,119651,31340,63187,25124,31619,47249,40783,2106,116,1009,4983,22284,4698,13300,4420,931,2202,1258,2021,598,10586,11626,19479,1311,10545,2364,3814,11813,29824,28675,17999,0.2619284418851493,0.5280942073196212,0.20997735079522947,0.26426022348329725,0.3948901388204027,0.34084963769630006,0.017601190127955472,0.0009694862558607951,0.008432858897961571,0.04164612080133054,0.18624165280691343,0.039264193362362206,0.1111566138185222,0.03694076940435099,0.007780962967296554,0.018403523581081646,0.010513911292007589,0.016890790716333336,0.004997868801765133,0.08847397848743428,0.09716592422963452,0.162798472223383,0.01095686621925433,0.08813131524182832,0.019757461283232067,0.03187603948149201,0.13376589552830337,0.3377155733713807,0.3247047366692711,0.20381379443104483
0500700,26922,5797,14004,7121,7084,11562,8276,1334,22,307,1059,2158,2064,3315,741,281,724,480,442,260,353,3533,5379,150,1839,416,2065,3156,7087,6904,3978,0.21532575588737835,0.5201693782036996,0.2645048659089221,0.2631305252210088,0.42946289280142635,0.3074065819775648,0.04955055345070946,0.0008171755441646237,0.011403313275388158,0.03933585914865166,0.08015749201396627,0.07666592377980834,0.12313349676844217,0.02752395810118119,0.01043756035955724,0.026892504271599435,0.017829284599955426,0.016417799569125622,0.00965752915830919,0.013111953049550554,0.13123096352425526,0.1997994205482505,0.005571651437486071,0.06830844662357922,0.015452046653294704,0.07670306812272491,0.149396449704142,0.33547928994082843,0.3268165680473373,0.18830769230769231
0500800,32024,7912,16662,7450,8224,13298,10502,780,139,279,1497,3013,1212,4223,2147,173,866,313,747,198,948,4605,5540,249,2900,669,1526,2913,8081,7784,5334,0.2470647014738946,0.5202972770422183,0.2326380214838871,0.2568073944541594,0.4152510617037222,0.32794154384211843,0.024356732450662003,0.004340494629028229,0.00871221583812141,0.04674619035723208,0.09408568573569823,0.03784661503872096,0.13186984761428927,0.06704346739945041,0.005402198351236572,0.027042218336247814,0.009773919560329752,0.02332625530851861,0.006182862852860355,0.02960279790157382,0.14379840119910067,0.17299525355983011,0.0077754184361728705,0.09055708218835873,0.02089058206345241,0.04765176117911566,0.12081121433311215,0.33514432647644327,0.3228268082282681,0.22121765096217652
0500900,266713,59748,147387,59578,56278,94072,116363,121,448,2762,10442,13145,14114,26814,11239,4910,14213,3848,15362,5750,21226,15142,56968,3523,21889,6905,17892,23883,57530,69077,56475,0.22401607720658537,0.5526052348404464,0.22337868795296817,0.21100583773569342,0.35270871686044547,0.4362854454038611,0.00045367117463340745,0.0016797081507088144,0.010355700697003896,0.039150697566297854,0.04928518669881108,0.05291830544442903,0.10053503203818337,0.042138928361197245,0.01840930138388455,0.053289490950947274,0.014427493223052494,0.0575974924356893,0.02155875416646358,0.07958367233693146,0.05677263575453765,0.21359288823566905,0.013208954944078467,0.08206949042603848,0.02588925174250974,0.06708334426893327,0.11539632304979103,0.2779697050225884,0.3337617471553161,0.2728722247723045
0501100,55425,15748,28890,10787,14080,21077,20268,564,336,244,3866,5087,1210,7971,843,442,1650,661,3638,562,2275,7241,8600,574,6308,1154,2199,4535,12052,12992,10098,0.2841317095173658,0.5212449255751015,0.1946233649075327,0.25403698691926024,0.3802796571944069,0.3656833558863329,0.010175913396481733,0.006062246278755074,0.0044023455119530895,0.06975191700496167,0.09178168696436625,0.021831303563373927,0.14381596752368064,0.015209742895805142,0.007974740640505186,0.029769959404600813,0.011926026161479477,0.065638249887235,0.010139828597203427,0.041046459179070814,0.1306450157870997,0.15516463689670726,0.010356337392873251,0.11381145692377086,0.020820929183581416,0.03967523680649526,0.11429795599465685,0.30375280389142323,0.3274441111979232,0.2545051289159967
0501200,26602,7466,13634,5502,7217,10799,8586,49,14,218,2342,1495,845,4611,457,248,606,251,791,107,1167,2232,5310,344,3336,1095,1084,2270,5991,6459,4416,0.28065558980527777,0.5125178558003157,0.20682655439440645,0.2712953913239606,0.40594692128411397,0.3227576873919254,0.0018419667694158333,0.0005262762198330953,0.008194872565972483,0.08803849334636493,0.05619878204646267,0.03176452898278325,0.17333283211788586,0.01717915946169461,0.009322607322757687,0.022780242087061125,0.009435380798436208,0.02973460642056988,0.004022253965867228,0.04386888203894444,0.08390346590481919,0.19960905195098114,0.01293135854447034,0.1254041049545147,0.04116231862265995,0.04074881587850537,0.11862458193979933,0.31307483277591974,0.3375313545150502,0.23076923076923078
0501300,49967,12191,26475,11301,11211,21644,17112,1115,278,1211,2878,10349,922,5001,2879,283,1211,328,1019,159,2221,5938,7271,313,4026,977,1588,5643,12287,11738,8108,0.24398102747813558,0.5298497008025297,0.22616927171933476,0.22436808293473692,0.4331658894870615,0.3424660275782016,0.022314727720295396,0.005563672023535533,0.02423599575719975,0.0575980146896952,0.2071166970200332,0.01845217843776893,0.10008605679748635,0.05761802789841295,0.005663738067124302,0.02423599575719975,0.006564332459423219,0.020393459683391037,0.003182100186122841,0.04444933656213101,0.11883843336602157,0.14551604058678727,0.0062641343286569135,0.08057317829767646,0.019552904917245383,0.0317809754437929,0.14938055908513342,0.32525942397289287,0.31072638712409995,0.2146336298178738
0501400,87902,21148,47091,19663,19306,37149,31447,280,489,655,4070,17057,3680,9065,4635,1093,1949,1187,2076,2038,7923,5904,13955,515,7561,1808,1962,9719,21001,22017,14017,0.2405861072558076,0.5357215990534914,0.223692293690701,0.21963095265181679,0.42261837045801004,0.35775067689017315,0.0031853655206934995,0.0055630133557825765,0.007451480057336579,0.04630156310436623,0.19404564173738936,0.04186480398625742,0.10312620873245205,0.05272917567290847,0.012434301836135697,0.022172419285112967,0.013503674546654229,0.02361721007485609,0.023184910468476257,0.09013446793019499,0.06716570726490864,0.1587563422902778,0.005858797296989829,0.08601624536415553,0.02056836021933517,0.022320311255716593,0.14559427150432933,0.3146028702399856,0.32982293195913354,0.20997992629655152
0501500,29545,6771,15636,7138,6605,14464,8476,752,301,379,1086,8776,400,3141,684,169,691,207,480,40,665,3649,4166,109,1834,592,1424,3635,7778,7142,4219,0.22917583347436116,0.5292266034862074,0.24159756303943136,0.22355728549669995,0.48955830089693686,0.2868844136063632,0.025452699272296497,0.010187849043831444,0.01282788965984092,0.036757488576747335,0.2970384159756304,0.013538669825689626,0.10631240480622779,0.02315112540192926,0.005720088001353867,0.02338805212387883,0.007006261634794382,0.016246403790827552,0.0013538669825689626,0.022508038585209004,0.12350651548485361,0.14100524623455746,0.003689287527500423,0.06207480115078694,0.020037231342020647,0.04819766457945507,0.1596118380609467,0.3415298147009748,0.3136032317555107,0.18525511548256784
0501600,55848,13837,28424,13587,16203,23687,15958,502,181,466,2435,4966,1229,7781,1018,541,1369,687,1484,310,3442,5028,10939,2474,7523,1367,2106,5326,13373,14189,9123,0.24776178197965906,0.5089528720813637,0.24328534593897722,0.2901267726686721,0.424133361982524,0.2857398653488039,0.008988683569689156,0.00324093969345366,0.00834407677983097,0.043600487036241226,0.08891992551210429,0.022006159575991977,0.13932459533018193,0.018228047557656495,0.009687007592035526,0.024512963758773813,0.012301246239793727,0.026572124337487468,0.005550780690445495,0.061631571408107724,0.09003008165019338,0.19587093539607506,0.044298811058587594,0.13470491333619825,0.02447715227044836,0.03770949720670391,0.12677632048749138,0.31832139201637666,0.33774487634191047,0.21715741115422152
0501790,69155,14653,36667,17835,15971,29048,24136,2251,60,657,2827,14357,2134,6902,1988,341,1889,635,992,420,2435,7554,12516,294,4118,1288,5497,7867,18290,17507,10838,0.21188634227460054,0.5302147350155448,0.25789892270985465,0.23094497867110114,0.42004193478418045,0.3490130865447184,0.032550068686284434,0.0008676162244233967,0.009500397657436195,0.04087918444074904,0.20760610223411177,0.03085821704865881,0.09980478634950474,0.028747017569228546,0.0049309522088063044,0.02731545079892994,0.009182271708480948,0.014344588243800159,0.0060733135709637774,0.03521075844118285,0.10923288265490565,0.18098474441472057,0.004251319499674644,0.05954739353625913,0.018624828284288915,0.0794881064275902,0.1443433268503908,0.33558401526549486,0.3212175699974313,0.19885508788668305
0501900,38137,7965,20061,10111,8591,14113,15433,443,647,346,2652,8269,966,3954,1460,281,1045,393,579,1019,1628,3653,5874,337,2487,816,1288,4107,10207,10077,5781,0.2088522956708708,0.5260245955371424,0.2651231087919868,0.22526680126910875,0.3700605710989328,0.4046726276319585,0.01161601594252301,0.016965151952172432,0.009072554212444607,0.06953876812544249,0.2168235571754464,0.025329732280986967,0.10367884206938144,0.03828303222592233,0.007368172640742586,0.027401211421978655,0.010304953195059915,0.015182106615622623,0.026719458793297846,0.04268820305739833,0.09578624432965362,0.15402365157196424,0.00883656291790125,0.06521226105881428,0.021396544038597688,0.033772976374649294,0.13611958106854036,0.3382937823147289,0.3339851517963675,0.19160148482036324
0502000,29965,6216,16293,7456,7062,12202,10701,702,149,327,1668,6686,908,3030,2317,200,635,263,497,18,1115,2942,3668,318,2312,585,1625,3542,8058,7983,4166,0.20744201568496579,0.5437343567495412,0.2488236275654931,0.235674954113132,0.4072084098114467,0.3571166360754213,0.023427331887201735,0.004972467879192391,0.010912731520106791,0.05566494243283831,0.22312698147839147,0.030302019022192556,0.10111797096612715,0.07732354413482397,0.006674453529117303,0.02119138995494744,0.008776906390789254,0.0165860170198565,0.0006007008176205573,0.037210078424828964,0.09818121141331554,0.12240947772401134,0.010612381111296513,0.07715668279659603,0.019522776572668113,0.05422993492407809,0.1491431218156554,0.33929849677881174,0.336140469072382,0.17541791233315088
0600100,813406,161317,459143,192946,138164,203310,471932,520,164,4621,49513,88386,40072,71214,34451,21157,17805,10786,83806,17863,53841,66729,119121,13891,64290,27808,27368,98158,124767,192495,236669,0.1983228547613369,0.5644696498427599,0.23720749539590316,0.1698585946009742,0.24994897996818316,0.5801924254308427,0.0006392871456566585,0.00020162133055325385,0.005681049807845037,0.06087120085172718,0.1086616031846335,0.04926445096298773,0.08755037459767939,0.04235400279811066,0.02601038103972678,0.021889437746955395,0.013260290678947536,0.10303095870942679,0.021960742851663252,0.06619203694096183,0.0820365229663907,0.1464471616880131,0.017077572577532008,0.07903802037358958,0.034187109512346846,0.03364617423525275,0.15052853214821904,0.1913343117273869,0.29519743470599874,0.36293972141839537
0600300,56905,12035,29049,15821,14395,20024,22486,791,249,731,3376,2481,537,6156,554,489,564,1079,1590,76,1436,4439,8137,3429,10632,1728,8431,6282,12541,15739,10308,0.21149283894209647,0.5104823829188999,0.2780247781390036,0.252965468763729,0.35188472014761446,0.39514981108865654,0.013900360249538704,0.004375713909146824,0.012845971355768386,0.059326948422809944,0.04359898075740269,0.009436780599244354,0.10818030050083473,0.009735524119145945,0.0085932694842281,0.009911255601440998,0.018961426939636237,0.027941305684913452,0.001335559265442404,0.025235040857569634,0.0780072049907741,0.14299270714348475,0.06025832527897373,0.18683771197610052,0.030366400140585184,0.14815921272295932,0.14000445732115,0.27949632271005126,0.35076888789837307,0.22973033207042567
0600700,81481,21118,41462,18901,22291,29289,29901,2963,48,576,4423,4110,2068,9187,812,830,1987,1395,2370,622,2913,9835,19200,1429,9184,3795,3734,8502,15595,21090,15176,0.2591769860458266,0.5088548250512389,0.2319681889029344,0.2735729802039739,0.35945803316110503,0.366968986634921,0.03636430578907966,0.0005890943901032142,0.007069132681238571,0.05428259348805243,0.05044120715258772,0.02538014997361348,0.11275021170579644,0.009965513432579374,0.01018642382886808,0.024386053190314307,0.017120555712374665,0.029086535511346205,0.007633681471754151,0.03575066579938881,0.12070298597218984,0.2356377560412857,0.01753783090536444,0.11271339330641499,0.04657527521753538,0.04582663443011254,0.14084787038417573,0.25835362722197375,0.3493862134088763,0.25141228898497425
0601100,37788,7838,19879,10071,8498,13710,15580,6985,29,393,1254,4021,1202,3204,1882,118,366,203,540,221,640,4066,3951,1444,2513,752,4004,6482,8538,9388,5542,0.20742034508309518,0.5260664761299884,0.2665131787869165,0.22488620726156452,0.36281359161638616,0.41230020112204935,0.18484704138880068,0.0007674393987509262,0.010400127024452206,0.033185138139091776,0.10640944215094739,0.03180903990684873,0.08478882184820578,0.0498041706361808,0.003122684450089976,0.00968561448078755,0.0053720757912564835,0.014290250873293109,0.005848417487032921,0.016936593627606647,0.10760029639038848,0.10455700222292791,0.0382131893722875,0.06650259341589923,0.01990049751243781,0.10595956388271409,0.21642737896494157,0.2850751252086811,0.3134557595993322,0.18504173622704506
0601300,383068,76962,210592,95514,72712,103856,206500,612,1325,1953,28750,16776,10591,43291,7189,9142,22937,7515,25295,9388,24705,33301,69969,7223,34700,14262,14144,43996,59831,93574,108705,0.20090949909676611,0.5497509580544446,0.24933954284878926,0.18981486315745508,0.27111635532072637,0.5390687815218186,0.0015976275752607892,0.003458915910491088,0.005098311526935166,0.07505194900122171,0.0437937911806781,0.027647832760763102,0.11301126692910919,0.018766903004166363,0.023865214531101527,0.059877097538818175,0.019617926843275867,0.06603266260820533,0.02450739816429459,0.06449246608957157,0.08693234621529337,0.18265425459709503,0.01885566009168085,0.09058443931625716,0.03723098770975388,0.036922948406027126,0.1437279896506439,0.19545843596662593,0.30569149248952976,0.3551220818932004
0601500,36925,6986,19479,10460,8579,12445,15901,1894,8,499,1281,1561,462,3664,465,376,430,377,785,81,761,4025,6260,751,3857,1050,8338,3675,8998,10919,6347,0.18919431279620852,0.5275287745429925,0.2832769126607989,0.23233581584292484,0.33703452945159107,0.4306296547054841,0.05129316181448883,0.0002166553825321598,0.013513879485443466,0.03469194312796209,0.042274881516587676,0.012511848341232227,0.09922816519972918,0.012593094109681787,0.01018280297901151,0.011645226811103589,0.01020988490182803,0.02125930941096818,0.0021936357481381176,0.020609343263371698,0.10900473933649289,0.16953283683141504,0.0203385240352065,0.10445497630331753,0.02843601895734597,0.22580907244414353,0.12274959083469722,0.30054444036206956,0.3647082400881793,0.21199772871505396
0601700,54813,12102,29050,13661,13377,17704,23732,336,21,560,5955,2565,958,4860,482,681,3026,945,2518,409,2803,5832,7296,3351,6985,1863,3367,5585,10384,14443,12299,0.2207870395709047,0.5299837629759364,0.2492291974531589,0.24404794483060588,0.32298907193548976,0.43296298323390436,0.006129932680203601,0.0003831207925127251,0.010216554467006003,0.10864211044825133,0.04679546822833999,0.01747760567748527,0.0886650976958021,0.008793534380530167,0.012424059985769799,0.05520588181635743,0.01724043566307263,0.04593800740700199,0.007461733530366884,0.05113750387681754,0.10639811723496251,0.1331071096272782,0.061135132176673414,0.12743327312863736,0.03398828745005747,0.06142703373287359,0.13076256702020556,0.24312238065135444,0.3381564468169792,0.28795860551146074
0601900,380186,90609,204323,85254,93893,145669,140624,39621,179,2408,18483,25164,15343,35768,11226,3816,8836,5278,12243,2161,20157,41450,68974,3893,31183,11075,22928,63905,69840,91699,64133,0.2383280815179938,0.5374290478870869,0.22424287059491932,0.24696595876755062,0.383151930896982,0.36988211033546736,0.10421477908181785,0.00047082217651360123,0.006333741905277943,0.048615677589390456,0.06618865502675006,0.040356562314235664,0.09408026597507536,0.029527652254422835,0.010037192321653086,0.023241255595945143,0.01388267847842898,0.032202658698636984,0.0056840599075189515,0.053018785541813745,0.10902558221502107,0.18142172515558175,0.010239724766298601,0.08202037949845602,0.029130478239598512,0.060307323257563404,0.2206839631600576,0.24117937543382242,0.31666534289670795,0.221471318509412
0602300,48432,11589,25036,11807,12769,18335,17328,1200,5,307,2144,2033,924,6648,755,420,1040,690,1528,202,1531,6510,8583,872,5772,2036,5232,4648,10932,12634,8629,0.23928394449950446,0.5169309547406673,0.2437851007598282,0.2636480013214404,0.3785720185001652,0.35777998017839446,0.024777006937561942,0.0001032375289065081,0.006338784274859597,0.04426825239511067,0.04197637925338619,0.019078295341922697,0.13726461843409316,0.015588866864882723,0.00867195242814668,0.021473406012553684,0.014246778989098118,0.03154938883382887,0.004170796167822927,0.03161133135117278,0.13441526263627354,0.1772175421209118,0.018004625041295012,0.11917740336967295,0.042038321770730094,0.10802775024777007,0.12615693618869256,0.2967185082647993,0.3429145292185761,0.23421002632793203
0602500,59190,12302,33134,13754,18205,20759,20226,10863,443,1593,1685,1400,1946,6224,1975,234,725,469,962,175,1569,6415,10084,244,4874,1034,6276,18382,10026,11805,6675,0.2078391620206116,0.5597905051528974,0.23237033282649097,0.30756884608886637,0.3507180266936983,0.34171312721743535,0.1835276229092752,0.007484372360195979,0.026913329954384186,0.028467646561919243,0.023652644027707382,0.03287717519851326,0.10515289744889339,0.03336712282480149,0.003953370501773948,0.012248690657205609,0.007923635749281973,0.016252745396181788,0.0029565805034634227,0.026507856056766345,0.10837979388410204,0.17036661598242947,0.004122317959114715,0.08234499070788985,0.01746916708903531,0.10603142422706538,0.3920406074048797,0.21382869817437297,0.2517701757379287,0.14236051868281863
0602900,292312,69536,159401,63375,68388,107488,116436,47586,7960,1833,16105,12479,8252,25761,11214,1775,4044,3151,9322,4729,15315,33672,36633,2814,22841,7541,19285,54988,55483,68033,44272,0.23788281014806098,0.545311174361641,0.21680601549029804,0.23395549960316375,0.3677166862804127,0.39832781411642354,0.16279181148909386,0.027231177645803115,0.006270697063411697,0.055095240701715974,0.04269068666356496,0.02823011029311147,0.0881284381072279,0.03836311885930102,0.00607227893483675,0.01383453296477736,0.010779577985166534,0.03189058266509757,0.016177919483291826,0.05239264895043652,0.11519198664440734,0.12532157420838008,0.009626700238101754,0.07813911163414435,0.02579777771695996,0.06597402775116998,0.24683089740367006,0.24905286027220166,0.3053874744137609,0.19872876791036737
0603100,44832,9899,25281,9652,9513,15877,19442,6936,2,162,1144,5102,610,3431,1270,145,568,405,843,160,502,4478,7706,2088,3201,659,5420,8594,8818,11081,6440,0.2208021056388294,0.5639052462526767,0.21529264810849394,0.2121921841541756,0.35414436117059245,0.433663454675232,0.15471092077087795,4.461099214846538e-05,0.003613490364025696,0.025517487508922198,0.11380264097073518,0.013606352605281941,0.07653015703069237,0.028327980014275517,0.00323429693076374,0.012669521770164168,0.00903372591006424,0.018803533190578158,0.0035688793718772305,0.011197359029264812,0.09988401142041399,0.17188615274803712,0.046573875802997856,0.07139989293361884,0.014699321912919344,0.12089578872234119,0.24601379784158245,0.25242607276786994,0.317207225259783,0.1843529041307646
0603300,46669,9481,23612,13576,12587,18247,15835,2565,125,625,2249,2762,913,5862,646,297,757,610,913,349,1251,5053,10400,1724,4865,1205,3498,6698,10419,12719,7352,0.20315412800788532,0.5059461312648653,0.29089974072724933,0.2697079431742699,0.390987593477469,0.33930446334826114,0.05496153763740384,0.0026784375066960936,0.013392187533480468,0.04819044762047612,0.059182755147956886,0.019563307548908268,0.12560800531402003,0.013842165034605412,0.006363967515909919,0.016220617540551544,0.013070775032676937,0.019563307548908268,0.0074781975186954935,0.026805802567014505,0.1082731577706829,0.222846000557115,0.036941010092352525,0.10424478776061197,0.025820137564550344,0.07495339518738349,0.18011186404216414,0.28017102291061635,0.3420189308379047,0.19769818220931484
0603700,4685637,1010251,2579765,1095621,1055587,1522508,2107542,4190,1970,29101,151082,346573,238508,442815,202591,323996,152002,91302,320397,69702,302940,380136,751192,108957,449506,161257,157420,740770,748350,1069613,1116653,0.21560590374371724,0.5505686846847078,0.23382541157157502,0.22528142918454844,0.3249308471825709,0.44978772363288066,0.0008942220662846908,0.00042043376386177587,0.006210681706670833,0.03224364157957605,0.0739649699709986,0.05090193713256063,0.09450475997180319,0.0432365972865589,0.06914662830261926,0.032439986281481044,0.01948550431883648,0.0683785363654931,0.014875672187154063,0.06465289564684588,0.08112792348190866,0.16031801012327673,0.02325340183202412,0.09593274084185352,0.03441517129901441,0.033596285841178054,0.20154889853745975,0.20361126695264117,0.29102058940203834,0.3038192451078608
0603900,49374,10617,27098,11659,12276,18098,19000,10664,97,320,2076,3272,1024,3291,883,364,364,303,638,340,1328,4568,8692,1567,4105,899,4579,9505,9598,11985,7669,0.21503220318386196,0.548831368736582,0.23613642807955604,0.24863288370397374,0.36654919593308216,0.38481792036294404,0.21598412119739133,0.0019645967513266093,0.006481143921902216,0.04204642119334062,0.06626969660145016,0.02073966055008709,0.0666545145218131,0.017883906509498927,0.00737230121116377,0.00737230121116377,0.006136833151051161,0.012921780694292543,0.0068862154170211045,0.026896747275894195,0.09251832948515414,0.17604407177866893,0.031737351642564915,0.08314092437315186,0.01820796370559404,0.09274111880746952,0.24524602007379312,0.2476455866037103,0.3092344608715845,0.1978739324509121
0604100,114006,21958,61536,30512,22147,29992,61867,508,6,794,7988,4603,2810,13414,1715,2588,3145,2261,9462,2249,6321,9733,18416,3296,12263,6211,6223,12410,17443,27546,34649,0.19260389804045402,0.5397610652070943,0.26763503675245165,0.19426170552427066,0.2630738733049138,0.5426644211708156,0.004455905829517745,5.2628809010052104e-05,0.006964545725663561,0.07006648772871603,0.040375067978878305,0.02464782555304107,0.11766047401013982,0.01504306790870656,0.02270055961966914,0.027586267389435645,0.0198322895286213,0.08299563180885217,0.019727031910601198,0.05544445029208989,0.08537269968247285,0.1615353577881866,0.02891075908285529,0.10756451414837816,0.054479588793572266,0.05458484641159237,0.1348209629758387,0.18949895706587866,0.2992569094385538,0.37642317051972884
0604700,75492,17250,40795,17447,17187,30661,27644,13086,3,645,2647,9434,1851,7055,3148,241,1089,587,1088,1382,2112,11595,8842,653,5208,1279,3547,14629,13877,17556,12180,0.22850103322206328,0.5403883855242939,0.23111058125364278,0.22766650770942617,0.4061489959200975,0.36618449637047634,0.17334287076776347,3.973931012557622e-05,0.008543951676998887,0.03506331796746675,0.12496688390822869,0.02451915434748053,0.09345361097864674,0.04169978275843798,0.003192391246754623,0.014425369575584168,0.007775658347904414,0.014412123138875643,0.01830657553118211,0.027976474328405658,0.15359243363535208,0.11712499337678164,0.00864992317066709,0.06898744237800032,0.016942192550203995,0.04698511100513962,0.2511761271934343,0.2382644826757323,0.3014319563201813,0.2091274338106521
0605300,193300,41590,102533,49177,42876,65938,84486,48578,258,1306,8330,8160,5948,14692,3661,1216,2383,2044,5922,1503,7466,17552,21372,2887,22909,5688,11425,38536,33454,44097,35623,0.21515778582514228,0.530434557682359,0.2544076564924987,0.22181065700982927,0.3411174340403518,0.43707190894981895,0.25130884635281947,0.0013347128815312985,0.006756337299534403,0.04309363683393688,0.04221417485773409,0.030770822555613038,0.07600620796689084,0.018939472322814278,0.006290739782721159,0.012327987584066218,0.010574236937403,0.030636316606311432,0.007775478530781169,0.03862390067252975,0.09080186239006725,0.11056389032591826,0.014935333678220383,0.11851526125194,0.029425763062597,0.059105018106570095,0.25401094192867973,0.2205128205128205,0.29066640300573465,0.23480983455276513
0605500,75882,16162,40873,18847,13998,22472,39412,4971,24,128,4671,12536,1922,5806,1785,426,1298,840,2189,684,4327,5012,10805,1108,11896,2211,3243,12235,13139,18429,15917,0.21298858754381803,0.5386389394059197,0.24837247305026225,0.1844706254447695,0.29614401307292904,0.5193853614823015,0.06550960702142801,0.00031628054083972484,0.001686829551145199,0.061556100260931446,0.16520386916528293,0.02532879997891463,0.07651353417147677,0.023523365224954535,0.005613979599905116,0.017105505917081786,0.011069818929390369,0.02884742099575657,0.009013995413932158,0.057022745842228724,0.0660499196120292,0.1423921351572178,0.01460161830210063,0.15676972140955694,0.029137344824859652,0.04273740808096782,0.20487273945077025,0.2200100468854655,0.3085900870730074,0.2665271265907569
0605700,31036,6295,16063,8678,8155,10334,12547,188,23,522,3207,1454,405,3488,451,280,533,696,1430,52,1274,3218,5446,1297,3400,1834,1838,2891,6545,8530,6775,0.20282897280577394,0.5175602526098724,0.2796107745843536,0.2627593762082743,0.3329681660007733,0.40427245779095244,0.006057481634231215,0.0007410748807836061,0.0168191777290888,0.10333161489882717,0.046848820724320145,0.013049362031189586,0.1123856167031834,0.014531511792756798,0.00902178115736564,0.017173604845985308,0.022425570305451732,0.046075525196545945,0.0016754736435107616,0.04104910426601366,0.10368604201572368,0.1754736435107617,0.041790179146797266,0.10955019976801134,0.05909266658074494,0.05922154916870731,0.1168505719251445,0.2645406410411867,0.3447718362232731,0.2738369508103957
0605900,1690035,389683,917135,383217,331908,548267,809860,2237,471,6147,109913,160962,88306,156248,27429,29496,87188,41029,143373,40360,155883,124618,198127,51821,175885,49464,41078,245357,259797,391121,404077,0.23057688154387335,0.5426721931794312,0.22675092527669546,0.1963911989988373,0.3244116246113246,0.47919717638983805,0.0013236412263651345,0.00027869245311487633,0.0036372027798240864,0.06503593120852527,0.09524181451863423,0.05225098888484558,0.09245252317259701,0.016229841393817286,0.01745289298742334,0.05158946412352407,0.02427701201454408,0.08483433775040163,0.023881162224450973,0.09223655131402604,0.07373693444218611,0.11723248335093651,0.03066267858357963,0.10407180916371554,0.029268032910561025,0.024306005496927578,0.18868506373658825,0.19978974923712964,0.30078086548872923,0.3107443215375529
0606100,166940,39778,90179,36983,37528,52405,77007,375,102,774,16236,5686,5450,21227,2506,2347,8941,4858,9453,1719,10891,12013,26311,7048,18924,5998,6081,16786,28970,42627,38779,0.2382772253504253,0.540188091529891,0.22153468311968372,0.22479932910027556,0.3139151791062657,0.46128549179345874,0.002246316041691626,0.0006109979633401223,0.004636396310051516,0.09725649934108063,0.03406014136815622,0.03264645980591829,0.12715346831196836,0.015011381334611237,0.014058943332933988,0.05355816461003954,0.029100275548101115,0.0566251347789625,0.010297112735114413,0.06523900802683599,0.07195998562357733,0.15760752366119563,0.04221876123158021,0.1133580927279262,0.035929076314843655,0.0364262609320714,0.1320048442144666,0.22781963165096492,0.3352180682908416,0.3049574558437269
0606500,734950,184992,392499,157459,172007,284547,278396,12091,361,4201,69065,44636,26289,83516,47633,6382,11455,10194,22382,2576,50524,76678,103928,16764,92145,21436,32694,132414,129677,168077,119790,0.2517069188380162,0.5340485747329751,0.21424450642900877,0.23403905027552896,0.3871651132730118,0.37879583645145926,0.01645145928294442,0.0004911898768623716,0.005716035104428873,0.09397237907340636,0.06073338322334853,0.03576978025716035,0.11363494115245935,0.06481121164705082,0.008683583917273283,0.015586094292128717,0.013870331315055447,0.03045377236546704,0.0035050003401591945,0.06874481257228383,0.10433090686441254,0.14140825906524254,0.022809714946595006,0.12537587590992585,0.029166609973467584,0.04448465882032791,0.24077111343048013,0.23579436975187196,0.3056178835474709,0.217816633270177
0606700,674250,142641,378235,153374,134892,195469,343889,2446,209,6402,38708,21203,18978,61566,17538,9488,25889,9677,44300,10157,50336,52988,114127,9860,57182,22271,100925,75385,114651,173981,167592,0.21155506117908787,0.5609714497589915,0.22747348906192066,0.2000622914349277,0.28990582128290693,0.5100318872821654,0.003627734519836856,0.0003099740452354468,0.009494994438264738,0.057408972932888394,0.03144679273266592,0.028146829810901,0.09131034482758621,0.026011123470522802,0.01407193177604746,0.03839673711531331,0.014352243233222099,0.0657026325546904,0.015064145346681499,0.07465480163144235,0.07858806080830552,0.16926510938079348,0.014623655913978495,0.08480830552465703,0.03303077493511309,0.14968483500185392,0.14180534942034465,0.21566790629955473,0.3272724878623199,0.31525425641778076
0607100,759311,190369,408449,160493,168569,285341,305401,2092,725,5108,39889,57789,43280,83761,80880,5060,16630,8658,23491,7417,60698,67321,121922,11490,68498,20237,34365,131372,136641,177106,123823,0.25071281727776895,0.5379205621938836,0.2113666205283474,0.22200257865354248,0.3757893669392383,0.4022080544072192,0.002755129321187234,0.0009548129817689984,0.006727151325346268,0.05253315176521873,0.07610715503923952,0.05699904255305138,0.11031184850476287,0.10651761926272633,0.0066639361210360445,0.02190143432664613,0.011402442477456537,0.03093725759273868,0.009768066049352637,0.07993825981712369,0.08866064102851137,0.16056925291481355,0.015132139531759714,0.09021073051753498,0.026651793533874788,0.045258135335850526,0.23090578653008567,0.24016683598679656,0.3112900787778016,0.21763729870531617
0607300,1439958,327969,796485,315504,279511,455009,705438,9381,308,6604,86687,113498,47020,134601,28314,25373,46774,28865,148248,25865,90328,139281,200246,36599,173489,53290,45187,203556,229753,335270,343410,0.22776289308438163,0.5531307163125592,0.21910639060305925,0.19411052266802226,0.31598768852980436,0.4899017888021734,0.006514773347555971,0.0002138951274967742,0.004586244876586678,0.06020106141984697,0.07882035448256129,0.03265373017824131,0.09347564303958865,0.0196630735063106,0.017620652824596274,0.032482891862123754,0.020045723555825935,0.10295300279591488,0.01796232945683138,0.06272960739132669,0.09672573783402016,0.13906377824908783,0.025416713543033893,0.1204819862801554,0.037008023845139924,0.03138077638375564,0.18305576763798923,0.20661445391995784,0.30150478107247464,0.3088249973695783
0607500,750706,157850,441974,150882,101107,140308,509291,233,4,12416,23585,12163,15119,45618,27740,47764,44542,15596,137490,24814,40770,52027,91595,17662,81816,30747,29005,74513,99316,160563,258464,0.21026873369867832,0.5887444618798837,0.20098680442143796,0.134682552157569,0.18690139681846155,0.6784160510239694,0.0003103745008032439,5.3283176103561185e-06,0.016539097862545392,0.03141709271006226,0.016202081773690365,0.020139708487743536,0.06076679818730635,0.03695188262781968,0.0636254405852624,0.05933348075012055,0.020775110362778505,0.18314759706196568,0.03305421829584418,0.05430887724355473,0.06930409507849944,0.12201181288014216,0.02352718640852744,0.10898540840222404,0.04095744539140489,0.0386369630720948,0.12568482059724453,0.16752128678802272,0.2708296787078144,0.43596421390691836
0607700,251730,59893,134749,57088,55904,89189,106637,13621,100,3357,13056,19802,13255,25913,28654,2028,4885,2866,4927,2171,14076,24573,35792,3007,19628,7161,12858,36940,44406,62847,47644,0.23792555515830452,0.5352917808763358,0.2267826639653597,0.22207921185397053,0.35430421483335317,0.42361657331267627,0.05410956183212172,0.000397251022921384,0.013335716839470862,0.0518650935526159,0.07866364755889246,0.05265562308822945,0.10293965756961825,0.11382830810789338,0.008056250744845669,0.01940571246970961,0.011385214316926866,0.019572557899336592,0.008624319707623247,0.055917053986414014,0.09761649386247169,0.14218408612402178,0.011945338259246017,0.07797243077900926,0.02844714575140031,0.05107853652723156,0.19255930816265893,0.23147776497755906,0.3276062490551875,0.24835667780459453
0607900,110260,27451,55765,27044,27522,36984,45754,4717,98,892,7885,7823,2666,10959,1880,1125,1731,1601,5898,670,3994,12773,15916,1541,15996,4076,8019,13578,19863,27781,21587,0.24896608017413385,0.5057591148195175,0.24527480500634863,0.24961001269726102,0.3354253582441502,0.4149646290585888,0.0427807001632505,0.000888808271358607,0.008089969163794668,0.07151278795574098,0.07095048068202431,0.024179212769816796,0.09939234536549973,0.0170506076546345,0.010203156176310539,0.01569925630328315,0.014520224922909487,0.053491746780337385,0.006076546345002721,0.03622347179394159,0.11584436785779068,0.14434971884636313,0.013976056593506259,0.14507527661890077,0.036967168510792674,0.07272809722474152,0.16396768467195594,0.23986523203999566,0.33548285814343853,0.26068422514460987
0608100,417960,83465,242287,92208,55361,89467,273132,1353,127,735,19317,27040,12663,33825,24128,46213,16839,6799,57591,7050,27670,24010,41812,6469,39255,15264,9800,44394,56416,90463,143222,0.19969614317159537,0.5796894439659298,0.22061441286247488,0.13245525887644752,0.21405636903052924,0.6534883720930232,0.003237151880562733,0.00030385682840463203,0.0017585414872236579,0.04621734137238013,0.06469518614221456,0.030297157622739018,0.08092879701406833,0.05772801224997608,0.11056799693750598,0.0402885443583118,0.016267106900181835,0.1377906976744186,0.016867642836635086,0.0662025074169777,0.05744568858263949,0.10003828117523209,0.015477557661020193,0.09392047085845535,0.03652024117140396,0.02344721982964877,0.13271947263785708,0.16866021913630996,0.2704464939685197,0.42817381425731327
0608300,191035,44091,98334,48610,40602,64161,86272,21899,955,1089,9278,12096,5105,13764,3106,4210,3138,3071,11467,3078,12222,20474,24774,4094,24343,6546,6326,29992,31886,44958,40108,0.23080063862642972,0.5147433716334703,0.2544559897401,0.2125369696652446,0.3358599209568927,0.4516031093778627,0.114633444133274,0.004999083937498364,0.005700526081608082,0.048567016515298246,0.06331824011306829,0.026722851833433665,0.07204962441437433,0.01625880074331929,0.022037846467924727,0.01642630931504698,0.01607558824299212,0.060025649750045804,0.016112230743057555,0.06397780511424608,0.10717407804852513,0.129683042374434,0.021430627895411836,0.12742691129897663,0.034265972204046376,0.03311435077341848,0.20410496515679444,0.21699422909407665,0.3059532883275261,0.2729475174216028
0608500,1094861,211784,645798,237279,152115,218591,724155,2841,210,3326,50334,161910,37139,82554,16854,88664,21590,15178,158080,19227,64382,81909,134179,17835,88228,29072,21349,113916,139213,230805,399143,0.19343460037392873,0.5898447382818458,0.21672066134422543,0.1389354447733548,0.199651827948936,0.6614127272777093,0.002594849939855379,0.00019180516978867636,0.003037828546272084,0.045972959124491605,0.1478817859070695,0.033921200956103105,0.0754013523177828,0.015393734912468341,0.08098196940068192,0.01971939817017868,0.01386294698596443,0.14438362495330456,0.017561133331080385,0.05880381162540268,0.07481223643914615,0.12255345655749908,0.016289739062766873,0.08058374533388257,0.026553142362363807,0.01949927890389739,0.12899894346699098,0.15764536954308628,0.2613645242713829,0.45199116271853984
0608700,100872,23879,51935,25058,23240,32561,45071,5344,18,432,4934,7345,3452,10905,1533,842,1932,1443,4927,1151,4396,13690,15620,2888,11527,4592,3901,13781,16619,23934,22659,0.23672575144737887,0.5148604171623443,0.24841383139027678,0.23039099056229678,0.32279522563248475,0.44681378380521847,0.052978031564755335,0.00017844396859386153,0.004282655246252677,0.0489134745023396,0.07281505274010627,0.034221587754778335,0.10810730430644777,0.01519747799191054,0.008347212308668412,0.019152985962407804,0.014305258148941232,0.048844079625664207,0.011410500436196368,0.04357998255214529,0.13571655166944246,0.15484971052422872,0.028630343405504004,0.11427353477674677,0.04552303909905623,0.0386727734158141,0.17899029781928227,0.21585079163040796,0.31085942877923967,0.29429948177107007
0608900,63882,14465,33182,16235,16059,23553,24270,1037,113,507,3143,2657,1769,7923,1582,513,1572,858,2512,650,4002,6602,13996,1389,5899,2094,5064,6058,14132,18059,11168,0.22643311104849567,0.5194264425033656,0.25414044644813877,0.25138536676998213,0.3686954071569456,0.3799192260730722,0.016233054694593158,0.0017688863842709997,0.007936507936507936,0.049200087661626125,0.041592310823080056,0.027691681537835383,0.12402554710247018,0.024764409379793996,0.008030431107354184,0.024607870761716916,0.013431013431013432,0.0393225008609624,0.010175010175010175,0.06264675495444726,0.10334679565448797,0.21909144986068063,0.02174321405090636,0.09234213080366926,0.03277918662534047,0.07927115619423311,0.12258939231438573,0.2859744622295971,0.36544104255620535,0.2259951028998118
0609500,153559,32799,84022,36738,30853,41328,81378,1515,478,621,11834,10181,4676,17544,4036,1405,3627,1576,4294,856,6583,27291,27454,2985,12820,4435,9348,18873,26267,39091,36529,0.21359216978490353,0.5471642821326005,0.23924354808249598,0.20091951627713125,0.26913433924419927,0.5299461444786694,0.009865914729843252,0.003112810059976947,0.004044048215995155,0.0770648415267096,0.0663002494155341,0.03045083648630168,0.11424924621806602,0.026283057326499912,0.009149577686752322,0.023619585957189094,0.010263156181011859,0.027963193300295,0.005574404626234868,0.04286951595152352,0.17772322039085953,0.17878470164562155,0.01943878248751294,0.0834858262947792,0.028881407146438828,0.0608756243528546,0.15628519377277245,0.21751407750910898,0.3237081815170586,0.30249254720105995
0609700,203788,43676,106208,53904,43531,63304,96953,6149,137,1007,15030,22995,8080,21242,3521,3030,4531,3613,9856,2506,12640,16686,31643,6349,20414,7067,7292,26307,35622,51432,46751,0.2143207647162738,0.521169058040709,0.26451017724301723,0.21360924097591616,0.3106365438593048,0.47575421516477906,0.030173513651441695,0.0006722672581309988,0.004941409700276758,0.07375311598327673,0.11283785110016291,0.03964904704889395,0.10423577443225313,0.017277759239994504,0.01486839264333523,0.02223389012110625,0.017729208785600723,0.04836398610320529,0.012297093057491118,0.062025241918071725,0.08187920780418867,0.15527410838714742,0.031154925707107387,0.10017272852179716,0.03467819498694722,0.03578228354957112,0.1643037373838313,0.22248176276606377,0.3212251424003198,0.29198935744978516
0609900,190925,46201,102501,42223,44482,67790,78653,12890,24,2023,10590,21743,6580,21749,8329,1135,3030,2177,6059,1827,8332,22521,32655,2469,16953,4892,4947,28097,34717,47548,34362,0.24198507267251537,0.536865261228231,0.22114966609925363,0.23298153725284798,0.3550608877831609,0.4119575749639911,0.06751342150058924,0.00012570381039675265,0.010595783684692942,0.05546680633756711,0.11388241456069137,0.034463794683776354,0.11391384051329057,0.0436244598664397,0.005944742700013094,0.015870106062590022,0.011402383134738773,0.03173497446641351,0.009569202566452795,0.04364017284273929,0.11795731308105277,0.17103574702108157,0.012931779494565929,0.08879402906900616,0.025622626685871414,0.02591069791803064,0.19414195295873524,0.2398841933611564,0.32854260523479173,0.2374312484453166
0610100,45491,9949,24465,11077,10955,16137,18399,4389,142,285,2338,2224,1658,5245,1255,264,768,630,1094,290,2041,6302,7665,565,3731,977,3628,6217,8323,11885,9117,0.21870260051438747,0.5377986854542657,0.24349871403134685,0.24081686487437076,0.35472950693543776,0.4044536281901915,0.09648062254072234,0.0031214965597590734,0.006264975489657295,0.051394781385328964,0.04888879118946605,0.03644676969070805,0.11529753137983337,0.027587874524631247,0.005803345716735179,0.016882460266865972,0.013848893187663493,0.024048712932228353,0.006374887340353037,0.04486601745400189,0.13853289661691323,0.16849486711657252,0.012420039128618847,0.0820162229891627,0.02147677562594799,0.07975203886483041,0.17491981317877442,0.23417365370547522,0.33439311237409264,0.2565134207416578
0610700,158357,37277,85422,35658,43674,63875,50808,37453,62,889,6096,13356,4544,13204,6413,785,2627,1280,2825,844,8519,17072,19244,1592,10796,3222,7534,32824,29588,36228,22440,0.23539849832972334,0.5394267383191144,0.22517476335116224,0.2757945654439021,0.4033607608125943,0.3208446737435036,0.23650991115012282,0.0003915204253679976,0.00561389771213145,0.0384952985974728,0.08434107743895124,0.028694658272131954,0.08338122091224259,0.04049710464330595,0.004957153772804486,0.016589099313576286,0.008083002330178016,0.017839438736525697,0.005329729661461129,0.053796169414676964,0.10780704357874928,0.1215228881577701,0.010053234148158906,0.0681750727785952,0.020346432427994974,0.04757604652778216,0.2710934919061777,0.24436736042286092,0.299207135777998,0.18533201189296333
0611100,316896,70518,168899,77479,66804,108949,141143,27633,776,1500,17274,26249,13817,32887,5154,4913,11885,4248,16479,7653,18805,28169,42814,5615,30291,8617,12117,51284,51551,74180,69363,0.22252726446531354,0.5329792739573866,0.24449346157729981,0.21080733111178432,0.34380048975058064,0.44539217913763507,0.08719895486216298,0.0024487529031606585,0.004733414116934263,0.05450999697061497,0.0828315914369383,0.04360105523578713,0.10377852670907806,0.016264010905786126,0.015503509037665354,0.037504417853175806,0.013405028779157831,0.05200128748863981,0.024149878824598608,0.059341234979299204,0.08889036150661415,0.13510426133494902,0.01771874684439059,0.09558656467737049,0.02719188629708169,0.03823651923659497,0.20815170185649692,0.2092354025115879,0.3010820771335103,0.2815308184984049
0611300,82176,19815,44164,18197,17184,27031,37961,5137,73,158,4016,6315,5483,7698,6807,1006,989,1485,4706,988,3907,5817,8767,1276,8888,2387,6273,11495,14382,19717,16767,0.24112879672897197,0.5374318535825545,0.2214393496884735,0.2091121495327103,0.32894032320872274,0.46194752725856697,0.06251216900311526,0.0008883372274143302,0.001922702492211838,0.048870716510903425,0.0768472546728972,0.06672264408099689,0.09367698598130841,0.08283440420560748,0.012242017133956387,0.012035144080996884,0.018070969626168224,0.057267328660436136,0.01202297507788162,0.04754429517133956,0.07078709112149532,0.10668565031152648,0.015527647975077882,0.10815809968847352,0.02904741043613707,0.07633615654205607,0.18432994980837383,0.23062490979939385,0.3161751735860554,0.2688699668061769
0800100,154589,41130,79561,33898,35536,51099,67954,796,463,774,11143,13510,4992,16901,2780,3163,3361,3123,10987,958,8223,16560,23151,3120,17863,4701,8020,12103,28885,36667,35804,0.2660603277076635,0.5146614571541313,0.21927821513820517,0.22987405313444034,0.3305474516298055,0.43957849523575415,0.0051491373901118445,0.0029950384568112865,0.005006824547671568,0.07208145469600036,0.08739302278946108,0.03229207770281197,0.10932860682196016,0.017983168271998654,0.02046070548357257,0.021741521065535063,0.020201954860953886,0.07107232726778749,0.006197077411717522,0.05319265924483631,0.10712275776413586,0.1497583916061298,0.020182548564257483,0.11555155929593956,0.030409666923261035,0.05187949983504648,0.10667289505460122,0.25458535682493233,0.3231740099947999,0.3155677381256665
0800190,1838219,424266,1015037,398916,347670,526935,963614,11520,20054,7916,116203,111374,88960,177326,64167,63984,90661,35334,177341,40794,114222,148803,221250,34038,169396,54551,90325,172868,335049,437616,468420,0.23080274983557456,0.55218502256804,0.21701222759638542,0.18913415648516307,0.2866551809115236,0.5242106626033133,0.0062669355501167165,0.010909472701566027,0.004306342171417008,0.06321499233769208,0.060587993051970414,0.04839466897034575,0.0964661990763886,0.034907157417043345,0.034807604534606594,0.04932002117266768,0.019221866382623614,0.09647435914871949,0.02219213271106435,0.06213731878519371,0.0809495495368071,0.12036106688049683,0.018516836133235483,0.09215224083746279,0.029676007048126476,0.049137235552455936,0.12225866064855055,0.23695907855494489,0.30949826479380854,0.331283996002696
0800200,46251,10423,24819,11009,12339,14341,19571,371,2111,863,4784,631,1254,4608,971,357,863,1791,1860,192,2047,4871,5709,2726,5783,1364,3095,4708,10476,11643,9001,0.22535728957211737,0.5366154245313615,0.23802728589652117,0.2667834208990076,0.3100689714816977,0.4231476076192947,0.00802144818490411,0.04564225638364576,0.018659056020410368,0.10343560139240232,0.01364294826057815,0.027112927288058638,0.09963027826425375,0.020994140667228815,0.0077187520269832,0.018659056020410368,0.03872348705973925,0.04021534669520659,0.004151261594343906,0.044258502518864457,0.1053166418023394,0.12343516896931958,0.05893926617802858,0.12503513437547295,0.0294912542431515,0.06691747205465828,0.13140560455509656,0.2923970079267612,0.3249692977559451,0.2512280897621972
0800400,75520,20007,39335,16178,26587,22479,26454,254,136,493,5748,920,743,7088,1357,640,869,4354,2999,253,3557,3435,4609,9975,21301,2353,4436,8179,14438,16877,16019,0.26492319915254237,0.5208554025423728,0.21422139830508474,0.35205243644067796,0.29765625,0.350291313559322,0.0033633474576271185,0.0018008474576271187,0.006528072033898305,0.07611228813559322,0.012182203389830509,0.009838453389830509,0.09385593220338984,0.01796875,0.00847457627118644,0.011506885593220339,0.057653601694915256,0.03971133474576271,0.00335010593220339,0.04710010593220339,0.045484639830508475,0.061030190677966105,0.1320842161016949,0.28205773305084747,0.031157309322033897,0.05873940677966102,0.14733485850161224,0.260083223749392,0.30401887846090103,0.2885630392880947
0800690,115030,24568,59885,30577,29418,47323,38289,2962,487,1126,6756,7214,3095,13669,2041,1286,2547,1337,3537,294,5078,12892,22715,1799,11835,3234,11126,13525,27667,31418,17852,0.21357906633052248,0.5206033208728158,0.2658176127966617,0.2557419803529514,0.4113970268625576,0.332860992784491,0.025749804398852473,0.004233678170911936,0.009788750760671129,0.058732504564026775,0.06271407458923758,0.026906024515343824,0.11882987046857342,0.01774319742675824,0.011179692254194558,0.02214204990002608,0.01162305485525515,0.030748500391202294,0.0025558549943493,0.044145005650699815,0.11207511084065026,0.19747022515865426,0.01563939841780405,0.10288620359906112,0.028114404937842303,0.09672259410588542,0.14951029161415844,0.3058411266609184,0.34730605115960295,0.19734253056532025
0800900,48634,11295,25467,11872,13982,17970,16682,301,896,445,3915,1362,867,5901,1042,605,1238,1119,2203,234,1274,4923,6684,2613,6885,1351,4776,4480,11032,12213,9614,0.23224493152938275,0.5236460089649216,0.2441090595056956,0.28749434551959535,0.3694945922605585,0.3430110622198462,0.006189085824731669,0.018423325245712874,0.009149977382078381,0.08049923921536374,0.028005099313237653,0.01782703458485833,0.12133486861043714,0.021425340296911625,0.012439856890241395,0.02545544269441132,0.023008594810215076,0.045297528478019496,0.0048114487806884074,0.026195665583747994,0.10122548011679072,0.13743471645350988,0.05372784471768721,0.14156762758563968,0.027778920097051445,0.09820290331866595,0.11998178847853451,0.29545515412839124,0.3270842818500763,0.2574787755429979
0801000,92122,20666,47422,24034,23224,34906,33992,1069,2826,688,6941,5272,2972,11629,2930,1219,2536,1824,3310,310,3798,7299,16307,2586,10580,2592,5434,9270,21979,23724,16483,0.2243329497839821,0.514773886802284,0.260893163413734,0.2521004754564599,0.37891057510692344,0.36898894943661664,0.011604177069538221,0.030676711317600573,0.007468357178524131,0.07534573717461628,0.05722845791450468,0.032261566183973425,0.12623477562362953,0.03180564903063329,0.013232452617181563,0.027528711925490112,0.019799830659343046,0.035930613751329755,0.003365102798462908,0.04122793686632943,0.07923188814832505,0.17701526236946657,0.028071470441371225,0.11484770196044376,0.02813660146327696,0.05898699550595949,0.12973018360949395,0.3075878862516794,0.33200850873264665,0.23067342140618002
0804100,275374,65883,145564,63927,60671,97790,116913,494,760,2822,16990,12145,5841,31491,4218,8554,13714,4935,25956,1419,19202,28280,40771,5952,32184,11600,8046,25190,54169,68362,61770,0.23924916658798578,0.5286047339254977,0.23214609948651652,0.22032218001699508,0.3551170408244787,0.42456077915852625,0.001793923899859827,0.002759882922861272,0.010247881063571725,0.061697909025543445,0.044103655392302835,0.021211152832148278,0.11435720147871622,0.015317350221880062,0.03106320858178332,0.04980136105805196,0.017921081874105762,0.09425726466550945,0.005152991930973875,0.06973062090102915,0.10269669612962734,0.14805682453681177,0.021614240995881964,0.11687377893337787,0.04212452882261942,0.029218444733344468,0.12024382909050986,0.2585743540295287,0.32632428123403867,0.29485753564592276
0900100,427015,86992,225170,114853,80684,104879,241452,398,43,1135,13780,32429,16623,48143,8213,15317,33472,5868,35360,12226,27295,38808,65525,11457,32861,19168,8894,38508,72380,93996,135139,0.2037211807547744,0.5273116869430816,0.268967132302144,0.18894886596489585,0.24560963900565555,0.5654414950294486,0.0009320515672751543,0.00010069903867545637,0.0026579862534103016,0.03227052913832067,0.07594346802805522,0.03892837488144445,0.1127431120686627,0.019233516387012164,0.03586993431144105,0.07838600517546222,0.013741906022036697,0.08280739552474738,0.02863131271735185,0.06392047117782748,0.09088205332365373,0.1534489420746344,0.026830439211737292,0.07695514209102725,0.044888352868166226,0.02082830813905835,0.11325116242136561,0.21286795305023484,0.27644012316813865,0.3974407613602609
0900300,532373,109715,282435,140223,99753,131438,301182,694,38,1161,17491,54556,20928,50663,19746,11218,56589,6287,33397,13079,30801,43334,86461,8336,35286,18654,23654,46150,100938,125435,150135,0.20608670988198124,0.5305208941850921,0.26339239593292674,0.18737426578733332,0.24689080776072414,0.5657349264519426,0.0013035972898700723,7.137852595830368e-05,0.002180801806252383,0.03285478414570236,0.10247702268897935,0.03931078398040472,0.09516448054277733,0.03709053614664906,0.021071692215796068,0.10629577382774859,0.011809389281575136,0.06273233240603862,0.024567361605490886,0.05785605205372925,0.08139781694413503,0.16240680876002353,0.015658194536537353,0.06628059649907114,0.035039342716478857,0.044431254026781976,0.10918993607124436,0.23881719972176085,0.296776590056263,0.3552162741507318
0900500,59309,12864,28585,17860,14045,18658,26606,416,95,233,3669,9779,1540,7993,1359,648,1169,371,1854,1066,2376,6127,10095,1446,4780,2943,1350,4841,13121,15140,13343,0.21689794129052925,0.481967323677688,0.3011347350317827,0.23681060210086158,0.3145896912778836,0.44859970662125476,0.007014112529295722,0.001601780505488206,0.003928577450302652,0.06186244920669713,0.16488222698072805,0.025965705036335125,0.13476875347754977,0.02291389165219444,0.010925829132172183,0.019710330641218028,0.006255374395117099,0.0312600111281593,0.01797366335632029,0.04006137348463134,0.10330641218027618,0.17021025476740462,0.024380785378273113,0.08059485069719605,0.049621473975282,0.022762144025358713,0.1042308106362364,0.28250619011734307,0.3259769619980622,0.2872860372483583
0900700,66086,14704,32779,18603,15002,18758,32326,354,7,420,3378,9414,2471,8088,1127,762,1763,496,3043,729,2961,6291,12631,1358,5979,2847,1967,5189,13354,16013,16826,0.22249795720727536,0.49600520533849835,0.2814968374542263,0.227007232999425,0.2838422661380625,0.4891505008625125,0.005356656477922707,0.00010592258572163544,0.006355355143298127,0.051115213509669216,0.14245074599763943,0.037390672759737315,0.12238598190236964,0.017053536301183305,0.01153043004569803,0.0266773598038919,0.007505371788275883,0.04604606119299095,0.01103108071301032,0.044805253760251795,0.0951941409678298,0.19112974003571104,0.020548981629997277,0.0904730200042369,0.04308022879278516,0.02976424658777956,0.10098867307617454,0.25989646179595965,0.31164610174769375,0.32746876338017206
0900900,379527,86208,192497,100822,86486,107582,185459,828,180,2136,14794,30651,16477,44145,10977,5684,11176,5818,16831,4982,21816,55409,75121,6725,28470,16056,11251,34207,72648,89272,97192,0.22714589475847569,0.5072023861279962,0.26565171911352814,0.2278783854640118,0.28346336360785923,0.488658250928129,0.002181662964690259,0.0004742745575413607,0.005628058082824147,0.03898009891259383,0.0807610525733347,0.043414566025605554,0.11631583523701872,0.02892284343406398,0.014976536583694968,0.029447180306012483,0.015329607643197981,0.044347305988770236,0.01312686580928366,0.05748207637401292,0.14599488310449585,0.19793321687258086,0.017719424441475836,0.07501442585112522,0.042305290532689374,0.02964479470498805,0.11662047122757135,0.24767573870086834,0.30435123534445435,0.331352554727106
0901100,119847,26308,60135,33404,24698,35031,60118,1276,65,1572,4077,18912,3086,13265,2719,1498,1699,892,5152,1162,3121,10905,16531,2491,23662,3596,4166,10091,25171,29123,29154,0.2195132126794997,0.5017647500563218,0.2787220372641785,0.20607941792452042,0.2922976795414153,0.5016229025340643,0.01064690814121338,0.0005423581733376722,0.013116723822874165,0.0340183734261183,0.1578011965255701,0.025749497275693176,0.11068278722037264,0.022687259589309703,0.012499269902458969,0.014176408253857001,0.007442822932572363,0.042988143215933645,0.009695695344898078,0.026041536292105767,0.0909910135422664,0.13793419943761628,0.0207848339966791,0.1974350630387077,0.030004922943419526,0.03476098692499604,0.10788013555843018,0.2690963127679364,0.31134606955387595,0.31167748211975754
0901300,40800,10557,19701,10542,10854,12107,17839,363,38,127,2085,3384,903,4609,1326,381,537,421,1358,73,941,10742,5555,943,3982,1636,1396,2990,7850,9179,10224,0.25875,0.4828676470588235,0.25838235294117645,0.2660294117647059,0.2967401960784314,0.43723039215686277,0.008897058823529412,0.0009313725490196079,0.0031127450980392157,0.05110294117647059,0.08294117647058824,0.02213235294117647,0.1129656862745098,0.0325,0.009338235294117647,0.013161764705882354,0.010318627450980392,0.0332843137254902,0.00178921568627451,0.02306372549019608,0.2632843137254902,0.1361519607843137,0.023112745098039216,0.09759803921568627,0.040098039215686276,0.034215686274509806,0.09886585325529874,0.2595641966736104,0.30350824984293884,0.33806170022815196
0901500,38152,8513,19157,10482,8875,12649,16628,299,78,137,1254,6277,1219,4297,2150,282,522,203,862,392,1373,5931,6775,291,3410,1425,975,3172,8772,9681,8014,0.22313378066680645,0.5021230866009646,0.274743132732229,0.2326221430069197,0.33154225204445376,0.43583560494862655,0.007837072761585238,0.0020444537638918013,0.0035908995596561125,0.03286852589641434,0.16452610610190815,0.03195114279723212,0.11262843363388551,0.056353533235479134,0.007391486684839589,0.013682113650660516,0.005320821975256867,0.022593835185573497,0.010274690710840848,0.035987628433633886,0.15545711889284966,0.1775791570559866,0.0076273851960578735,0.089379324806039,0.037350597609561755,0.025555672048647515,0.10702115455987044,0.2959614022065522,0.326630453119201,0.27038699011437634
1000100,300247,69727,160635,69885,64517,79504,156226,182,1,1476,14734,11250,7773,31643,11383,3489,41195,3801,23023,7174,20192,24375,53328,5760,23228,7872,8368,23943,56858,69554,80165,0.232232128880555,0.5350095088377236,0.2327583622817214,0.2148797490066512,0.2647953185210843,0.5203249324722645,0.0006061675886853158,3.330591146622614e-06,0.004915952532414979,0.049072929954337596,0.03746915039950441,0.025888684982697578,0.10538989565257938,0.03791211902200522,0.011620432510566301,0.13720370228511858,0.012659576948312556,0.07668019996869245,0.023893660885870634,0.06725129643260382,0.08118315919892621,0.17761376466709075,0.01918420500454626,0.07736297115375008,0.026218413506213217,0.027870386714938033,0.1038651743883394,0.24665104980045116,0.3017265313204928,0.34775724449071665
1000200,67119,15576,34926,16617,16657,22659,27803,273,37,299,3752,4771,1522,9409,2221,788,1318,564,2296,326,3006,6820,10679,1658,6679,1727,8974,6262,15109,16732,13440,0.23206543601662719,0.5203593617306574,0.24757520225271532,0.2481711586882999,0.33759442184776295,0.4142344194639372,0.004067402672864613,0.0005512597029157169,0.004454774355994577,0.05590071365783161,0.07108270385434824,0.022676142373992462,0.14018385256037783,0.033090481085832624,0.011740341781015807,0.01963676455251121,0.008402985741742279,0.03420789940255367,0.004857044950014154,0.044786126134179594,0.10161057226716727,0.15910546939018758,0.02470239425497996,0.0995098258317317,0.025730419106363325,0.13370282632339575,0.1214907940942514,0.2931338882098442,0.3246221601381371,0.2607531575577673
1000300,77806,18455,38294,21057,20908,29927,26971,904,35,283,5453,10613,1676,11494,1705,476,1567,1170,2218,281,5418,5575,12176,1377,10991,2602,1792,8640,18001,18732,13978,0.23719250443410533,0.49217284014086315,0.2706346554250315,0.2687196360177878,0.3846361463126237,0.3466442176695885,0.011618641235894404,0.00044983677351361076,0.003637251625838624,0.07008456931342055,0.13640336220857002,0.021540755211680335,0.14772639642186977,0.02191347710973447,0.006117780119785107,0.020139834974166517,0.015037400714597846,0.028506798961519676,0.003611546667352132,0.06963473253990694,0.07165257178109657,0.15649178726576357,0.017697863917949773,0.14126159936251703,0.03344215099092615,0.02303164280389687,0.14557463227241327,0.30329733281663324,0.31561389024616265,0.23551414466479081
1100100,695456,134726,402878,157852,79831,130069,485556,33,0,2260,16381,4104,4804,23005,7865,19912,17589,12588,118220,2648,46926,59608,75286,13508,69444,72420,128855,70649,118832,132822,238427,0.19372325495789813,0.579300487737542,0.2269762573045599,0.11478943312013988,0.1870269290940045,0.6981836377858556,4.745088114848387e-05,0.0,0.0032496664059264713,0.023554329821009523,0.005901164128284176,0.006907697970827773,0.03307901578245065,0.011309126673721989,0.0286315741038973,0.025291319652141903,0.018100354299912576,0.1699891869507201,0.0038075737357934937,0.06747515299314406,0.08571067040905535,0.10825415267105323,0.01942322735011273,0.09985390880228225,0.10413311553858189,0.18528131182993604,0.1259946854992599,0.211923742264548,0.2368733615108876,0.4252082107253045
1200100,131254,33723,67610,29921,30503,47014,53737,926,17,439,5426,4406,2987,12329,2652,1931,3996,2419,6506,550,7146,25312,27661,2068,13171,3293,8019,11953,25495,31095,28988,0.2569293126304722,0.5151081109909031,0.22796257637862466,0.23239672695689273,0.35819098846511344,0.40941228457799383,0.007055023085010743,0.0001295198622518171,0.003344659972267512,0.041339692504609386,0.03356850076950036,0.02275740167918692,0.0939323753942737,0.020205098511283465,0.014711932588721105,0.03044478644460359,0.018429914516890914,0.049568013165313056,0.004190348484617612,0.05444405503832264,0.19284745607752907,0.21074405351455955,0.01575571030216222,0.10034741798345194,0.02508875919971963,0.061095280905724775,0.12255590530190401,0.2614040663994012,0.3188217079697737,0.29721832032892104
1200500,114526,27572,60245,26709,29319,48203,37004,459,106,577,9175,3945,2941,18056,2193,956,2325,3908,5882,351,7504,8208,14967,2007,20624,3336,7006,12271,26795,28708,19180,0.24074882559418823,0.5260377556188115,0.23321341878700033,0.2560030036847528,0.4208913259871121,0.3231056703281351,0.004007823550984056,0.0009255540226673419,0.005038157274330719,0.08011281281106473,0.03444632659832702,0.0256797583081571,0.1576585229554861,0.019148490299146045,0.00834744948745263,0.020301067006618583,0.03412325585456578,0.0513595166163142,0.0030648062448701604,0.06552223949146918,0.07166931526465606,0.13068648167228403,0.01752440493861656,0.18008137890086093,0.02912875678885144,0.061173881913277335,0.14112059249718242,0.3081514363916554,0.33015157439565745,0.22057639671550475
1200900,211903,42958,109685,59260,47015,77435,87453,212,32,294,14022,24595,4929,25665,3666,2365,5106,2660,15673,2192,13884,17179,33078,4038,23332,6568,12413,21163,45710,55162,46910,0.20272483164466762,0.5176189105392561,0.2796562578160762,0.221870384090834,0.36542663388437163,0.4127029820247944,0.001000457756615055,0.00015101249156453662,0.0013874272662491801,0.06617178614743538,0.11606725718843056,0.023260642841300028,0.12111673737511974,0.017300368564862223,0.011160766954691533,0.024095930685266373,0.012552913361302105,0.0739630868840932,0.010344355672170758,0.06552054477756332,0.0810701122683492,0.15609972487411694,0.01905588877929996,0.11010698291199275,0.03099531389362114,0.05857868930595603,0.1252656189884282,0.27056142531593125,0.32650862706798073,0.2776643286276599
1201100,841472,174126,462500,204846,180597,311291,349584,951,96,1095,46625,27138,47578,114984,28352,20486,38844,22441,58462,8742,82874,59934,109386,14903,88655,31672,38254,119342,168307,205732,173965,0.20693023653787648,0.549632073319136,0.24343769014298752,0.21462033198965622,0.3699362545634317,0.4154434134469121,0.0011301623821113476,0.00011408579251597201,0.0013012910708853056,0.05540885495892912,0.03225062747185884,0.05654139412838455,0.13664625798600546,0.03369333738971707,0.02434543276543961,0.046161963796775174,0.0266687423942805,0.06947587085488287,0.010388937480985702,0.09848693717675693,0.07122518634012778,0.12999363020991786,0.017710630894432613,0.10535704099482811,0.03763880438089443,0.04546081153027076,0.17883077144389867,0.25220350462878327,0.30828385874793585,0.2606818651793822
1201500,50220,10471,24421,15328,13467,20912,15841,483,41,61,4219,786,896,8743,824,483,1137,1087,1893,76,4214,2442,9507,1136,7122,1809,3261,5439,11648,12979,9683,0.2085025886101155,0.4862803663878933,0.30521704500199126,0.2681600955794504,0.4164078056551175,0.3154320987654321,0.00961768219832736,0.0008164078056551175,0.0012146555157307845,0.08401035444046197,0.015651135005973715,0.017841497411389885,0.17409398645957785,0.016407805655117482,0.00961768219832736,0.02264038231780167,0.021644763042612505,0.03769414575866189,0.001513341298287535,0.08391079251294305,0.048626045400238946,0.18930704898446835,0.02262046993229789,0.14181600955794504,0.03602150537634408,0.06493428912783751,0.13683363103474303,0.2930388185866311,0.32652393770912475,0.24360361266950112
1201701,33070,6557,16578,9935,8775,14653,9642,136,57,802,2848,503,515,5299,601,299,673,505,980,32,2080,2973,7261,799,3883,1185,1639,3410,8361,8803,5939,0.19827638342908982,0.5013002721499848,0.30042334442092533,0.2653462352585425,0.44309041427275475,0.29156335046870274,0.0041124886604172965,0.0017236165709101905,0.02425158754157847,0.08612035077109162,0.015210160266102207,0.015573026912609617,0.16023586332022982,0.018173571212579377,0.009041427275476263,0.020350771091623827,0.01527063804052011,0.029634109464771696,0.0009676443906864227,0.06289688539461748,0.08990021167221046,0.2195645600241911,0.02416087087995162,0.11741759903235562,0.03583308134260659,0.049561536135470215,0.12861615056764605,0.31535473164108174,0.33202579866480597,0.22400331912646626
1201900,55947,13721,29686,12540,14872,21850,19225,107,116,524,4441,1600,800,8877,806,1087,1273,708,4629,170,2619,6410,9445,1550,6989,1530,2266,5858,12116,13893,10359,0.2452499687203961,0.5306093266841833,0.22414070459542065,0.26582301106404277,0.39054819740111174,0.3436287915348455,0.001912524353405902,0.002073390887804529,0.009366007113875632,0.07937869769603374,0.028598495004200405,0.014299247502100203,0.15866802509517935,0.014406491858365953,0.01942910254347865,0.022753677587716948,0.012654834039358678,0.08273902085902729,0.003038590094196293,0.04681216151000053,0.11457272061057787,0.1688204908216705,0.027704792035319142,0.12492180099022289,0.027347310847766638,0.040502618549698825,0.138729692606451,0.28693222185383416,0.3290152986311751,0.24532278690853976
1202100,145443,31014,74352,40077,32961,56095,56387,3767,45,175,15441,4138,4152,18249,1766,1185,3841,3858,6389,363,9715,9549,20177,8854,21300,6791,5688,20330,29245,34388,30466,0.21323817578020254,0.5112105773395763,0.2755512468802211,0.2266248633485283,0.3856837386467551,0.38769139800471664,0.025900180826853133,0.0003093995585899631,0.0012032205056276342,0.106165301870836,0.028451008298783716,0.028547265939233925,0.1254718343268497,0.01214221378821944,0.008147521709535694,0.02640897121208996,0.026525855489779503,0.04392786177402831,0.0024958231059590357,0.0667959269266998,0.06565458633279017,0.138727886525993,0.06087608203901185,0.1464491243992492,0.04669183116409865,0.039108104205771335,0.17766475281615673,0.25557332494385165,0.3005182252750614,0.2662436969649302
1202300,48026,10709,25414,11903,12273,20561,15192,1506,176,179,3627,3870,1496,6268,1730,189,791,333,1269,290,2573,4798,6882,387,5086,957,5619,5414,12007,12516,7380,0.22298338400033316,0.5291716986632241,0.24784491733644276,0.2555490775829759,0.428122267105318,0.3163286553117062,0.031358014408861865,0.0036646816307833257,0.003727147794944405,0.07552159247074501,0.08058135176779245,0.031149793861658268,0.13051263898721527,0.03602215466622246,0.003935368342148003,0.016470245283804606,0.006933744221879815,0.02642318744013659,0.006038395868904344,0.05357514679548578,0.09990421854828635,0.14329738058551617,0.008058135176779245,0.10590097030774998,0.019926706367384334,0.11699912547370174,0.1450813302248305,0.3217568400460916,0.3353967360720315,0.1977650936570464
1202790,67807,14521,34819,18467,17553,30218,20036,10105,26,433,3995,2384,1383,8599,1779,415,1247,668,2061,123,3168,6599,10474,1127,6183,1499,5539,10823,15493,16503,10467,0.21415193121654105,0.5135015558865604,0.27234651289689854,0.2588670786202015,0.4456472045659003,0.2954857168138983,0.14902591177901986,0.00038344123763033315,0.006385771380535933,0.05891722093589157,0.03515861194271978,0.02039612429395195,0.12681581547627827,0.026236229297860104,0.006120312062176472,0.018390431666347132,0.00985149025911779,0.03039509195215833,0.0018139720087896529,0.046720840031265205,0.09732033565856033,0.1544678278053888,0.016620702877284056,0.091185275856475,0.022106862123379593,0.08168773135516982,0.20311151146642645,0.29075179221559133,0.3097061141763315,0.1964305821416507
1203100,548970,124166,302938,121866,120808,194763,233399,358,145,2437,37774,25471,22882,65549,32374,9234,51897,9154,38017,6448,48789,30745,76845,8875,52216,14934,14826,58670,117673,136002,112459,0.22617993697287647,0.5518297903346266,0.22199027269249685,0.22006302712352224,0.35477894966938084,0.42515802320709695,0.0006521303532069148,0.0002641310089804543,0.004439222544037015,0.06880886022915642,0.046397799515456216,0.04168169481028107,0.11940361039765379,0.05897225713609123,0.016820591289141484,0.09453522050385267,0.016674863835910887,0.06925150736834436,0.011745632730385995,0.08887370894584404,0.05600488186968323,0.13998032679381386,0.016166639342769185,0.09511630872360967,0.027203672331821412,0.027006940269960106,0.13811075225280364,0.27700539542942154,0.3201523526143822,0.2647314997033926
1203300,149137,37180,77040,34917,37181,59843,52113,253,101,1419,10615,5691,4850,21114,2999,1381,11414,2408,7689,1288,11063,10192,24362,1755,20162,4203,6178,15622,32899,37396,26040,0.24930097829512463,0.5165720109697794,0.23412701073509593,0.24930768353929608,0.40126192695307,0.34943038950763394,0.0016964267753810255,0.0006772296613181169,0.00951474147931097,0.07117616688011694,0.03815954457981587,0.03252043423161254,0.14157452543634377,0.020109027270228046,0.009259942200795242,0.07653365697311867,0.016146227964891343,0.05155662243440595,0.008636354492848858,0.07418011626893393,0.0683398485955866,0.16335315850526697,0.011767703520923715,0.13519113298510765,0.028182141252673716,0.04142499849132006,0.1395357146047143,0.29385389033289566,0.3340210973856034,0.23258929767678663
1203590,197320,44490,100007,52823,52396,80761,64163,1865,24,597,14436,11590,5351,28186,2093,2404,4718,3590,8239,1094,12154,18484,34053,4740,27768,6928,9006,21566,44095,50551,36618,0.22547131562943443,0.5068264747618082,0.26770220960875735,0.26553821204135414,0.4092894790188526,0.3251723089397932,0.009451652138658017,0.00012162983985404419,0.0030255422663693493,0.07316034867220758,0.05873707682951551,0.027118386377457938,0.14284411108858708,0.010607135617271437,0.012183255625380094,0.02391039935130752,0.018193796878167443,0.04175451043989459,0.005544293533346848,0.061595378066085546,0.09367524832758971,0.17257753902290696,0.02402189337117373,0.14072572471112912,0.03511048043786742,0.045641597405230085,0.14111103840868938,0.288523195707649,0.3307662108224825,0.23959955506117908
1205301,45661,10885,22979,11797,12424,19598,13639,199,18,97,2962,2393,683,7676,1954,348,758,450,2342,430,2977,3052,9061,630,5446,1592,2593,4859,10637,11562,7718,0.2383872451326077,0.503252228378704,0.2583605264886884,0.27209215742099385,0.42920654387770746,0.2987012987012987,0.004358205032741289,0.00039420950044896083,0.0021243511968638443,0.06486936335165677,0.05240796303190907,0.014958060489257791,0.16810845141367908,0.042793631326514966,0.007621383675346576,0.016600600074461794,0.00985523751122402,0.051291036113970345,0.00941722695516962,0.06519787126869758,0.06684041085390158,0.19844068242044632,0.013797332515713629,0.11927027441361336,0.034865640261930314,0.05678806859245308,0.13972279733149298,0.30587186565447433,0.33247066942719117,0.2219346675868415
1205700,731788,159827,408338,163623,154958,249659,327171,6630,162,2840,40824,28451,36335,81622,19990,17753,64742,14749,72054,11566,68553,47840,91267,16867,68893,19122,21528,83929,146808,180369,160855,0.21840615041514755,0.5580004044887317,0.22359344509612072,0.2117525840817286,0.34116301442494273,0.4470844014933287,0.00906000098389151,0.00022137558965164774,0.0038809053988313556,0.05578664859221523,0.03887874630357426,0.04965235833328778,0.11153776776880736,0.027316654550224927,0.024259758290652484,0.08847097793349987,0.020154744270198473,0.0984629428195051,0.015805123888339247,0.0936787703542556,0.06537412474651129,0.12471781444899342,0.02304902512749594,0.09414338578932696,0.02613051867480746,0.02941835613593008,0.14673902591260593,0.2566748432148346,0.3153519208477501,0.28123421002480936
1206100,51344,10750,25520,15074,12713,20877,17754,1159,22,38,4064,2023,1197,7459,852,484,1388,897,2650,168,3331,2992,9533,2819,5355,2256,2657,6183,11303,13337,9771,0.2093720785291368,0.4970395761919601,0.2935883452789031,0.24760439389217825,0.4066103147397943,0.34578529136802744,0.022573231536304146,0.00042848239326893114,0.000740105952009972,0.07915238392022438,0.03940090370832035,0.023313337488314118,0.14527500779058897,0.016593954502960424,0.009426612651916485,0.02703334372078529,0.0174703957619196,0.051612651916484883,0.0032720473667809287,0.06487612963540043,0.058273605484574637,0.18566921159239638,0.05490417575568713,0.1042965098161421,0.043938921782486755,0.051748987223434094,0.15231314972656057,0.27844016357097107,0.32854609055525447,0.24070059614721387
1206300,48844,10829,26011,12004,11214,23649,13981,3260,292,403,3532,2734,1814,5719,1341,389,857,496,1188,95,1838,4413,8160,329,4360,960,6664,5838,12314,12517,7346,0.22170583899762508,0.5325321431496192,0.2457620178527557,0.22958807632462533,0.48417410531488003,0.2862378183604946,0.0667431004831709,0.00597821636229629,0.008250757513717141,0.07231184997133731,0.05597412169355499,0.037138645483580375,0.11708705265744002,0.02745475391040865,0.007964130701826222,0.01754565555646548,0.010154778478421096,0.024322332323315043,0.0019449676521169437,0.03763000573253624,0.09034886577675866,0.1670624846449922,0.006735730079436573,0.08926377856031448,0.01965440995823438,0.13643436246007698,0.15357095883203997,0.32392476653952385,0.3292647639089833,0.19323951071945283
1206900,129498,28384,65663,35451,34767,53609,41122,2333,145,1097,13120,4862,2020,21017,2990,1259,2961,2279,4089,288,7684,8832,24719,3070,15198,3777,7758,15186,29915,32845,23168,0.21918485227571083,0.5070580240621477,0.2737571236621415,0.26847518880600474,0.41397550541321104,0.3175493057807843,0.018015722250536687,0.0011197084124851349,0.008471173299973744,0.10131430601244806,0.03754498138967397,0.015598696504965327,0.1622959427944833,0.02308915967814175,0.009722157871164034,0.02286521799564472,0.01759872739347326,0.031575777232080805,0.0022239725710049576,0.059336823734729496,0.0682018255108187,0.1908832568842762,0.023706929836754237,0.11736088588240745,0.0291664736134921,0.059908261131446046,0.15018691773641632,0.29585418438594063,0.32483137844413235,0.2291275194335107
1207100,258770,58679,132347,67744,62421,100004,96345,3394,240,784,29685,6296,6712,36741,4568,3037,5172,6756,15316,3347,19105,17729,39213,7879,33171,8845,10780,31987,55340,62766,49998,0.22676121652432663,0.5114464582447733,0.2617923252309,0.24122193453646096,0.3864590176604707,0.37231904780306835,0.01311589442361943,0.0009274645438033776,0.0030297175097577,0.11471577076168026,0.024330486532441936,0.025938091741701124,0.14198322834949956,0.01765274181705762,0.011736290914711907,0.019986860918962786,0.026108126908065077,0.05918769563705221,0.012934265950457935,0.07383004212234803,0.06851257873787533,0.15153611315067433,0.03044788808594505,0.12818719326042433,0.03418093287475364,0.04165861575916837,0.15986226267048492,0.2765741587577652,0.31368727229110754,0.2498763062806423
1207300,160613,41603,81858,37152,39624,57782,63207,415,11,109,6509,1836,2809,15467,1396,3647,5043,2307,12315,783,7816,18126,21139,2060,17590,6016,35219,15006,31118,38494,34392,0.2590263552763475,0.5096598656397676,0.23131377908388487,0.24670481218830356,0.3597591726697092,0.39353601514198727,0.0025838506223033004,6.848760685623206e-05,0.0006786499224844813,0.040525984820655864,0.011431204198912914,0.017489244332650533,0.09629980138594012,0.008691699924663633,0.022706754745879847,0.03139845467054348,0.014363719001575214,0.0766749889485907,0.004875072378948155,0.0486635577443918,0.11285512380691476,0.13161450193944452,0.012825860920348913,0.1095179095091929,0.0374564948042811,0.21927863871542155,0.12609024451726747,0.26147382572893035,0.32345181077220403,0.2889841189815982
1208100,122663,26574,62343,33746,31499,47533,43631,4867,0,299,10896,8647,4136,17770,2991,1046,2611,2631,4702,1305,7380,9839,16732,4453,14021,4274,4063,14950,27200,30202,23737,0.21664234528749501,0.5082461704018326,0.27511148431067234,0.25679300196473265,0.3875088657541394,0.35569813228112795,0.039677816456470165,0.0,0.002437572862232295,0.08882874216348859,0.07049395498235002,0.033718399191280175,0.14486846074203305,0.024383881039922388,0.008527428809013313,0.021285962352135524,0.02144901070412431,0.03833266755256271,0.010638904967268043,0.06016484188386066,0.08021163676088144,0.13640625127381525,0.036302715570302374,0.11430504716173581,0.034843432820002775,0.03312327270652112,0.15558492647441435,0.28307090301699467,0.3143127725337968,0.2470313979747942
1208300,102859,22318,53500,27041,25335,44395,33129,1910,113,262,7449,7889,3921,16061,3028,697,2252,1605,4031,190,5077,9788,17558,2606,10401,2722,5299,11876,24663,26211,17791,0.2169766379218153,0.5201294976618478,0.26289386441633694,0.2463080527712694,0.431610262592481,0.32208168463624964,0.01856910916886223,0.0010985912754353047,0.002547176231540264,0.0724195257585627,0.07669722630008069,0.038120145052936545,0.1561457918120923,0.02943835736299206,0.006776266539631923,0.02189404913522395,0.015603884929855432,0.03918957018831604,0.0018471888702009547,0.04935883102110657,0.09515939295540497,0.17069969569993876,0.025335653661808885,0.10111900757347436,0.026463411077299992,0.0515171253852361,0.1474528501011907,0.30621670950199276,0.32543673408574514,0.22089370631107139
1208500,70225,15519,35670,19036,17837,27631,24757,574,70,423,5974,3165,2380,8812,1372,669,1796,966,3589,125,6658,3209,14301,2200,7882,3050,3010,8681,14877,17723,13425,0.22098967604129582,0.507938768244927,0.27107155571377717,0.25399786400854396,0.39346386614453543,0.3525382698469206,0.00817372730509078,0.0009967960128159487,0.006023495906016376,0.08506941972232111,0.04506941972232111,0.03389106443574226,0.1254823780704877,0.019537201851192596,0.009526521893912425,0.025574937700249198,0.013755784976860093,0.05110715557137772,0.00177999288002848,0.09480954076183695,0.04569597721609114,0.20364542541829833,0.03132787468850125,0.11223923104307583,0.04343182627269491,0.0428622285510858,0.15868460497934414,0.2719445764632764,0.3239681204986656,0.24540269805871384
1208690,1187497,236454,664153,286890,237242,466596,483659,8785,628,3454,52375,40922,70372,152540,73853,21539,52736,30332,81480,10817,82703,87202,166399,17717,139457,41067,53119,203256,231526,278186,238075,0.19911966093388025,0.5592881497805889,0.24159218928553083,0.1997832415576629,0.3929239400183748,0.4072928184239623,0.007397913426307604,0.0005288434412886938,0.0029086389270878157,0.044105374581998945,0.03446071863760498,0.05926078129039484,0.12845506136015503,0.0621921571170285,0.018138151085855373,0.04440937535000088,0.025542801371287675,0.06861491018503625,0.009109075643980575,0.06964480752372428,0.0734334486739756,0.14012582768630152,0.014919616639031508,0.11743777036910409,0.03458282420924011,0.04473190248059574,0.21371904319783647,0.2434443027286884,0.2925062273735257,0.2503304266999494
1208900,30064,7314,15471,7279,7942,12354,9768,427,0,117,1681,1613,604,4021,1755,291,407,377,863,149,2131,2833,3901,613,5500,1089,1692,2976,6981,7607,5186,0.24328100053219798,0.5146021820117084,0.24211681745609367,0.2641697711548696,0.4109233634912187,0.32490686535391167,0.014203033528472592,0.0,0.0038916977115486962,0.0559140500266099,0.05365220862160724,0.020090473656200106,0.13374800425758382,0.058375465673230445,0.00967935071846727,0.013537786056412985,0.012539914848323576,0.028705428419372007,0.004956093666844066,0.07088211814795103,0.09423230441724322,0.12975651942522617,0.02038983501862693,0.1829430548163917,0.036222724853645555,0.05627993613624268,0.13081318681318682,0.3068571428571429,0.3343736263736264,0.22795604395604396
1209100,84510,20205,43120,21185,21818,32347,30345,72,10,367,5553,3088,1410,13236,1290,1105,2987,2430,9592,371,5519,6086,9181,1416,14922,2489,3386,8531,18563,21116,16095,0.23908413205537807,0.5102354750917051,0.2506803928529168,0.25817063069459234,0.38275943675304697,0.3590699325523607,0.0008519701810436634,0.00011832919181161993,0.004342681339486451,0.06570820021299255,0.036540054431428236,0.01668441604543841,0.15662051828186013,0.01526446574369897,0.013075375695184003,0.035344929594130874,0.02875399361022364,0.11350136078570583,0.004390013016211099,0.06530588096083303,0.07201514613655188,0.10863803100224825,0.016755413560525383,0.17657082002129926,0.0294521358419122,0.040066264347414504,0.13266464505092918,0.2886711764248503,0.32837259933131174,0.2502915791929088
1209500,909590,229933,489739,189918,209942,347128,352520,3987,67,2036,43996,32171,34190,97561,37084,19446,28343,22153,64943,18640,88144,49873,88572,89128,138709,25552,24995,114455,176850,213768,174584,0.2527875196517112,0.5384173088974153,0.20879517145087348,0.23080948559240977,0.3816312844248508,0.38755922998273945,0.004383293571829066,7.365956090106532e-05,0.002238371134247298,0.04836904539407865,0.035368682593256304,0.037588363988170496,0.10725821523983334,0.04077001726052397,0.02137886300421069,0.031160193054013345,0.0243549291439,0.07139810244175947,0.020492749480535186,0.0969051990457239,0.054830198221176574,0.09737574071834562,0.09798700513418133,0.15249617959740103,0.028091777614089864,0.0274794138018228,0.16840111997669413,0.2602047797639103,0.3145233551629719,0.25687074509642366
1209700,97393,24189,52976,20228,25622,41422,30349,368,6,676,6828,1652,2686,15896,1792,623,1240,2929,2541,155,10631,10606,11693,1760,18532,2253,4526,13973,20284,22974,15973,0.24836487221874262,0.5439405296068506,0.20769459817440677,0.26307845533046526,0.4253077736592979,0.31161377101023685,0.0037785056420892673,6.160607025145544e-05,0.0069409505816639796,0.0701077079461563,0.016962204675900733,0.027578984115901553,0.16321501545285597,0.018399679648434693,0.006396763627776123,0.012731921185300792,0.030074029961085498,0.02609017075149138,0.001591490148162599,0.1091556888072038,0.10889899684782274,0.12005996324171142,0.01807111394042693,0.19028061564999538,0.02313307937942152,0.04647151232634789,0.19087754767499043,0.2770886836784875,0.3138353095459265,0.2181984591005956
1209900,616371,129523,327907,158941,136495,221172,258704,7484,73,2457,36243,18677,23164,75122,9712,10718,24048,16202,46544,11772,55673,40063,93308,19847,70533,26774,27957,79761,119556,148847,138684,0.21013804997314928,0.5319961516683945,0.2578657983584562,0.22144941926210027,0.35882934141937245,0.41972123931852734,0.012142037831111457,0.00011843516323772533,0.003986235562672481,0.058800624948286015,0.030301555394397207,0.037581261934776296,0.1218778949691014,0.01575674390910669,0.01738887780249233,0.03901546308960026,0.026286116640789395,0.07551296216077655,0.019098886871705516,0.09032384716347784,0.0649981910245615,0.15138285221076267,0.03219976280519363,0.11443270368008877,0.043438124116806275,0.04535742272105599,0.16383142171683976,0.24557151308005784,0.30573608189825163,0.28486098330485077
1210100,124669,29658,64460,30551,32636,50616,41417,825,93,1068,10405,3992,2925,22782,1478,836,2727,1733,5148,772,7471,13691,23058,1417,14391,3977,5880,13258,27399,31308,23046,0.23789394316149162,0.517049146138976,0.24505691069953237,0.26178119660861965,0.40600309619873426,0.33221570719264615,0.006617523201437406,0.0007459753427074894,0.008566684580769878,0.08346100474055299,0.03202079105471288,0.023462127714187167,0.18273989524260242,0.011855393080878166,0.0067057568441232385,0.02187392214584219,0.013900809343140636,0.041293344776969415,0.006192397468496579,0.05992668586416832,0.10981880018288427,0.18495375754999238,0.011366097425984005,0.11543366835380087,0.031900472451050384,0.04716489263569933,0.13954173727252633,0.28837713527907294,0.3295197398195998,0.24256138762880086
1210300,458517,94205,242214,122098,101165,170895,186457,134,12,847,25545,33312,16065,55107,6077,7167,22258,9931,35039,17703,31754,29309,75220,9167,51606,14077,18187,45860,96166,118865,103421,0.20545585005572312,0.528255222816166,0.26628892712811086,0.2206352218129317,0.372712462133356,0.40665231605371227,0.0002922465252106247,2.6171330615876836e-05,0.0018472597526373068,0.05571222004854782,0.07265161378967411,0.03503686886200512,0.1201852930207604,0.013253598012723628,0.015630827210332442,0.048543456404015556,0.021658957028856073,0.07641810445414238,0.0386092554910723,0.0692537026980461,0.06392129408506118,0.16405062407718798,0.019992715646311915,0.11254980731357835,0.03070115175664152,0.039664832492579336,0.1258811128922462,0.26396605107709875,0.3262725356288017,0.28388030040185336
1210500,239528,55538,126325,57665,55472,95490,88566,2806,957,557,13545,18982,10808,32572,16766,1726,10145,3341,7649,8321,17128,21014,29905,4241,20315,5637,13113,29466,54338,59278,40908,0.23186433318860425,0.527391369693731,0.24074429711766474,0.23158879128953608,0.3986590294245349,0.369752179285929,0.011714705587655723,0.003995357536488427,0.0023254066330449883,0.056548712467853444,0.07924752012290838,0.04512207341104171,0.13598410206739922,0.06999599211783174,0.007205838148358438,0.042354129788584216,0.013948264921011323,0.03193363615109716,0.03473915366888213,0.07150729768544804,0.08773087071240106,0.12484970441869009,0.01770565445375906,0.08481263150863365,0.02353378310677666,0.05474516549213453,0.16015000815261698,0.29533126800369586,0.3221805532909397,0.22233817055274743
1210790,94264,23036,48018,23210,25751,35577,32936,1041,73,500,6287,4102,2987,14101,1090,556,2871,1782,3655,430,5428,11147,11631,2789,14380,4261,5153,9645,20050,22418,19115,0.2443774929983875,0.5093991343460919,0.24622337265552066,0.2731795807519308,0.377418738861071,0.3494016803869982,0.011043452431469066,0.0007744207756937961,0.005304251888313672,0.06669566324365611,0.043516082491725366,0.03168760078078588,0.1495905117542222,0.011563269116523806,0.005898328099804804,0.030457014342697104,0.01890435372994993,0.038774081303572946,0.004561656623949758,0.057582958499533224,0.118252991598065,0.12338750742595264,0.029587117033013664,0.1525502843079012,0.04520283459220911,0.054665619960960705,0.13541023193126298,0.2814904251137193,0.31473577806480596,0.26836356489021174
1211100,76961,16245,40543,20173,18482,31323,27156,721,33,1284,5252,3806,2466,10257,1588,461,1231,1196,3561,232,5496,9311,11799,1348,8513,3054,5352,10036,16447,19541,14692,0.21108093709801068,0.5267992879510401,0.2621197749509492,0.2401476072296358,0.40699834981354194,0.35285404295682227,0.009368381387975728,0.0004287886072166422,0.016683774898974806,0.06824235651823651,0.049453619365652735,0.03204220319382545,0.13327529527942725,0.020633827523031147,0.005990046906874911,0.01599511440859656,0.01554033861306376,0.046270188796923115,0.0030145138446745754,0.07141279349280805,0.1209833552058835,0.1533114174711867,0.01751536492509193,0.1106144670677356,0.03968243655877653,0.06954171593404451,0.16529415640028988,0.27088411621318925,0.3218426773832268,0.24197905000329403
1211300,40619,10228,21175,9216,10728,16315,13576,301,87,292,4091,824,1089,7152,683,590,684,847,2123,35,2928,4135,4851,460,5722,1122,2603,4146,9120,10137,6988,0.251803343263005,0.5213077623772127,0.22688889435978238,0.26411285359068415,0.40165932199217114,0.33422782441714466,0.007410325217262858,0.0021418547970161747,0.007188754031364633,0.10071641350107093,0.020286073020015265,0.02681011349368522,0.17607523572712278,0.01681479110760974,0.014525222186661415,0.0168394101282651,0.020852310495088504,0.052266180851325734,0.0008616657229375415,0.07208449247888919,0.1017996504099067,0.11942686919914326,0.011324749501464832,0.14087003618996036,0.027622541175312047,0.06408331076589774,0.13642196702971274,0.3000888420914086,0.33355269652199665,0.22993649435688196
1211500,171684,33836,86301,51547,40373,66513,64798,318,72,366,14069,8171,4648,22219,1841,2033,5290,3340,11598,1546,14722,9575,31848,5287,20109,7186,7446,17988,37103,44415,38342,0.19708301297733044,0.5026735164604739,0.30024347056219564,0.235158780084341,0.38741525127559934,0.3774259686400596,0.001852240162158384,0.0004193751310547285,0.0021318235828615365,0.08194706553901354,0.0475932527201137,0.027072994571421916,0.1294180005125696,0.010723189114885488,0.011841522797698097,0.030812422823326576,0.019454346357261013,0.06755434402739917,0.009004916008480697,0.085750564991496,0.0557710677756809,0.18550359963654156,0.030794948859532628,0.11712797931082687,0.041855967941101094,0.0433703781365765,0.13049155591666184,0.26915878358771983,0.3222027160350531,0.27814694446056526
1211700,210747,49751,114715,46281,46878,76059,87810,261,16,1045,21330,7613,9007,30436,3603,6169,16149,4116,17909,3500,19056,12680,22423,2345,20039,6631,6419,24247,42124,50814,43811,0.23606978984279728,0.5443256606262485,0.21960454953095418,0.22243733006875543,0.360901934547111,0.41666073538413356,0.001238451792908084,7.592041642348408e-05,0.004958552197658804,0.10121140514455722,0.03612388313949902,0.04273844942039507,0.1444196121415726,0.017096328773363322,0.02927206555727958,0.07662742530142778,0.019530527124941282,0.08497867110801102,0.016607591092637142,0.09042121596036955,0.06016693001561114,0.10639771859148647,0.011127086032066885,0.09508557654438735,0.031464267581507686,0.03045832206389652,0.15060622624164577,0.26164625208079706,0.31562274839126436,0.2721247732862928
1212100,25577,5447,13396,6734,5996,11357,8224,1966,60,282,1096,4777,490,3401,508,107,384,123,380,64,637,2558,3151,112,1958,472,3051,3033,6799,6559,3739,0.21296477303827657,0.5237518082652383,0.26328341869648514,0.23442937013723267,0.44403174727294054,0.3215388825898268,0.07686593423779177,0.002345857606443289,0.011025530750283457,0.042850998944364074,0.18676936309965986,0.01915783711928686,0.13297102865856042,0.019861594401219845,0.004183446064823865,0.01501348868123705,0.004809008093208742,0.01485709817414083,0.002502248113539508,0.024905188255072916,0.10001172928803222,0.12319662196504672,0.004378934198694139,0.07655315322359933,0.018454079837353872,0.11928685928764124,0.15067064083457526,0.3377545951316443,0.3258320914058619,0.18574267262791852
1300100,51114,12367,26720,12027,13984,20184,16946,126,9,52,2200,3180,1310,7101,1074,585,1201,676,1705,189,3347,4683,7503,1255,10125,1576,3217,5374,12061,12662,8650,0.24194936807919554,0.5227530617834644,0.23529757013734007,0.27358453652619635,0.39488202840709,0.3315334350667136,0.0024650780608052587,0.00017607700434323277,0.0010173338028720115,0.04304104550612357,0.06221387486794225,0.025628986187737214,0.13892475642681065,0.021011855851625776,0.01144500528231013,0.023496498024024728,0.01322533943733615,0.03335681026724577,0.0036976170912078883,0.0654810815040889,0.09161873459326211,0.14678952928747505,0.024552960050084126,0.19808662988613687,0.030833039871659428,0.06293774699690886,0.1386946086148605,0.3112757116680001,0.32678658992954296,0.22324308978759647
1300200,24468,6108,13338,5022,6773,8932,8763,81,18,222,1059,2895,241,3170,1338,116,583,508,965,81,911,3822,2390,141,3297,860,1770,2697,5805,5995,3863,0.24963217263364396,0.5451201569396763,0.20524767042667974,0.27681052803661926,0.3650482262547,0.3581412457086807,0.003310446297204512,0.0007356547327121138,0.009073075036782736,0.04328102010789603,0.11831780284453164,0.009849599476867745,0.1295569723720778,0.05468366846493379,0.004740886055255845,0.023827039398397906,0.020761811345430765,0.03943926761484388,0.003310446297204512,0.03723230341670754,0.1562040215792055,0.09767860062121955,0.005762628739578225,0.1347474252084355,0.03514794834068988,0.07233938205002452,0.1468954248366013,0.3161764705882353,0.3265250544662309,0.21040305010893245
1300300,39640,10563,20453,8624,11466,14868,13306,544,12,130,2867,4399,667,4748,1782,300,766,516,1404,71,1697,6752,5211,238,4204,941,2391,4102,9378,9177,6420,0.26647325933400606,0.5159687184661957,0.2175580221997982,0.2892532795156408,0.37507568113017153,0.3356710393541877,0.013723511604439959,0.0003027245206861756,0.003279515640766902,0.07232593340060545,0.11097376387487387,0.01682643794147326,0.11977800201816347,0.044954591321897074,0.0075681130171543895,0.01932391523713421,0.01301715438950555,0.03541876892028254,0.001791120080726539,0.04281029263370333,0.17033299697275478,0.13145812310797175,0.0060040363269424826,0.10605449041372352,0.023738647830474267,0.060317860746720485,0.14107370086322524,0.32252295628847544,0.31561027616329057,0.22079306668500878
1300400,152751,38760,81759,32232,40262,52619,59870,68,6,338,7021,14602,5996,17536,11490,2226,2902,2160,5463,968,15717,11174,17633,2325,22433,4608,8085,16699,35089,36529,25674,0.25374629298662527,0.5352436317929179,0.2110100752204568,0.2635792891699563,0.34447564991391216,0.39194506091613146,0.0004451689350642549,3.927961191743425e-05,0.0022127514713487966,0.04596369254538432,0.0955934822030625,0.0392534255094893,0.11480121243068785,0.0752204568218866,0.01457273602136811,0.018998238964065703,0.014140660290276332,0.03576408665082389,0.006337110722679393,0.10289294341771903,0.07315173059423506,0.11543623282335304,0.015220849618005775,0.14685992235730044,0.030166741952589508,0.05292927705874266,0.14649402145783438,0.30782254739409254,0.32045512365011275,0.22522830749796036
1300500,53053,12699,29028,11326,13316,24247,15490,2401,19,352,2127,9705,2407,6049,3045,454,1141,225,706,158,2140,5524,7356,280,4131,1222,3611,6406,13750,12756,7442,0.23936440917572993,0.5471509622453019,0.2134846285789682,0.2509942887301378,0.4570335325052306,0.2919721787646316,0.04525663016229054,0.0003581324336041317,0.0066348745594028615,0.0400919834882099,0.1829302772698999,0.045369724615007635,0.11401805741428384,0.05739543475392532,0.008557480255593462,0.021506795091700753,0.004241041976891033,0.01330744726971142,0.002978153921550148,0.04033702146909694,0.10412229280153809,0.13865379903115752,0.00527774112679773,0.07786553069571937,0.023033570203381523,0.06806401146023787,0.15874510581355009,0.340734499677851,0.3161024929375031,0.1844179015710958
1300600,48937,13446,25356,10135,14531,19805,14601,258,66,119,2785,4264,1363,6294,3146,1774,995,969,1617,228,2348,4946,7767,923,6219,1123,1733,5563,11456,11445,7027,0.2747614279583955,0.5181355620491652,0.20710300999243925,0.2969327911396285,0.4047040071929215,0.29836320166745,0.005272084516827758,0.0013486727833745427,0.002431697897296524,0.056909904571183355,0.08713243558044016,0.027852136420295482,0.12861434088726323,0.06428673600751987,0.03625068966221877,0.02033226393117682,0.019800968592271696,0.033042483192676296,0.004659051433475693,0.047980055990354945,0.10106872100864377,0.1587142652798496,0.018860984531131865,0.12708175817888306,0.02294787175347896,0.03541287778163762,0.15674396325829085,0.3227860584373503,0.32247612070665804,0.19799385759770083
1300700,40408,9234,21902,9272,11515,17029,11864,1923,157,216,1398,4956,2528,4967,1665,304,896,301,669,150,2101,5208,5318,115,3944,1102,2490,5092,10470,9892,5720,0.2285191051276975,0.5420213819045734,0.22945951296772915,0.2849683231043358,0.4214264502078796,0.2936052266877846,0.04758958622055039,0.0038853692338150863,0.005345476143337953,0.03459710948327064,0.12264898039992081,0.06256186893684419,0.12292120372203524,0.041204711938230054,0.007523262720253415,0.022173826964957434,0.007449019996040388,0.01655612749950505,0.003712136210651356,0.05199465452385666,0.12888536923381508,0.13160760245495942,0.0028459710948327064,0.09760443476539299,0.02727182736091863,0.06162146109681251,0.16334124591005325,0.335856803746712,0.31731571181112467,0.1834862385321101
1300800,39624,8930,21670,9024,10305,17541,11778,1601,264,168,1176,5939,1987,4300,528,191,1341,320,838,39,3598,4301,6794,196,2807,1149,2087,4860,9866,9984,5984,0.22536846355743995,0.546890773268726,0.22774076317383404,0.2600696547546941,0.4426862507571169,0.297244094488189,0.0404048051685847,0.006662628709872804,0.004239854633555421,0.029678982434887948,0.14988390874217647,0.05014637593377751,0.10852008883504946,0.013325257419745608,0.0048203109226731275,0.03384312537855845,0.00807591358772461,0.021148798707853828,0.000984251968503937,0.0908035534019786,0.1085453260650111,0.17146174035937817,0.004946497072481324,0.07084090450232182,0.028997577225923683,0.05267009892994145,0.15833713429334723,0.3214308985469473,0.32527529810386396,0.19495666905584152
1300900,52406,11696,28982,11728,13939,20786,17681,567,1,57,2444,3561,2255,6096,1729,902,1146,509,2363,344,5287,5489,9479,383,5104,2028,2662,6317,12927,13491,7975,0.22318055184520857,0.5530282792046712,0.22379116895012022,0.26598099454260965,0.39663397320917454,0.33738503224821587,0.010819371827653322,1.9081784528489105e-05,0.001087661718123879,0.04663588138762737,0.0679502347059497,0.04302942411174293,0.11632255848566958,0.032992405449757664,0.017211769644697172,0.021867725069648514,0.009712628325000954,0.045090256840819756,0.0065641338778002515,0.1008853948021219,0.10473991527687669,0.18087623554554821,0.007308323474411327,0.0973934282334084,0.038697859023775906,0.050795710414838,0.15517071972488333,0.31753868828297716,0.3313927781871776,0.19589781380496193
1301090,1215038,259392,711444,244202,230015,332759,652264,233,560,4085,30239,45656,53649,101628,66144,74292,72344,28605,131877,37389,112132,90472,137434,21450,109808,34805,62236,112691,228278,285780,328897,0.21348468113754468,0.5855323043394528,0.20098301452300257,0.18930683649400265,0.2738671547721141,0.5368260087338832,0.00019176354978198213,0.0004608909350983261,0.003362034767636897,0.02488728747578265,0.03757577952294496,0.04415417460194661,0.08364182848602265,0.05443780359132801,0.061143766697008654,0.059540524658488046,0.023542473568727892,0.10853734615707493,0.030771877093555923,0.09228682559722412,0.07446022264324244,0.11311086566839886,0.017653768853319814,0.09037412821656607,0.02864519463588793,0.05122144327996326,0.11792128047415047,0.23887297179080957,0.29904378818097915,0.3441619595540608
1301100,32071,5875,17551,8645,7515,15033,9523,2665,49,286,889,5290,1988,3702,1177,175,871,403,705,129,531,3871,4239,61,1818,608,2614,4226,8988,8394,4588,0.18318730317108914,0.5472545290137507,0.2695581678151601,0.2343238439711889,0.46874123039506094,0.2969349256337501,0.08309687880016214,0.001527860060490786,0.008917713822456425,0.027719746811761405,0.16494652489788283,0.061987465311340466,0.11543138661095693,0.036699822269339905,0.005456643073181379,0.027158492095662748,0.01256586947709769,0.021982476380530698,0.0040223254653737025,0.016557014124910355,0.12070094477877209,0.13217548564123352,0.0019020298712232235,0.05668672632596427,0.018957937077110163,0.08150665710454928,0.16132233928844097,0.34310581768208886,0.32043060009161706,0.1751412429378531
1301200,47757,10801,25782,11174,12203,20928,14626,2329,0,1434,2364,8211,1867,5778,1441,283,1058,185,794,436,2528,4626,6105,115,3572,822,3809,5816,12505,11539,7096,0.22616579768410913,0.5398580312833721,0.2339761710325188,0.25552275059153634,0.4382184810603681,0.30625876834809557,0.04876771991540507,0.0,0.03002701174696903,0.04950059677115397,0.17193291035869088,0.039093745419519654,0.1209874992147748,0.030173587118118808,0.005925832862198212,0.022153820382352325,0.0038737776661013044,0.016625834956132086,0.009129551688757669,0.052934648323805934,0.09686538099126829,0.12783466298134305,0.0024080239546035134,0.0747953179638587,0.0172121364407312,0.07975794124421551,0.1573763394306743,0.3383753652992748,0.31223617274596815,0.1920121225240827
1301300,39743,8279,21962,9502,11017,16440,12286,532,45,154,1684,5203,997,5198,945,307,964,218,708,561,1884,4818,8411,170,3266,626,3052,4724,10369,10045,6326,0.2083134136829127,0.5526004579422792,0.23908612837480814,0.2772060488639509,0.41365775105049946,0.30913620008554965,0.013386005082656065,0.0011322748660141408,0.0038748962081372822,0.04237224165261807,0.1309161361749239,0.025086178698135522,0.13079032785647787,0.02377777218629696,0.007724630752585361,0.024255843796391816,0.0054852426842462824,0.017814457891955817,0.014115693329642956,0.0474045743904587,0.12122889565458068,0.21163475328988754,0.004277482827164532,0.08217799360893742,0.01575120146944116,0.07679339757944795,0.150139842359522,0.3295512331553522,0.31925375031782355,0.20105517416730231
1301400,84084,19895,45925,18264,21142,32876,30066,92,95,195,2315,5709,2532,10728,2242,860,8839,1099,3052,2306,4943,7666,16981,470,8644,1798,3518,8915,19473,21193,14608,0.23660862946577232,0.5461800104657247,0.21721136006850292,0.2514390371533229,0.39098996241853384,0.35757100042814327,0.0010941439512868083,0.001129822558393987,0.002319109461966605,0.027531991817706103,0.06789638932496075,0.030112744398458683,0.12758669901527045,0.026663812378098093,0.010227867370724513,0.10512106940678369,0.01307026307026307,0.036297036297036296,0.02742495599638457,0.0587864516435945,0.09117073402787688,0.20195280909566624,0.005589648446791304,0.10280195994481708,0.021383378526235668,0.0418391132676847,0.13888672513982148,0.3033697362476437,0.3301656046986244,0.22757793391391049
1301500,49695,13054,26603,10038,14892,18729,16074,365,13,223,1323,6345,753,6742,722,299,1027,446,3761,65,2537,5175,8726,489,7792,1053,1839,5621,11347,11969,7704,0.2626823624107053,0.535325485461314,0.2019921521279807,0.29966797464533657,0.3768789616661636,0.32345306368849985,0.007344803300130798,0.0002615957339772613,0.0044873729751484055,0.026622396619378208,0.127678840929671,0.015152429821913673,0.1356675721903612,0.014528624610121743,0.00601670188147701,0.02066606298420364,0.008974745950296811,0.07568165811449844,0.0013079786698863064,0.051051413623100915,0.10413522487171747,0.17559110574504477,0.009840024147298522,0.15679645839621692,0.021189254452158166,0.03700573498339873,0.15340738516961874,0.30968041265249313,0.3266559318795884,0.2102562702982997
1301600,51262,11484,27668,12110,13788,20684,16790,1202,1157,577,2775,6128,677,5338,3015,277,847,272,1080,19,3246,7394,5816,384,4624,988,5446,6027,12973,12648,8130,0.22402559400725683,0.539737037181538,0.2362373688112052,0.2689711677265811,0.40349576684483635,0.32753306542858257,0.023448168233779407,0.022570324997073857,0.01125590105731341,0.05413366626350903,0.11954274121181382,0.013206663805547969,0.1041317155007608,0.058815496859271975,0.005403612812609731,0.01652296047754672,0.005306074675198003,0.021068237680933244,0.00037064492216456633,0.0633217588076938,0.14423939760446333,0.11345636143732199,0.007490928953220709,0.09020326947836604,0.01927353595255745,0.10623853926885413,0.15151591331892,0.326135049524863,0.31796470410779826,0.20438433304841871
1301700,88447,21158,47489,19800,22561,34912,30974,62,44,154,3521,6665,2345,9398,1952,1186,7875,1696,5187,1954,6106,7379,14404,886,10745,2552,4336,9174,20191,22193,15731,0.23921670604995082,0.5369204156161317,0.2238628783339175,0.25507931303492487,0.39472226305018826,0.35019842391488687,0.0007009847705405498,0.0004974730629642611,0.0017411557203749139,0.03980915124311735,0.07535586283310909,0.026513053014799823,0.10625572376677558,0.022069714066050856,0.013409160288082127,0.08903637206462628,0.019175325336076972,0.058645290399900504,0.022092326478003778,0.06903569369226768,0.08342849390030188,0.16285459088493673,0.010017298495143984,0.12148518321706785,0.028853437651927143,0.04902370911393264,0.13633729138492176,0.3000639034611898,0.329816166089554,0.23378263906433444
1301800,39679,8139,21328,10212,10529,17706,11444,1713,221,219,1220,7184,1472,4011,1933,195,727,316,790,225,1743,5263,4694,267,3241,636,3609,5116,10644,9902,5878,0.2051210968018347,0.5375135462083218,0.2573653569898435,0.26535446961868997,0.44623100380553943,0.28841452657577055,0.04317145089341969,0.005569696816956072,0.005519292320875022,0.030746742609440762,0.18105294992313314,0.03709770911565312,0.10108621689054664,0.04871594546233524,0.004914438367902417,0.018322034325461832,0.007963910380805968,0.01990977595201492,0.005670505809118174,0.04392751833463545,0.1326394314372842,0.11829935230222535,0.0067290002268202325,0.08168048589934222,0.016028629753774035,0.0909549131782555,0.16220672162333544,0.3374762206721623,0.31395053899809766,0.18636651870640455
1301900,44030,9733,24001,10296,11846,18402,13782,143,15,223,1609,5574,1542,5565,1738,238,923,299,968,163,3250,5729,7606,225,3653,1127,3440,4842,11386,11048,7021,0.22105382693617986,0.5451056098114921,0.23384056325232797,0.2690438337497161,0.41794231205995913,0.3130138541903248,0.0032477856007267773,0.00034067681126504656,0.0050647285941403586,0.036543265955030664,0.1265955030660913,0.035021576198046786,0.12639109697933226,0.03947308653191006,0.005405405405405406,0.020962979786509198,0.006790824437883262,0.021985010220304337,0.0037020213490801725,0.07381330910742676,0.1301158301158301,0.17274585509879628,0.005110152168975699,0.08296615943674768,0.02559618441971383,0.07812854871678401,0.14117852873429163,0.33198238913024464,0.32212729976382776,0.204711782371636
1302100,39621,9946,21699,7976,10270,14678,14673,62,0,342,1799,6089,1870,6352,1111,368,715,396,1023,62,2655,3554,5576,553,4381,890,1823,4196,9098,9556,6825,0.25102849499003055,0.5476641175134398,0.20130738749652963,0.25920597662855555,0.37046010953787134,0.3703339138335731,0.0015648267332979986,0.0,0.008631786173998637,0.0454052144065016,0.15368112869437925,0.047197193407536406,0.16031902274046592,0.028040685495065748,0.009288003836349411,0.018045985714646273,0.009994699780419475,0.025819641099416975,0.0015648267332979986,0.06700991898235784,0.08969990661517882,0.14073344943338129,0.01395724489538376,0.11057267610610534,0.02246283536508417,0.04601095378713309,0.14139848357203033,0.3065880370682393,0.32202190395956193,0.22999157540016849
1302200,44305,10151,24357,9797,9433,17141,17731,218,6,389,2217,13559,892,3904,2651,631,1205,194,669,271,4741,3755,3521,223,2573,688,1998,5046,11564,10742,6802,0.2291163525561449,0.5497573637286988,0.2211262837151563,0.21291050671481773,0.3868863559417673,0.40020313734341495,0.004920437873829139,0.0001354248956099763,0.008780047398713464,0.05003949892788624,0.30603769326261143,0.020133167814016476,0.08811646541022458,0.05983523304367453,0.014242184854982508,0.02719783320167024,0.004378738291389234,0.015099875860512358,0.00611669111838393,0.10700823834781627,0.08475341383591017,0.07947184290712109,0.005033291953504119,0.058074709400744835,0.015528721363277282,0.04509649023812211,0.14774257773613633,0.3385840604321602,0.31451660127657083,0.19915676055513262
1302300,41849,11556,22269,8024,10188,14795,16866,128,49,134,2715,7577,1695,4795,669,565,619,270,702,1104,2574,4939,6109,281,4445,841,1638,4262,9599,9553,6879,0.2761356304810151,0.5321274104518626,0.19173695906712226,0.24344667733996034,0.3535329398551937,0.403020382804846,0.003058615498578222,0.0011708762455494754,0.003201988100074076,0.06487610217687399,0.18105570025568113,0.0405027599225788,0.1145786040287701,0.015986045066787736,0.013500919974192931,0.014791273387655618,0.006451767067313437,0.016774594375014936,0.026380558675237163,0.06150684604172143,0.1180195464646706,0.14597720375636217,0.0067146168367225026,0.10621520227484528,0.020096059643002224,0.03914072020836818,0.1406925692404186,0.31687188459380056,0.31535338196943186,0.227082164196349
1302400,46308,11740,24400,10168,12853,15651,17804,39,34,40,3702,4085,2631,7147,1109,418,1129,650,2401,168,1642,4212,6513,779,6084,1913,1612,4544,9692,10964,9368,0.2535199101667099,0.5269067979614753,0.21957329187181482,0.27755463418847715,0.33797615962684635,0.3844692061846765,0.0008421870951023582,0.0007342143906020558,0.0008637816360024186,0.07994299041202384,0.088213699576747,0.05681523710805908,0.15433618381273215,0.023948345858167054,0.009026518096225275,0.024380236676168263,0.014036451585039302,0.051848492701045176,0.003627882871210158,0.03545823615789928,0.09095620627105468,0.14064524488209382,0.0168221473611471,0.13138118683596786,0.04131035674181567,0.03481039993089747,0.13145105299699145,0.28037491321453367,0.317171950937283,0.27100208285119187
1302500,56446,13511,30650,12285,13166,22208,21072,222,30,237,1756,12141,2159,7112,1294,743,994,372,1076,68,2494,4804,10516,347,5663,1433,2985,6058,13526,13785,9566,0.23936151365907238,0.5429968465435991,0.21764163979732842,0.23324947737660773,0.3934379761187684,0.37331254650462387,0.0039329624774120395,0.0005314814158664918,0.004198703185345286,0.031109378875385323,0.21509052900116926,0.038248945895191865,0.12599652765474967,0.02292456507104135,0.01316302306629345,0.017609750912376432,0.006590369556744499,0.019062466782411507,0.0012046912092973816,0.044183821705701024,0.08510789072742089,0.18630195230840094,0.006147468376855756,0.10032597526839812,0.02538709563122276,0.05288240087871594,0.1410970071037615,0.31503435425643417,0.32106672877605685,0.22280190986374754
1302600,36267,8928,19101,8238,9854,15709,10704,285,10,47,1443,8709,971,5021,874,240,1180,277,712,5,750,4416,3581,571,3869,1183,2123,3902,8933,8857,5647,0.24617420795764744,0.5266771445115395,0.22714864753081312,0.27170706151597873,0.4331485923842612,0.2951443460997601,0.007858383654561998,0.00027573275980919293,0.0012959439711032067,0.03978823724046654,0.24013566051782612,0.026773650977472634,0.13844541870019578,0.02409904320732346,0.00661758623542063,0.03253646565748477,0.007637797446714644,0.019632172498414535,0.00013786637990459647,0.02067995698568947,0.12176358673173959,0.09873990128767199,0.015744340585104915,0.10668100477017674,0.032619185485427526,0.05853806490749166,0.14272650791908995,0.32674933245546656,0.3239694209737006,0.20655473865174293
1302700,57393,12346,32369,12678,9522,25305,22566,18,27,192,1287,22266,3636,4562,2877,143,658,352,3185,521,2224,3161,5961,271,3268,915,1869,9395,13961,13477,8214,0.21511334134824805,0.5639886397295838,0.2208980189221682,0.16590873451466207,0.4409074277350896,0.3931838377502483,0.00031362709738121374,0.0004704406460718206,0.0033453557053996132,0.022424337462756783,0.3879567194605614,0.06335267367100518,0.07948704545850539,0.050128064398097326,0.00249159305141742,0.01146481278204659,0.006133152126565958,0.05549457250884254,0.00907776209642291,0.038750370254212185,0.05507640304566759,0.10386284041607861,0.004721830188350496,0.05694074190232258,0.015942710783545033,0.03256494694474936,0.20855994849823517,0.30992074943947434,0.29917641574355675,0.18234288631873377
1302800,54377,12339,29556,12482,13707,22980,17690,419,336,187,2002,14773,2568,6433,1098,392,991,468,1191,98,4491,4438,5534,420,4852,1012,2674,6965,13814,12976,8283,0.22691579160306746,0.5435386284642404,0.22954557993269212,0.25207348695220405,0.42260514555786455,0.3253213674899314,0.007705463707082038,0.0061790830682089855,0.0034389539695091676,0.036817036614745204,0.27167736359122424,0.04722584916416867,0.1183036945767512,0.020192360740754364,0.007208930246243817,0.018224617025580668,0.008606579987862515,0.02190264266141935,0.0018022325615609542,0.0825900656527576,0.08161538885926035,0.10177096934365633,0.007723853835261232,0.08922890192544643,0.01861080971734373,0.049175202751163175,0.16568342927827204,0.3286074504020172,0.3086731052856939,0.19703601503401685
1302900,39968,9760,21820,8388,8846,14385,16737,97,133,485,2129,10210,2379,4406,2886,230,669,372,1237,60,2746,2491,2731,659,3907,776,1365,4527,9613,9619,6449,0.24419535628502803,0.5459367493995196,0.20986789431545236,0.22132706164931945,0.3599129303442754,0.4187600080064051,0.0024269415532425943,0.003327662129703763,0.01213470776621297,0.05326761409127302,0.25545436349079265,0.05952261809447558,0.11023819055244195,0.07220776621297037,0.005754603682946357,0.016738390712570057,0.009307445956765413,0.030949759807846276,0.001501200960768615,0.06870496397117694,0.062324859887910325,0.06832966373098479,0.016488190552441953,0.09775320256204964,0.019415532425940754,0.03415232185748599,0.14986096398305085,0.3182269597457627,0.3184255826271186,0.2134864936440678
1303000,389830,92424,216979,80427,85209,118339,186282,63,106,1057,28987,19702,28256,46829,11928,12853,18298,7080,37859,14463,37371,25037,38965,5194,36861,10009,8912,38418,78494,92242,88252,0.23708796141908012,0.5565990303465613,0.20631300823435858,0.21857989379986148,0.30356565682476977,0.47785444937536875,0.00016160890644639973,0.0002719133981479106,0.002711438319267373,0.07435805351050458,0.050539978965189955,0.07248287715157889,0.12012672190441988,0.03059795295385168,0.03297078213580278,0.04693840905009876,0.018161762819690633,0.09711669189133725,0.03710078752276633,0.09586486417156197,0.06422543159838905,0.0999538260267296,0.01332375650924762,0.0945566015955673,0.025675294359079597,0.022861247210322448,0.12917695002790797,0.2639287707712689,0.31015514145646017,0.29673913774436295
1303100,60427,16717,31789,11921,16625,21546,22256,83,45,56,5488,5581,2751,10908,662,762,1673,803,3058,127,3511,6330,5249,1300,7625,2221,2194,5768,12591,13473,11878,0.2766478560908203,0.526072782034521,0.19727936187465867,0.2751253578698264,0.356562463799295,0.3683121783308786,0.001373558177635825,0.0007447002167905076,0.0009267380475615206,0.09082032866102902,0.09235937577572939,0.045526006586459694,0.18051533255001903,0.010955367633673689,0.012610257004319262,0.027686299170900427,0.013288761646283946,0.0506065169543416,0.002101709500719877,0.058103165803366046,0.10475449716186473,0.0868651430651861,0.02151356181839244,0.12618531451172488,0.036755092922038164,0.03630827279196386,0.1319606497369023,0.2880576527110501,0.30823610157858616,0.27174559597346143
1303200,39359,10381,19165,9813,12889,15448,11022,463,47,322,2199,3264,631,6479,952,342,632,428,1149,463,755,6557,4604,489,6129,1009,2445,3567,8998,9264,7149,0.2637516197057852,0.4869280215452628,0.24932035874895195,0.32747275083208416,0.39248964658654945,0.2800376025813664,0.011763510251784853,0.001194136029878808,0.00818110216214843,0.055870321908585076,0.08292893620264742,0.016031911379862294,0.16461292207627226,0.024187606392438832,0.008689245153586218,0.01605731852943418,0.010874260016768719,0.02919281485810107,0.011763510251784853,0.019182397926776593,0.16659467974287964,0.1169745166289794,0.01242409614065398,0.15572041972611092,0.025635813918036536,0.0621204807032699,0.1230933811857271,0.31051142245841673,0.3196907999171785,0.24670439643867761
1303300,80857,18740,45135,16982,18892,26919,35046,118,45,480,7304,8706,7163,9993,1138,1244,2396,851,7865,917,7334,7793,6210,1459,6570,1963,1308,8127,15714,18321,19955,0.2317671939349716,0.5582077000136043,0.21002510605142413,0.23364705591352636,0.3329210828994397,0.4334318611870339,0.0014593665359832792,0.0005565380857563353,0.005936406248067576,0.09033231507476161,0.10767156832432566,0.08858849573939176,0.12358855757695685,0.014074229813126879,0.015385186192908467,0.02963256118827065,0.01052475357730314,0.0972704898771906,0.011341009436412431,0.09070334046526583,0.09638002893998046,0.07680225583437426,0.01804420149152207,0.08125456052042494,0.024277428051993025,0.016176707025984144,0.1308337492151907,0.252974226057279,0.2949434132363121,0.3212486114912182
1303400,91687,22141,50872,18674,19125,36296,36266,280,89,194,4738,21002,5125,8536,3504,635,2630,606,2033,1442,6993,6442,15145,1101,6714,1796,2682,12130,19827,21563,16026,0.24148461613969266,0.5548441981960365,0.20367118566427084,0.20859009456084288,0.39586855279374394,0.3955413526454132,0.00305386805108685,0.0009706937733811773,0.002115894292538746,0.05167581009303391,0.22906191717473579,0.055896692006500374,0.09309934887170482,0.03821697732502972,0.006925736473000535,0.02868454633699434,0.006609442996280825,0.022173263385212735,0.015727420463097278,0.07627035457589408,0.07026077851821959,0.1651815415489655,0.012008245443737934,0.07322739319641824,0.019588382213399938,0.02925169326076761,0.1744169326776522,0.2850918816323009,0.3100537773559946,0.23043740833405227
1303500,42520,10394,22273,9853,11235,17883,13402,807,26,288,1520,10472,1318,5270,1620,826,823,195,759,444,1698,4433,3797,360,4409,901,2554,4712,10540,10112,6762,0.2444496707431797,0.5238240827845719,0.23172624647224835,0.2642285983066792,0.4205785512699906,0.3151928504233302,0.018979303857008467,0.0006114769520225776,0.006773283160865475,0.03574788334901223,0.2462841015992474,0.03099717779868297,0.12394167450611476,0.0380997177798683,0.01942615239887112,0.019355597365945436,0.004586077140169332,0.017850423330197554,0.010442144873000941,0.03993414863593603,0.10425682031984948,0.08929915333960489,0.008466603951081843,0.10369238005644403,0.02119002822201317,0.06006585136406397,0.14667247712133474,0.32808317250824875,0.314760630019299,0.21048372035111748
1303600,68113,18484,35864,13765,18168,24801,25144,92,15,119,1688,6267,3455,7282,1433,648,2271,1060,1675,363,3240,16699,8011,703,8370,1665,3057,6331,13667,15086,14545,0.2713725720493885,0.5265367844611161,0.2020906434894954,0.26673322273281164,0.3641155139253887,0.36915126334179965,0.0013506966364717455,0.00022022227768561068,0.0017470967363058447,0.02478234698222072,0.09200886761704814,0.05072453129358566,0.10691057507377447,0.02103856826156534,0.00951360239601838,0.033341652841601455,0.015562374289783154,0.024591487674893192,0.005329379119991778,0.047568011980091904,0.24516612100480084,0.11761337776929515,0.010321084080865621,0.12288403094857075,0.024444672823102784,0.04488130019232746,0.12756654375465956,0.2753833444155635,0.3039754981966189,0.293074613633158
1303700,31680,7700,16645,7335,8886,12651,10143,742,253,64,2343,3400,1236,4153,509,199,1076,320,1548,729,1349,4620,3368,265,3037,892,1577,3349,7422,7181,6028,0.24305555555555555,0.5254103535353535,0.2315340909090909,0.28049242424242427,0.3993371212121212,0.32017045454545456,0.023421717171717173,0.00798611111111111,0.00202020202020202,0.07395833333333333,0.10732323232323232,0.03901515151515152,0.13109217171717172,0.01606691919191919,0.006281565656565656,0.03396464646464646,0.010101010101010102,0.048863636363636366,0.023011363636363635,0.04258207070707071,0.14583333333333334,0.10631313131313132,0.00836489898989899,0.09586489898989899,0.028156565656565657,0.0497790404040404,0.1396580483736447,0.30950792326939114,0.2994578815679733,0.25137614678899084
1303800,47643,12206,26530,8907,11503,19773,16367,341,29,318,2662,8263,5340,7018,3842,182,517,1365,1270,102,2842,3799,2940,105,3949,932,1827,5881,11102,10885,7569,0.2561971328421804,0.5568499044980375,0.18695296265978212,0.24144155489788635,0.41502424280586864,0.343534202296245,0.007157399827886573,0.0006086938270050164,0.006674642654744664,0.05587389543059841,0.17343576181180867,0.11208362193816511,0.147303906135214,0.08064143735700942,0.0038200785005142414,0.010851541674537708,0.02865058875385681,0.026656591734357617,0.0021409231156728167,0.059651995046491615,0.07973889133765716,0.06170896039292236,0.00220389144260437,0.08288730768423483,0.019562160233402598,0.03834771110131604,0.16595648615853487,0.3132883709117589,0.30716482772243703,0.21359031520726923
1303900,31873,7527,17237,7109,7938,12025,11910,331,15,256,3057,4945,1326,3629,1570,232,648,256,846,33,1662,4047,2994,156,3268,693,1909,3422,7690,7769,5465,0.2361559941015907,0.5408025601606375,0.2230414457377718,0.24905092084209204,0.37727857434191947,0.37367050481598846,0.010384965331158033,0.0004706177642518746,0.00803187650989866,0.09591190035453205,0.15514698961503468,0.04160261035986572,0.11385812443133687,0.04925799265836288,0.007278888087095661,0.020330687415680983,0.00803187650989866,0.02654284190380573,0.0010353590813541242,0.05214444827910771,0.12697267279515578,0.09393530574467418,0.004894424748219496,0.10253192357167508,0.02174254070843661,0.05989395413045524,0.1405569703442044,0.3158629754374435,0.31910786166105315,0.22447219255729894
1304000,100741,22502,55065,23174,23798,36876,40067,26,45,154,3169,7952,2948,9491,2040,1405,1505,1072,5476,453,9714,12136,22252,2428,10945,2888,4642,10773,22898,26096,18472,0.2233648663404175,0.5465996962507818,0.23003543740880078,0.23622953911515668,0.36604758737753246,0.39772287350731084,0.00025808757109816263,0.00044669002690066607,0.0015286725365045016,0.03145690433884913,0.07893509097586882,0.029263159984514744,0.09421188989587159,0.02024994788616353,0.013946655284343018,0.01493929978856672,0.01064114908527809,0.05435721305128994,0.004496679604133372,0.09642548714029045,0.12046733703258852,0.22088325507985826,0.024101408562551493,0.10864494098728422,0.028667573281980524,0.04607855788606426,0.13769347767737317,0.29266733981773796,0.33354209537442964,0.23609708713045924
1304007,371130,86727,206863,77540,83138,120865,167127,214,82,291,23105,28889,35427,54708,9435,9536,13853,6356,29440,10841,31753,29419,33589,3633,33530,10107,6922,39081,73554,87557,84211,0.23368361490582815,0.5573868994691887,0.20892948562498315,0.22401314903133673,0.3256675558429661,0.4503192951256972,0.0005766173577991539,0.00022094683803518982,0.0007840918276614664,0.062255813326866596,0.07784064882925121,0.09545711745210574,0.14740926360035567,0.02542235874221971,0.02569450057931183,0.037326543259774206,0.017126074421361787,0.0793253038019023,0.02921078867243284,0.08555762131867539,0.07926871985557621,0.09050467491175598,0.009789022714412739,0.09034570096731603,0.027233045024654432,0.01865114649853151,0.13741416229786604,0.25862596386114073,0.3078624346437977,0.29609743919719556
1304100,35726,9857,19063,6806,10657,13280,11789,59,94,47,2600,2973,600,5933,329,247,668,419,2379,67,2751,4016,4677,552,4631,1382,1302,3846,7999,8332,5692,0.27590550299501765,0.5335889828136371,0.19050551419134523,0.29829815820410904,0.37171807647091754,0.3299837653249734,0.001651458321670492,0.0026311369870682414,0.0013155684935341207,0.07277612942954712,0.08321670492078598,0.016794491406818563,0.16606952919442422,0.009208979454738846,0.006913732295806975,0.018697867099591335,0.01172815316576163,0.0665901584280356,0.0018753848737614062,0.07700274310026312,0.11241112914963892,0.1309130605161507,0.015450932094273078,0.12962548284162795,0.038683311873705425,0.036444046352796286,0.14867215586222893,0.30921179790482817,0.3220843480613862,0.22003169817155668
1304200,40606,7523,21792,11291,8916,13915,17775,1218,614,2026,7491,4710,1651,3666,1745,205,725,166,1032,630,996,3875,3743,111,2070,619,3313,5104,11495,10234,6250,0.18526818696744324,0.5366694577156085,0.27806235531694823,0.21957346204994335,0.342683347288578,0.4377431906614786,0.029995567157562922,0.015120918090922524,0.04989410431955869,0.18448012608974043,0.11599271043688125,0.04065901590897897,0.09028222430182732,0.04297394473723095,0.0050485149977835785,0.01785450426045412,0.004088065803083288,0.025414963305915382,0.015514948529773925,0.02452839481849973,0.09542924690932375,0.09217849578879969,0.0027335861695315963,0.05097768802640004,0.015244052603063586,0.08158892774466828,0.15427863253030258,0.3474594202460478,0.3093431671855636,0.18891878003808601
1304300,63246,14743,34983,13520,15500,22105,25641,58,0,399,4618,8997,3608,8928,968,1231,1584,701,1933,292,5258,6303,6788,313,6592,1663,3012,7104,14820,15802,10777,0.23310565095025773,0.5531258893843088,0.2137684596654334,0.24507478733832969,0.3495082692976631,0.4054169433640072,0.0009170540429434273,0.0,0.006308699364386681,0.07301647535021978,0.14225405559244853,0.057047085981722166,0.1411630775068779,0.015305315751193751,0.01946368149764412,0.02504506213831705,0.01108370489833349,0.030563197672580086,0.004616892767922082,0.08313569237580243,0.09965847642538658,0.10732694557758593,0.004948929576574013,0.10422793536350125,0.026294152989912407,0.04762356512664832,0.14646516710306579,0.3055481104261592,0.3257942807661382,0.22219244170463684
1304400,46565,11521,25575,9469,12688,16457,17420,12,50,337,2229,4761,3421,7909,3535,361,702,746,1281,211,3905,4390,4208,387,5291,1100,1729,5422,10825,11011,7786,0.2474175883174058,0.5492322559862558,0.20335015569633846,0.2724793299688607,0.35341995060667886,0.37410071942446044,0.00025770428433372707,0.0010737678513905295,0.007237195318372168,0.0478685708149898,0.1022441748094062,0.07346719639214001,0.16984859873295394,0.07591538709331043,0.007752603887039622,0.015075700633523032,0.016020616342746697,0.027509932352625364,0.004531300332868034,0.08386126919360035,0.09427681735208848,0.09036830237302695,0.008310963169762698,0.11362611403414581,0.023622892730591646,0.0371308923010845,0.15471978084693527,0.30889738614313433,0.31420499942928887,0.22217783358064147
1304500,25852,7235,13862,4755,7812,9387,8653,8,19,7,2328,985,611,4626,791,200,394,332,757,43,1692,3847,3276,304,3772,701,1159,2447,5513,6016,4641,0.2798622930527619,0.5362060962401362,0.18393161070710196,0.30218164938882874,0.36310536902367324,0.33471298158749807,0.00030945381401825775,0.0007349528082933622,0.00027077208726597555,0.09005105987931301,0.03810150085099799,0.023634535045644438,0.17894166795605757,0.030597245861055236,0.007736345350456445,0.015240600340399195,0.012842333281757698,0.02928206715147764,0.0016633142503481356,0.06544948166486152,0.1488086028160297,0.12672133684047657,0.011759244932693796,0.14590747330960854,0.027115890453349837,0.044832121305895097,0.13143900735886554,0.2961271955739378,0.3231455121662996,0.24928828490089702
1305000,130514,26326,73542,30646,26581,41608,62325,280,87,606,4009,4496,6207,12449,48083,600,1611,1805,1863,670,10022,9691,9353,288,11264,1927,5203,15033,30760,34184,24211,0.20171016136199948,0.5634797799469788,0.23481005869102164,0.20366397474600426,0.3188010481634154,0.47753497709058035,0.002145363715769956,0.0006665951545428077,0.004643180041987833,0.0307170112018634,0.034448411664649,0.04755811637065755,0.09538440320578635,0.36841258409059563,0.004597207962364191,0.012343503378947853,0.013829933953445608,0.014274330723140813,0.0051335488913066794,0.0767886969980232,0.07425257060545229,0.07166281011998712,0.0022066598219348116,0.08630491748011708,0.014764699572459659,0.03986545504696814,0.1442872499712059,0.2952355357622759,0.3280992052827581,0.23237800898376013
1306000,62992,17365,33795,11832,19203,23371,20418,30,81,780,2034,3024,2419,10937,4508,1186,1360,954,1549,630,5556,7599,7450,694,7929,1389,2883,6839,13716,15018,10054,0.27566992633985266,0.5364966979933959,0.18783337566675135,0.3048482346964694,0.37101536703073407,0.32413639827279656,0.000476250952501905,0.0012858775717551436,0.01238252476504953,0.03228981457962916,0.04800609601219202,0.038401701803403604,0.1736252222504445,0.07156464312928626,0.01882778765557531,0.02159004318008636,0.015144780289560579,0.02459042418084836,0.010001270002540004,0.0882016764033528,0.12063436626873254,0.11826898653797308,0.011017272034544069,0.1258731267462535,0.0220504191008382,0.04576771653543307,0.14988931992022267,0.3006114800447104,0.3291472154645276,0.22035198457053937
1600190,101788,26090,51592,24106,27617,39897,34274,2170,667,613,6919,8947,2299,14572,1589,1387,3297,1260,4465,332,4913,10272,15840,3015,11189,2724,5318,7986,24761,26350,16601,0.25631705112586944,0.5068573898691398,0.23682555900499078,0.27131881950721104,0.3919617243682949,0.33671945612449405,0.021318819507211068,0.0065528353047510516,0.006022320902267458,0.06797461390340707,0.08789837701890203,0.02258615946869965,0.14316029394427635,0.01561087751011907,0.013626360671198963,0.032390851573859396,0.012378669391283844,0.04386568161276378,0.003261681141195426,0.04826698628522026,0.10091562856132354,0.15561755806185404,0.029620387472000628,0.10992454906275789,0.026761504303061266,0.05224584430384721,0.1054981637559777,0.32710243335358924,0.34809374091785783,0.21930566197257523
1600300,39677,8873,20466,10338,11290,14357,14030,913,327,257,2424,4978,1044,4459,1085,707,1482,381,767,175,964,3449,6124,1327,3777,1057,3980,3118,10520,10853,6313,0.22363081886231317,0.5158152078030093,0.2605539733346775,0.28454772286211155,0.36184691382917056,0.3536053633087179,0.02301081230939839,0.008241550520452655,0.006477304231670741,0.061093328628676564,0.12546311465080526,0.02631247322126169,0.11238248859540792,0.027345817476119666,0.01781888751669733,0.03735161428535424,0.009602540514655845,0.019331098621367542,0.004410615721954785,0.02429619174836807,0.08692693500012602,0.1543463467500063,0.03344506893162286,0.09519368903898984,0.0266401189606069,0.1003100032764574,0.10122062069861057,0.34151408907934033,0.35232437345799245,0.20494091676405662
1600490,342918,84445,187122,71351,79506,124160,139252,5324,226,1453,23688,32005,15589,39814,10227,4995,13969,4224,19040,5282,26602,25426,50597,5534,29068,9463,20392,30006,73092,88285,67090,0.24625420654500493,0.5456756425734433,0.20807015088155187,0.23185134638601648,0.36206906607410516,0.40607958753987833,0.015525577543319393,0.0006590496853475174,0.004237164569955499,0.06907773870138051,0.09333135035197919,0.04545984754372766,0.11610355828507107,0.02982345633650027,0.01456616450580022,0.04073568608238704,0.012317813588088115,0.05552347791600324,0.015403099283210563,0.07757539703369319,0.07414600575064592,0.14754839349348825,0.016137968843863548,0.08476662059151167,0.02759551846213964,0.05946611143188751,0.11608949484085378,0.28278388845256563,0.34156372232302795,0.2595628943835526
1600900,49880,13047,25499,11334,14412,19734,15734,3993,57,292,2101,5983,2059,6257,2417,519,1225,378,1252,349,3715,4025,7280,495,4303,1284,1896,5951,11547,12520,6815,0.26156776263031273,0.5112068965517241,0.2272253408179631,0.2889334402566159,0.39562951082598236,0.31543704891740176,0.08005212510024058,0.0011427425821972734,0.005854049719326383,0.042121090617481954,0.11994787489975942,0.04127906976744186,0.1254410585404972,0.04845629510825982,0.010404971932638332,0.024558941459502808,0.007578187650360866,0.025100240577385725,0.006996792301523657,0.07447874899759423,0.08069366479550923,0.14595028067361668,0.009923817161186848,0.08626704089815557,0.02574178027265437,0.0380112269446672,0.16156707300518558,0.31349604973800665,0.3399125783943746,0.18502429886243316
1601000,43513,9693,22717,11103,10676,17235,15602,7230,37,314,3202,5123,1747,4348,1861,559,693,513,1203,112,1315,3639,3026,525,4217,1498,2351,6369,10417,10600,6434,0.22276101394985406,0.5220738629834762,0.2551651230666697,0.24535196378093904,0.3960885252683106,0.35855951095075034,0.16615724036494842,0.0008503205938455175,0.007216234228851148,0.0735872038241445,0.11773492979109691,0.04014892101211132,0.09992416059568404,0.04276882770666238,0.012846735458368763,0.015926274906349826,0.011789580125479742,0.027646910118815066,0.002573943419208053,0.030220853538023118,0.08363017948659021,0.06954243559396042,0.012065359777537747,0.0969135660607175,0.034426493231907704,0.05402983016569761,0.1883205204021289,0.30801301005322296,0.3134240094618569,0.19024246008279125
1601190,91054,24976,46227,19851,29037,32672,29345,3708,691,427,5381,9683,3650,10276,2564,844,2843,926,3393,1167,4011,12826,12421,1362,6915,2002,5964,8908,20402,22408,14360,0.2742987677641839,0.5076877457333011,0.21801348650251498,0.3188986755112351,0.35882004085487734,0.3222812836338876,0.04072308739868649,0.007588903288158675,0.004689524897313682,0.05909679970127617,0.1063434884793639,0.04008610275221297,0.11285610736486042,0.028159114371691524,0.009269224855580205,0.031223230171107254,0.010169789355766908,0.03726360181870099,0.012816570386803436,0.04405078305181541,0.1408614668218859,0.13641355679047598,0.014958156698223032,0.07594394535111033,0.021986952797241197,0.06549959364772552,0.13481037561669543,0.30875631829050515,0.33911437997518085,0.21731892611761858
1601200,59555,15693,31334,12528,16427,20580,22548,574,1,105,3080,3231,3009,8378,1797,798,1568,545,7893,178,4924,3818,9699,542,5389,1661,2365,5078,12741,15314,10729,0.26350432373436317,0.5261355049953824,0.2103601712702544,0.2758290655696415,0.3455629250272857,0.37860800940307276,0.009638149609604567,1.679120141046092e-05,0.0017630761480983965,0.05171690034421963,0.05425237175719923,0.0505247250440769,0.14067668541684158,0.03017378893459827,0.013399378725547813,0.02632860381160272,0.009151204768701201,0.13253295273276802,0.0029888338510620435,0.08267987574510956,0.0641088069851398,0.16285786248006046,0.009100831164469818,0.0904877844009739,0.027890185542775586,0.039711191335740074,0.11577219461036889,0.29047923031325523,0.34914048606994663,0.24460808900642925
1700104,44600,9667,22360,12573,12091,16279,16230,363,141,134,1596,8942,1869,4740,1607,293,1281,235,1274,199,1864,4399,6743,540,3926,1607,2847,3741,12040,12204,6948,0.21674887892376682,0.5013452914798207,0.2819058295964126,0.2710986547085202,0.365,0.3639013452914798,0.008139013452914798,0.0031614349775784755,0.0030044843049327353,0.0357847533632287,0.2004932735426009,0.04190582959641256,0.10627802690582959,0.03603139013452915,0.006569506726457399,0.028721973094170402,0.005269058295964126,0.028565022421524665,0.004461883408071749,0.041793721973094174,0.0986322869955157,0.1511883408071749,0.01210762331838565,0.08802690582959641,0.03603139013452915,0.06383408071748879,0.10709071651447055,0.3446597772879512,0.34935447857326885,0.19889502762430938
1700105,71084,15840,38238,17006,16899,22227,31958,65,58,800,3340,10245,3490,6919,2713,813,2177,610,3569,4533,5202,6706,8343,604,5805,2375,2717,6591,16507,18249,13897,0.22283495582690901,0.5379269596533679,0.23923808451972314,0.2377328231388217,0.31268639918969104,0.44958077767148724,0.0009144111192392099,0.0008159360756288335,0.011254290698328737,0.04698666366552248,0.1441252602554724,0.04909684317145912,0.09733554667717068,0.03816611333070733,0.01143717292217658,0.030625738562827076,0.008581396657475662,0.050208204377919084,0.06376962466940521,0.07318102526588262,0.09433909177874064,0.11736818412019583,0.008496989477238197,0.0816639468797479,0.03341117551066344,0.038222384784198975,0.11930707407139236,0.298801679820433,0.3303345159655347,0.2515567301426399
1700202,47405,10381,23888,13136,14016,17047,16342,1513,47,224,2029,6892,1991,5490,1198,571,1877,218,1159,183,760,7349,6868,456,3700,1527,3353,3896,12281,12480,8367,0.21898533909925114,0.5039130893365679,0.27710157156418097,0.2956650142390043,0.35960341736103785,0.34473156839995783,0.031916464507963295,0.000991456597405337,0.004725239953591393,0.042801392258200614,0.1453855078578209,0.041999789051787785,0.11581056850543192,0.0252715958232254,0.012045142917413775,0.03959497943254931,0.004598671026263053,0.024448897795591184,0.0038603522835143973,0.01603206412825651,0.1550258411559962,0.14487923214850754,0.009619238476953907,0.07805083851914354,0.03221179200506276,0.07073093555532117,0.10522904062229906,0.33170375972342264,0.33707865168539325,0.22598854796888504
1700300,46329,10698,23362,12269,12083,16815,17431,714,360,131,1820,5064,4296,5562,2014,573,2205,589,1055,167,1509,3649,8638,515,3591,1522,2355,3735,12504,12233,7159,0.23091368257462927,0.5042629886248354,0.26482332880053533,0.26080856482980425,0.3629476138056077,0.37624382136458806,0.015411513306999936,0.007770510911092404,0.0028276025815364026,0.039284249606078264,0.10930518681603316,0.09272809687236935,0.12005439357637765,0.04347169159705584,0.01236806320015541,0.04759437933044098,0.012713419240648406,0.02277191392000691,0.003604653672645643,0.03257139156899566,0.07876276198493384,0.1864490923611561,0.0111161475533683,0.07751084633814673,0.03285199335189622,0.05083209221006281,0.10482445061884314,0.3509303696219584,0.3433246330442592,0.20092054671493925
1700401,39287,8858,20015,10414,11316,15482,12489,493,123,282,1754,5543,2014,4891,1342,296,2090,186,900,73,817,5150,5813,388,3606,971,2555,3430,10571,10065,6363,0.2254689846514114,0.5094560541655,0.26507496118308854,0.2880342097894978,0.3940743757477028,0.3178914144627994,0.012548680225010819,0.003130806628146715,0.007177946903555884,0.044645811591620635,0.14108992796599384,0.05126377682184947,0.12449410746557385,0.03415888207295034,0.007534298877491282,0.0531982589660702,0.004734390510856008,0.02290834118156133,0.0018581210069488635,0.020795683050372896,0.13108661898337873,0.14796243032046225,0.009876040420495329,0.09178608700078907,0.02471555476366228,0.06503423524321023,0.11272141706924316,0.3473988629268132,0.3307699891550823,0.20910973084886128
1700501,53830,13178,26984,13668,15025,20156,18649,1233,133,457,2954,6510,3017,7360,1995,1020,1586,525,1132,184,1115,4787,8595,696,5406,1734,3391,3818,14033,14447,8354,0.24480772803269552,0.5012818131153631,0.2539104588519413,0.2791194501207505,0.3744380456994241,0.34644250417982536,0.022905443061489877,0.00247074122236671,0.008489689764072078,0.05487646293888167,0.12093628088426528,0.056046814044213265,0.1367267323054059,0.03706111833550065,0.018948541705368752,0.02946312465168122,0.00975292587776333,0.02102916589262493,0.003418168307635148,0.02071335686420212,0.08892810700352963,0.15966932937023964,0.012929593163663385,0.10042727103845439,0.03221252089912688,0.06299461266951514,0.09391911837055987,0.34519826822788546,0.3553822690150546,0.20550034438650006
1700600,40459,10670,20155,9634,11241,15313,13905,438,52,193,1379,8116,1244,4111,761,606,1614,698,1108,810,2770,4790,5876,207,3283,1026,1377,3340,10064,10214,6171,0.2637237697422082,0.49815862972391806,0.2381176005338738,0.2778368224622457,0.37848191996836306,0.3436812575693912,0.01082577424058924,0.001285251736325663,0.004770261252131788,0.03408388739217479,0.20059813638498233,0.030747176153637014,0.10160903630836154,0.018809164833535185,0.014978126004102919,0.039892236585185,0.017252032922217553,0.027385748535554512,0.020020267431226674,0.06846437133888628,0.11839145801922935,0.14523344620479992,0.005116290565757927,0.08114387404532984,0.02535900541288712,0.03403445463308535,0.11212192420020813,0.3378428278894894,0.34287824364698377,0.20715700426331868
1700700,33563,7255,17217,9091,8561,12820,12182,699,681,363,1237,6863,1788,3328,1822,410,1234,228,878,107,522,3630,4269,208,2397,879,2020,2480,8889,9738,5201,0.21616065310014004,0.5129755981288919,0.270863748770968,0.255072550129607,0.38196823883443076,0.36295921103596224,0.02082650537794595,0.02029020051842803,0.010815481333611418,0.036856061734648275,0.20448112504841642,0.0532729493787802,0.09915680958198016,0.05428596966898072,0.012215832911241545,0.036766677591395285,0.006793194887227006,0.026159759258707505,0.0031880344426898667,0.015552840926019725,0.10815481333611417,0.1271936358490004,0.00619730059887376,0.07141793045913655,0.026189553973125168,0.06018532312367786,0.09426790329937662,0.33788201307587046,0.3701535654553748,0.19769651816937814
1700800,35359,7154,18375,9830,9908,13222,12229,689,1564,536,1387,3041,1378,3696,1178,407,975,179,807,96,655,4543,7213,155,2974,1153,2733,2945,9295,10429,5536,0.20232472637800844,0.5196696739161175,0.278005599705874,0.2802115444441302,0.37393591447721936,0.34585254107865043,0.019485845187929524,0.04423202013631607,0.015158799739811647,0.03922622246104245,0.08600356344919256,0.03897169037585905,0.10452784298198478,0.03331542181622783,0.011510506518849516,0.027574309228202153,0.005062360360869934,0.022823043638111936,0.0027150089086229816,0.018524279532792218,0.12848214033202296,0.20399332560309963,0.004383608133714189,0.08410871348171611,0.032608388246273934,0.0772929098673605,0.1044141109732317,0.32955149796135436,0.3697571352597057,0.1962772558057082
1700900,67288,16449,35065,15774,18212,25839,23237,360,1110,366,2355,5856,1142,8401,1872,905,2763,653,1554,802,2865,9861,12959,582,6766,1927,4189,5274,15690,17929,11946,0.2444566638925217,0.5211181785756747,0.2344251575318036,0.27065747235762694,0.38400606348828914,0.3453364641540839,0.005350136725716324,0.016496254904291997,0.005439305671144929,0.03499881108072762,0.08702889073831886,0.01697182261324456,0.12485138509095232,0.027820710973724884,0.013449649268814647,0.04106229936987279,0.00970455356081322,0.023094756866008797,0.011918915705623588,0.04257817144215908,0.14654916181191296,0.1925900606348829,0.008649387706574724,0.10055284746165735,0.0286380929734871,0.06225478540007134,0.10373925529613093,0.3086213340152245,0.3526623261669191,0.23497708452172544
1701001,62878,14664,32640,15574,15474,22715,24689,437,468,848,2206,13415,2584,6813,3599,569,1834,351,1505,236,2370,5113,9802,403,5360,1651,3314,4911,16372,17778,9153,0.23321352460319986,0.5191004802951747,0.24768599510162537,0.246095613728172,0.3612551289799294,0.3926492572918986,0.006949966601991158,0.0074429848277616974,0.013486434046884443,0.03508381309838099,0.21334966124876745,0.04109545469003467,0.10835268297337701,0.057237825630586214,0.009049270014949585,0.029167594389134514,0.005582238620821273,0.02393523967047298,0.003753300041349916,0.03769203855084449,0.08131619962467,0.15588918222589776,0.006409236935017017,0.08524444161709978,0.026257196475714877,0.052705238716244156,0.10185838138300078,0.3395694196706351,0.3687310739619198,0.18984112498444436
1701100,90765,21965,46295,22505,26823,31292,32650,341,67,600,3913,5466,2550,13058,4980,1064,2452,1097,6833,308,3558,10129,14924,1704,10604,3967,3150,8198,21402,23378,15822,0.24199856772985182,0.51005343469399,0.2479479975761582,0.29552140142125266,0.3447584421307773,0.35972015644797,0.0037569547733157056,0.0007381699994491269,0.006610477607007106,0.04311133146036468,0.06022145099983474,0.028094529829780203,0.14386602765383133,0.05486696413815898,0.011722580289759268,0.027014818487302375,0.01208615655814466,0.07528232248113259,0.0033933785049303144,0.03920013220955214,0.1115958794689583,0.16442461301162342,0.018773756403900183,0.11682917424117226,0.043706274444995315,0.03470500743678731,0.11915697674418604,0.31107558139534885,0.33979651162790697,0.22997093023255813
1701200,101933,25543,51782,24608,28041,34252,39640,274,150,418,5988,10205,3525,13031,9597,957,2947,901,4105,670,4257,10268,13482,1756,11197,4286,3919,8623,24862,25995,16910,0.25058616934653155,0.5080003531731627,0.2414134774803057,0.27509246269608467,0.3360246436384684,0.3888828936654469,0.00268804018325763,0.0014715548448490676,0.0041007328343127345,0.058744469406374775,0.10011478127789823,0.034581538853953084,0.12783887455485465,0.09415007897344334,0.00938851991013705,0.028911147518468013,0.008839139434726733,0.040271550920702816,0.006572944973659168,0.04176272649681654,0.10073283431273483,0.13226334945503418,0.017227002050366418,0.10984666398516672,0.042047227100154023,0.03844682291308997,0.11288126718156827,0.3254614478334861,0.3402932320984422,0.22136405288650346
1701300,128093,24573,71092,32428,26558,37701,63834,349,255,474,3468,3518,3195,11298,1351,2522,5705,849,4698,827,7937,9013,18768,1492,9535,4929,37910,9373,28610,35150,30387,0.1918371807983262,0.5550030056287228,0.2531598135729509,0.2073337340838297,0.2943252168346436,0.4983410490815267,0.0027245829202220263,0.0019907411021679563,0.0037004364016769067,0.027074078989484204,0.027464420382066156,0.024942814985986744,0.08820154106781791,0.010547024427564347,0.01968881984183367,0.04453795289360074,0.006627996846041548,0.036676477247000225,0.006456246633305489,0.06196279265845909,0.0703629394268227,0.14651854511956156,0.011647787154645452,0.07443810356537828,0.038479854480728846,0.29595684385563614,0.09054289026275116,0.27637171561051005,0.33954791344667695,0.2935374806800618
1701500,48126,10438,25403,12285,11282,14600,22244,92,5,862,2999,9809,1818,4844,2526,417,1447,408,1564,148,1204,4062,7414,695,4567,1637,1608,4050,12196,12753,8689,0.21688899970909695,0.5278435772763164,0.2552674230145867,0.23442629763537381,0.303370319577775,0.4622033827868512,0.001911648589120226,0.00010389394506088185,0.01791131612849603,0.062315588247516936,0.20381914142043803,0.03777583842413664,0.10065245397498233,0.05248722104475751,0.008664755018077546,0.03006690770061921,0.00847774591696796,0.03249802601504384,0.003075260773802103,0.02501766197066035,0.08440344096746041,0.15405394173627562,0.014441258363462578,0.09489672941860948,0.03401487761293272,0.033412292731579606,0.10746126087879432,0.32360433029080876,0.33838357036722566,0.23055083846317131
1701602,40204,9115,20378,10711,11227,13757,15220,840,45,664,1943,7024,2105,4340,1223,377,1296,256,1401,22,898,4297,5526,349,3292,1137,3169,2902,11098,10667,6422,0.22671873445428314,0.5068649885583524,0.2664162769873644,0.2792508208138494,0.3421798825987464,0.37856929658740424,0.020893443438463836,0.0011192916127748483,0.01651576957516665,0.048328524524922895,0.17470898418067854,0.05235797433091235,0.10794945776539648,0.03041985872052532,0.009377176400358173,0.03223559844791563,0.006367525619341359,0.03484727887772361,0.000547209232912148,0.02233608596159586,0.10687991244652273,0.13744901004875137,0.008680728285742713,0.08188239976121779,0.028280768082777834,0.07882300268629987,0.0933449129917334,0.3569751359001576,0.343111711537843,0.20656823957026602
1701701,105315,22726,57503,25086,23664,33066,48585,154,40,874,3413,14496,3251,9173,1758,1608,2930,946,5647,4556,7695,7760,23880,2379,7728,3987,3040,8232,23417,28491,22449,0.21579072306888858,0.5460095902767886,0.23819968665432276,0.22469733656174334,0.31397236860846034,0.4613302948297963,0.0014622798271851113,0.00037981294212600296,0.008298912785453165,0.0324075392869012,0.13764421022646348,0.030869296871290888,0.08710060295304563,0.016692778806437828,0.015268480273465319,0.027821298010729717,0.00898257608127997,0.053620092104638466,0.04326069410815173,0.07306651474148981,0.07368371077244457,0.22674832644922377,0.022589374732944024,0.07337986041874377,0.03785785500640934,0.028865783601576225,0.099674290765114,0.2835365484507622,0.34497330152925937,0.27181585925486446
1701900,47220,10837,24860,11523,12590,15579,19051,147,12,198,2769,5826,2643,6606,3223,454,2083,550,2042,622,971,4478,4308,1264,5677,1390,1957,3615,12188,12458,8122,0.22950021177467175,0.5264718339686574,0.2440279542566709,0.2666243117323168,0.3299237611181703,0.40345192714951295,0.003113087674714104,0.00025412960609911054,0.004193138500635324,0.05864040660736976,0.12337992376111817,0.0559720457433291,0.13989834815756036,0.06825497670478611,0.009614570097416349,0.044112664125370606,0.011647606946209234,0.043244387971198645,0.013172384582803896,0.020563320626853027,0.09483269800931808,0.09123252858958068,0.026768318509106312,0.12022448115205421,0.029436679373146972,0.041444303261329946,0.09935959101778304,0.3349916169639667,0.3424126652557513,0.22323612676249896
1702000,85516,19759,46381,19376,20468,23628,41420,356,19,230,2376,2694,1860,7816,1915,568,22054,1192,3205,973,4494,10859,8287,1340,9176,2685,3417,5585,16688,20102,23382,0.2310561766219187,0.5423663408017213,0.22657748257635998,0.23934702277936293,0.2762991720847561,0.484353805135881,0.004162963655924038,0.00022218064455774357,0.002689555170962159,0.027784274287852566,0.031502876654661116,0.021750315730389633,0.09139810094017493,0.02239347022779363,0.006642031900463071,0.2578932597408672,0.013938912016464754,0.03747836662145096,0.011377987744983395,0.05255156929697367,0.12698208522381776,0.09690584218158005,0.015669582300388233,0.10730155760325553,0.03139763319144955,0.03995743486598999,0.08493392338458262,0.2537828672232614,0.30570129415879677,0.3555819152333592
1702100,89114,22020,46874,20220,22828,27751,38535,355,22,208,3218,6730,2699,8539,2569,2041,2571,1757,3702,143,4340,19731,13790,1247,10090,2189,3173,6883,18294,21717,20200,0.24709922122225464,0.5260004039769284,0.22690037480081693,0.25616625894921113,0.31141010391184326,0.4324236371389456,0.003983661377561326,0.0002468747895953498,0.00233408891981058,0.03611104876899253,0.07552124245348654,0.03028704805081132,0.09582108310703144,0.02882824247592971,0.022903247525641313,0.028850685638620196,0.01971631842359225,0.041542294140090225,0.0016046861323697735,0.04870166303835537,0.22141302152299303,0.15474560675090335,0.013993311937518235,0.1132257557735036,0.024564041564737304,0.035606077608456584,0.10258741467195279,0.27266223507318094,0.32368020985483054,0.30107014040003577
1702200,52254,11211,27026,14017,12992,17873,21389,859,49,219,1778,8367,4247,6074,2097,1051,2123,226,878,226,2032,5334,8075,303,3498,1352,3466,4207,13837,14267,8732,0.21454816856125847,0.5172044245416619,0.26824740689707965,0.24863168369885558,0.3420408007042523,0.4093275155968921,0.016438932904658015,0.0009377272553297355,0.004191066712596165,0.03402610326482183,0.16012171317028362,0.08127607455888544,0.11623990507903702,0.04013089906992766,0.020113292762276573,0.040628468633980175,0.004325027749071841,0.016802541432234853,0.004325027749071841,0.03888697515979638,0.1020783097944655,0.1545336242201554,0.005798599150304283,0.06694224365598805,0.025873617330730663,0.06632985034638497,0.10250225373388885,0.3371342250810126,0.34761104207782084,0.21275247910727774
1702300,44210,10800,22537,10873,11714,14884,17612,447,34,33,1220,6239,2007,4712,2197,426,1191,313,1484,242,2652,4552,9796,397,3770,1293,1205,4328,10177,11257,7648,0.244288622483601,0.5097715448993441,0.24593983261705496,0.26496267812712054,0.3366659126894368,0.39837140918344266,0.010110834652793485,0.0007690567744854105,0.0007464374575887809,0.02759556661388826,0.14112191811807284,0.04539696901153585,0.10658222121691925,0.0496946392218955,0.00963582899796426,0.026939606423885997,0.007079846188645103,0.03356706627459851,0.005473874688984393,0.05998642840986202,0.1029631305134585,0.22157882831938475,0.008979868807962,0.08527482470029406,0.029246776747342232,0.027256276860438813,0.12954205327746185,0.3046093983837174,0.3369350493864113,0.22891349895240945
1702400,43513,9572,22117,11824,11889,13897,17727,318,909,971,2075,6249,2001,5726,2234,502,1432,380,1057,148,2296,3966,4860,358,4058,1574,2399,3603,11061,11880,7397,0.2199802357916025,0.508284880380576,0.27173488382782157,0.2732286902764691,0.31937581872084203,0.40739549100268885,0.007308160779537149,0.020890308643393928,0.02231517017902696,0.047686898168363474,0.14361225380920645,0.04598625698067244,0.1315928573070117,0.05134097855813205,0.011536782111093236,0.03290970514558868,0.00873302231517018,0.024291591018776,0.00340128237538207,0.05276584009376508,0.09114517500517087,0.11169075908349228,0.00822742628639717,0.09325948567094891,0.036173097694941744,0.05513294877392963,0.10615479803187886,0.32588904275065556,0.35001915087946733,0.21793700833799828
1702501,46351,10446,22988,12917,13507,16922,15922,1711,44,126,2079,6502,1998,5413,3380,581,1058,265,921,103,1008,5135,7757,462,3808,1326,2674,3986,12148,12458,7313,0.22536730599124075,0.4959547798321503,0.2786779141766089,0.2914068736381092,0.36508381696187786,0.34350930940001295,0.03691398243835085,0.0009492783327220557,0.0027183879527949775,0.044853401221117126,0.14027744816724558,0.04310586610860607,0.1167828094323747,0.07292183555910337,0.012534788893443507,0.022825829000453064,0.005717244503894199,0.019870121464477572,0.0022221742788720847,0.02174710362235982,0.11078509633017626,0.16735345515738603,0.009967422493581584,0.08215572479558154,0.02860779702703286,0.05769023322042675,0.1110151789444367,0.3383372789305111,0.34697117393120736,0.20367636819384488
1702601,34951,8729,17707,8515,9374,11068,14509,507,17,64,1989,4370,1613,4446,1131,501,711,266,746,142,1278,7304,4054,439,2713,1324,1336,3021,7422,8341,7438,0.24974964950931303,0.5066235586964608,0.2436267917942262,0.26820405710852335,0.31667191210551915,0.4151240307859575,0.014506022717518812,0.0004863952390489543,0.001831135017596063,0.056908242968727644,0.12503218792023119,0.04615032474035078,0.1272066607536265,0.03235958913908043,0.014334353809619182,0.020342765586106263,0.007610654916883637,0.02134416754885411,0.0040628308202912645,0.036565477382621385,0.2089782838831507,0.11599095877085062,0.012560441761322995,0.07762295785528311,0.037881605676518555,0.038224943492317816,0.11520860346274121,0.2830447715658607,0.3180916787430402,0.28365494622835785
1702700,32716,6989,16654,9073,8332,11235,13149,664,9,616,2209,6270,1177,2916,1352,246,1411,782,664,20,1665,3494,3875,377,2314,1158,1497,2828,8583,8869,5447,0.21362636019073236,0.5090475608265069,0.27732607898276074,0.2546766108326201,0.3434099523169092,0.4019134368504707,0.020295879691893875,0.0002750947548600073,0.018828707665973835,0.06752047927619513,0.19164934588580512,0.035976280718914296,0.08913070057464238,0.041325345396747766,0.007519256632840201,0.043128744345274486,0.023902677588947305,0.020295879691893875,0.000611321677466683,0.050892529649101355,0.10679789705342951,0.11844357500916983,0.011523413620246973,0.07072991808289522,0.035395525125320945,0.04575742755838122,0.1099234267501069,0.33361837757997437,0.3447351031989738,0.21172309247094492
1702890,144820,32931,75334,36555,33565,48006,63249,353,36,877,5279,31832,5913,14303,6867,1837,3694,1213,3885,134,11547,11886,22203,2822,11506,4491,4142,14430,34262,37083,26114,0.22739262532799337,0.5201905814114073,0.25241679326059935,0.23177047369147907,0.3314873636238089,0.43674216268471205,0.002437508631404502,0.00024858444966164894,0.006055793398701837,0.03645214749344013,0.21980389448971135,0.04082999585692584,0.09876398287529346,0.04741748377295953,0.012684712056345809,0.025507526584725868,0.008375914928877227,0.026826405192652947,0.0009252865626294711,0.0797334622289739,0.08207429912995443,0.15331445932882198,0.019486258804032593,0.07945035216130368,0.031010910095290705,0.028601021958293053,0.12896710132363323,0.3062141944248318,0.3314266818007132,0.2333920224508218
1703000,217195,50371,113435,53389,52210,70084,94901,679,249,367,11422,33058,14220,21370,5243,2021,7950,1903,11501,1677,19562,23935,23315,6589,18459,6879,6796,24554,41289,50555,50426,0.23191602016621007,0.5222726121687884,0.2458113676650015,0.24038306590851538,0.3226777780335643,0.4369391560579203,0.0031262229793503535,0.0011464352310136053,0.001689725822417643,0.05258868758488915,0.1522042404291075,0.06547112042174083,0.0983908469347821,0.024139598057045512,0.009305002417182715,0.03660305255645848,0.008761711825778678,0.0529524160316766,0.007721172218513318,0.09006653007665923,0.11020051106148852,0.1073459333778402,0.030336794125094962,0.08498814429429775,0.0316719998158337,0.03128985473882916,0.14718505730590323,0.2475003596604805,0.3030439265333525,0.30227065650026375
1703100,269903,67268,143039,59596,65821,85277,118805,302,263,1948,15038,25220,18138,31468,27066,2924,5369,2838,11961,566,16187,37901,26999,5867,21370,10357,8121,26767,54393,63948,57527,0.24923027902616865,0.5299644687165389,0.22080525225729244,0.2438690937114445,0.3159542502306384,0.4401766560579171,0.0011189205010689025,0.0009744241449706005,0.007217407735371596,0.05571631289759654,0.09344097694356862,0.06720192069002567,0.11659003419747094,0.10028047113222158,0.010833521672600897,0.019892331689532906,0.010514888682230283,0.04431592090491769,0.0020970496808112543,0.059973397850338825,0.14042452288414728,0.10003223380251423,0.02173743900586507,0.07917659307232598,0.03837304513102856,0.030088587381392574,0.13209465294741776,0.26842845510400476,0.3155822044562884,0.2838946874922891
1703200,637776,133727,346506,157543,125073,180403,332300,486,185,3206,28741,59611,54132,64621,26250,11259,32669,9385,63909,19789,57658,42976,75920,11113,43791,20783,11292,60812,112266,148447,182524,0.20967706530192418,0.5433036050274704,0.24701932967060536,0.19610803793181306,0.2828626351571712,0.5210293269110158,0.000762023030029352,0.00029007049497002083,0.005026843280399388,0.04506441132936956,0.09346698527382655,0.08487619477684956,0.10132240786733901,0.04115865131331377,0.017653533529013322,0.05122331351446276,0.014715197812398084,0.10020602844885979,0.03102813527006347,0.09040478161611601,0.06738415995584657,0.1190386593412107,0.017424613030280225,0.06866203808233612,0.03258667619979429,0.017705275833521487,0.12064700058922843,0.22272834585526408,0.29450906558687745,0.36211558796863
1703300,337932,68655,185852,83425,63047,92606,182279,436,104,1661,13427,55619,23275,38482,7262,4442,14965,4347,21540,9840,27950,30683,34785,8115,24059,9478,7462,32529,58478,77702,100568,0.20316217463868472,0.5499686327426819,0.24686919261863333,0.18656712001231016,0.2740373803013624,0.5393954996863274,0.0012902003953458093,0.00030775422274303705,0.004915190038232544,0.039732845661257295,0.16458636648793248,0.06887480321484796,0.11387498076536108,0.0214895304380763,0.013144656321390101,0.04428405714759182,0.012863534675615212,0.06374063421043287,0.029118284151841197,0.08270894736219121,0.09079637323485198,0.10293490998188985,0.02401370689961294,0.07119479658629546,0.028047062722677936,0.022081365481812908,0.12080125669849263,0.21716670937361898,0.28855787906133834,0.37347415486655006
1703400,2638406,587414,1432050,618942,528698,767933,1341775,759,611,6891,76896,178635,113653,247980,138662,63318,162678,46509,249239,44567,214731,223262,371660,60053,243197,103261,91844,281832,468248,597871,703041,0.22263973020073483,0.542770900308747,0.23458936949051815,0.20038538420546345,0.29105945028930347,0.508555165505233,0.0002876736938894166,0.0002315792186646028,0.002611804248474268,0.029144870046535674,0.06770565257962573,0.04307638778868756,0.09398856733952242,0.05255521705150761,0.023998580961383503,0.06165768270690713,0.017627688839397727,0.09446574939565783,0.016891638360434294,0.08138664026688841,0.08462003194352954,0.14086535582469112,0.02276109135591717,0.09217573034627725,0.03913764598776685,0.034810412044241866,0.13741253013176064,0.22830318206994468,0.29150333107101345,0.34278095672728126
1703600,96222,22656,48982,24584,24645,32362,39215,657,62,115,6907,14934,4624,12667,1545,1028,1790,658,4020,879,6878,10777,10763,2268,8484,3562,3604,9062,19122,23698,21684,0.23545550913512503,0.5090519839537736,0.2554925069111014,0.2561264575668766,0.3363264118392883,0.40754713059383507,0.006827960341709796,0.0006443432894764191,0.0011951528756417452,0.07178192097441334,0.15520359169420714,0.04805553823449939,0.13164349109351292,0.016056619068404315,0.010683627444867078,0.018602814325206295,0.006838352975411029,0.04177838747895492,0.009135125023383426,0.0714805345970776,0.11200141339818337,0.11185591652636612,0.02357049323439546,0.08817110432125709,0.0370185612437904,0.03745505185924217,0.12318190468422913,0.25992985890221026,0.32213250686458417,0.29475572954897644
1703700,48249,12681,25217,10351,13058,15193,19998,131,45,1831,3618,3711,1655,8274,4126,387,753,481,1573,15,1719,7264,3926,711,4751,1756,1522,4457,10409,11382,9320,0.26282409998134676,0.5226429563307011,0.2145329436879521,0.27063773342452696,0.31488735517834565,0.4144749113971274,0.0027150821778689715,0.0009326618168252192,0.037948973035710584,0.07498601007274762,0.07691351116085307,0.034301229041016394,0.1714854193869303,0.08551472569379676,0.008020891624696885,0.015606541068208668,0.009969118530954009,0.032601711952579326,0.0003108872722750731,0.03562768140272337,0.15055234305374204,0.08136956206346245,0.014736056705838463,0.09846836203859147,0.03639453667433522,0.03154469522684408,0.12530926675663517,0.29265069725596043,0.3200067476383266,0.2620332883490778
1800100,194886,45741,100004,49141,51168,63017,80701,151,114,2227,12066,24188,6500,24015,6623,1810,4274,2096,6605,2348,10710,15500,34660,5766,19749,7360,8124,18803,46323,50444,33575,0.2347064437671254,0.5131410157733239,0.2521525404595507,0.2625534928111819,0.32335313978428415,0.41409336740453395,0.0007748119413400655,0.0005849573596872018,0.01142719333353858,0.06191311843847172,0.12411358435187751,0.033352831911989574,0.12322588590252763,0.033983970115862606,0.009287480886261712,0.02193076978336053,0.010755005490389253,0.03389160842749094,0.01204806912759254,0.05495520458113974,0.07953367609782129,0.17784756216454747,0.02958652750838952,0.1013361657584434,0.03776566813419127,0.04168590868507743,0.12607194341077474,0.3105903650809615,0.33822119413993096,0.22511649736833284
1800200,63659,16577,32158,14924,17640,18386,27633,46,30,390,4459,10925,2638,7188,1948,692,1118,637,1998,375,3145,7446,9123,397,6265,2668,2171,4916,14947,15806,11413,0.26040308518826877,0.505160307262131,0.23443660754960022,0.2771014310623792,0.28882011970027804,0.43407844923734273,0.0007226001036774062,0.00047126093718091706,0.006126392183351922,0.0700450839629903,0.17161752462338398,0.04143954507610864,0.11291412054854773,0.03060054352094755,0.010870418950973154,0.017562324258942177,0.010006440566141472,0.03138597841624908,0.005890761714761463,0.04940385491446614,0.11696696460830362,0.14331045099671688,0.006236353068694136,0.09841499238128151,0.04191080601328956,0.03410358315399237,0.10441357631366552,0.3174673973068264,0.335712161760333,0.24240686461917504
1800300,39953,9411,20325,10217,9827,14260,15866,224,22,378,2080,7685,1366,4933,1050,350,944,352,850,94,1973,2808,5024,1448,3818,1294,3260,3549,10610,10049,6334,0.23555177333366706,0.5087227492303457,0.2557254774359873,0.24596400770905813,0.3569193802718194,0.39711661201912246,0.005606587740595199,0.0005506470102370285,0.0094611168122544,0.05206117187695542,0.19235101243961655,0.034190173453808224,0.12347007734087553,0.026280880034039996,0.008760293344679999,0.023627762621079768,0.008810352163792456,0.021274998122794285,0.0023527644982854856,0.049383025054438964,0.07028258203388982,0.12574775361049234,0.036242585037418965,0.09556228568568068,0.03238805596575977,0.08159587515330513,0.11620064173924433,0.3473904786850894,0.32902232990635844,0.20738654966930783
1800400,125171,29555,63424,32192,31491,42702,50978,142,6,230,4997,15050,5998,13456,3602,1923,3378,1690,5168,2507,6024,19302,20168,2107,11458,3678,4287,10413,29269,31404,24530,0.23611699195500555,0.5066988359923624,0.257184172052632,0.2515838333160237,0.3411493077470021,0.40726685893697423,0.0011344480750333545,4.793442570563469e-05,0.0018374863187159965,0.03992138754184276,0.12023551781163369,0.04791844756373281,0.10750093871583674,0.02877663356528269,0.015362983438655919,0.02698708167227233,0.013501529907087105,0.04128751867445335,0.020028600874004363,0.04812616340845723,0.1542050474950268,0.16112358293854007,0.016832972493628716,0.09153877495586038,0.029383802957554064,0.034249147166675986,0.10890436746987951,0.3061098560910308,0.3284387550200803,0.25654702141900937
1800500,140370,36651,73666,30053,24377,46938,69055,246,63,115,3780,72834,6815,9389,3045,602,1837,1006,2426,2631,6036,6126,10974,480,6842,2617,2506,16512,36203,32012,18992,0.26110279974353495,0.5247987461708342,0.21409845408563083,0.17366246348934958,0.3343876896772815,0.49194984683336895,0.0017525112203462278,0.00044881384911305835,0.0008192633753651065,0.0269288309467835,0.5188715537508014,0.04855026002707131,0.0668875115765477,0.02169266937379782,0.0042886656693025575,0.013086841917788701,0.0071667735271069314,0.017282895205528247,0.018743321222483438,0.04300064116264159,0.043641803804231674,0.07817909809788416,0.0034195340884804444,0.04874260881954834,0.018643584811569424,0.017852817553608322,0.15919937523501,0.3490488724341731,0.30864161821845565,0.1831101341123613
1800600,70313,17993,36031,16289,14749,24856,30708,632,78,204,2436,31940,2485,5756,2468,636,888,424,1368,229,2137,4978,4445,325,4903,1668,2313,6634,19812,16889,8985,0.25589862472089087,0.512437244890703,0.23166413038840614,0.20976206391421218,0.3535050417419254,0.4367328943438624,0.008988380527071807,0.001109325444796837,0.002901312701776343,0.03464508696827045,0.4542545475232176,0.03534197090154025,0.08186252897757172,0.035100194843058895,0.009045269011420363,0.012629243525379375,0.006030179340946909,0.019455861647206064,0.0032568657289548165,0.030392672763215906,0.07079771877177762,0.06321732823233257,0.004622189353320154,0.06973105969024221,0.023722497973347745,0.03289576607455236,0.1267966360856269,0.3786697247706422,0.3228019877675841,0.1717316513761468
1800700,30464,6888,15334,8242,8036,10975,11453,1776,66,374,1647,6099,1402,3497,1820,421,821,172,500,87,1100,2892,2989,192,2327,569,1713,2757,9151,7495,4173,0.2261029411764706,0.5033482142857143,0.27054884453781514,0.26378676470588236,0.36026129201680673,0.3759519432773109,0.058298319327731093,0.0021664915966386556,0.012276785714285714,0.054063813025210086,0.20020351890756302,0.04602153361344538,0.11479122899159663,0.05974264705882353,0.013819590336134453,0.02694984243697479,0.005646008403361344,0.01641281512605042,0.002855829831932773,0.03610819327731092,0.09493172268907563,0.09811580882352941,0.0063025210084033615,0.07638524159663866,0.018677783613445378,0.05623030462184874,0.11694095690532745,0.3881489650492026,0.31790804207668816,0.1770020359687818
1800800,58479,14629,29594,14256,13050,19164,26265,840,8,115,2395,22874,1731,5344,870,555,1085,349,1099,640,2915,5262,5009,377,3687,1987,1337,4990,15559,14373,8928,0.2501581764394056,0.506062005164247,0.2437798183963474,0.22315703072897963,0.3277073821371774,0.44913558713384294,0.014364130713589494,0.00013680124489132852,0.0019665178953128474,0.040954872689341476,0.391148959455531,0.029600369363361207,0.09138323158740745,0.014877135381931975,0.009490586364335916,0.01855366883838643,0.005967954308384206,0.018793071016946255,0.01094409959130628,0.049846953607277825,0.08998101882727133,0.08565467945758307,0.006446758665503856,0.06304827373929103,0.03397800919988372,0.022862908052463278,0.1137970353477765,0.35482326111744583,0.32777651083238313,0.20360319270239452
1800900,50931,12240,25792,12899,12014,19758,19159,636,63,131,1968,16918,2150,4728,2513,898,1058,433,893,119,2119,3468,5901,116,3194,1747,1878,4133,15207,12821,6530,0.24032514578547445,0.5064106339950128,0.25326422021951267,0.23588776972767078,0.3879366201331213,0.37617561013920797,0.012487483065323672,0.0012369676621311187,0.0025721073609393102,0.03864051363609589,0.3321749033005439,0.042213975771141346,0.09283147788184014,0.04934126563389684,0.017631697787202295,0.020773202960868625,0.008501698376234513,0.01753352575052522,0.002336494472914335,0.041605309143743496,0.06809212463921777,0.11586263768628144,0.0022775912509080914,0.06271229702931418,0.03430130961496927,0.03687341697590858,0.1068207076581117,0.3930371404202528,0.33136905223436974,0.16877309968726578
1801000,191824,47160,99212,45452,46183,64734,80907,143,114,431,9950,28162,9761,21553,6552,3207,8615,2342,6688,2419,11929,13968,34596,2270,17221,6301,5602,15375,45467,49449,34373,0.24585036283259654,0.5172032696638585,0.23694636750354492,0.24075715238969056,0.3374655934606723,0.4217772541496372,0.0007454750187672033,0.0005942947702060222,0.002246851280340312,0.051870464592543165,0.1468116606889649,0.05088518642088581,0.11235820335307366,0.03415630995078822,0.016718450246058888,0.04491096004670948,0.01220910834932021,0.03486529318541997,0.012610517974810243,0.062187213278838936,0.07281674868629577,0.1803528234214697,0.011833764283926932,0.0897750020852448,0.032847818833931106,0.029203853532404705,0.10628076093568545,0.3142938118674999,0.34181966487861526,0.2376057623181994
1801100,43965,10053,22769,11143,10293,16305,17367,966,71,184,1686,14880,1730,4075,1979,468,911,337,1183,67,1737,3894,3113,277,3165,1119,2123,4119,12748,10564,6481,0.2286591606960082,0.5178892300693734,0.25345160923461846,0.2341180484476288,0.370863186625725,0.39501876492664617,0.021972023200272944,0.0016149209598544296,0.004185147276242466,0.03834868645513476,0.33845104060047765,0.03934948254293188,0.09268736494939156,0.04501307858523826,0.010644831115660185,0.020721028090526554,0.007665188217900603,0.026907767542363244,0.0015239394973274195,0.03950870010235415,0.08857045377004436,0.07080632321164562,0.006300466279995451,0.07198908222449676,0.02545206414193108,0.048288411236210624,0.1214614295824487,0.3759141306912008,0.31151214909176694,0.19111229063458363
1801200,90417,22533,47217,20667,20897,28607,40913,256,31,79,3120,17243,1962,8732,2071,932,1710,1324,3012,196,4970,17962,12215,660,9089,2444,2409,6876,20406,21464,19138,0.24921198447194665,0.5222137429908092,0.2285742725372441,0.23111804196113564,0.3163896169968037,0.45249234104206065,0.002831325967461871,0.00034285587887233595,0.0008737294977714368,0.034506785228441555,0.19070528772244158,0.021699459172500747,0.09657475917139476,0.02290498468208412,0.010307796100290874,0.018912372673280466,0.014643263987966865,0.03331231958591858,0.002167733943837995,0.05496753929017773,0.1986573321388677,0.13509627614276076,0.007299512259862637,0.10052313171195683,0.027030315095612552,0.026643219748498623,0.10129043662718755,0.30060102527841615,0.3161864356844028,0.2819221024099935
1801300,60144,13952,30837,15355,14400,19240,26504,613,55,127,2163,19521,1688,6879,923,472,1219,418,1343,171,2731,4505,8043,156,5472,1459,2186,4990,15817,15464,9921,0.23197658951848896,0.512719473264166,0.255303937217345,0.23942537909018355,0.31989890928438414,0.4406757116254323,0.010192205373769619,0.0009144719340250067,0.0021115988294759243,0.03596368715083799,0.3245710295291301,0.028065974993349296,0.11437549880287311,0.015346501729183294,0.007847831870178238,0.02026802341048151,0.00694998669859005,0.022329741952646982,0.00284317637669593,0.04540768821495079,0.07490356477786646,0.1337290502793296,0.0025937749401436553,0.09098164405426976,0.024258446395317903,0.03634610268688481,0.1080273640457222,0.34241860062348456,0.3347765846899896,0.2147774506408036
1801400,48977,11838,24642,12497,13655,18948,16374,851,166,217,1585,9387,1083,5166,3061,426,1308,464,827,585,1376,6234,7982,356,4167,1229,2507,3965,13431,12159,7584,0.2417052902382751,0.5031341241807379,0.255160585580987,0.2788043367294853,0.3868754721604018,0.3343201911101129,0.01737550278702248,0.0033893460195602017,0.004430651121955204,0.03236212916266819,0.19166139208199767,0.022112420115564448,0.10547808154848194,0.062498723890805886,0.008697960267064132,0.026706413214365926,0.009473834657083938,0.016885476856483655,0.011944382056883843,0.028094820017559263,0.12728423545745962,0.16297445739837066,0.007268717969659228,0.08508075218980338,0.025093411193008962,0.05118729199420136,0.10676108672823716,0.36164140122243466,0.32739169067557017,0.20420582137375803
1801500,29658,6935,14979,7744,7600,12153,9905,640,60,143,1529,8234,1051,3110,669,306,594,237,540,122,1044,2781,3927,327,2095,764,1485,2465,8834,7332,4092,0.23383235551959,0.5050576572931418,0.2611099871872682,0.25625463618585204,0.40977139389035,0.33397396992379796,0.021579337784071752,0.0020230629172567267,0.004821633286128532,0.051554386674758916,0.27763166767819814,0.03543731876728033,0.10486209454447366,0.022557151527412504,0.010317620878009305,0.020028322880841595,0.00799109852316407,0.01820756625531054,0.0041135612650886775,0.035201294760267045,0.09376896621484929,0.13240946793445277,0.01102569289904916,0.07063861352754737,0.025760334479735653,0.05007080720210399,0.10848039431413106,0.38876908858865467,0.3226686617084012,0.1800818553888131
1801600,26857,6166,13613,7078,7084,10031,9742,552,898,495,1041,6590,605,3225,774,319,485,206,460,44,378,2944,2105,123,2126,785,2702,2288,8057,6817,3529,0.22958632758684885,0.5068697173921138,0.26354395502103733,0.2637673604646833,0.3734966675354656,0.3627359719998511,0.02055330081542987,0.0334363480656812,0.018430949100793088,0.03876084447257698,0.2453736456044979,0.022526715567635996,0.12008042595971255,0.028819302230331013,0.011877722753844435,0.018058606694716463,0.007670253565178538,0.017127750679524892,0.0016383065867371636,0.01407454294969654,0.1096176043489593,0.07837807647913021,0.004579811594742525,0.07915999553189113,0.029228878877015304,0.1006069181219049,0.11057947900053164,0.38939635590353294,0.3294669179836644,0.17055724711227105
1801700,47451,11977,24103,11371,12962,17667,16822,89,16,156,2275,6395,1218,5751,1373,406,1417,677,1148,351,2398,5346,8874,440,5656,1329,2136,3589,11786,12051,8048,0.2524077469389475,0.5079555752249689,0.23963667783608353,0.27316600282396575,0.37232092052854526,0.354513076647489,0.0018756190596615457,0.0003371899433099408,0.0032876019472719226,0.0479441950643822,0.13477060546669195,0.025668584434469243,0.12119871024846685,0.028935112010284293,0.008556194811489747,0.02986238435438663,0.01426734947630187,0.02419337843248825,0.007397104381361826,0.05053634275357737,0.11266358980843397,0.1870139723082759,0.00927272344102337,0.11919664496006406,0.028007839666181956,0.045014857431877095,0.10117268985736032,0.3322433331454023,0.3397135930540678,0.22687038394316963
1801800,184736,47433,98998,38305,43863,59461,81412,914,301,1173,10516,9205,9798,21870,7932,3061,16406,4219,14760,3161,13108,12789,24737,3189,17843,5168,4586,14057,38316,43374,41556,0.25676099948033954,0.5358890524857093,0.20734994803395115,0.23743612506495756,0.3218701281829205,0.440693746752122,0.004947600900744847,0.0016293521565910272,0.0063496015936254984,0.05692447600900745,0.049827862463190715,0.05303784860557769,0.11838515503204573,0.04293694786073099,0.016569591200415727,0.0888078122293435,0.02283799584271609,0.0798978001039321,0.017110904209249957,0.07095530919799065,0.06922852069980946,0.13390459899532306,0.01726247185172354,0.09658648016629136,0.02797505629655292,0.02482461458513771,0.10237940904423064,0.2790616374004938,0.3158998710880316,0.302659082467244
1801900,41397,10221,21152,10024,11501,15154,14742,162,6,22,1803,5121,1117,4807,2167,470,1054,407,1122,393,2383,3472,6843,1242,4257,1208,3341,3575,10595,10380,6626,0.24690194941662438,0.5109549001135348,0.2421431504698408,0.277822064400802,0.3660651738048651,0.35611276179433293,0.003913327052684977,0.0001449380389883325,0.0005314394762905524,0.04355388071599391,0.12370461627654178,0.02698263159166123,0.11611952556948571,0.05234678841461941,0.011353479720752712,0.02546078218228374,0.00983163031137522,0.027103413290818175,0.009493441553735778,0.057564557818199386,0.08387081189458173,0.1653018334661932,0.030002174070584826,0.1028335386622219,0.029180858516317607,0.08070633137666981,0.11467154221195791,0.3398447523736207,0.3329484218629715,0.21253528355144982
1802000,45874,12162,22942,10770,12420,16771,16683,130,43,166,1749,4269,1045,5937,1040,383,1689,603,2184,352,2905,6482,9272,444,4683,1159,1339,3497,11037,10948,8230,0.26511749574922616,0.5001089942015084,0.2347735100492654,0.2707415965470637,0.36558835069974277,0.36367005275319353,0.0028338492392204736,0.0009373501329729258,0.0036186074900815277,0.038126171687666216,0.09305924924794001,0.022779788115272266,0.12941971487116885,0.02267079391376379,0.00834895583554955,0.03681824126956446,0.013144700701922658,0.04760866721890395,0.007673191786196974,0.06332563107642673,0.14130008283559314,0.20211884727732485,0.009678685093953001,0.10208396913284214,0.025264855909665606,0.029188647163970877,0.10373160892263883,0.327390840056953,0.32475083056478404,0.2441267204556241
1802100,34155,8612,17146,8397,9557,12927,11671,196,138,298,1938,6360,619,4066,2447,305,693,248,869,30,1249,4213,3679,165,3461,899,2282,2829,9229,8245,5240,0.25214463475333043,0.5020055628751281,0.2458498023715415,0.2798126189430537,0.3784804567413263,0.34170692431561994,0.005738544868979651,0.00404040404040404,0.0087249304640609,0.056741326306543695,0.18620992534036013,0.018123261601522472,0.11904552774117992,0.07164397599180208,0.008929878495095887,0.020289855072463767,0.007261015956668131,0.025442834138486314,0.000878348704435661,0.03656858439467135,0.12334943639291465,0.1077148294539599,0.004830917874396135,0.10133216220172742,0.026321182842921974,0.06681305811740594,0.11075441412520064,0.3613122969110911,0.3227890224327604,0.2051442665309478
1802200,74856,22446,38106,14304,20930,29365,24561,181,11,911,2925,4049,3812,13311,13599,375,886,503,1330,637,7506,3886,7468,722,8061,2166,2517,6874,16882,16915,11739,0.29985572298813723,0.5090573901891632,0.1910868868226996,0.27960350539702894,0.3922865234583734,0.3281099711445976,0.0024179758469594958,0.00014694880837875387,0.012170033130276798,0.039075024046168645,0.054090520465961314,0.050924441594528164,0.17782141712087207,0.18166880410387945,0.005009618467457518,0.01183605856577963,0.006719568237683018,0.017767446831249332,0.008509671903387838,0.1002725232446297,0.051913006305439775,0.099764881906594,0.009645185422678209,0.10768675857646681,0.028935556268034627,0.033624559153574866,0.13115817592062584,0.32211410036252625,0.3227437511925205,0.22398397252432742
1802300,640695,148523,349654,142518,131946,198816,309933,449,155,2312,27469,55686,30347,56122,39301,11791,29749,11328,43300,9864,58139,44440,110810,9484,51640,21696,26613,53612,139753,157620,141187,0.23181545040932114,0.5457417335861837,0.22244281600449511,0.20594198487579893,0.3103130194554351,0.48374499566876594,0.0007008014733999797,0.0002419247848040019,0.0036085813062377574,0.04287375428245889,0.08691499075223,0.04736575125449707,0.08759550175980771,0.06134119979085212,0.018403452500799913,0.046432389826672596,0.01768079975651441,0.06758285923879537,0.01539578114391403,0.09074364557238623,0.06936217701090222,0.17295280905891258,0.014802675219878414,0.08059997346631392,0.03386322665230726,0.0415377051483155,0.10892939866550717,0.2839515453946994,0.32025389497980383,0.2868651609599896
1802400,57595,16732,28953,11910,16184,21261,20150,65,12,142,3129,5962,2381,9843,3950,313,1109,609,1770,258,4680,4769,7642,524,6925,1607,1905,4561,13218,13296,9788,0.29051132910842953,0.5026998871429812,0.20678878374858928,0.28099661428943484,0.3691466273113986,0.3498567583991666,0.0011285701883844083,0.00020835141939404462,0.0024654917961628615,0.054327632606997134,0.10351593020227451,0.04134039413143502,0.1709002517579651,0.06858234221720635,0.005434499522527997,0.01925514367566629,0.010573834534247765,0.03073183436062158,0.00447955551697196,0.0812570535636774,0.0828023265908499,0.13268512891744075,0.009098011980206615,0.12023613160864659,0.02790172758051914,0.03307578782880458,0.1116168661135991,0.32347111078481755,0.3253799280522722,0.2395320950493111
1802500,42403,10141,22228,10034,9985,15145,17273,265,70,101,2608,8861,1754,4322,2035,378,567,330,2066,118,3529,3042,5111,1066,3673,956,1551,3840,10936,10478,7008,0.23915760677310569,0.524208192816546,0.23663420041034833,0.23547862179562767,0.3571681248968233,0.407353253307549,0.006249557814305592,0.0016508265924580808,0.0023819069405466593,0.061505082187581064,0.2089710633681579,0.04136499775959248,0.10192675046576893,0.04799188736645992,0.008914463599273637,0.013371695398910454,0.007782468221588095,0.048722967714548496,0.002782821970143622,0.08322524349692238,0.07174020706082117,0.12053392448647501,0.025139730679433057,0.08662122962997901,0.02254557460557036,0.03657760064146405,0.11902547889157523,0.3389746450932986,0.3247783770380014,0.21722149897712478
1802600,41357,9802,21027,10528,10734,16260,14363,395,52,268,1185,8362,1371,4750,1016,409,1207,178,945,356,2161,3891,7813,194,3851,1065,1888,3372,11122,10627,6434,0.23700945426409073,0.5084266266895567,0.2545639190463525,0.25954493797906036,0.3931619798341272,0.3472930821868124,0.009550982904949585,0.0012573445849553885,0.006480160553231617,0.028652948714848758,0.2021906811422492,0.03315037357641995,0.11485359189496337,0.024566578813743745,0.009889498754745266,0.029184902193099112,0.004303987233116522,0.0228498198612085,0.008607974466233044,0.052252339386319124,0.09408322653964263,0.18891602388954712,0.004690862490025872,0.09311603839736925,0.025751384288028627,0.045651280315303334,0.1068610362858501,0.35246395183013784,0.33677705593408336,0.20389795594992868
1802700,47059,11574,23362,12123,12728,18247,16084,475,294,287,3411,9694,1093,5730,1728,530,1054,281,2239,149,817,4303,5812,227,5284,1249,2402,4234,13264,11526,6461,0.24594657770033362,0.4964406383476062,0.25761278395206016,0.27046898574130346,0.3877472959476402,0.3417837183110563,0.010093712148579443,0.006247476571962855,0.006098727129773263,0.0724834781869568,0.20599672751227183,0.023226162901889117,0.12176204339233727,0.036719862300516375,0.011262457765783378,0.022397416009689964,0.00597122760789647,0.047578571580356575,0.0031662381266070252,0.01736118489555664,0.09143840710597335,0.12350453685798678,0.004823731911005334,0.112284578932829,0.026541150470685736,0.05104230859134278,0.11931802169930956,0.3737917429899958,0.3248133013949556,0.18207693391573904
1802800,64466,17730,32141,14595,16833,21749,25884,111,232,409,2458,5842,1457,6262,1017,1134,1268,1177,2428,496,2251,16764,8720,483,7641,2225,2091,4395,13450,14418,14473,0.2750286972978004,0.498572891136413,0.2263984115657866,0.2611143858778271,0.3373716377625415,0.40151397635963143,0.0017218378680234543,0.00359879626469767,0.006344429621816151,0.03812862594235721,0.09062141283777495,0.02260106102441597,0.09713647504110694,0.01577575776378246,0.017590667948996372,0.019669283032916575,0.018257686222194647,0.03766326435640493,0.007693978221077777,0.03491763099928644,0.2600440542301368,0.13526510098346414,0.0074923215338317875,0.11852759594204697,0.03451431762479446,0.03243570254087426,0.09403885655597398,0.28778671687778157,0.3084988017802123,0.30967562478603217
1802900,73306,17942,38782,16582,15212,22957,35137,827,40,270,2401,25799,2536,7218,3253,489,1458,403,2298,1029,4177,4276,8049,360,4908,1243,2272,6173,18564,17715,12912,0.2447548631762748,0.5290426431669986,0.2262024936567266,0.20751370965541702,0.31316672577960875,0.4793195645649742,0.011281477641666439,0.0005456579270455351,0.0036831910075573624,0.03275311707090825,0.351935721496194,0.03459471257468693,0.09846397293536682,0.044375630916978145,0.006670668158131667,0.019889231440809757,0.005497503614983767,0.031348047908766,0.014037050173246392,0.05698032903173001,0.05833083240116771,0.10980001636973781,0.004910921343409817,0.06695222764848717,0.016956320082940006,0.030993370256186398,0.11149844664402861,0.3353081424752547,0.3199732678274691,0.2332201430532476
1803000,41747,9774,21693,10280,9559,15229,16959,388,51,475,1481,12826,1082,4469,2031,261,639,286,656,274,2064,3326,5167,105,3300,995,1871,3493,11733,10410,6337,0.23412460775624597,0.5196301530648909,0.24624523917886315,0.2289745370924857,0.36479267971351237,0.40623278319400197,0.009294081011809232,0.0012216446690780176,0.011378063094354086,0.035475603037344,0.30723165736460106,0.02591803003808657,0.10704960835509138,0.04865020240975399,0.006251946247634561,0.015306489089036339,0.006850791673653197,0.01571370397872901,0.006563345869164251,0.0494406783720986,0.07967039547751935,0.12376937264953171,0.0025151507892782715,0.07904759623445996,0.023834047955541716,0.04481759168323472,0.10924842836142995,0.36696587745910614,0.3255872142119914,0.19819847996747256
1803100,33400,7996,16539,8865,8867,12985,11548,226,100,254,1369,4384,618,3549,1319,416,946,199,786,1367,2127,2985,4619,2390,3023,958,1765,2423,8972,8231,5778,0.23940119760479042,0.49517964071856285,0.2654191616766467,0.26547904191616767,0.38877245508982033,0.345748502994012,0.006766467065868263,0.0029940119760479044,0.007604790419161677,0.04098802395209581,0.1312574850299401,0.018502994011976047,0.10625748502994012,0.03949101796407185,0.012455089820359281,0.028323353293413175,0.0059580838323353294,0.023532934131736526,0.04092814371257485,0.06368263473053892,0.08937125748502994,0.1382934131736527,0.07155688622754491,0.09050898203592814,0.028682634730538923,0.05284431137724551,0.09537868052275232,0.35317272870414107,0.3240040938434892,0.22744449692961738
1803200,44013,9712,23471,10830,9185,13084,21744,408,945,733,2137,13114,1064,3495,1871,281,823,393,1312,29,3429,3460,5142,282,2661,1068,1366,3520,11932,11794,7055,0.22066207711358007,0.5332742598777633,0.24606366300865654,0.20868834208074888,0.29727580487583216,0.494035853043419,0.009269988412514484,0.021470929043691637,0.01665417035875764,0.04855383636652807,0.29795742167086997,0.024174675664008362,0.07940835662190716,0.04251016745052598,0.0063844773135210055,0.018699020743871128,0.008929180014995569,0.029809374502987755,0.0006588962352032354,0.07790879967282394,0.07861313702769636,0.11682911866948402,0.0064071978733555995,0.0604594097198555,0.024265557903346738,0.031036284734055848,0.10262091484213288,0.3478615783796391,0.34383837205912365,0.2056791347191044
1803300,111529,27786,57121,26622,28166,39379,43984,108,100,842,8084,13539,4909,11576,4623,1326,2496,1309,4527,3288,8206,8264,18747,2075,10571,3957,2982,9052,27325,28185,19181,0.2491369957589506,0.5121627558751536,0.23870024836589587,0.2525441813340028,0.35308305463153083,0.39437276403446636,0.0009683580055411597,0.0008966277829084812,0.007549605932089412,0.07248338997032162,0.12139443552797927,0.04401545786297734,0.10379363214948578,0.04145110240385909,0.01188928440136646,0.02237982946139569,0.011736857678272018,0.040590339732266945,0.02948112150203086,0.07357727586546997,0.07409731997955689,0.16809081046185298,0.018605026495350986,0.09478252293125555,0.0354795613696886,0.02673744048633091,0.10809261669632089,0.32629592921199385,0.3365654442759395,0.2290460098157458
1803400,63365,14289,32178,16898,14796,23555,25014,1109,1281,1149,2683,16814,2531,5860,2288,640,1212,400,1273,930,1498,4835,9093,845,4223,1593,3108,5375,18095,16422,9184,0.22550303795470686,0.5078197743233647,0.2666771877219285,0.23350430048133827,0.3717351850390594,0.3947605144796023,0.017501775428075437,0.020216207685630868,0.018133038743786002,0.0423419869012862,0.2653515347589363,0.039943186301586046,0.09248007575159789,0.036108261658644364,0.010100213051369052,0.019127278466030143,0.006312633157105658,0.020089955022488757,0.014676872090270654,0.023640811173360688,0.07630395328651464,0.14350193324390437,0.013335437544385702,0.06664562455614298,0.025140061548173283,0.04904915963071096,0.10952400358627434,0.36871383160811805,0.3346238487244274,0.1871383160811802
1803500,46742,11392,23771,11579,11711,18415,16616,163,94,170,2667,8784,1222,5160,736,390,1003,408,1854,160,1616,4207,8977,1710,4374,1208,1839,3821,12366,11512,7651,0.24372085062684523,0.5085576141371786,0.2477215352359762,0.2505455479012451,0.3939711608403577,0.35548329125839717,0.003487227760900261,0.0020110393222369603,0.0036369860083008856,0.05705789225963801,0.18792520645244107,0.026143511189080485,0.11039322236960336,0.01574601001240854,0.008343673783749091,0.021458217448975227,0.008728766419922125,0.0396645415258226,0.003423045654871422,0.034572761114201364,0.09000470668777545,0.1920542552736297,0.03658380043643832,0.0935775105900475,0.025843994694279233,0.039343630995678405,0.1080905233380481,0.3498161244695898,0.32565770862800564,0.21643564356435643
1803600,53881,13519,27751,12611,12467,21255,20159,38,77,202,2583,8799,1728,5823,7193,276,2080,524,1239,260,3843,2760,6039,572,5501,1195,3149,4948,13583,13403,8428,0.2509047716263618,0.5150424082700766,0.23405282010356154,0.23138026391492364,0.39448042909374365,0.37413930699133274,0.0007052578831127856,0.0014290751842022235,0.0037490024312837548,0.047938976633692766,0.16330431877656318,0.03207067426365509,0.10807149087804606,0.13349789350605964,0.005122399361556022,0.03860358939143668,0.00972513501976578,0.02299511887307214,0.004825448673929585,0.0713238432842746,0.051223993615560216,0.11208032516100296,0.010615987082645089,0.10209535828956404,0.022178504482099442,0.058443607208477945,0.12259055547296963,0.33652940884990834,0.33206976859422227,0.20881026708289976
1900100,58541,13953,28314,16274,15898,19357,23286,3554,99,318,2936,10580,3268,5608,1813,757,1853,409,1507,351,1843,6290,8825,471,4495,1416,2148,4055,13696,16414,10423,0.23834577475615382,0.48366102389778104,0.27799320134606514,0.27157035240258964,0.33065714627355186,0.3977725013238585,0.06070958815189354,0.0016911224611810525,0.00543209032985429,0.05015288430330879,0.18072803676056098,0.05582412326403717,0.09579610871013478,0.030969747698194428,0.0129311081122632,0.03165302950069182,0.006986556430535864,0.025742641909089356,0.005995797816914641,0.031482209050067475,0.10744606344271536,0.15074904767598776,0.008045643224406826,0.07678379255564476,0.02418817580840778,0.03669223279411011,0.09094375168206692,0.30716784785143986,0.36812595317125685,0.23376244729523638
1900200,53126,11962,25935,15229,13156,17548,22422,1146,127,319,2199,11050,2646,5857,1779,642,1827,277,1313,349,1536,4237,9624,932,3203,1701,2362,3282,12796,15813,9273,0.22516282046455596,0.48817904604148626,0.28665813349395775,0.24763769152580659,0.33030907653502994,0.4220532319391635,0.021571358656778224,0.002390543236833189,0.006004592854722735,0.041392162029891204,0.20799608477958062,0.0498061212965403,0.11024733652072431,0.03348642849075782,0.012084478409818168,0.03438994089523021,0.005214019500809397,0.024714828897338403,0.006569288107517976,0.028912396943116366,0.07975379286978128,0.18115423709671347,0.017543199186838835,0.060290629823438614,0.032018220833490194,0.04446033957007868,0.07972986104363036,0.3108541443980177,0.38414634146341464,0.22526965309493732
1900400,47146,10625,22525,13996,12499,15575,19072,1658,319,221,2399,8365,2256,5257,939,366,2335,219,1010,422,701,6478,7312,427,2783,1324,2355,2720,12271,13151,8379,0.22536376362787935,0.4777711788911042,0.29686505748101644,0.26511262885504605,0.3303567640945149,0.4045306070504391,0.03516735247953167,0.006766215585627624,0.004687566283459891,0.05088448648877954,0.1774275654350316,0.047851355364187845,0.11150468756628346,0.01991685402791329,0.007763118822381538,0.04952700123022102,0.004645144869129937,0.02142281423662665,0.008950918423620243,0.014868705722648793,0.13740296101472024,0.15509269079031096,0.009056971959445128,0.05902939804013066,0.02808297628642939,0.049951215373520555,0.07447769776293092,0.3359984666356343,0.3600941923824649,0.22942964321896991
1900500,77509,20571,40138,16800,18222,24146,35141,190,49,272,2583,15706,2647,9184,3380,693,2370,918,3091,818,3938,7842,11280,493,6483,2992,2580,5379,16645,19795,15119,0.2654014372524481,0.5178495400534131,0.21674902269413873,0.23509527925789264,0.3115251132126592,0.45337960752944817,0.0024513282328503787,0.0006321846495245713,0.003509269891238437,0.033325162239223834,0.2026345327639371,0.03415087280186817,0.11848946573946251,0.043607839089654106,0.008940897186133223,0.030577094272923145,0.011843785882929725,0.03987923983021326,0.010553613128797946,0.050807003057709424,0.10117534737901406,0.14553148666606458,0.0063605516778696665,0.08364189965036319,0.03860196880362281,0.033286457056599876,0.0944711791773508,0.29233552284941516,0.34765885700235344,0.2655344409708806
1900600,51315,11631,25264,14420,12482,15879,22954,2226,210,355,3315,8088,3227,5876,1903,903,1667,239,1015,757,895,5839,7441,315,2920,1179,2945,3436,12411,14917,8920,0.22665887167494886,0.4923316768975933,0.28100945142745787,0.24324271655461366,0.30944168371821107,0.4473155997271753,0.04337912890967553,0.0040923706518561824,0.006918055149566404,0.06460099386144402,0.15761473253434669,0.06288609568352334,0.1145084283347949,0.03708467309753483,0.017597193802981585,0.032485627984020264,0.0046575075513982265,0.01977979148397155,0.01475202182597681,0.01744129396862516,0.11378739160089642,0.14500633343077074,0.006138555977784273,0.05690343954009549,0.02297573808827828,0.05739062652245932,0.08658401370829553,0.31274569095857274,0.37589456707993146,0.22477572825320027
1900700,79385,19614,39227,20544,19413,24949,35023,639,382,156,3492,13803,4245,8850,2964,1367,5427,492,2689,792,2274,7602,12560,1707,5465,2129,2350,4805,19800,20587,14579,0.2470743843295333,0.49413617182087294,0.25878944384959374,0.244542419852617,0.31427851609246077,0.4411790640549222,0.008049379605718965,0.00481199218996032,0.0019651067582036907,0.043988158972098006,0.1738741575864458,0.053473578131888896,0.11148201801347862,0.037337028405870124,0.017219877810669523,0.06836304087673994,0.006197644391257794,0.03387289790262644,0.009976695849341815,0.028645210052276878,0.09576116394784909,0.15821628771178434,0.02150280279649808,0.06884172072809724,0.026818668514202934,0.0296025697549915,0.08039015576115507,0.3312643255090261,0.3444312459219354,0.24391427280788341
1900800,55758,13017,28319,14422,13239,18256,24263,556,211,551,2520,14365,1692,5542,2321,574,1406,413,1809,934,3657,5084,6621,461,3676,1256,2109,4420,14095,14861,9365,0.23345528892714948,0.5078912443057498,0.25865346676710066,0.23743678037232324,0.32741490010402097,0.4351483195236558,0.009971663259083899,0.0037842103375300405,0.009881990028336741,0.04519530829656731,0.25763119193658307,0.03034542128483805,0.09939380896014921,0.041626313712830446,0.010294486889773665,0.025216112486100648,0.007407008859715198,0.032443774884321534,0.016750959503568995,0.0655870009684709,0.0911797410237096,0.11874529215538578,0.008267871874887908,0.0659277592453101,0.02252591556368593,0.037824168729150974,0.10341358414637,0.32977702908214596,0.3476989307690508,0.21911045600243326
1900900,90800,22813,46913,21074,23225,29086,38489,153,17,291,5660,11608,4058,12348,2945,647,2699,883,3270,2264,5860,7208,13691,1077,9715,3587,2819,7223,20732,23685,16347,0.2512444933920705,0.5166629955947136,0.23209251101321585,0.25578193832599116,0.32033039647577094,0.4238876651982379,0.0016850220264317181,0.00018722466960352423,0.0032048458149779736,0.06233480176211454,0.12784140969162996,0.04469162995594714,0.13599118942731278,0.03243392070484581,0.007125550660792951,0.02972466960352423,0.009724669603524229,0.036013215859030834,0.024933920704845815,0.0645374449339207,0.07938325991189428,0.15078193832599118,0.011861233480176212,0.10699339207048458,0.039504405286343615,0.03104625550660793,0.10624089899539618,0.30494065041846236,0.34837542471354815,0.24044302587259328
1901000,134871,32236,72762,29873,30353,36503,68015,194,112,1584,6727,19587,5345,14343,9022,3936,8899,1578,5400,1266,8974,11832,16442,1859,9772,4015,3984,8540,28052,35612,30431,0.23901357593552358,0.5394932935916542,0.22149313047282218,0.22505208680887662,0.2706512148645743,0.5042966983265491,0.001438411519155341,0.0008304231450793722,0.011744555908979692,0.04987729015132979,0.14522766198812198,0.03963046170043968,0.1063460640167271,0.06689355013309013,0.029183441955646507,0.06598156757197618,0.01170006895477901,0.04003825878061259,0.009386747336343617,0.06653765449948469,0.08772827368374224,0.12190908349459854,0.013783541309844221,0.07245441940817522,0.029769186852622136,0.02953933758925195,0.08320748282749549,0.2733180688848833,0.3469771520436498,0.29649729624397136
1901100,87383,24659,43850,18874,20340,23880,43163,138,93,99,3051,4968,1487,9457,4452,647,2294,775,2539,732,3331,19974,19941,682,8284,1804,2635,5303,15466,19873,22082,0.28219447718663815,0.5018138539532861,0.21599166886007576,0.23276838744378198,0.2732796997127588,0.49395191284345924,0.0015792545460787566,0.0010642802375748143,0.0011329434787086734,0.034915258116567295,0.05685316365883524,0.01701703992767472,0.10822471190048408,0.05094812492132337,0.007404186168934461,0.02625224586017875,0.00886900197979012,0.029055994873144662,0.008376915418330796,0.03811954270281405,0.22857992973461658,0.22820228190838035,0.007804721742215305,0.09480104825881465,0.020644747834246937,0.030154606731286407,0.08454499075314074,0.246572284930808,0.3168324724188508,0.35205025189720046
1901200,49957,11887,25056,13014,12024,16003,21930,1579,55,258,2016,14096,1727,5781,1062,336,1585,220,778,202,1402,5826,6019,316,3223,1056,2420,4212,11890,13172,8796,0.2379446323838501,0.5015513341473667,0.26050403346878315,0.2406869908120984,0.32033548852012733,0.4389775206677743,0.03160718217667194,0.0011009468142602638,0.005164441419620874,0.04035470504633985,0.2821626598875033,0.034569729967772286,0.11571951878615609,0.02125828212262546,0.006725784174389975,0.031727285465500334,0.004403787257041055,0.01557339311808155,0.004043477390555878,0.028064135156234363,0.11662029345236903,0.12048361590968233,0.006325439878295334,0.06451548331565146,0.021138178833797067,0.048441659827451605,0.11063829787234042,0.3123194116101918,0.3459942211715261,0.2310480693459417
1901300,55914,15907,26930,13077,13942,14694,27278,954,105,154,2736,5540,1579,5844,1321,903,992,819,2531,714,1929,11071,7814,755,5080,1227,3846,2860,10199,13359,13589,0.28449046750366636,0.48163250706442035,0.2338770254319133,0.24934721178953392,0.2627964373859856,0.4878563508244805,0.017061916514647495,0.0018778838931215796,0.00275422970991165,0.04893228887219659,0.09908073112279572,0.02823979683084737,0.10451765210859534,0.023625567836320062,0.016149801480845584,0.017741531637872447,0.01464749436634832,0.045265944128483025,0.012769610473226741,0.0344994098079193,0.19800050076903816,0.13975033086525737,0.013502879421969453,0.0908538112100726,0.021944414636763603,0.06878420431376757,0.07148748968930436,0.2549303871822431,0.3339165646011948,0.3396655585272577
1901490,397200,97595,213836,85769,85758,107224,204218,1097,347,787,21669,30422,19598,46549,11938,7150,50580,5301,22421,8907,21177,28985,53256,7177,31094,11995,16750,26077,78445,99077,96006,0.2457074521651561,0.5383585095669687,0.21593403826787513,0.21590634441087614,0.2699496475327291,0.5141440080563947,0.0027618328298086607,0.0008736153071500504,0.0019813695871097685,0.05455438066465257,0.07659113796576032,0.04934038267875126,0.11719284994964753,0.030055387713997985,0.01800100704934542,0.12734138972809667,0.013345921450151057,0.05644763343403827,0.022424471299093654,0.053315709969788516,0.07297331319234643,0.1340785498489426,0.01806898288016113,0.07828298086606243,0.03019889224572004,0.04217019133937563,0.0870379332788171,0.2618280736302799,0.3306920779025717,0.3204419151883313
1901800,36598,8652,17674,10272,9589,12839,14170,1692,82,473,1231,6694,1563,3835,2409,303,1087,210,660,228,878,4078,5832,279,2239,850,1975,2566,9332,9957,6091,0.2364063610033335,0.4829225640745396,0.2806710749221269,0.26200885294278375,0.3508115197551779,0.38717962730203836,0.046232034537406416,0.0022405595934204053,0.012924203508388436,0.03363571779878682,0.18290616973605114,0.04270725176239139,0.10478714683862506,0.06582326903109459,0.008279140936663206,0.029701076561560742,0.005738018470954697,0.018033772337286192,0.006229848625607957,0.02399038198808678,0.11142685392644407,0.15935297010765614,0.007623367397125526,0.06117820645936937,0.023225312858626154,0.05396469752445489,0.09181993845273026,0.33392972160595435,0.3562942818292421,0.21795605811207328
1901900,51905,11520,25076,15309,12772,17539,21594,1762,125,303,1942,10747,3225,5643,2187,447,2307,206,1048,144,972,5483,8138,525,2807,1079,2815,4336,12412,14563,9074,0.22194393603699067,0.48311338021385225,0.2949426837491571,0.24606492630767748,0.33790578942298427,0.4160292842693382,0.03394663327232444,0.002408245833734708,0.005837587900972932,0.037414507272902416,0.20705134380117524,0.06213274251035546,0.10871784991811964,0.042134669107022446,0.008611887101435315,0.04444658510740777,0.003968789133994798,0.02019073307003179,0.0027742992004623833,0.01872651960312109,0.10563529525093922,0.1567864367594644,0.010114632501685773,0.05407956844234659,0.020787978036797997,0.054233696175705615,0.10736659650860468,0.3073418348396682,0.36060418472205025,0.22468738392967685
1902000,63269,16206,31673,15390,16529,19895,26845,531,36,438,3305,9938,2795,8461,3058,648,1591,494,1273,894,3300,5446,9525,865,6343,1968,2360,5487,13953,16231,11392,0.25614439931087896,0.5006085128577976,0.2432470878313234,0.2612495851048697,0.3144509949580363,0.42429941993709397,0.008392735778975485,0.0005689990358627448,0.006922821602996728,0.05223727259795476,0.1570753449556655,0.044176452923232544,0.133730578956519,0.04833330699078538,0.010241982645529406,0.025146596279378527,0.007807931214338776,0.020120438129257616,0.014130142723924828,0.052158244954084935,0.08607690970301411,0.1505476615720179,0.01367178238947984,0.10025446901326084,0.031105280627163383,0.037301047906557715,0.11658840277925334,0.2964749378492659,0.34487814206489176,0.24205851730658903
1902100,70090,16869,34921,18300,17268,24792,28030,1251,103,562,3902,9058,3347,8706,3196,1157,1919,710,1473,434,2045,7076,11654,501,7632,1977,3387,5877,17186,18587,11571,0.24067627336281924,0.49823084605507206,0.2610928805821087,0.24636895420174063,0.35371665002140107,0.39991439577685833,0.017848480525039234,0.0014695391639320873,0.008018262234270225,0.05567127978313597,0.129233842202882,0.04775288914253103,0.12421172777857041,0.04559851619346554,0.01650734769581966,0.027379084034812384,0.010129833071764873,0.02101583678128121,0.0061920388072478245,0.029176772720787558,0.10095591382508204,0.16627193608218005,0.007147952632329862,0.10888857183621059,0.028206591525181908,0.04832358396347553,0.11042633546908176,0.3229176452903929,0.34924184062682023,0.21741417861370513
1902200,47469,11317,23442,12710,11929,16406,19134,975,78,289,2463,9002,1835,5894,1652,500,1862,248,1096,240,1812,5648,6749,238,3564,1404,1920,3749,11466,12321,8616,0.23840822431481598,0.4938380838020603,0.2677536918831237,0.2513008489751206,0.34561503296888496,0.4030841180559944,0.020539720659799025,0.0016431776527839222,0.00608818386736607,0.051886494343676925,0.18963955423539572,0.038656807600749965,0.12416524468600561,0.034801660030756916,0.010533190081948219,0.03922559986517517,0.005224462280646316,0.023088752659630497,0.005055931239335145,0.038172280856980344,0.11898291516568708,0.14217699972613707,0.005013798479007352,0.07508057890412691,0.029577197750110598,0.04044744991468116,0.1037010400531091,0.3171608763000664,0.3408110201371985,0.238327063509626
1902300,49796,11122,25468,13206,11972,17728,20096,324,65,343,2309,12480,1454,5630,2667,351,1158,330,914,258,2175,4547,7231,690,3223,1383,2264,3783,12892,13765,8234,0.2233512731946341,0.5114467025463892,0.2652020242589766,0.24042091734275844,0.35601253112699816,0.4035665515302434,0.0065065467105791626,0.0013053257289742147,0.006888103462125472,0.04636918628002249,0.25062253996304923,0.02919913246043859,0.11306129006345891,0.053558518756526625,0.00704875893646076,0.023254879910032934,0.006627038316330629,0.018354887942806652,0.005181139047313038,0.04367820708490642,0.09131255522531931,0.14521246686480843,0.013856534661418589,0.06472407422282914,0.02777331512571291,0.045465499236886496,0.09781765527227594,0.33335057144334695,0.35592387650617985,0.21290789677819724
2000100,47874,11183,22643,14048,14811,17513,15550,2195,1411,438,1670,2520,3396,5721,1186,917,1637,312,1200,451,835,5810,8097,424,3721,1209,4724,3689,11239,13489,8274,0.2335923465764298,0.4729707147929983,0.2934369386305719,0.30937460834691066,0.3658144295442202,0.3248109621088691,0.04584952166102686,0.029473200484605423,0.009149016167439529,0.034883235158958935,0.05263817520992606,0.07093620754480512,0.11950119062539165,0.024773363412290597,0.019154447090278647,0.03419392572168609,0.006517107406943226,0.025065797719012406,0.009420562309395496,0.017441617579479467,0.12136023728955174,0.16913147010903623,0.008856581860717718,0.0777248610937043,0.025253791201905,0.0986756903538455,0.1005423673380393,0.306314900111744,0.3676378403423183,0.2255048922078984
2000200,65311,13747,32151,19413,18158,25314,21839,1260,79,691,2720,11644,3122,6964,2030,666,2040,340,2262,605,1504,7054,11333,504,4622,1494,4377,5290,16943,17983,11348,0.21048521688536387,0.492275420679518,0.2972393624351181,0.2780236101116198,0.38759167674664297,0.33438471314173723,0.01929230910566367,0.001209597158212246,0.010580147295248886,0.041646889497940626,0.17828543430662522,0.04780205478403332,0.10662828619987445,0.031082053559124804,0.010197363384422226,0.031235167123455466,0.005205861187242578,0.03463428825159621,0.009263370642005175,0.023028280075331874,0.10800630827885042,0.17352360245594156,0.007716923642265468,0.07076908943363293,0.02287516651100121,0.06701780710753166,0.10259095492979599,0.3285819564036925,0.34875106663563726,0.22007602203087426
2000300,51644,15625,24381,11638,14980,17836,18828,535,186,382,2764,4244,1046,5708,1029,803,1717,843,2280,196,2014,10931,5798,433,5665,1933,3137,3919,10137,11570,10393,0.30255208736736117,0.47209743629463247,0.22535047633800634,0.2900627372008365,0.3453644179381922,0.36457284486097125,0.010359383471458447,0.003601580048021067,0.007396793431957246,0.05352025404693672,0.08217798776237317,0.020254046936720626,0.11052590814034544,0.019924870265664935,0.015548756873983424,0.03324684377662458,0.01632329021764387,0.04414840058864534,0.0037952133839361784,0.03899775385330338,0.211660599488808,0.11226860816358145,0.008384323445124313,0.10969328479591046,0.03742932383239098,0.060742777476570364,0.1088036869430023,0.28143479830089674,0.3212193564507621,0.28854215830533886
2000400,30809,6761,15493,8555,8434,10313,12062,179,320,150,2323,2976,507,2909,569,236,1139,355,1592,74,1095,5354,4486,225,2553,1000,2767,2380,7571,7795,6302,0.21944886234541855,0.5028725372456101,0.2776786004089714,0.27375117660423903,0.33473984874549645,0.3915089746502645,0.005809990587166088,0.01038657535135837,0.004868707195949236,0.07540004544126716,0.09659515076763284,0.016456230322308415,0.09442046155344218,0.0184686292966341,0.007660099321626797,0.0369697166412412,0.011522607030413192,0.051673212373007885,0.002401895550001623,0.03554156253042942,0.17378038884741473,0.14560680320685515,0.007303060793923854,0.08286539647505599,0.032458047972994904,0.0898114187412769,0.09896872920825017,0.3148286759813706,0.32414337990685294,0.2620592149035263
2000500,95986,21336,52465,22185,18691,28347,48948,0,57,699,4230,10874,6181,8131,11940,790,1135,1116,4810,1279,5570,7506,19250,1804,6106,1719,2789,10181,22190,23606,18673,0.22228241618569375,0.5465901277269601,0.23112745608734608,0.19472631425416206,0.29532431812972726,0.5099493676161106,0.0,0.0005938366011710041,0.007282312003833892,0.04406892671847978,0.11328735440585086,0.06439480757610484,0.08471027024774447,0.12439314066634717,0.008230366928510409,0.0118246410934928,0.011626695559769133,0.050111474590044384,0.013324859875398496,0.0580292959389911,0.07819890400683432,0.2005500802200321,0.01879440751776301,0.06361344362719563,0.01790886170899923,0.029056320713437375,0.13638312123241794,0.2972538513060951,0.31622237106496986,0.25014065639651706
2000600,360475,84753,194907,80815,78944,107064,174467,157,270,1594,14536,18744,21715,40720,16222,7267,28067,5701,37788,15127,30166,23499,47396,5832,26814,9325,9535,28676,69814,86686,90546,0.23511477911089534,0.5406949164297108,0.22419030445939386,0.2189999306470629,0.2970081142936403,0.48399195505929676,0.0004355364449684444,0.0007490117206463693,0.004421943269297454,0.04032457174561343,0.05199805811776129,0.06023996116235523,0.112962063943408,0.045001733823427426,0.020159511755322837,0.07786115541993203,0.015815243775573896,0.1048283514806852,0.04196407517858381,0.08368402801858658,0.06518898675358901,0.13148207226576045,0.01617865316596158,0.07438518621263611,0.0258686455371385,0.02645121020875234,0.10400330767947426,0.25320431449068265,0.3143963847643641,0.328395993065479
2000700,52249,15288,25187,11774,16144,16944,19161,90,74,206,1857,4539,1090,5644,781,700,818,772,4240,188,1337,10726,6726,383,6774,2953,2351,3765,10137,11601,11458,0.29259890141438116,0.48205707286263855,0.22534402572298035,0.30898199008593463,0.32429328790981643,0.3667247220042489,0.001722521005186702,0.0014162950487090662,0.003942659189649563,0.03554135007368562,0.08687247602824935,0.020861643285038946,0.10802120614748607,0.014947654500564605,0.013397385595896573,0.015655802024919136,0.014775402400045934,0.08114987846657352,0.003598154988612222,0.025589006488162452,0.2052862255736952,0.1287297364542862,0.00733028383318341,0.12964841432371912,0.05651782809240368,0.04499607647993263,0.10186412705283948,0.2742620600091989,0.31387137793890857,0.31000243499905306
2000800,116576,25402,60504,30670,28551,40302,47723,242,161,259,5501,8706,3338,10847,3087,1489,6957,1034,4957,2244,7237,10055,22324,1495,8639,3498,14506,9769,26779,30681,23945,0.21790076859730992,0.5190090584682954,0.26309017293439474,0.24491318967883613,0.34571438374965685,0.409372426571507,0.002075898984353555,0.0013810732912434807,0.002221726598956904,0.04718810046664837,0.07468089486686796,0.028633681032116387,0.09304659621191326,0.026480579192972826,0.012772783420258029,0.059677806752676366,0.008869750205874279,0.0425216167993412,0.019249245127642055,0.06207967334614329,0.08625274499039254,0.1914973922591271,0.012824251990118034,0.07410616250343124,0.0300061762283832,0.12443384573153994,0.1071467742996907,0.29371311996841204,0.3365104086691381,0.2626296970627591
2000990,82905,18176,40703,24026,23714,30610,28581,1774,1744,1316,2847,13756,2746,8011,1849,1185,2713,477,1758,316,2496,12754,12370,770,6058,1483,6482,7527,19898,22825,14479,0.21923888788372234,0.49095953199445147,0.28980158012182616,0.28603823653579397,0.3692177793860443,0.34474398407816176,0.021397985646221578,0.021036125686026176,0.01587359025390507,0.03434051022254388,0.1659248537482661,0.03312224835655268,0.09662867137084614,0.022302635546710088,0.014293468427718474,0.032724202400337736,0.00575357336710693,0.021204993667450697,0.003811591580724926,0.030106748688257644,0.15383873107773957,0.14920692358723842,0.009287738978348713,0.07307158796212532,0.017887944032326155,0.07818587539955371,0.11628481824220983,0.30740471813252174,0.35262401705572466,0.22368644656954378
2001000,45580,10297,22168,13115,12564,15680,17336,645,289,425,2274,7842,1552,4340,1142,609,1454,243,1369,1036,2033,5690,6720,794,3564,898,2661,3864,11029,12424,7966,0.2259104870557262,0.48635366388767004,0.28773584905660377,0.275647213690215,0.3440105309346205,0.38034225537516453,0.014150943396226415,0.006340500219394471,0.00932426502852128,0.049890302764370335,0.1720491443615621,0.034050021939447124,0.09521720052654672,0.02505484861781483,0.013361123299692848,0.03189995612110575,0.00533128565160158,0.03003510311540149,0.022729267222465994,0.04460289600702062,0.1248354541465555,0.1474330846862659,0.017419921017990347,0.07819218955682317,0.01970162351908732,0.05838086880210619,0.10951449706657597,0.3125867981747584,0.3521242524728623,0.22577445228580337
2001200,64601,16447,32671,15483,14757,23872,25972,4629,1038,909,2316,13621,3197,6677,1981,930,1502,324,1068,162,1552,7367,6616,922,4745,1174,3871,11028,12853,14989,9284,0.2545935821426913,0.5057352053373787,0.23967121251993004,0.22843299639324469,0.36952988343833687,0.40203712016841847,0.07165523753502268,0.01606786272658318,0.014070989613163883,0.03585083822231854,0.21084812928592436,0.04948839801241467,0.10335753316512128,0.03066515998204362,0.014396061980464699,0.023250414080277396,0.005015402238355443,0.016532251822727204,0.0025077011191777217,0.0240243959071841,0.1140384823764338,0.1024132753362951,0.014272224888159626,0.07345087537344623,0.018173093295769414,0.059921673039117045,0.22901524276280266,0.2669144827013332,0.3112721684595257,0.1927981060763384
2001300,291969,70949,150683,70337,71001,100550,120418,334,686,593,15863,53796,9367,33673,8525,4281,7261,4104,12127,4282,19120,26024,40124,6350,26632,7491,11336,27215,64099,73678,56028,0.2430018255362727,0.516092461870952,0.24090571259277527,0.24317992663604698,0.3443858765827879,0.4124341967811651,0.00114395706393487,0.0023495645085608403,0.0020310375416568195,0.0543311104946073,0.18425243775880315,0.03208217310741894,0.11533073716730201,0.029198305299535224,0.014662515541033466,0.02486907856656015,0.014056286797570976,0.04153523148005439,0.014665940562182971,0.06548640437854704,0.08913275039473369,0.13742554860276263,0.02174888429936055,0.09121516325363309,0.025656833430946435,0.03882603975079546,0.12313365306307121,0.2900144783277531,0.33335444756130667,0.253497421047869
2001400,34688,7731,17259,9698,9895,13601,11192,341,402,387,1741,5191,1122,3867,1861,357,956,339,728,47,852,5217,5639,175,2275,686,2505,2823,8800,9173,6161,0.222872463099631,0.4975495848708487,0.2795779520295203,0.28525714944649444,0.39209524907749077,0.32264760147601473,0.0098304889298893,0.011589022140221401,0.01115659594095941,0.050190267527675275,0.1496482933579336,0.03234547970479705,0.1114794741697417,0.05364967712177122,0.010291743542435424,0.027559963099630998,0.009772832103321033,0.02098708487084871,0.0013549354243542436,0.02456180811808118,0.15039783210332103,0.1625634225092251,0.005044972324723247,0.06558464022140222,0.01977629151291513,0.07221517527675277,0.10472233557146567,0.32644582112252846,0.3402826724041993,0.22854917090180657
2001500,53020,11832,27017,14171,15975,20567,16478,358,312,266,1715,10459,1693,5139,1752,608,1180,339,915,459,2037,7068,10348,339,4054,782,3197,4819,13686,14294,8389,0.22316107129385138,0.5095624292719728,0.2672764994341758,0.30130139569973596,0.38791022255752544,0.3107883817427386,0.006752168992832893,0.0058845718596755945,0.005016974726518295,0.03234628442097322,0.19726518294983025,0.03193134666163712,0.09692568841946435,0.03304413428894757,0.011467370803470388,0.022255752546208978,0.006393813655224443,0.017257638626933233,0.008657110524330441,0.03841946435307431,0.13330818559034327,0.1951716333459072,0.006393813655224443,0.07646171256129762,0.014749151263674085,0.06029800075443229,0.11700009711566475,0.3322812469651355,0.3470428280081577,0.20367582791104205
2100100,81786,20156,42673,18957,20533,31660,29593,577,55,649,4332,9543,3265,11372,5711,1208,2445,1079,3175,339,3155,7895,12361,914,8925,1917,2869,6899,20678,20542,13511,0.24644804734306605,0.5217641161078913,0.23178783654904261,0.25105763822659133,0.3871078179639547,0.36183454380945396,0.00705499718778275,0.0006724867336707994,0.007935343457315433,0.05296750055021642,0.11668256180764434,0.03992125791700291,0.13904580246007875,0.06982857701807155,0.014770254077715012,0.029895092069547356,0.013192967011468956,0.03882082508008706,0.004144963685716382,0.03857628444966131,0.09653241386056294,0.15113833663463183,0.011175506810456558,0.10912625632748882,0.02343921942630768,0.035079353434573156,0.11194223592406295,0.3355184163556709,0.33331169884796363,0.21922764887230245
2100200,33077,7708,17398,7971,8345,12919,11813,347,1201,316,1569,4474,736,4706,1436,226,788,266,681,10,1120,3576,5664,233,2716,931,2081,2891,8925,8561,4992,0.23303201620461347,0.5259848232911086,0.2409831605042779,0.25229011095323034,0.3905735102941621,0.35713637875260756,0.010490673277504007,0.0363092178855398,0.009553466154729873,0.047434773407503704,0.1352601505577894,0.022251111043927806,0.1422740877346797,0.043413852525924355,0.006832542249901745,0.023823200411161833,0.00804184176315869,0.020588324213199505,0.0003023248783142365,0.033860386371194484,0.10811137648517097,0.17123681107718355,0.00704416966472171,0.08211143695014662,0.028146446171055415,0.06291380717719261,0.11395798021206985,0.3518073238992471,0.3374591036304151,0.19677559225826796
2100300,35181,8412,18916,7853,8628,12890,13663,417,46,350,977,6957,1228,4105,1670,213,808,276,1588,49,3064,3009,4662,267,3073,539,1883,3532,8951,8918,5368,0.23910633580625906,0.5376765867940081,0.22321707739973282,0.24524601347318153,0.36639094966032804,0.38836303686649043,0.011852988829197579,0.0013075239475853443,0.00994855177510588,0.02777067166936699,0.19774878485546177,0.03490520451380006,0.1166823001051704,0.04746880418407663,0.006054404365993008,0.022966942383673004,0.007845143685512066,0.04513800062533754,0.0013927972485148234,0.0870924646826412,0.08552912083226742,0.13251470964441034,0.007589323782723629,0.08734828458542963,0.015320769733663057,0.05352320855006964,0.1319436661810303,0.33437931936194853,0.3331465501139378,0.20053046434308341
2100400,53631,13080,28503,12048,12429,21766,19436,430,48,413,2040,15172,1829,6740,1551,541,1372,373,828,63,2489,5030,5937,758,4643,1300,2074,4903,15067,12674,7907,0.24388879565922694,0.5314650109078705,0.22464619343290262,0.23175029367343514,0.4058473643974567,0.36240234192910814,0.008017750927635136,0.0008950047547127594,0.007700770077007701,0.03803770207529227,0.28289608621879136,0.034103410341034104,0.1256735843075833,0.02891984113665604,0.010087449422908392,0.02558221923887304,0.0069549327814137345,0.0154388320187951,0.0011746937405604967,0.046409725718334544,0.09378903992094124,0.11070090059853444,0.01413361675150566,0.08657306408606963,0.0242397121068039,0.03867166377654715,0.12090947202288477,0.3715568050109738,0.31254469680155855,0.19498902616458286
2100500,65082,18620,33710,12752,16533,23175,25374,81,47,389,2853,11075,2627,7305,1510,553,1542,708,2283,2333,4096,6469,9610,822,7312,1470,1997,5416,14733,14982,11331,0.28610061153621585,0.5179619556866722,0.19593743277711195,0.25403337328293535,0.35608924126486585,0.38987738545219874,0.0012445837558772012,0.0007221658830398574,0.005977075074521373,0.04383700562367475,0.17016993946098768,0.040364463292461815,0.1122430165022587,0.023201499646599674,0.008496973049383854,0.02369318705632894,0.01087858394025998,0.03507882363787222,0.0358470852155742,0.06293598844534587,0.09939768292308165,0.14765987523431978,0.012630220337420485,0.11235057312313697,0.022586890384438094,0.03068436741341692,0.11656837845981663,0.3170978433989066,0.3224570616848177,0.24387671645645903
2100600,32780,8135,16782,7863,8670,15324,8786,51,54,204,988,6689,919,4055,1661,342,982,247,385,77,1059,4574,5851,450,2435,420,1337,2923,8728,7713,5281,0.24816961561928005,0.5119585112873704,0.2398718730933496,0.26449054301403296,0.4674801708358755,0.26802928615009153,0.0015558267236119585,0.0016473459426479561,0.006223306894447834,0.03014032946918853,0.20405735204392922,0.028035387431360585,0.12370347773032336,0.05067114093959731,0.010433190970103721,0.029957291031116533,0.007535082367297132,0.01174496644295302,0.002348993288590604,0.03230628431970714,0.13953630262355093,0.17849298352654058,0.013727882855399633,0.07428309945088468,0.012812690665039659,0.04078706528370958,0.11860417934672347,0.3541489145871374,0.31296409007912357,0.21428281598701562
2100700,33619,8263,18169,7187,8361,15398,9860,247,49,338,1048,5143,1357,4318,820,367,987,269,962,139,2129,3669,6409,230,2869,644,1625,2912,8925,8308,5211,0.24578363425443944,0.5404384425473691,0.2137779231981915,0.2486986525476665,0.45801481305214314,0.29328653440019037,0.007347035902317142,0.0014575091466135222,0.010053838603170826,0.031172848686754514,0.1529789702251703,0.040364079835807136,0.12843927540973854,0.02439096939230792,0.010916446057289033,0.0293583985246438,0.00800142776406199,0.02861477140902466,0.00413456676284244,0.0633272851661263,0.10913471548826556,0.19063624736012375,0.006841369463696124,0.08533864778845296,0.019155834498349147,0.04833576251524436,0.11484461271493926,0.35198769522006623,0.32765420413314406,0.20551348793185045
2100800,37714,10023,20717,6974,8829,17255,11630,35,227,275,973,4492,876,4912,2312,1113,704,280,983,36,6096,3259,5613,161,3103,578,1686,3315,10113,8855,5408,0.26576337699528024,0.5493185554436019,0.1849180675611179,0.23410404624277456,0.45752240547276873,0.3083735482844567,0.0009280373336161637,0.006018984992310548,0.007291721906984144,0.025799437874529353,0.11910696293153736,0.023227448692793126,0.13024341093493133,0.061303494723444873,0.02951158720899401,0.01866680808187941,0.00742429866892931,0.026064591398419684,0.000954552686005197,0.1616375881635467,0.08641353343585936,0.14883067295964364,0.004268971734634353,0.08227713846317018,0.015325873680861218,0.04470488412791006,0.11971398649380666,0.365208912643097,0.31977898956339607,0.19529811129970026
2100900,31300,7469,17138,6693,8176,13295,9829,37,1159,381,502,2480,684,4777,357,305,765,305,1137,209,665,6132,5901,195,3033,710,1566,2546,7980,7695,5610,0.2386261980830671,0.5475399361022364,0.2138338658146965,0.2612140575079872,0.42476038338658145,0.3140255591054313,0.001182108626198083,0.037028753993610226,0.012172523961661342,0.016038338658146963,0.0792332268370607,0.021853035143769968,0.15261980830670926,0.011405750798722044,0.009744408945686902,0.024440894568690096,0.009744408945686902,0.036325878594249204,0.006677316293929712,0.02124600638977636,0.1959105431309904,0.18853035143769967,0.006230031948881789,0.09690095846645368,0.02268370607028754,0.050031948881789134,0.10683563425789938,0.33485795812177416,0.3228987453317108,0.23540766228861568
2101000,24165,5525,13639,5001,6257,10940,6968,28,1094,129,424,388,473,3640,636,288,611,158,484,112,952,4293,6122,38,1983,512,1800,1906,6224,6096,4414,0.22863645768673702,0.5644113387130147,0.2069522036002483,0.25892820194496174,0.4527208773018829,0.2883509207531554,0.0011587006000413822,0.04527208773018829,0.005338299193047796,0.017546037657769502,0.01605627974343058,0.01957376370784192,0.15063107800537967,0.026319056486654252,0.011918063314711359,0.025284502379474445,0.006538381957376371,0.020028967515001033,0.004634802400165529,0.039395820401406996,0.1776536312849162,0.25334160976619075,0.0015725222429133043,0.08206083178150217,0.021187668115042416,0.074487895716946,0.10225321888412017,0.3339055793991416,0.32703862660944205,0.23680257510729613
2101100,38797,9188,21989,7620,9628,15814,13355,15,2188,481,1346,952,1074,6733,816,727,1267,358,1290,138,1030,5930,7716,358,3493,853,2032,3017,9771,9789,7032,0.23682243472433437,0.5667706265948398,0.19640693868082584,0.24816351779776788,0.40760883573472173,0.34422764646751036,0.00038662783204886975,0.05639611310152847,0.01239786581436709,0.03469340412918524,0.024537979740701602,0.027682552774699075,0.173544346212336,0.021032554063458515,0.018738562259968554,0.032657164213727864,0.009227517591566358,0.0332499935562028,0.0035569760548496017,0.026548444467355724,0.15284686960331983,0.1988813568059386,0.009227517591566358,0.09003273448978014,0.02198623604917906,0.052375183648220226,0.10189469418082339,0.3300010132054443,0.33060893647201867,0.23749535614171366
2101290,92352,22853,48590,20909,21992,34653,35707,335,243,545,4188,20975,2538,12002,1650,1410,2629,1103,2491,1070,4733,9147,12268,539,8145,2450,3891,7703,24296,23106,14394,0.24745538808038808,0.5261391198891199,0.22640549203049204,0.23813236313236313,0.3752273908523909,0.386640246015246,0.0036274255024255023,0.0026312370062370064,0.005901334026334026,0.04534823284823285,0.22712014899514898,0.02748180873180873,0.1299592862092862,0.017866424116424116,0.015267671517671519,0.028467169092169092,0.011943433818433819,0.026972886347886346,0.011586105336105336,0.051249566874566874,0.09904495841995842,0.13283957033957033,0.005836365211365211,0.08819516632016632,0.026528932778932778,0.04213227650727651,0.11083612713851998,0.3495877638527173,0.33246521532683926,0.20711089368192348
2101400,36392,8083,19626,8683,7749,13539,15104,635,1473,788,1490,9272,1296,3754,714,344,711,248,653,77,1329,3435,5139,342,2109,1080,1503,3400,10087,9274,5548,0.2221092547812706,0.5392943504066828,0.2385963948120466,0.21293141349747197,0.3720323147944603,0.4150362717080677,0.017448889865904593,0.040475928775555066,0.021653110573752472,0.04094306440976039,0.254781270608925,0.03561222246647615,0.1031545394592218,0.019619696636623433,0.009452626950978238,0.019537260936469555,0.0068146845460540775,0.017943504066827876,0.0021158496372829195,0.03651901516816883,0.09438887667619257,0.1412123543635964,0.009397669817542318,0.05795229720817762,0.02967685205539679,0.04130028577709387,0.12010314740895121,0.35631777879826204,0.3275989967854746,0.19598007700731215
2101500,50807,12275,27181,11351,11616,17730,21461,192,121,581,2244,8783,1826,5739,1661,511,3724,486,1447,94,2518,4423,8976,382,4408,1395,1296,4046,12852,13068,8566,0.24160056685102446,0.5349853366662074,0.2234140964827681,0.22862991320093687,0.3489676619363474,0.4224024248627158,0.0037790068297675517,0.0023815615958430927,0.011435432125494518,0.04416714232290826,0.17286988013462712,0.03593992953726849,0.11295687602102072,0.032692345542937,0.010057669218808431,0.0732969866356998,0.009565611037849116,0.028480327513925246,0.0018501387604070306,0.04956009998622237,0.0870549333753223,0.17666856929163305,0.007518649005058358,0.0867596984667467,0.027456846497529868,0.025508296100930975,0.10500363334371432,0.3335409529741514,0.3391466832762379,0.2223087304058964
2101690,64449,16676,34100,13673,14933,23795,25721,330,141,409,3334,9354,2903,7150,6686,518,2899,541,2266,223,3451,7169,4971,923,4902,2725,3554,5777,15609,15184,11203,0.258747226489162,0.5291005291005291,0.21215224441030892,0.23170258654129622,0.3692066595292402,0.3990907539294636,0.005120327700972862,0.0021877763813247684,0.006346103120296669,0.051730825924374314,0.14513801610575805,0.04504336762401279,0.11094043352107869,0.10374094245061986,0.008037362876072554,0.044981303045819175,0.008394234200685814,0.03515958354668032,0.0034601002342937825,0.05354621483653742,0.11123524026749833,0.07713075455010938,0.014321401418175611,0.07606014057626961,0.04228149389439712,0.05514437772502288,0.1209260460929814,0.32673267326732675,0.31783643480627133,0.23450484583342054
2101700,492036,118425,264406,109205,106112,151868,234056,200,163,2176,20124,54331,23694,50796,40154,8773,32349,6590,27252,8865,37773,34755,68360,7481,44186,12992,11022,40679,108224,122145,102563,0.24068360851645001,0.5373712492581844,0.22194514222536563,0.21565901681990748,0.30865221243974017,0.4756887707403523,0.00040647432301701503,0.0003312765732588672,0.004422440634425123,0.04089944638197205,0.11042078221918722,0.04815501304782577,0.10323634855986147,0.0816078498321261,0.017829996179141362,0.0657451893763871,0.013393328943410644,0.055386191254298466,0.01801697436772919,0.07676877301660855,0.07063507548228179,0.13893292360721574,0.015204172052451446,0.08980237218414913,0.026404572023185295,0.022400799941467698,0.1088806271763947,0.28967027202089873,0.3269309522471233,0.2745181485555832
2101900,204242,52793,108645,42804,46030,65492,92720,1785,579,302,9679,11990,7535,23071,7961,2930,5656,2888,12834,1702,15155,23881,38977,3846,21047,5925,6499,15780,41496,48865,45308,0.2584825843851901,0.531942499583827,0.20957491603098286,0.22536990432917814,0.3206588262942979,0.45397126937652393,0.008739632396862545,0.0028348723573016323,0.0014786380861918705,0.04738986104718912,0.058704869713379224,0.0368925098657475,0.11295913671037298,0.038978270874746625,0.014345727127623114,0.027692639124176223,0.014140088718285171,0.06283722251055121,0.008333251730789946,0.07420119270277416,0.1169250203190333,0.19083734001821367,0.01883060291223157,0.10304932384132548,0.029009704174459708,0.03182009576874492,0.10419349087811738,0.2739932254422281,0.32264986893277603,0.29916341474687846
2102000,55279,11578,30789,12912,11734,18610,24935,1111,95,611,2177,8333,1151,5389,469,645,1582,301,1692,143,2822,5180,4347,840,4443,1265,12683,4416,13305,14194,11786,0.20944662530074712,0.5569746196566508,0.23357875504260206,0.2122686734564663,0.3366558729354728,0.45107545360806095,0.020098048083358962,0.0017185549666238536,0.011053021943233416,0.03938204381410662,0.15074440565133232,0.020821650174569006,0.09748729173827313,0.00848423451943776,0.011668083720761953,0.028618462707357226,0.005445105736355578,0.030608368458184845,0.0025868774760759057,0.051050127534868574,0.09370647081170065,0.07863745726225149,0.015195643915410915,0.08037410228115559,0.02288391613451763,0.22943613307042457,0.10105031921466329,0.30445527562298347,0.32479805954097163,0.2696963456213817
2102100,39789,10042,20754,8993,9856,15692,14241,210,44,249,2240,5688,2282,5726,658,674,800,272,1094,110,1828,5502,5554,441,3787,846,1784,3309,9799,9620,7019,0.2523813114177285,0.5216014476362814,0.2260172409459901,0.24770665259242505,0.394380356379904,0.357912991027671,0.005277840609213602,0.0011058332705018974,0.006258011008067556,0.056296966498278415,0.14295408278669985,0.05735253462012114,0.1439091206112242,0.016537233908869284,0.016939355098142702,0.020106059463670865,0.006836060217648094,0.027495036316569906,0.0027645831762547436,0.04594234587448792,0.13827942396139636,0.13958631782653497,0.011083465279348564,0.09517705898615195,0.02126215788283194,0.04483651260398602,0.11123810804450869,0.32941136921370223,0.32339395569301105,0.23595656704877802
2102200,37817,10083,19981,7753,9838,13386,14593,37,71,186,1739,5541,556,5326,361,428,622,300,2187,56,1929,6917,4500,347,4366,774,1574,2982,8714,8775,7263,0.26662612052780493,0.5283602612581643,0.20501361821403072,0.2601475526879446,0.353967792262739,0.38588465504931646,0.0009783959594891188,0.0018774625168574979,0.004918422931485839,0.04598461009598857,0.1465214057170056,0.014702382526377027,0.1408361318983526,0.009545971388528968,0.01131766136922548,0.016447629373033294,0.007932940212073934,0.05783113414601899,0.0014808155062538012,0.0510088055636354,0.1829071581563847,0.11899410318110902,0.009175767511965518,0.115450723219716,0.02046698574715075,0.04162149297934791,0.10752145381120647,0.3141991779043773,0.31639864426335906,0.26188072402105717
2102300,55794,13617,30707,11470,10866,18509,26419,1704,85,289,1482,16279,1866,5934,1541,331,911,320,1357,1497,4927,4143,5538,624,4127,932,1907,4661,13989,13899,9628,0.24405850091407677,0.5503638384055634,0.2055776606803599,0.19475212388428864,0.33173817973258773,0.4735096963831236,0.03054091837832025,0.0015234613040828763,0.005179768433881779,0.02656199591353909,0.2917697243431193,0.03344445639316056,0.10635552209915045,0.027619457289314264,0.005932537548840377,0.0163279205649353,0.005735383733017887,0.024321611642828977,0.026830842026024305,0.08830698641430978,0.07425529626841595,0.09925798472954081,0.01118399827938488,0.07396852708176506,0.016704305122414595,0.03417930243395347,0.11051046779050193,0.3316736610000711,0.32953979657159116,0.22827607463783578
2102400,65915,16002,35474,14439,14817,19497,31601,16,7,383,2631,6331,1917,6020,1730,310,4628,888,3856,2247,3955,5042,11454,546,6958,1668,5328,4439,15745,15750,13979,0.24276720018205264,0.5381779564590761,0.21905484335887127,0.22478950163088826,0.2957900326177653,0.47942046575134645,0.00024273685807479328,0.00010619737540772207,0.0058105135401653645,0.03991504209967382,0.09604794052946977,0.02908290980808617,0.09132974285064098,0.026245922779337023,0.00470302662519912,0.07021163619813396,0.013471895623151028,0.058499582796025185,0.034089357505878784,0.060001517105362966,0.07649245240081924,0.17376924827429266,0.008283395281802322,0.10556019115527573,0.0253053174542972,0.08083137373890617,0.08893474645883838,0.31544888105303226,0.31554905535632,0.2800673171318093
2102500,96860,26857,50632,19371,22343,32918,41599,50,24,399,3083,13071,8883,10020,19697,1012,3997,1007,3136,1218,8101,3600,5571,1606,7999,2779,1607,8036,22695,23061,16211,0.2772764815197192,0.5227338426595086,0.19998967582077226,0.23067313648564938,0.33985133181912036,0.42947553169523023,0.0005162089613875697,0.00024778030146603347,0.004119347511872806,0.031829444559157545,0.13494734668593847,0.09170968408011564,0.10344827586206896,0.2033553582490192,0.010448069378484411,0.04126574437332232,0.010396448482345654,0.03237662605822837,0.012574850299401197,0.08363617592401404,0.03716704521990502,0.057516002477803016,0.01658063183976874,0.0825831096427834,0.028690894073921124,0.01659095601899649,0.11479508021084811,0.32420039141179663,0.3294287387683385,0.23157578960901676
2102600,48697,12879,25076,10742,12686,15397,20614,23,145,253,2187,7011,2542,6328,1366,580,769,746,2917,310,1915,5668,5529,867,6068,1521,1952,3595,11890,11642,8691,0.26447214407458364,0.514939318643859,0.2205885372815574,0.26050886091545683,0.3161796414563525,0.42331149762819065,0.0004723083557508676,0.002977596155820687,0.005195391913259544,0.044910364088136846,0.14397190792040576,0.05220034088342198,0.12994640326919524,0.028051009302421093,0.011910384623282748,0.015791527198800746,0.01531921884304988,0.05990102059675134,0.006365895229685607,0.03932480440273528,0.11639320697373555,0.11353882169332813,0.017803971497217488,0.1246072653346202,0.031233956917263897,0.04008460480111711,0.10036852978949132,0.33195599977664864,0.32503210676196326,0.24264336367189682
2102700,41968,10171,22775,9022,9820,17852,14296,36,107,674,1722,8627,870,5305,974,585,1124,316,601,38,1164,5594,7061,223,3528,787,2632,3492,11244,10164,6897,0.24235131528783835,0.5426753717117804,0.21497331300038125,0.2339878002287457,0.4253717117804041,0.34064048799085017,0.000857796416317194,0.002549561570720549,0.016059855127716356,0.041031261913839115,0.20556138009912314,0.020730080060998857,0.12640583301563096,0.023208158597026306,0.013939191765154403,0.02678231033168128,0.007529546321006481,0.014320434616850935,0.0009054517727792604,0.027735417460922607,0.13329203202439954,0.1682472359893252,0.0053135722455203965,0.08406404879908502,0.0187523827678231,0.06271444910407929,0.1098216812906878,0.3536182658741391,0.31965279743372016,0.21690725540145298
2102800,41407,9559,23142,8706,10578,15985,14844,15,219,457,2301,2758,863,5758,1221,488,1068,366,1505,167,1869,4393,9849,433,4223,1224,2230,3128,10564,11059,7097,0.2308546864056802,0.5588910087666337,0.21025430482768614,0.2554640519718888,0.386045837660299,0.3584901103678122,0.00036225758929649577,0.005288960803728838,0.011036781220566571,0.05557031419808245,0.06660709541864902,0.020841886637525057,0.13905861327794816,0.029487767768734754,0.011785446905112662,0.025792740357910498,0.008839085178834496,0.03634651145941507,0.004033134494167653,0.045137295626343374,0.10609317265196706,0.23785833313207913,0.010457169077692178,0.1019875866399401,0.029560219286594053,0.05385562827541237,0.09821652851042452,0.33170057774428535,0.34724315498618435,0.22283973875910576
2200100,113590,24320,61690,27580,28256,41582,43752,171,2212,896,4974,6912,4672,13461,3687,1857,2601,2228,4447,936,8356,7796,28389,1954,11274,3015,3752,13357,27518,29379,19016,0.21410335416850074,0.54309358218153,0.24280306364996918,0.24875429175103442,0.3660709569504358,0.3851747512985298,0.001505414208997271,0.019473545206444228,0.00788801831147108,0.043789065938903075,0.06085042697420548,0.041130381195527775,0.11850515010124131,0.03245884320802887,0.016348270094198432,0.022898142442116385,0.019614402676291928,0.039149573025794526,0.008240161986090325,0.0735628136279602,0.06863280218329078,0.24992516946914342,0.0172022185051501,0.0992516946914341,0.026542829474425565,0.03303107667928515,0.14962473395317577,0.3082558530301333,0.3291027220790859,0.21301669093760503
2200200,55300,13182,29715,12403,15101,20717,19482,135,1682,337,3136,3528,2632,8677,1676,580,1276,865,2304,350,2690,4978,6468,1796,8727,1246,2217,6773,13624,13771,7950,0.23837251356238698,0.5373417721518987,0.22428571428571428,0.2730741410488246,0.37462929475587703,0.35229656419529837,0.00244122965641953,0.030415913200723326,0.006094032549728752,0.05670886075949367,0.06379746835443038,0.04759493670886076,0.15690777576853526,0.030307414104882458,0.010488245931283906,0.023074141048824593,0.015641952983725137,0.04166365280289331,0.006329113924050633,0.04864376130198915,0.09001808318264014,0.11696202531645569,0.03247739602169982,0.1578119349005425,0.022531645569620253,0.04009041591320072,0.16081010494325468,0.3234721496747234,0.326962343890973,0.18875540149104897
2200300,55674,12867,29355,13452,15080,20858,19736,833,1950,536,2398,7335,895,5994,1417,507,1496,917,1544,378,1983,9006,9107,439,5284,951,2704,6438,13964,13369,9036,0.23111326651578834,0.5272658691669361,0.24162086431727556,0.27086252110500414,0.3746452563135395,0.35449222258145635,0.014962100801092072,0.03502532600495743,0.009627474224952401,0.043072170133275856,0.13174911089557065,0.01607572655099328,0.10766246362754607,0.025451736896935733,0.009106584761288932,0.026870711642777597,0.016470884075151775,0.02773287351366886,0.006789524733268671,0.03561806229119517,0.16176312102597262,0.16357725329597297,0.007885188777526314,0.09490965262061285,0.017081582067033085,0.048568452060207636,0.15039596327703414,0.32620833041325015,0.31230873455276004,0.21108697175695565
2200400,73402,17383,39502,16517,20683,28308,24411,158,158,542,3634,5055,2251,9285,1442,2074,2972,942,2709,1612,5611,6275,15396,1004,7576,1934,2772,8269,17568,17983,12199,0.23681916024086538,0.5381597231683061,0.2250211165908286,0.2817770632952781,0.38565706656494375,0.33256587013977823,0.0021525299038173346,0.0021525299038173346,0.007383994986512629,0.049508187787798696,0.06886733331516852,0.030666739325903927,0.1264951908667339,0.019645241274079725,0.028255360889349063,0.04048935996294379,0.012833437780986895,0.03690635132557696,0.021961254461731288,0.07644205879948775,0.08548813383831504,0.20974905315931447,0.013678101414130405,0.10321244652734259,0.026348055911283072,0.03776463856570666,0.1476106321069637,0.31360788303968296,0.32101608382870095,0.21776540102465236
2200500,36058,6983,18952,10123,10919,15269,9870,1518,150,354,1486,3981,1168,4332,683,235,1197,273,669,340,829,4695,8747,306,2238,554,2303,4854,9933,8970,5318,0.19366021409950634,0.5255976482334017,0.2807421376670919,0.30281768262244163,0.42345665316989295,0.2737256642076654,0.042098840756558877,0.004159964501636253,0.009817516223861556,0.041211381662876474,0.11040545787342615,0.03239225691940762,0.12013977480725498,0.018941705030783736,0.00651727771923013,0.0331965167230573,0.00757113539297798,0.018553441677297687,0.009429252870375507,0.02299073714570969,0.1302068889012147,0.24258139663874867,0.008486327583337956,0.06206667036441289,0.01536413555937656,0.06386932164845527,0.1669475494411006,0.3416337059329321,0.30851246775580393,0.18290627687016336
2200600,29581,5973,15689,7919,8228,12615,8738,1134,518,366,1719,1773,935,3769,589,271,956,183,662,166,1101,3203,6169,1370,1551,513,2633,3814,8273,7282,4239,0.20192015144856496,0.5303742266995707,0.26770562185186436,0.2781515161759237,0.4264561711909672,0.2953923126331091,0.03833541800480038,0.01751124032318042,0.012372806869274196,0.058111625705689465,0.059937121801156144,0.03160812683817315,0.12741286636692473,0.019911429633886618,0.009161285960582806,0.032318041986410195,0.006186403434637098,0.022379229911091578,0.005611710219397587,0.03721983705757074,0.10827896284777391,0.20854602616544404,0.04631351205165478,0.05243230451979311,0.017342212906933503,0.08900983739562557,0.16155540494747544,0.3504320569298543,0.3084547610979329,0.17955777702473738
2200700,65543,14961,35150,15432,16910,24933,23700,813,60,680,3765,3237,2038,8299,1479,650,1610,883,4017,858,3752,6260,15861,339,6301,1731,2910,7155,16194,16258,10975,0.2282623621134217,0.5362891536853669,0.23544848420121142,0.2579985658270143,0.38040675587019207,0.36159467830279357,0.012404070610133806,0.0009154295653235281,0.010374868406999985,0.057443205224051386,0.04938742504920434,0.031094090902155837,0.126619166043666,0.022565338785224966,0.009917153624338221,0.02456402666951467,0.01347207176967792,0.061288009398410205,0.01309064278412645,0.05724486215156462,0.09550981798208809,0.24199380559327466,0.005172177044077933,0.09613536151839251,0.026410142959583785,0.04439833391819111,0.14145348147562373,0.32015341425803645,0.32141868648926497,0.21697441777707485
2200890,134009,33273,72098,28638,29774,42140,62095,707,491,820,26636,12352,3033,13651,3153,1260,2567,1603,5354,627,5935,10435,17317,3902,15566,2474,6126,16328,32948,31633,19827,0.2482892940026416,0.5380086412106649,0.21370206478669343,0.22217910737338536,0.31445649172816753,0.4633644008984471,0.005275765060555634,0.0036639330194240686,0.006118992007999462,0.198762769664724,0.09217291375952362,0.022632808244222404,0.10186629256243984,0.023528270489295493,0.009402353573267467,0.019155429859188562,0.011961883157101389,0.03995254050101112,0.0046787902305069065,0.04428807020424001,0.07786790439448096,0.1292226641494228,0.02911744733562671,0.11615637755673126,0.018461446619256916,0.04571334761098135,0.16208703939008895,0.3270727445997459,0.3140188214739517,0.19682139453621347
2201000,30652,6881,16021,7750,8694,12721,9237,253,297,330,1499,2250,1160,4967,1636,226,988,319,770,104,554,3025,7718,321,2245,579,1411,4005,7989,7457,4320,0.224487798512332,0.5226738875114185,0.2528383139762495,0.2836356518334856,0.41501370220540257,0.30135064596111183,0.008253947540127888,0.009689416677541434,0.010766018530601593,0.04890382356779329,0.07340467179955631,0.037844186349993474,0.16204489103484276,0.05337335247292183,0.007373091478533211,0.032232806994649615,0.010407151246248206,0.025120709904737047,0.0033929270520683804,0.01807386141197964,0.09868850319718125,0.2517943364217669,0.010472399843403367,0.0732415503066684,0.018889468876419156,0.0460328852929662,0.16848260485465483,0.3360817803205587,0.3137015691388667,0.18173404568591983
2201100,27860,6182,14596,7082,7361,10711,9788,439,1254,227,2662,1933,1252,3996,909,309,869,498,809,252,560,3452,4307,342,2156,505,1129,3400,7479,6626,4173,0.22189519023689877,0.523905240488155,0.25419956927494614,0.2642139267767408,0.3844580043072505,0.3513280689160086,0.015757358219669778,0.04501076812634602,0.008147882268485283,0.0955491744436468,0.06938262742282843,0.04493898061737258,0.14343144292893037,0.03262742282842785,0.011091170136396267,0.03119167264895908,0.017875089734386215,0.029038047379755922,0.009045226130653266,0.020100502512562814,0.12390524048815506,0.15459440057430007,0.012275664034458005,0.07738693467336684,0.018126346015793254,0.0405240488155061,0.15684103699603286,0.3450041516745087,0.3056555032752099,0.19249930805424856
2201200,129826,33635,69226,26965,32287,44836,52703,90,8250,410,5104,8017,6589,17387,3730,2234,3774,2635,8797,2707,6327,8337,23211,1970,13857,3363,3037,13818,30630,30717,21026,0.25907753454623883,0.5332213886278557,0.20770107682590544,0.2486944063592809,0.3453545514765917,0.40595104216412736,0.0006932355614437786,0.06354659313234637,0.0031580731132438804,0.03931415895121162,0.061751883289941925,0.050752545715033966,0.13392540785358864,0.028730762713169936,0.01720764715850446,0.02906967787654245,0.020296396715603963,0.06775992482245467,0.020850985164758987,0.048734459969497636,0.06421672084174203,0.1787854512963505,0.015174156178269376,0.10673516861029378,0.025903902145949193,0.02339284889005284,0.14365169298583028,0.318428959050223,0.31933340957054196,0.2185859383934048
2201300,61162,12445,33374,15343,13578,21030,26554,581,5218,422,3720,9115,2476,7165,2344,311,1378,2702,1582,392,2861,3940,7077,1805,4623,1255,2195,7958,17249,14936,8574,0.2034760145188189,0.5456656093652922,0.25085837611588896,0.2220005886007652,0.3438409469932311,0.43415846440600375,0.009499362349171054,0.08531441090873418,0.006899708969621661,0.06082207906870279,0.14903044373957686,0.040482652627448414,0.11714790229227298,0.03832444982178477,0.0050848566103135935,0.022530329289428077,0.04417775743108466,0.02586573362545371,0.0064092083319708315,0.04677741081063405,0.06441908374480887,0.11570910042183055,0.029511788365324875,0.07558614826199274,0.020519276675059678,0.03588829665478565,0.16335160211014635,0.35406531600878544,0.3065870230104481,0.17599605887062011
2201400,45422,9624,25247,10551,8348,12753,24321,565,213,1329,7671,7777,1235,3928,3320,175,726,476,710,41,1154,3225,4567,532,2811,756,4211,5776,12275,11209,6538,0.2118797058694025,0.5558319756945973,0.23228831843600017,0.18378759191581173,0.28076702919290214,0.5354453788912862,0.012438906256879927,0.0046893575800272995,0.02925894940777597,0.16888292017084233,0.17121659107921272,0.02718946765884373,0.08647791818942363,0.07309233411122364,0.0038527585751398,0.01598344414600854,0.010479503324380256,0.015631191933424333,0.0009026462947470388,0.025406190832636167,0.07100083659900489,0.10054599092950553,0.011712386068424993,0.06188631059838844,0.016643917044603936,0.09270837919950685,0.16134979607799319,0.34289625118721717,0.3131180512877814,0.18263590144700823
2201500,278775,68950,151565,58260,62876,86315,129584,72,898,1019,35431,12762,9639,29321,7864,5994,9677,3872,19269,5377,17940,24059,41823,4343,23513,7804,18098,30283,62911,66191,50440,0.24733207784055242,0.5436821809703165,0.20898574118913102,0.2255438974083042,0.30962245538516725,0.4648336472065286,0.000258272800645682,0.003221235763608645,0.0036552775535826382,0.12709532777329388,0.04577885391444714,0.03457627118644068,0.10517801094072281,0.028209129226078378,0.021501210653753027,0.0347125818312259,0.013889337279167788,0.06912025827280065,0.01928795623710878,0.0643529728275491,0.08630257376020088,0.15002421307506053,0.01557887185005829,0.08434400502197112,0.027993901892206977,0.06491973814007712,0.14432503276539974,0.2998260455141189,0.31545811986178957,0.24039080185869177
2201600,49929,13441,27595,8893,11145,13643,25141,98,55,237,11732,7233,2097,5974,1641,876,735,909,1118,244,1924,3849,3550,738,4482,1694,743,5933,12161,11224,7170,0.2692022672194516,0.5526848124336557,0.17811292034689258,0.22321696809469446,0.2732480121772918,0.5035350197280137,0.001962787157764025,0.0011015642211940956,0.004746740371327285,0.23497366260089328,0.14486570930721623,0.041999639488073066,0.11964990286206413,0.03286667067235474,0.01754491377756414,0.014720903683230186,0.018205852310280598,0.02239179635081816,0.004886939454024715,0.038534719301408,0.07708946704320134,0.07110096336798254,0.014780989004386229,0.08976746980712612,0.03392817801277814,0.014881131206312964,0.1626014032010524,0.33328765621574213,0.30760798070598555,0.1965029598772199
2201700,29860,8838,15460,5562,8775,10545,10540,166,116,212,3019,3027,744,5402,443,252,715,1165,739,82,1295,4023,2742,341,3582,756,1039,3229,6898,6551,4344,0.2959812458137977,0.5177494976557268,0.18626925653047555,0.29387139986604155,0.3531480241125251,0.35298057602143335,0.005559276624246484,0.003884795713328868,0.0070997990622906895,0.10110515740120563,0.10137307434695245,0.024916275954454118,0.18091091761553918,0.014835900870730074,0.008439383791024782,0.023945077026121902,0.03901540522438044,0.02474882786336236,0.0027461486939048896,0.04336905559276624,0.13472873409243136,0.09182853315472203,0.011419959812458138,0.11995981245813797,0.025318151373074346,0.03479571332886805,0.15360098943963466,0.3281324326895633,0.3116259157073542,0.2066406621634478
2201800,54403,13870,28601,11932,15990,21943,16470,266,135,452,2337,3622,2415,7878,1797,563,1370,484,1173,360,2362,7213,11862,559,5909,1144,2502,6183,12878,13038,8434,0.254949175596934,0.5257246843004981,0.21932614010256787,0.2939176148374171,0.4033417274782641,0.3027406576843189,0.004889436244324761,0.0024814808006911383,0.008308365347499218,0.04295718986085326,0.06657721081558002,0.04439093432347481,0.14480819072477621,0.033031266658088705,0.010348694005845266,0.02518243479219896,0.008896568203959341,0.021561310957116334,0.006617282135176369,0.04341672334246273,0.1325846001139643,0.21803944635406136,0.01027516864878775,0.10861533371321434,0.021028252118449352,0.04599011083947577,0.15254237288135594,0.3177164285890509,0.32166382947228184,0.20807736905731133
2201900,46890,9005,26820,11065,7795,11805,27290,212,380,1287,5513,10022,3056,3965,3987,299,730,546,1337,532,2337,3730,3322,621,2490,730,1794,5454,12542,12010,7879,0.19204521219876305,0.5719769673704415,0.2359778204307955,0.16624013648965663,0.25175943698016634,0.582000426530177,0.004521219876306249,0.008104073363190446,0.02744721689059501,0.11757304329281297,0.21373427169972276,0.06517381104713159,0.08455960759223716,0.08502879078694818,0.0063766261462998505,0.015568351460865857,0.01164427383237364,0.02851354233312007,0.011345702708466625,0.04984005118362124,0.07954787801236937,0.07084666240136489,0.013243761996161228,0.053103007037747924,0.015568351460865857,0.0382597568777991,0.14396199023360168,0.331054507060842,0.317012010030355,0.20797149267520126
2202000,37609,7822,21012,8775,7389,12501,17719,418,1546,202,2508,2967,1002,4074,6545,248,741,319,799,347,1994,4154,4511,449,2596,815,1374,4509,10187,8997,6094,0.20798213193650456,0.5586960567949161,0.23332181126857934,0.19646893030923449,0.3323938418995453,0.4711372277912202,0.011114360924246856,0.04110718179159244,0.005371054800712595,0.06668616554548114,0.07889069105799144,0.026642558961950596,0.10832513494110452,0.1740274934191284,0.00659416628998378,0.0197027307293467,0.008482012284293653,0.021244914781036454,0.009226514929936983,0.05301922412188572,0.11045228535722833,0.11994469408918078,0.011938631710494828,0.06902603100321732,0.021670344864261216,0.03653380839692627,0.15137476080169202,0.34199482995937824,0.3020445160640548,0.20458589317487494
2202100,48873,11359,27091,10423,10368,15492,23013,137,4593,284,2977,4558,1649,6247,2637,286,984,1155,2813,462,2677,2655,7123,429,4677,1263,1267,5857,12810,11845,7002,0.23241871790149982,0.5543142430380783,0.2132670390604219,0.21214167331655515,0.31698483825425083,0.470873488429194,0.002803183761995376,0.0939782702105457,0.0058109794774210705,0.060912978536206086,0.09326212837353959,0.03374051112065967,0.12782108730792052,0.05395617211957523,0.005851901868107134,0.02013381621754343,0.02363268062120189,0.057557342499948844,0.009453072248480757,0.054774619933296506,0.0543244736357498,0.14574509442841652,0.008777852802160702,0.09569701061936038,0.02584248971824934,0.02592433449962147,0.15612837873860425,0.3414725169270139,0.3157487871194754,0.18665031721490644
2202200,87315,21307,46980,19028,22401,30123,34791,179,1469,326,6471,3064,4310,12298,3505,1239,2782,971,5326,1351,3657,7277,15456,1637,10726,2408,2863,8776,19168,21426,16638,0.24402450896180497,0.5380518811200825,0.21792360991811258,0.2565538567256485,0.34499226936952415,0.39845387390482734,0.002050048674340033,0.016824142472656473,0.0037336082001946974,0.07411097749527573,0.03509133596747409,0.049361507186623146,0.1408463608772834,0.04014201454503808,0.014190001717917884,0.03186165034644677,0.011120655099352918,0.06099753765103361,0.015472713737616675,0.041882838000343585,0.08334192292275096,0.17701425871843326,0.01874821050220466,0.12284258145793964,0.02757830842352402,0.03278932600355036,0.13295358138407465,0.2903890437522724,0.3245970185432069,0.252060356320446
2202390,223124,49344,119891,53889,51826,76921,94377,105,1486,1542,14905,12121,11558,32635,12090,2930,9526,4592,11264,3130,16644,10035,36787,5340,22383,6573,7478,26427,53101,55629,38623,0.22115057098295118,0.537329018841541,0.2415204101755078,0.23227443036159265,0.34474552266900915,0.42298004696939817,0.00047059034438249583,0.006659973826213227,0.0069109553432172245,0.0668014198382962,0.05432405299295459,0.051800792384503684,0.14626396084688334,0.05418511679604166,0.013131711514673456,0.042693748767501476,0.020580484394327817,0.0504831394202327,0.01402807407540202,0.07459529230383105,0.04497499148455567,0.16487244760760833,0.023932880371452647,0.10031641598393719,0.029458955558344237,0.03351499614564099,0.1520715847623432,0.3055645068477385,0.32011163540108184,0.22225227298883646
2202400,195563,44092,106796,44675,47364,66162,82037,175,1414,234,4619,4564,3699,15241,7311,5716,6141,3195,14379,3624,14630,18875,28378,6925,41334,5802,9307,22787,42200,46783,39701,0.22546187162193257,0.5460951202425817,0.22844300813548576,0.24219305287810067,0.3383155300337998,0.4194914170880995,0.000894852298236374,0.007230406569749902,0.0011965453587846372,0.023618987231736065,0.02333774793800463,0.01891462086386484,0.07793396501383186,0.0373843722994636,0.02922843278125208,0.031401645505540414,0.016337446244944084,0.07352617826480469,0.01853111273604925,0.07480965213256087,0.09651621216692319,0.1451092486820104,0.03541058380163937,0.2113589994017273,0.029668188767813953,0.04759080194106247,0.15043803764416952,0.2786011843851298,0.30885780116325895,0.2621029768074417
2300100,34675,7190,17140,10345,9029,14831,10815,1502,13,332,1244,3658,756,4944,1207,440,1168,325,567,365,853,4515,7628,263,2560,753,1582,2378,9721,9498,5888,0.20735400144196106,0.4943042537851478,0.2983417447728911,0.26038932948810384,0.4277144917087239,0.31189617880317233,0.043316510454217735,0.0003749098774333093,0.0095746214852199,0.0358759913482336,0.10549387166546503,0.021802451333813987,0.14258111031002163,0.034808940158615714,0.012689257390050468,0.03368421052631579,0.009372746935832732,0.01635183850036049,0.010526315789473684,0.024599855803893296,0.13020908435472242,0.2199855803893295,0.007584715212689257,0.07382840663302091,0.021715933669790917,0.04562364816149964,0.08651991995633983,0.35368382754229577,0.34557031107877023,0.21422594142259413
2300200,49725,10096,24767,14862,13195,20497,16033,1283,28,464,2969,7457,655,7051,1058,362,985,488,1023,526,1679,6628,8493,2021,3906,1131,1518,3365,14256,13316,8692,0.20303670186023126,0.4980794369029663,0.29888386123680244,0.265359477124183,0.4122071392659628,0.3224333836098542,0.02580191050779286,0.000563097033685269,0.009331322272498744,0.059708396178984414,0.14996480643539467,0.013172448466566114,0.14179989944695828,0.021277023629964805,0.0072800402212166914,0.019808949220713926,0.009813976872800402,0.02057315233785822,0.010578179989944696,0.03376571141277024,0.13329311211664152,0.17079939668174962,0.040643539467068876,0.07855203619909502,0.022745098039215685,0.03052790346907994,0.08491256403139115,0.3597365565621136,0.3360165535340281,0.21933432587246712
2300300,70238,15911,35306,19021,17062,27432,25744,689,6,461,3913,2952,2563,9933,2741,941,1614,865,1971,1057,4333,8698,16305,1161,6014,1928,2093,4108,17716,18706,13797,0.2265297986844728,0.5026623764913579,0.27080782482416926,0.2429169395483926,0.3905578177055155,0.3665252427460919,0.009809504826447222,8.542384464250122e-05,0.006563398730032176,0.05571058401435121,0.04202853156411059,0.036490218969788435,0.14141917480566074,0.03902445969418264,0.013397306301432273,0.022979014208832825,0.012315270935960592,0.028061732965061648,0.01504883396452063,0.061690253139326294,0.12383610011674592,0.23213929781599704,0.016529513938323984,0.08562316694666705,0.02744952874512372,0.029798684472792505,0.07561617611868868,0.3260993612752407,0.3443223443223443,0.25396211828372633
2300400,61351,12208,31548,17595,12812,23609,24930,357,28,267,2692,2802,2378,8645,1391,703,1033,508,2193,1075,2777,5958,12801,507,4570,2161,8505,3577,15435,17102,13029,0.19898616159475804,0.5142214470831771,0.28679239132206485,0.20883115189646462,0.3848185033658783,0.4063503447376571,0.005818976055810011,0.0004563902788870597,0.004352007302244462,0.043878665384427314,0.04567162719434076,0.03876057439976528,0.1409104986063797,0.02267281706899643,0.011458655930628678,0.016837541360369024,0.008280223631236655,0.03574513862854721,0.017522126778699614,0.04526413587390589,0.09711333148603934,0.20865185571547326,0.00826392397841926,0.0744894133754951,0.03522354973839057,0.1386285472119444,0.07278757910587469,0.314083389292473,0.3480048023116212,0.26512422929003115
2300500,59021,11744,29345,17932,14230,24073,20718,995,11,201,4024,4736,1144,8900,1185,771,2046,593,3110,354,3429,6738,8711,1187,5406,2885,2595,3960,15419,15609,12289,0.19898002405923315,0.49719591331898816,0.3038240626217787,0.24110062520119957,0.40787177445316075,0.3510276003456397,0.016858406329950358,0.0001863743413361346,0.0034055675098693685,0.06817912268514596,0.08024262550617577,0.019382931498958,0.15079378526287254,0.02007759949848359,0.013063147015469071,0.034665627488521034,0.01004727131021162,0.05269310923230715,0.005997865166635604,0.05809796513105505,0.11416275562935227,0.14759153521627896,0.02011148574236289,0.09159451720574033,0.04888090679588621,0.04396740143338811,0.08376166000380734,0.32614167565623875,0.330160543181674,0.2599361211582799
2300600,51438,10905,27285,13248,10494,21210,19734,435,36,255,2891,5139,1755,6605,2638,524,1802,461,2403,1641,3388,5211,10077,401,3420,1133,1223,3624,13554,13736,9619,0.21200279948676076,0.5304444185232707,0.2575527819899685,0.20401259769042343,0.412341070803686,0.3836463315058906,0.008456782923130759,0.0006998716901901318,0.0049574244721801,0.056203584898324194,0.09990668377464132,0.03411874489676892,0.12840701426960613,0.05128504218671021,0.01018702126832303,0.035032466270072705,0.008962245810490299,0.0467164353201913,0.031902484544500176,0.06586570239900463,0.10130642715502158,0.19590575061238774,0.007795792993506746,0.06648781056806252,0.022026517360706092,0.023776196586181422,0.08940863000518097,0.33439419732070164,0.33888436582537684,0.23731280684874054
2300790,268663,60081,137278,71304,59508,90618,118537,989,87,971,13953,25525,10420,33160,7843,4415,15011,4088,16767,6757,13747,24527,44995,4543,26097,8745,6023,15904,59703,68864,64111,0.22362960288539918,0.5109672712654887,0.2654031258491121,0.22149681943550098,0.3372924444378273,0.4412107361266717,0.0036811916787946237,0.00032382575940862715,0.0036141932458135283,0.05193495196584569,0.09500750010235871,0.038784648425722934,0.12342600209183996,0.029192706103929458,0.016433226756196424,0.055872970971067845,0.01521608855703986,0.06240904032189025,0.025150467314070044,0.05116819212172871,0.09129280920707354,0.1674774717769101,0.016909660057395325,0.0971365614170913,0.03255007202331545,0.0224184201025076,0.07624819016022476,0.28623275258651276,0.3301531292249571,0.3073659280283054
2400100,39462,9392,19937,10133,10193,15723,13546,72,361,72,1876,3497,1232,4701,955,595,774,611,1208,426,1407,4517,7996,556,4545,1125,2936,3046,10556,9784,6684,0.2380011149967057,0.505220211849374,0.2567786731539202,0.258299123207136,0.39843393644518776,0.34326694034767624,0.0018245400638589023,0.009148041153514773,0.0018245400638589023,0.04753940499721251,0.08861689726825807,0.03121990775936344,0.11912726166945416,0.02420049668035072,0.015077796361056207,0.019613805686483198,0.015483249708580407,0.030611727738077136,0.010795195377831837,0.03565455374790938,0.11446454817292585,0.2026253104252192,0.014089503826465967,0.1151740915310932,0.028508438497795347,0.0744006892706908,0.10129697372796807,0.3510475557033588,0.3253741270369139,0.22228134353175924
2400200,66339,15224,34627,16488,15299,23584,27456,134,46,236,3006,6373,2107,9721,4545,776,4901,657,1578,616,3800,5302,10827,915,5248,1814,3737,5593,16774,16506,12242,0.2294879331916369,0.5219704849334479,0.2485415818749152,0.23061848987774913,0.35550731847028144,0.4138741916519694,0.0020199279458538717,0.0006934081008155082,0.0035574850389665205,0.045312711979378646,0.09606717014124422,0.03176110583517991,0.1465352206092947,0.06851173517840184,0.011697493178974661,0.07387811091514795,0.009903676570343236,0.023786912675801564,0.009285638915268546,0.057281538763020244,0.0799228206635614,0.16320716320716322,0.01379279157056935,0.07910881984956059,0.027344397714768084,0.05633187114668596,0.1094199354396948,0.32816198767485083,0.32291890834393033,0.239499168541524
2400300,102964,24241,53951,24772,23235,31947,47782,520,59,126,10712,5570,3281,12382,1341,988,4626,981,9950,701,5642,12005,13206,1694,10513,4120,4547,9394,21468,23507,24354,0.23543180140631678,0.5239792548852026,0.24058894370848063,0.22566139621615322,0.3102734936482654,0.4640651101355814,0.005050308845810186,0.0005730158113515404,0.0012237286818693913,0.10403636222368984,0.05409657744454372,0.031865506390583116,0.12025562332465717,0.013023969542752806,0.009595586807039353,0.04492832446291908,0.009527601880268832,0.09663571733809875,0.006808204809447963,0.05479585097704052,0.11659414941144478,0.12825842041878716,0.01645235227846626,0.10210364787692786,0.04001398547064994,0.044161066003651765,0.11932980196384792,0.2727030219884913,0.2986039658041487,0.30936321024351204
2400400,58006,14629,27811,15566,15480,19403,23123,470,75,22,6041,3841,3088,8121,1268,674,1071,508,2940,124,3108,5849,9735,876,6017,2248,1930,4978,13028,13411,11960,0.2521980484777437,0.47945040168258457,0.26835154983967174,0.2668689445919388,0.33449987932282865,0.3986311760852326,0.008102610074819846,0.001292969692790401,0.00037927110988518427,0.10414439885529084,0.0662172878667724,0.05323587215115678,0.14000275833534462,0.021859807606109713,0.011619487639209737,0.018463607213046927,0.008757714719166983,0.05068441195738372,0.0021377098920801296,0.053580664069234216,0.10083439644174741,0.16782746612419405,0.015101886011791884,0.1037306485535979,0.038754611591904284,0.03327242009447299,0.11476127901883487,0.3003435000115268,0.3091730640662102,0.2757221569034281
2400500,398887,91688,208421,98778,86472,115382,197033,631,116,1387,25296,15056,12553,48646,13014,6563,24283,7144,30702,3798,32133,39277,65568,5663,29232,13396,24429,35416,80444,92801,98538,0.2298595842932961,0.522506373985615,0.24763404172108894,0.21678319925191847,0.2892598655759651,0.4939569351721164,0.0015819016413169645,0.000290809176533705,0.0034771752401055937,0.06341645628962589,0.0377450255335471,0.031470065457134475,0.12195433794533289,0.03262578123628998,0.016453281255092295,0.06087688994627551,0.017909834113420592,0.07696916670636045,0.009521493555819067,0.08055664887549607,0.09846648298891666,0.164377380060017,0.014197003161296308,0.07328391248649367,0.03358344593832339,0.061242908392602415,0.11528683361599484,0.2618628315847382,0.30208757189964813,0.3207627628996188
2400600,83131,21695,41250,20186,21573,26094,35464,144,159,83,6324,5110,3153,11518,5457,790,2575,1012,8391,256,3826,7210,11271,1687,8564,3141,2460,7088,17782,19489,17077,0.26097364400765055,0.4962047852185105,0.24282157077383887,0.2595060807640952,0.31389012522404397,0.42660379401186077,0.0017322057956718913,0.0019126438993877133,0.0009984241738942151,0.07607270452659057,0.06146924733252337,0.03792808940106579,0.13855240523992254,0.06564338213181604,0.009503073462366627,0.030975207804549446,0.012173557397360792,0.10093707521863084,0.0030794769700833624,0.046023745654449,0.08673058185273845,0.13558119113206865,0.020293272064572782,0.10301812801481998,0.037783738918093134,0.02959184900939481,0.11537209453740478,0.2894394166286868,0.3172244286737418,0.27796406016016667
2400700,30188,7407,15364,7417,6613,10076,13499,987,99,76,1247,4267,811,3256,2544,208,386,203,676,20,1078,3240,4603,751,3311,995,1430,2674,6786,7180,6141,0.24536239565390222,0.5089439512389029,0.2456936531071949,0.2190605538624619,0.3337750099377236,0.4471644361998145,0.0326951106399894,0.003279448787597721,0.002517556645024513,0.04130780442559957,0.1413475553199947,0.026864979462037895,0.10785742679210282,0.08427189611766264,0.006890155028488141,0.012786537697098185,0.006724526301841792,0.022393003842586457,0.0006625149065853981,0.03570955346495296,0.1073274148668345,0.15247780575062939,0.024877434742281702,0.10967934278521267,0.03296011660262356,0.04736981582085597,0.11737851718537377,0.29787981212413855,0.3151749264738159,0.26956674421667176
2400800,350319,69201,194363,86755,57062,95162,198095,6,0,2459,11390,11168,7514,15969,19119,5771,12088,5756,22273,3649,24226,53195,76259,7200,24128,11222,36927,33201,70278,84658,92981,0.1975371018985553,0.5548171809122543,0.24764571718919043,0.1628858269177521,0.27164384461019814,0.5654703284720498,1.7127246880700162e-05,0.0,0.007019316679940283,0.032513223661862475,0.03187951552727657,0.02144902217693017,0.04558416757298348,0.05457597218535107,0.016473556958086773,0.03450569338231726,0.01643073884088502,0.06357919496230578,0.010416220644612482,0.06915411382197369,0.15184731630314086,0.21768445331255226,0.020552696256840194,0.06887436878958891,0.03203366074920287,0.10540964092726915,0.118103429876422,0.2499946641623802,0.3011475608107627,0.33075434515043506
2400900,180450,39378,98976,42096,32689,44489,103272,283,66,279,11807,8158,14897,17762,3970,4677,7982,3288,33522,3462,13186,13452,17161,3911,12887,4802,4898,16474,32678,40690,51230,0.21822111388196178,0.5484954280964256,0.23328345802161263,0.18115267387087836,0.24654474923801606,0.5723025768911055,0.001568301468550845,0.0003657522859517872,0.001546134663341646,0.06543086727625382,0.04520919922416182,0.0825547243003602,0.09843169853144916,0.02200055417013023,0.02591853699085619,0.04423385979495705,0.01822111388196176,0.1857689110556941,0.019185369908561928,0.07307287337212524,0.07454696591853699,0.09510113604876697,0.021673593793294543,0.0714159046827376,0.026611249653643667,0.02714325297866445,0.11677724849722128,0.231640580696382,0.2884342746966088,0.3631478961097879
2401000,491009,94539,271143,125327,81836,120173,289000,293,66,624,24732,12786,8447,45210,6530,11923,18315,12131,75044,7130,35343,42161,66991,8101,34960,23434,56788,48800,76675,100243,170752,0.1925402589361906,0.5522159471618646,0.2552437939019448,0.1666690427263044,0.24474704129659539,0.5885839159771002,0.0005967304061636345,0.00013441708807781526,0.0012708524690993445,0.050369748823341325,0.02604025588125676,0.01720335065141372,0.09207570533330346,0.013299145229517178,0.02428265062351199,0.03730074194159374,0.024706268113211773,0.15283630238956925,0.014521118757497316,0.07198035066567007,0.08586604318861772,0.13643538102152913,0.01649867925027851,0.07120032423030942,0.04772621275781096,0.11565572117822688,0.12308623603299115,0.19339420384896713,0.2528388024314576,0.4306807576865841
2401100,331693,70676,177274,83743,64096,95055,172542,54,50,843,27483,7703,11047,40227,16996,4276,5898,6372,24215,1900,20209,49374,31700,3805,33381,13151,33009,37974,65977,73642,83424,0.213076549701079,0.5344520384813668,0.25247141181755417,0.19323892876846963,0.2865752367399975,0.5201858344915329,0.00016280114443174864,0.00015074180039976724,0.002541506754740076,0.08285673800773607,0.02322328176958814,0.03330489338032458,0.12127780809362874,0.051240152791888885,0.012891438770188095,0.017781502775156544,0.019210535042946338,0.07300425393360728,0.005728188415191155,0.06092682088557793,0.14885451305876216,0.09557030145345244,0.011471451010422289,0.10063824078289262,0.039648108341146786,0.09951672178791834,0.1454847768536149,0.2527689767333162,0.2821348801035948,0.3196113663094741
2401200,268710,64712,139699,64299,57954,76568,134188,121,115,582,18920,13783,11522,34831,9987,2800,6491,5144,28625,3396,18063,17496,30141,7364,28177,10579,20573,25585,53481,62201,62731,0.24082468088273604,0.5198876111793383,0.23928770793792564,0.21567489114658925,0.28494659670276506,0.49937851215064566,0.00045029957947229353,0.00042797067470507237,0.0021659037624204534,0.07041047969930408,0.05129321573443489,0.04287894012132038,0.12962301365784676,0.03716646198503963,0.010420155558036544,0.024156153474005432,0.01914331435376428,0.10652748316028432,0.01263816009824718,0.06722116780171933,0.06511108630121692,0.11216925309813554,0.027405009117636114,0.10486025827099847,0.03936958058873879,0.07656209296267351,0.12541789625388483,0.26216433494446023,0.3049098520573731,0.3075079167442818
2401300,61449,14466,29691,17292,14983,22703,23763,1245,23,170,4131,5910,2309,7237,2036,855,1496,593,2695,271,2827,6527,8686,1449,7066,2324,3599,6332,14531,14700,11420,0.23541473416979936,0.48318117463262217,0.2814040911975785,0.24382821526794576,0.3694608537160898,0.38671093101596443,0.02026070399843773,0.0003742941300916207,0.0027665218311119792,0.06722648049602109,0.09617731777571645,0.037575875929632706,0.11777246171621995,0.03313316734202346,0.013913977444710247,0.024345392113785416,0.009650279093231786,0.0438575078520399,0.004410161271949096,0.04600563068560921,0.10621816465686992,0.14135299191199205,0.023580530195772102,0.11498966622727791,0.03781998079708376,0.058568894530423604,0.13477215162931272,0.30928208075261265,0.31287912649256117,0.2430666411255135
2401400,73210,16858,36239,20113,18404,27961,26845,498,12,634,4040,4123,2381,8259,1569,822,1644,1243,2500,1008,2861,9237,12697,1604,10885,2551,4642,7387,17552,17751,13662,0.23026908892227838,0.4950006829668078,0.2747302281109138,0.25138642261986066,0.3819286982652643,0.366684879114875,0.006802349405818877,0.00016391203387515366,0.00866001912307062,0.055183718071301735,0.05631744297227155,0.03252287938806174,0.11281245731457451,0.02143149842917634,0.011227974320448026,0.02245594864089605,0.016978554842234667,0.03414834039065701,0.013768610845512909,0.039079360743067885,0.12617128807539954,0.17343259117606885,0.02190957519464554,0.14868187406092065,0.03484496653462642,0.06340663843737195,0.1310867404883589,0.31147075525269735,0.315002129471891,0.2424403747870528
2401500,55824,13556,28566,13702,12594,16294,26936,108,0,1494,4199,904,912,6702,2206,258,786,575,9901,321,1976,6167,7653,710,6296,1781,2875,4764,11695,13126,12683,0.24283462310117512,0.5117153912295787,0.2454499856692462,0.22560189165950129,0.29188162797363143,0.4825164803668673,0.001934651762682717,0.0,0.02676268271711092,0.07521854399541415,0.016193751791344226,0.01633705932932072,0.12005588993981084,0.0395170535970192,0.004621668099742046,0.014079965606190886,0.010300229292060762,0.1773609916881628,0.005750214961306965,0.0353969618801949,0.11047219833763255,0.13709157351676698,0.01271854399541416,0.11278303238750358,0.03190384064201777,0.051501146460303814,0.11270937825305195,0.2766868553042491,0.31054225418756504,0.3000615122551339
2401600,37311,10341,18422,8548,10192,12566,14553,18,12,620,3860,698,520,7001,1136,346,616,451,1582,210,1307,5023,4893,458,4769,1681,2110,3838,7930,8288,6914,0.27715687062796496,0.4937417919648361,0.22910133740719896,0.2731634102543486,0.336790758757471,0.3900458309881804,0.0004824314545308354,0.0003216209696872236,0.016617083433839885,0.10345474524939026,0.01870761973680684,0.013936908686446356,0.18763903406502103,0.0304467851303905,0.009273404625981614,0.016509876443944145,0.012087588110744821,0.04240036450376564,0.005628366969526413,0.03502988394843344,0.13462517756157702,0.13114095038996543,0.012275200343062368,0.12781753370319746,0.04505373750368524,0.05655168717000349,0.14230626622172785,0.2940304041527623,0.307304412309974,0.2563589173155358
2500100,56546,12449,27076,17021,14456,17838,24252,222,62,283,3268,3954,1256,6219,839,867,1918,563,2841,295,2376,6868,12543,1730,6178,2048,2216,4052,12745,14096,13204,0.22015704028578503,0.4788313939093835,0.30101156580483146,0.2556502670392247,0.31545997948572846,0.4288897534750469,0.003926007144625615,0.0010964524457963427,0.005004774873554274,0.05779365472358788,0.06992537049481838,0.022212004385809784,0.10998125420012025,0.014837477451985994,0.015332649524281117,0.033919286952215896,0.0099564955965055,0.05024228062108726,0.00521699147596647,0.042018887277614686,0.12145863544724649,0.22181940367134723,0.0305945601810915,0.10925618080854525,0.036218300145014676,0.039189332578785416,0.09188833707508447,0.28902192892940565,0.31965893371431164,0.2994308002811983
2500290,306733,72032,153760,80941,76733,93797,136203,1009,128,2218,12755,25417,9972,31349,9606,3662,10344,3080,8640,4368,10874,48206,71289,6203,23846,9955,13812,27315,61159,73020,73207,0.23483616043920935,0.5012828746825415,0.26388096487824914,0.25016219317778005,0.30579363811523375,0.4440441687069862,0.0032895058568853043,0.00041730104031845286,0.0072310445892681905,0.04158339663485833,0.08286359798261028,0.03251035917230947,0.10220289306986859,0.03131713901014889,0.011938721950360737,0.03372314032073497,0.010041306282662772,0.028167820221495568,0.014240398000867203,0.03545102744080356,0.15715948398118232,0.23241385830673583,0.020222799633557526,0.07774187974557677,0.03245493637789217,0.04502939038186305,0.11638212022956869,0.26058261362329094,0.3111192538591655,0.3119160122879749
2500390,2405208,556422,1243945,604841,505705,607054,1292449,5950,684,10893,130057,208139,98566,258063,56244,73945,87576,27027,218828,62009,122989,234939,405004,44407,191813,83116,84959,188552,414792,533400,712042,0.2313404911342387,0.517188118449631,0.2514713904161303,0.21025416512833817,0.2523914771612268,0.537354357710435,0.002473798523869869,0.0002843828891305866,0.00452892223874193,0.054073078087217404,0.08653679848063037,0.040980239546850004,0.10729342327150085,0.023384256164123852,0.030743702831522262,0.03641098815570212,0.011236866000778311,0.09098090476998247,0.02578113826330197,0.05113445489953468,0.0976792859494896,0.16838626846409957,0.01846285227722509,0.07974902794269768,0.034556678673944206,0.03532293256965718,0.1019869254743383,0.22435911998468183,0.2885136516611441,0.38514030287983575
2503300,704501,172043,383035,149423,103948,136302,464251,45,6,1965,16458,9273,11805,39312,26331,20365,69136,14863,91739,9563,36887,67313,144698,12946,66667,23747,41382,56682,102149,140006,233621,0.24420547309372165,0.5436968861648174,0.21209764074146098,0.1475484066026876,0.19347311075498827,0.6589784826423242,6.387499804826395e-05,8.516666406435193e-06,0.002789208248107526,0.023361215952851736,0.013162507931145592,0.016756541154661242,0.05580119829496338,0.037375390524640846,0.028906985227842116,0.09813470811255058,0.021097202133141046,0.13021840990999303,0.013574146807456625,0.052359045622362495,0.09554706096939536,0.20539076594639327,0.018376127216285003,0.0946300998863025,0.03370754619226942,0.05873944820518353,0.10645346675230723,0.19184423935784606,0.26294280487850685,0.4387594890113399
2504790,100624,19799,48205,32620,22958,28537,49129,342,82,488,8747,2294,1820,14681,2180,1849,2300,1541,5181,478,4567,7706,18915,4147,13305,4179,5822,7828,21077,25360,26560,0.19676220384798856,0.47906066147241216,0.3241771346795993,0.22815630465892828,0.2836003339163619,0.4882433614247098,0.0033987915407854984,0.0008149149308316107,0.00484973763714422,0.0869275719510256,0.022797742089362378,0.018087136269677215,0.14589958657974242,0.021664811575767214,0.018375337891556685,0.022857370011130546,0.015314437907457465,0.05148871044681189,0.004750357767530609,0.045386786452536174,0.07658212752424869,0.18797702337414535,0.04121283192876451,0.13222491652090954,0.041530847511528066,0.05785896008904436,0.09685122177544077,0.2607732755954222,0.3137643055985153,0.3286111970306217
2600100,64130,14976,33119,16035,17746,22597,23787,686,1281,489,4670,5767,1394,8083,1167,635,1648,577,2030,383,1254,6090,12996,801,7509,2216,4454,3908,16084,17602,11560,0.23352565102136286,0.516435365663496,0.25003898331514113,0.27671916419772336,0.35236238889755184,0.37091844690472475,0.01069702167472322,0.019975050678309684,0.007625136441602994,0.07282083268361142,0.08992671136753469,0.02173709652268829,0.12604085451426789,0.01819741150787463,0.009901762045844378,0.02569780134102604,0.008997349134570403,0.03165445189458912,0.0059722438796195225,0.01955403087478559,0.09496335568376735,0.20265086542959612,0.01249025417121472,0.11709028535786684,0.034554810541088415,0.06945267425541868,0.07950522846563861,0.32721650323473167,0.3580990356837694,0.23517923261586035
2600200,42961,9155,22237,11569,12056,15684,15221,582,257,189,1912,5429,1088,5037,1375,612,1288,273,1048,68,1210,3345,5363,1358,5044,1905,5578,2988,11752,12327,6739,0.21310025371848887,0.5176089942040455,0.2692907520774656,0.28062661483671236,0.36507530085426315,0.3542980843090245,0.013547170689695305,0.005982169875002909,0.004399338935313424,0.04450548171597495,0.12637042899373852,0.025325295035031774,0.1172458741649403,0.03200577267754475,0.014245478457205373,0.029980680151765554,0.006354600684341612,0.024394218011685016,0.0015828309396894859,0.02816507995623938,0.0778613160773725,0.12483415190521636,0.031610064942622376,0.11740881264402597,0.04434254323688927,0.12983869090570518,0.08838667692125658,0.34763059811867714,0.36463941312193104,0.19934331183813525
2600300,38651,8365,19778,10508,10676,15613,12362,421,403,258,2201,4824,1058,5905,760,446,929,310,1038,21,726,2376,6798,524,5122,1676,2855,2713,10575,11200,5798,0.21642389588885153,0.5117073296939277,0.2718687744172208,0.27621536312126466,0.4039481514061732,0.31983648547256216,0.010892344311919485,0.010426638379343354,0.00667511836692453,0.05694548653333678,0.12480918993040284,0.02737315981475253,0.15277741843678042,0.019663139375436598,0.01153915810716411,0.024035600631290264,0.00802049106103335,0.02685570877855683,0.000543323588005485,0.01878347261390391,0.06147318310004916,0.17588160720291843,0.01355721714832734,0.13251921036971875,0.04336239683319966,0.07386613541693617,0.0895793435910982,0.3491712342336393,0.3698078320015849,0.1914415901736776
2600400,53301,11744,27637,13920,12730,20360,20211,1103,263,299,3281,9625,895,5901,1108,732,922,526,1437,178,3107,3432,8011,1085,6604,2047,2745,3752,14255,14561,8989,0.22033357723119643,0.5185080955329169,0.2611583272358868,0.2388322920770717,0.38198157633065044,0.3791861315922778,0.020693795613590738,0.004934241383838953,0.005609650850828315,0.061556068366447156,0.18057822554923922,0.01679142980431887,0.11071086846400631,0.020787602484005928,0.0137333258287837,0.01729798690456089,0.009868482767677905,0.026960094557325377,0.003339524586780736,0.058291589275998576,0.06438903585298587,0.15029736777921615,0.02035609088009606,0.12390011444438191,0.03840453274797846,0.05149997185793888,0.09028563178285247,0.34302283610462736,0.3503862165218856,0.21630531559063454
2600500,66032,14434,33737,17861,14996,24999,26037,677,447,207,4107,6735,1801,8641,1051,1064,2474,700,2656,133,1687,5057,13228,846,9279,2358,2884,4462,16109,18371,12656,0.21859098618851466,0.51091894838866,0.2704900654228253,0.22710201114611098,0.37858916888781197,0.39430881996607703,0.010252604797673854,0.006769445117518778,0.0031348437121395687,0.062197116549551734,0.10199600193845408,0.02727465471286649,0.130860794766174,0.015916525321056457,0.01611339956384783,0.03746668282045069,0.010600920765689362,0.04022292221952992,0.0020141749454809788,0.025548219045311363,0.07658408044584444,0.20032711412648413,0.012811969953961716,0.1405227768354737,0.03570995880785074,0.04367579355464017,0.08647622000852746,0.31220202333423774,0.35604093181906277,0.245280824838172
2600600,29737,6688,15135,7914,7481,11507,10749,1185,175,80,1512,6159,620,3906,735,268,1021,215,731,29,1316,2716,3353,239,2585,1024,1868,2388,7801,8004,4856,0.2249050005044221,0.5089618993173488,0.26613310017822916,0.2515721155462891,0.38695900729730637,0.36146887715640447,0.039849345932676465,0.0058849245048256385,0.002690251202206006,0.050845747721693514,0.2071157144298349,0.020849446817096547,0.13135151494770825,0.02471668292026768,0.00901234152739012,0.03433433096815415,0.007230050105928641,0.02458217036015738,0.0009752160607996771,0.0442546322762888,0.0913340283148939,0.11275515351245922,0.008037125466590442,0.08692874197128157,0.03443521538823688,0.06281736557151024,0.10360536248861121,0.3384528612955009,0.3472601848236366,0.2106815913922513
2600700,59254,14723,30796,13735,14096,20370,24788,372,47,105,2524,13868,1426,8205,615,410,973,310,1220,145,2382,4175,11982,652,5986,1693,2164,4519,14301,15998,9713,0.24847267695007932,0.51972862591555,0.23179869713437068,0.2378911128362642,0.3437742599655719,0.41833462719816383,0.00627805717757451,0.0007931953960914031,0.0017720322678637728,0.042596280419887264,0.23404327134033145,0.024065885847368955,0.13847166436021197,0.010379046140344956,0.006919364093563304,0.016420832348870963,0.0052317143146454245,0.020589327302798124,0.0024470921794309246,0.040199817733823875,0.07045937826982145,0.20221419650994027,0.011003476558544572,0.10102271576602423,0.02857191075707969,0.0365207412157829,0.10147986795715344,0.32114706608879207,0.35925535020547483,0.21811771574857963
2600800,129528,34256,66347,28925,28343,42640,58545,3723,61,120,6071,42830,4861,10233,2924,982,1874,1079,4263,474,8963,12559,10668,1029,10091,4259,2464,10760,28898,31230,24384,0.26446791427336175,0.512221295781607,0.2233107899450312,0.21881755296152183,0.3291952319189673,0.45198721511951084,0.028742820085232535,0.0004709406460379223,0.0009264406151565684,0.046870174788462726,0.33066209622629855,0.03752856525230066,0.07900222345747637,0.022574269655981718,0.007581372367364585,0.014467914273361745,0.008330245197949478,0.032911802853437096,0.0036594404298684454,0.06919739361373603,0.09695973071459453,0.08236057068741894,0.007944228274967574,0.07790593539620777,0.032880921499598544,0.019022913964548204,0.11293979343353766,0.3033210177176925,0.32779830380384584,0.255940885044924
2600900,43035,10225,22621,10189,8324,14150,20561,1784,27,37,2590,14301,2120,3364,1559,203,315,171,1261,110,3238,2908,2565,1504,2677,1202,1099,3638,10785,10949,7438,0.23759730451957708,0.5256419193679563,0.2367607761124666,0.19342395724410363,0.32880213779481815,0.4777739049610782,0.041454629952364354,0.0006273963053328686,0.0008597653073080051,0.060183571511560355,0.3323109097246427,0.04926222841872894,0.07816893226443593,0.03622632740792378,0.004717090740095272,0.0073196235622168,0.003973509933774834,0.029301731149064716,0.0025560590217265015,0.07524108283954921,0.0675729057743697,0.059602649006622516,0.03494829789706053,0.062205181828744044,0.02793075403741141,0.025537353317067503,0.11088082901554404,0.32871075891496493,0.3337092349893325,0.2266991770801585
2601000,422023,112820,217207,91996,106109,133193,182721,1532,82,880,16887,66329,26983,36489,12065,5376,17528,4267,18236,8818,59900,25876,65924,4458,30205,13682,6506,32294,88339,102251,86319,0.2673314013691197,0.5146804794999325,0.21798811913094784,0.25142942446264777,0.31560602147276334,0.4329645540645889,0.0036301339026545945,0.0001943022062778569,0.0020851944088355373,0.04001440679773377,0.15716915902687767,0.06393727356091966,0.08646211225454536,0.02858848925295541,0.012738642206704374,0.04153328136144239,0.010110823343751407,0.043210915044914616,0.020894595792172465,0.1419353921468735,0.0613141937761686,0.15620949569099316,0.010563405312032757,0.07157192854417888,0.03242003397919071,0.01541622139077728,0.1044427123928293,0.2856990391425698,0.33069213429365174,0.27916611417094916
2601100,56420,14228,28717,13475,16819,18560,21041,1918,35,278,2492,9809,901,6523,986,654,1412,281,1584,4,6618,7343,6210,445,3674,1418,3835,3798,13996,14783,9615,0.2521800779865296,0.5089861751152074,0.23883374689826303,0.29810350939383196,0.32896136121942576,0.3729351293867423,0.033995037220843675,0.0006203473945409429,0.004927330733782347,0.044168734491315136,0.1738567883729174,0.01596951435661113,0.11561503013115916,0.01747607231478199,0.011591634172279333,0.0250265863169089,0.004980503367600142,0.028075150655795817,7.089684509039348e-05,0.117298830202056,0.13014888337468983,0.11006735200283588,0.007887274016306274,0.0651187522155264,0.025132931584544486,0.06797235023041474,0.09001706484641639,0.33172165339400833,0.3503744785741373,0.227886803185438
2601200,49174,12470,25511,11193,11298,18662,19214,894,375,198,2477,5985,1413,4669,1524,379,1392,349,1223,667,1688,6921,6553,516,7846,1306,2799,3210,12145,12992,8357,0.2535892951559767,0.5187904177004108,0.2276202871436125,0.2297555618822955,0.37950949688859964,0.3907349412291048,0.018180339203644202,0.0076259812095823,0.004026518078659455,0.050372147883027615,0.1217106601049335,0.028734697197706105,0.09494855004677269,0.030991987635742464,0.007707325009151177,0.028307642249969497,0.007097246512384594,0.024870866718184406,0.013564078578110383,0.03432708341806646,0.14074510920405092,0.13326147964371415,0.010493350144385244,0.1595558628543539,0.026558750559238623,0.05692032374832228,0.08745640802092415,0.33089036617262424,0.35396687009590233,0.22768635571054927
2601300,26475,6528,12999,6948,8177,10968,7330,431,105,12,1695,3216,732,4540,733,286,630,285,519,39,837,1947,3942,232,3586,934,1774,1953,7278,7121,3595,0.24657223796033995,0.4909915014164306,0.26243626062322944,0.30885741265344663,0.41427762039660054,0.2768649669499528,0.0162795089707271,0.00396600566572238,0.00045325779036827196,0.06402266288951841,0.12147308781869688,0.02764872521246459,0.17148253068932956,0.027686496694995278,0.010802644003777149,0.02379603399433428,0.01076487252124646,0.019603399433427763,0.0014730878186968838,0.03161473087818697,0.07354107648725212,0.14889518413597733,0.008762983947119924,0.13544853635505194,0.03527856468366383,0.06700661000944287,0.09790946006918333,0.36486689727778615,0.35699603950468745,0.1802276031483431
2601400,70865,16487,38061,16317,17578,22706,30581,211,58,273,3706,9456,2119,7862,820,656,1759,717,2589,3680,4115,6787,12750,979,6063,3605,2660,4685,16138,19212,14343,0.2326536371974882,0.5370916531433007,0.2302547096592112,0.24804910745784237,0.3204120510830452,0.4315388414591124,0.0029774924151555774,0.0008184576307062724,0.003852395399703662,0.05229662033443872,0.13343681648204334,0.029901926197699852,0.11094334297608129,0.011571297537571438,0.009257038030057152,0.02482184435193678,0.010117829676144783,0.03653425527411275,0.051929725534466946,0.05806815776476399,0.09577365413109433,0.17991956537077541,0.013815000352783461,0.08555704508572638,0.05087137514993297,0.03753616030480491,0.08615616609658318,0.29677443083599986,0.3533046452609511,0.26376475780646585
2601500,81679,21109,41985,18585,20644,28290,32745,275,46,569,2755,11187,2041,10503,1798,1625,2623,605,2605,405,8634,3996,16440,838,9243,2718,2773,5958,18801,21674,14137,0.25843852152940167,0.5140244126397238,0.22753706583087452,0.25274550374025145,0.3463558564624934,0.4008986397972551,0.0033668384774544254,0.0005631802544105584,0.006966294886078429,0.03372960001958888,0.13696298926284603,0.024988063027216297,0.1285887437407412,0.02201300211804748,0.019894954639503422,0.03211351755041075,0.007407044650399736,0.0318931426682501,0.004958434848614699,0.10570648514306002,0.04892322383966503,0.20127572570673,0.010259675069479304,0.11316250198949547,0.03327660720625865,0.03394997490174953,0.09836552748885587,0.31040118870728084,0.3578339111771504,0.2333993726267129
2601600,34519,7561,17930,9028,8018,13055,13446,1611,77,680,1670,6349,1426,3817,868,471,1149,116,662,159,2000,2737,5424,183,2186,1036,1898,2338,9964,9338,5318,0.21903879023146672,0.5194240852863641,0.26153712448216926,0.23227787595237406,0.3781975144123526,0.3895246096352733,0.04666994988267331,0.0022306555809843854,0.019699296039862105,0.04837915350966135,0.18392769199571252,0.04131058257771083,0.11057678380022597,0.02514557200382398,0.013644659462904487,0.033286016396766996,0.0033604681479764767,0.019177844085865755,0.004606158926967757,0.057939105999594426,0.07928966656044498,0.15713085547090008,0.00530142819896289,0.0633274428575567,0.030012456907789913,0.054984211593615114,0.0867275020402107,0.36961198901995695,0.3463906818013206,0.19726982713851177
2601700,173421,43381,91094,38946,43863,61451,68107,483,103,144,7355,21026,6984,25370,4473,4544,4850,1769,6413,1248,11371,14152,32648,2055,16292,5421,6720,12889,39190,45637,32324,0.25014848259438016,0.5252766389306947,0.2245748784749252,0.25292784610860275,0.3543457828060039,0.3927263710853933,0.0027851298285674745,0.0005939303775206002,0.0008303492656598682,0.04241124200644674,0.12124252541503047,0.04027193938450361,0.14629139492910317,0.025792724064559656,0.02620213238304473,0.02796662457257195,0.010200610076057687,0.036979373893588435,0.007196360302385524,0.06556876041540528,0.0816048806084615,0.18825863073099566,0.011849775978687702,0.09394479330646231,0.03125919006348712,0.038749632397460515,0.09911565672100892,0.30136880959704704,0.35094586281144263,0.24856967087050139
2601800,178924,40624,95604,42696,54635,44128,80161,609,52,650,4340,12308,3301,12584,5097,2762,5510,2367,8678,2603,7000,23775,49071,1240,11973,6161,18843,13568,35746,46505,42481,0.2270461201403948,0.5343274239341843,0.23862645592542084,0.30535311081800093,0.24662985401623036,0.4480170351657687,0.0034036797746529253,0.00029062618765509377,0.0036328273456886725,0.024256108738905904,0.06878898303190181,0.01844917395095124,0.0703315374125327,0.028486955355346403,0.015436721736603251,0.030795197961145514,0.01322908050345398,0.04850103954751738,0.014548076278196329,0.039122756030493394,0.13287764637499722,0.2742561087389059,0.006930316782544544,0.06691667970758534,0.0344336142719814,0.105312870268941,0.0981055676066522,0.2584671005061461,0.33626174981923357,0.3071655820679682
2601900,64826,17501,33124,14201,15003,21056,28767,908,100,103,3345,7425,3114,8201,5994,505,6131,648,2768,36,3401,4427,5108,584,5631,2546,3851,4474,14518,16562,11771,0.26996883966309815,0.5109678215530805,0.2190633387838213,0.23143491808842132,0.3248079474285009,0.4437571344830778,0.014006725696479807,0.0015425909357356616,0.0015888686638077314,0.05159966680035788,0.11453737697837288,0.0480362817388085,0.1265078826396816,0.09246290068799556,0.007790084225465091,0.09457625026995341,0.009995989263567087,0.042698917101163116,0.0005553327368648382,0.05246351772436985,0.06829050072501774,0.07879554499737759,0.009008731064696265,0.0868632955912751,0.039274365223829946,0.059405176935180326,0.09453777073428421,0.30677231907025887,0.3499630216587427,0.2487268885367142
2602000,68423,15746,37203,15474,14375,22346,31702,613,51,150,2244,15406,1877,6587,1749,613,1554,329,2925,472,3749,5301,12488,646,6582,2524,2563,5322,16503,18175,12677,0.23012729637694926,0.5437206787191442,0.22615202490390657,0.210090174356576,0.32658608947283807,0.4633237361705859,0.008958975782996946,0.0007453634011955044,0.0021922452976338366,0.03279598965260219,0.2251582070356459,0.02743229615772474,0.0962687985034272,0.025561580170410533,0.008958975782996946,0.022711661283486548,0.004808324686143548,0.04274878330385981,0.006898265203221139,0.054791517472195024,0.07747394881837978,0.18251172851234235,0.009441269748476389,0.09619572366017275,0.036888180874852024,0.03745816465223682,0.10103081041061564,0.31328663363517284,0.3450272414905936,0.2406553144636179
2602100,124393,34826,62903,26664,30655,38896,54842,1824,24,192,5655,19566,6225,12610,2471,960,6028,2076,5538,188,6771,13070,21276,1453,11959,4075,2432,8525,25182,30635,25225,0.27996752228823163,0.5056795800406775,0.2143528976710908,0.2464366965986832,0.31268640518357144,0.4408768982177454,0.014663204521154728,0.00019293690159414114,0.0015434952127531291,0.04546075743811951,0.15729180902462359,0.05004300885098036,0.10137226371258833,0.019864461826630115,0.0077174760637656456,0.04845931845039512,0.01668904198789321,0.04452019004284807,0.001511339062487439,0.05443232336224707,0.1050702209931427,0.17103856326320613,0.011680721584011962,0.09613885025684725,0.03275907808317188,0.019550939361539635,0.09518014447285272,0.2811526566704255,0.34203445465405785,0.28163274420266393
2602200,34796,8062,17968,8766,7704,12585,14507,992,3,68,982,11338,1016,3137,1689,268,928,168,782,31,699,2522,4049,223,2941,1455,1505,2839,9172,9454,5269,0.2316932980802391,0.5163811932406024,0.2519255086791585,0.22140475916772043,0.36167950339119437,0.4169157374410852,0.028509024025750087,8.621680652948614e-05,0.0019542476146683528,0.0282216346706518,0.325842050810438,0.029198758477985975,0.09015404069433268,0.048540062076100704,0.007702034716634096,0.02666973215312105,0.004828141165651225,0.022473847568686055,0.0008909070008046902,0.020088515921370273,0.07247959535578802,0.11636394987929648,0.0064087826186918035,0.08452120933440625,0.04181515116680078,0.04325209794229222,0.10619435924291165,0.3430837136231017,0.3536320790005237,0.197089848133463
2602300,31530,7360,16252,7918,7459,11782,12289,1183,19,797,1164,5592,757,2806,492,253,491,153,2405,782,949,3351,4150,200,3117,1299,1570,2831,7484,7953,5902,0.23342848081192516,0.5154456073580717,0.25112591183000316,0.23656834760545511,0.37367586425626387,0.389755788138281,0.037519822391373296,0.0006026006977481763,0.025277513479226132,0.036917221693625116,0.17735490009514748,0.024008880431335235,0.08899460830954646,0.01560418648905804,0.008024104027909927,0.015572470662860768,0.004852521408182683,0.07627656200444022,0.024801776086267047,0.030098319061211545,0.10627973358705994,0.13162067871868063,0.006343165239454488,0.09885823025689819,0.041198858230256895,0.04979384712971773,0.11712867190732312,0.30964004964832437,0.32904426975589574,0.24418700868845677
2602400,61559,13876,31674,16009,14511,21287,25761,605,91,1167,2537,13285,1803,5696,1850,534,1917,565,1528,169,3586,4908,7717,757,8541,1980,2323,5201,13941,16215,12326,0.2254097694894329,0.5145307753537257,0.2600594551568414,0.2357250767556328,0.34579833980409036,0.41847658344027683,0.009827969915040854,0.0014782566318491204,0.01895742296008707,0.04121249532968372,0.2158092236715996,0.029288974804658946,0.09252911840673175,0.03005246998814146,0.008674604850631103,0.031140856739063336,0.00917818678016212,0.02482171575236765,0.002745333744862652,0.058253058041878525,0.07972839064962069,0.1253594112964798,0.012297145827580045,0.13874494387498174,0.03216426517649734,0.03773615555808249,0.10907451292913617,0.2923683493068809,0.3400583017008158,0.25849883606316715
2602500,37501,8767,19223,9511,9270,12931,15300,789,0,83,1476,8796,757,4300,594,521,1124,315,813,52,1323,5170,4335,303,2958,1513,2279,2583,9568,9954,6629,0.23378043252179942,0.5125996640089597,0.2536199034692408,0.24719340817578198,0.3448174715340924,0.4079891202901256,0.02103943894829471,0.0,0.002213274312684995,0.039358950427988586,0.23455374523346045,0.020186128369910135,0.11466360897042746,0.0158395776112637,0.013892962854323884,0.029972534065758248,0.008399776005973175,0.021679421882083143,0.0013866296898749366,0.03527905922508733,0.13786299032025812,0.11559691741553559,0.008079784539078958,0.07887789658942428,0.04034559078424575,0.06077171275432655,0.08989350595113803,0.3329853135658105,0.34641887659219045,0.230702303890861
2602600,58762,14357,30626,13779,13018,17881,27863,129,74,4397,1949,9863,1544,6509,959,525,1342,494,1945,649,4727,4173,9017,430,4469,2211,3356,4192,13381,15718,11114,0.2443245634934141,0.5211871617712127,0.2344882747353732,0.22153772846397332,0.30429529287634866,0.474166978659678,0.0021952962799087847,0.0012593172458391477,0.0748272693237126,0.03316769340730404,0.16784656750961505,0.026275484156427623,0.11076886423198666,0.016320070794050578,0.00893434532521017,0.02283788843129914,0.008406793506007284,0.03309962220482625,0.011044552602021715,0.08044314352813042,0.07101528198495627,0.1534495081855621,0.007317654266362615,0.07605255096831286,0.0376263571695994,0.057111738878867294,0.09440378335772999,0.30133993919603647,0.35396914761851145,0.2502871298277221
2602700,208914,57320,107842,43752,47690,58357,102867,194,33,483,4261,14637,5315,15503,4370,4996,3672,2264,16738,1392,8703,51640,46643,2599,15277,5606,4588,12063,33672,46590,59269,0.27437127238959574,0.5162028394458964,0.20942588816450788,0.22827574983007362,0.2793350373838039,0.4923892127861225,0.0009286117732655542,0.00015795973462764582,0.0023119561159137252,0.020395952401466633,0.07006232229529855,0.025441090592301138,0.07420756866461797,0.020917698191600373,0.02391414649090056,0.01757661047129441,0.010836995127181519,0.080119092066592,0.006663028806111606,0.04165829001407278,0.24718305139914032,0.22326411824961467,0.01244052576658338,0.07312578381534986,0.02683400825219947,0.02196118977186785,0.07957438948771059,0.22211960895549956,0.3073340633534309,0.39097193820335896
2602800,62257,18084,31080,13093,16460,19672,26125,173,46,51,4324,10839,2842,8463,1511,456,1855,990,5507,442,2448,3808,5709,881,7275,2431,2206,4109,13101,15189,11774,0.29047336042533367,0.4992209711357759,0.2103056684388904,0.2643879403119328,0.3159805323096198,0.4196315273784474,0.002778803989912781,0.0007388727372022423,0.0008191849912459644,0.06945403729701077,0.17410090431598052,0.04564948519845158,0.13593652119440383,0.024270363172012786,0.007324477568787445,0.02979584625022086,0.015901826300656955,0.0884559166037554,0.007099603257465024,0.03932087957980629,0.061165812679698665,0.09170053166712178,0.014151019162503815,0.1168543296336155,0.03904781791605763,0.03543376648409014,0.09302062345776832,0.2965838860842596,0.3438525796300908,0.2665429108278813
2602900,765416,188654,405151,171611,158308,216168,390940,883,225,514,26455,71502,42780,78083,10632,18390,40675,18238,109000,19375,68498,39564,113355,10045,60582,23680,12940,51397,138379,183175,203811,0.2464725064540067,0.5293213102417509,0.2242061833042424,0.20682609195522436,0.2824189721667694,0.5107549358780062,0.0011536210374489167,0.0002939577954994408,0.0006715302528298337,0.0345629043552787,0.09341586797244897,0.05589117551762702,0.10201380687103484,0.013890485696666911,0.02402615048548763,0.05314103703084336,0.023827565663639118,0.1424062209308402,0.025313032390229626,0.08949120478275865,0.05168953876062168,0.14809593737261828,0.013123582470186147,0.07914911629754277,0.03093742487745226,0.01690583943894562,0.08911301368675467,0.23992392009182298,0.3175920050211352,0.3533710612002871
2603000,335226,81791,174158,79277,73999,101712,159515,658,67,294,17132,68533,11421,44720,10318,2504,6180,4004,31234,4883,18962,19623,43149,2516,29813,10418,8797,24968,69795,84450,74222,0.24398763819035515,0.5195241419221659,0.2364882198874789,0.22074361773848092,0.3034132197383258,0.4758431625231933,0.0019628549098220306,0.00019986516558978122,0.0008770202788566519,0.051105821147524357,0.20443819990096235,0.03406955307762524,0.1334025403757465,0.03077923550082631,0.007469587681146451,0.01843532422902758,0.011944180940619165,0.09317296391091383,0.014566292590670174,0.05656482492408107,0.058536629020422046,0.12871614970199208,0.007505384427222232,0.08893403256310668,0.03107754171812449,0.026241997935720976,0.09851835776431826,0.27539605816086965,0.3332215360940675,0.29286404798074456
2603100,43062,9930,22660,10472,10882,14831,17349,95,4,853,2756,8623,1187,4997,1156,194,873,399,1249,42,1107,4107,7032,433,4474,1401,2080,3003,10525,11605,7999,0.23059774278946635,0.526218011239608,0.24318424597092564,0.25270540151409593,0.3444103850262412,0.4028842134596628,0.0022061214063443407,9.288932237239329e-05,0.019808647995912868,0.06400074311457898,0.20024615670428683,0.02756490641400771,0.11604198597371232,0.026845014165621663,0.0045051321350610745,0.020273094607774836,0.00926570990664623,0.029004690910779805,0.0009753378849101296,0.025707119966559843,0.09537411174585482,0.1632994287306674,0.010055269146811574,0.1038967070735219,0.03253448516093075,0.04830244763364451,0.09063745019920319,0.31766871906314137,0.350265604249668,0.24142822648798745
2603200,736550,170267,395847,170436,146646,209893,380011,328,787,6471,21382,93003,28230,72828,42113,9675,28163,7814,55774,23921,40322,47299,124995,10230,70909,23425,28881,57603,146520,184208,177952,0.23116828456995453,0.5374339827574502,0.2313977326725952,0.19909849976240582,0.28496775507433303,0.5159337451632612,0.000445319394474238,0.0010684950105220284,0.008785554273301202,0.02902993686782975,0.12626841354965718,0.03832733690856018,0.09887719774624941,0.05717602335211459,0.013135564455909307,0.038236372276152335,0.010608919964700292,0.07572330459575045,0.03247708913176295,0.05474441653655556,0.06421695743669811,0.16970334668386397,0.013889077455705655,0.09627180775235897,0.031803679315728736,0.039211187292105085,0.10172122419355693,0.25873988800652675,0.32529318379679417,0.31424570400312213
2603300,42637,10488,22122,10027,10395,13205,19037,348,14,1318,2066,7812,1826,4927,1449,492,741,255,2145,731,2449,3895,4777,532,4161,1254,1445,3043,9793,11073,8240,0.24598353542697657,0.5188451345075873,0.2351713300654361,0.24380233130848794,0.30970753101766074,0.4464901376738514,0.008161925088538123,0.0003283533081595797,0.03091211858245186,0.04845556676126369,0.18322114595304548,0.042826652907099465,0.11555691066444637,0.0339845673945165,0.011539273401036658,0.01737927152473204,0.005980720970049488,0.050308417571592746,0.017144733447475198,0.057438375120200766,0.09135258109154021,0.11203883950559373,0.012477425710064029,0.09759129394657223,0.02941107488800807,0.033890752163613765,0.0946530218669321,0.30461289620205917,0.3444275094093129,0.25630657252169586
2700100,56412,14098,27464,14850,15116,17345,23951,1179,85,201,1720,6644,6184,5760,1614,665,1210,292,1186,393,1100,8593,9518,861,3930,1913,3364,3320,12962,16126,9906,0.24991136637594838,0.4868467701907396,0.2632418634333121,0.26795717223285825,0.30747004183507054,0.4245727859320712,0.020899808551372048,0.0015067716088775437,0.003563071686875133,0.030489966673757356,0.11777635963979295,0.10962206622704389,0.1021059349074665,0.02861093384386301,0.01178827199886549,0.021449337020492093,0.005176203644614621,0.021023895625044316,0.006966602850457349,0.019499397291356448,0.15232574629511453,0.16872296674466425,0.015262710061689002,0.0696660285045735,0.0339112245621499,0.059632702261930084,0.07846102944651888,0.3063288746041499,0.3811031809802902,0.23410691496904099
2700200,45893,11171,22659,12063,12575,15892,17426,989,54,283,2663,5103,907,5585,1430,543,990,270,866,69,791,5461,7283,1752,4574,1325,4955,3080,10620,13293,7729,0.24341402828318043,0.4937354280609243,0.2628505436558952,0.27400692916131003,0.3462837469766631,0.3797093238620269,0.021550127470420326,0.001176650033774214,0.006166517769594491,0.05802627851742096,0.11119342819166321,0.01976336260431874,0.1216961192338701,0.031159436079576407,0.01183186978406293,0.021571917285860588,0.0058832501688710695,0.01886998017126795,0.0015034972653781623,0.01723574401324821,0.11899418211927745,0.15869522585143703,0.03817575665134116,0.09966661582376397,0.028871505458348767,0.10796853550650426,0.08870456770923334,0.3058579574909279,0.38284085018144115,0.22259662461839755
2700390,159508,39004,80394,40110,42332,51333,65843,669,4181,1887,7367,8726,3391,17066,9157,1540,4543,1517,5353,823,3691,16113,34374,4634,16063,5735,12678,9833,36468,46364,27839,0.24452692027986056,0.5040123379391629,0.2514607417809765,0.26539107756350777,0.3218208491110164,0.41278807332547585,0.004194147002031246,0.026211851443187804,0.011830127642500689,0.04618577124658324,0.05470572008927452,0.021259121799533567,0.1069914988589914,0.05740777892017955,0.00965468816611079,0.028481330090026832,0.009510494771422124,0.03355944529427991,0.005159615818642325,0.023139905208516186,0.10101687689645661,0.2155001630012288,0.02905183439075156,0.1007034129949595,0.03595430950171778,0.07948190686360558,0.08159895107216358,0.30262895837482573,0.3847507136692558,0.2310213768837549
2700600,48577,11715,24252,12610,13971,17231,17375,381,20,250,2543,4862,830,6049,940,622,1040,250,1030,102,1092,6061,9249,704,6708,1636,4208,2972,12089,13864,7937,0.24116351359696975,0.4992486155999753,0.25958787080305495,0.28760524528068837,0.3547151944335797,0.35767956028573195,0.007843217983819503,0.0004117174794655907,0.005146468493319884,0.05234987751404986,0.1000885192580851,0.017086275397822013,0.12452395166436792,0.019350721534882764,0.012804413611379871,0.021409308932210717,0.005146468493319884,0.02120345019247792,0.0020997591452745126,0.022479774378821253,0.12477098215204727,0.19039874837886242,0.014492455277188792,0.13809004261275912,0.03367848982028532,0.08662535767956028,0.0806250339102599,0.3279529054310672,0.37610547447235637,0.21531658618631652
2700700,51583,12282,25823,13478,14483,17748,19352,791,23,253,2925,5580,1654,7189,1048,567,2201,392,1548,165,1276,5716,9861,306,5177,1907,3004,3322,12387,15292,8300,0.23810170017253746,0.5006106663047903,0.2612876335226722,0.2807707965802687,0.34406684372758467,0.3751623596921466,0.015334509431401818,0.0004458833336564372,0.004904716670220809,0.056704728301959946,0.10817517399143128,0.03206482755946727,0.1393676211154838,0.02031677102921505,0.010991993486226082,0.04266909640773123,0.007599402904057538,0.030009886978268036,0.003198728263187484,0.02473683190198321,0.1108117015295737,0.19116763274722293,0.005932186960820426,0.10036252253649458,0.036969544229688074,0.058236240621910317,0.08452711126943335,0.3151828197755782,0.38909951400727716,0.21119055494771125
2700800,62700,14339,30793,17568,16471,19928,26301,2304,51,689,3163,10222,3306,6632,1255,831,1728,420,1402,286,1207,6500,12022,625,4572,2080,3405,3899,14054,19651,10757,0.22869218500797447,0.4911164274322169,0.2801913875598086,0.262695374800638,0.31783094098883574,0.41947368421052633,0.03674641148325359,0.0008133971291866029,0.010988835725677831,0.05044657097288676,0.16303030303030303,0.05272727272727273,0.10577352472089314,0.020015948963317383,0.013253588516746411,0.02755980861244019,0.0066985645933014355,0.022360446570972886,0.004561403508771929,0.019250398724082934,0.10366826156299841,0.1917384370015949,0.009968102073365232,0.07291866028708134,0.03317384370015949,0.05430622009569378,0.0806228159053783,0.29060606687206636,0.40633981927586277,0.22243129794669259
2700900,92074,24611,46145,21318,22899,28094,41081,1040,116,169,4717,11144,3456,14058,3283,1885,3344,963,3347,347,4087,8436,19270,857,6026,2650,2879,4982,19346,25293,17842,0.2672958707126876,0.5011729695679562,0.23153115971935617,0.24870213089471513,0.30512413927927534,0.4461737298260095,0.011295262506244977,0.001259856202619632,0.0018354801572648088,0.05123053196342073,0.1210330820861481,0.037535026174598696,0.1526815387622999,0.03565610270000217,0.02047266329256902,0.03631861328931077,0.010458978647609531,0.03635119577730955,0.003768707778525968,0.04438820948367617,0.09162195625257945,0.2092881812455199,0.009307730738319179,0.0654473575602233,0.028781197732258835,0.031268327649499314,0.07384788698990558,0.2867645968901472,0.3749166209626017,0.2644708951573455
2701000,43623,11434,22685,9504,10982,12716,19925,486,99,745,3913,7734,2072,5047,1927,282,532,250,945,676,1283,4303,5820,307,3275,1523,2404,2646,10314,12055,7174,0.26210943768195677,0.5200238406345277,0.21786672168351556,0.25174793113724414,0.2914976044747037,0.4567544643880522,0.011140911904270683,0.0022694450175366207,0.017078146849139216,0.08970038741031107,0.1772917956124063,0.04749787955894826,0.115695848520276,0.044173944937303714,0.006464479746922495,0.012195401508378608,0.0057309217614561125,0.021662884258304104,0.015496412442977328,0.02941109047979277,0.0986406253581826,0.1334158586066983,0.007037571923068107,0.07507507507507508,0.03491277537079064,0.05510854365816198,0.08220199447016062,0.3204200192612383,0.37450681909969247,0.22287116716890865
2701100,129976,32831,67789,29356,29752,35537,64687,364,0,450,8489,24993,6966,16937,4794,921,1774,1441,4630,602,5755,11561,17548,2860,9720,4998,5173,8562,26791,34247,27545,0.2525927863605589,0.5215501323321229,0.22585708130731827,0.22890379762417676,0.2734120145257586,0.49768418785006463,0.0028005170185264974,0.0,0.0034621776327937465,0.06531205761063581,0.19228934572536469,0.053594509755647196,0.13030867237028373,0.036883732381362715,0.0070859235551178675,0.013648673601280236,0.011086662153012863,0.035621960977411216,0.004631624299870745,0.04427740505939558,0.08894719025050779,0.13500954022281036,0.022004062288422478,0.07478303686834492,0.038453252908229214,0.039799655320982334,0.08813629111122549,0.2757836224200937,0.35253487055432603,0.28354521591435483
2701200,82727,22474,42661,17592,22049,22393,38285,651,81,239,4596,9565,2870,11457,1876,950,2911,912,3850,1578,2782,8143,12752,1972,8443,3348,3751,4870,15389,20978,19016,0.2716646318614237,0.5156841176399483,0.212651250498628,0.2665272522876449,0.2706855077544212,0.4627872399579339,0.007869256711835314,0.0009791241070025505,0.0028890205132544393,0.05555622710844102,0.11562126028986909,0.03469242206292988,0.13849166535713853,0.022676997836256603,0.011483554341387939,0.035188028092400306,0.011024212167732422,0.04653861496246691,0.019074788158642282,0.033628682292359206,0.09843219263360209,0.15414556311724104,0.0238374412223337,0.10205857821509301,0.04047046308943875,0.045341907720574906,0.08082585099497121,0.2554063698073125,0.3481652365857302,0.3156025426119861
2701300,342779,75787,186624,80368,67705,80537,194537,102,27,1292,12184,29745,12985,25676,5260,6733,17270,4938,15893,22540,16808,37410,63753,6380,24177,11781,27825,21766,60885,86511,97830,0.22109580808625967,0.5444440878816964,0.23446010403204398,0.19751793429585826,0.23495313306824514,0.5675289326358965,0.0002975678206657934,7.876795252918061e-05,0.00376919239510005,0.03554476791168654,0.08677602770298064,0.03788155050338556,0.07490540552367561,0.015345164085314444,0.01964239349551752,0.05038231630292404,0.014405783318114587,0.04636515072393583,0.06575665370399003,0.049034509115202504,0.10913737422654246,0.18598863991084635,0.018612575449487863,0.0705323254925185,0.03436908328689914,0.08117475107868335,0.08152304188889554,0.22804054054054054,0.32402094444777374,0.3664154731227902
2701400,961315,224489,529945,206881,188695,226751,545869,795,308,3635,30835,71791,50850,72455,21932,22141,72569,16690,103809,65493,61845,75910,150762,17735,68064,28495,25201,60981,167656,235886,272303,0.23352283070585603,0.5512709153607298,0.21520625393341414,0.19628841742821032,0.23587585754929447,0.5678357250224952,0.0008269921929856498,0.0003203944596724279,0.0037812787691859587,0.0320758544285692,0.07467999563098464,0.052896293098516095,0.07537071615443429,0.022814582108882105,0.023031992635088396,0.07548930371418318,0.01736163484393773,0.10798645605238658,0.0681285530757348,0.06433375116377046,0.07896475140822727,0.1568289270426447,0.018448687474969184,0.07080301462059782,0.029641688728460493,0.02621513239676901,0.08276173750654836,0.22753811619025388,0.32013799730194104,0.3695621490012567
2701500,186163,43444,99750,42969,41772,47795,96596,852,169,586,9745,18704,11637,19819,10472,6401,12706,2204,8380,3446,8055,17690,24896,3457,13817,7126,6001,11659,35878,47830,47352,0.23336538409888108,0.5358207592271289,0.23081385667399,0.22438400756326446,0.2567373753108835,0.518878617125852,0.004576634454752019,0.00090780659959283,0.003147779096813008,0.05234659948539721,0.10047109253718516,0.06250973609148971,0.10646046743982424,0.05625177935465157,0.034383846414163935,0.06825201570666567,0.011839087251494658,0.04501431541176281,0.01851066001299936,0.04326853348946891,0.09502425293962817,0.13373226688439702,0.018569748016523155,0.07421990406256883,0.03827828301005033,0.032235191740571434,0.081691996160287,0.2513890932531758,0.33513407465018674,0.33178483593635044
2701690,92387,22964,49092,20331,22047,25144,45196,190,89,256,7300,16719,5143,7945,6287,747,1622,651,3036,1158,3572,7928,8541,3281,10757,2957,4208,6277,18906,23437,20803,0.24856310952839686,0.5313734616342126,0.22006342883739055,0.23863747063980864,0.2721595029603732,0.48920302639981816,0.002056566400034637,0.0009633389979109615,0.0027709526232045636,0.07901544589606763,0.18096701916936367,0.0556680052388323,0.085996947622501,0.0680506997737777,0.008085553162241441,0.017556582636085165,0.00704644592853973,0.03286176626581662,0.012534231006526892,0.038663448320651175,0.08581293904986632,0.09244807169839912,0.03551365451849286,0.11643413034301363,0.032006667604749586,0.04554753374392501,0.09041672068334702,0.2723304956570589,0.33759704996903045,0.29965573369056364
2701800,44091,11909,22284,9898,12739,12473,18879,636,8,961,3665,6430,1814,6038,1145,236,731,268,959,174,1442,5611,6193,636,4125,1541,1478,2662,10099,11695,7726,0.2701004740196412,0.5054092671973872,0.22449025878297157,0.2889251774738609,0.2828922002222676,0.42818262230387155,0.014424712526365926,0.00018144292485994875,0.021795831348801344,0.08312353995146401,0.1458347508561838,0.04114218321199338,0.13694404753804632,0.025969018620580164,0.005352566283368488,0.016579347259077816,0.006078337982808283,0.021750470617586354,0.003946383615703885,0.03270508720600576,0.12725953142364654,0.14045950420720782,0.014424712526365926,0.09355650813091107,0.03495044340114763,0.03352158036787553,0.08271704679634578,0.3138089615312908,0.3634019016841713,0.24007208998819216
2701900,58859,13686,29202,15971,15081,18666,25112,2691,22,302,2564,13110,2374,6257,1927,593,1281,247,1263,511,1469,4836,11274,452,3298,1367,3021,3987,13331,17928,9927,0.2325217893610153,0.49613483069708963,0.27134337994189506,0.25622249783380624,0.3171307701456022,0.42664673202059156,0.04571943118299665,0.0003737746139078136,0.005130906063643623,0.043561732275437914,0.22273569037870164,0.04033367879168861,0.1063048981464177,0.032739258227288945,0.010074924820333338,0.021763876382541326,0.004196469528874089,0.021458060789344025,0.008681764895767852,0.02495795035593537,0.08216245603900847,0.19154249987257685,0.007679369340287807,0.05603221257581678,0.023224995327817327,0.05132605039161386,0.08826068669337879,0.2951099107874173,0.39687423903659264,0.2197551634826113
2702000,48466,11260,23470,13736,13820,15588,19058,1112,19,302,2224,6809,2184,5587,2178,594,2483,365,1134,720,952,4836,8597,781,3612,1202,2775,2833,11224,14391,8758,0.23232781743902942,0.48425700491065904,0.28341517765031154,0.28514835142161515,0.32162753270333844,0.3932241158750464,0.022943919448685676,0.00039202740065200347,0.00623117236825816,0.04588783889737135,0.14049024058102588,0.04506251805389345,0.11527668881277596,0.044938719927371765,0.012256014525646845,0.05123179135889077,0.007531052696735856,0.02339784591259852,0.014855775182602237,0.019642636074774067,0.09978128997647835,0.1773820822844881,0.01611438946890604,0.07452647216605456,0.024800891346510957,0.05725663351627945,0.07614363274740633,0.3016717733698866,0.3867924528301887,0.2353921410525184
2702100,50855,11349,24855,14651,13388,17362,20105,1862,68,338,2141,10462,2690,5475,1687,594,1868,174,1144,92,1109,5068,8480,246,3094,1344,2919,3941,11884,14911,8770,0.22316389735522565,0.48874250319535933,0.288093599449415,0.26325828335463575,0.3414020253662373,0.39533969127912694,0.03661390227116311,0.0013371349916429063,0.006646347458460328,0.042100088486874444,0.20572215121423656,0.052895487169403205,0.10765903057713105,0.033172746042670335,0.011680267426998328,0.03673188477042572,0.003421492478615672,0.022495329859404188,0.0018090649886933438,0.021807098613705635,0.09965588437715073,0.16674859895782126,0.004837282469766985,0.060839642119752235,0.0264280798348245,0.05739848589125946,0.09975699893687034,0.300815066065914,0.3774363387839822,0.22199159621323344
2702200,60761,17393,29399,13969,17266,18330,25165,941,68,164,2707,9632,2080,6830,1498,1543,1407,881,2104,428,1532,7412,11068,764,5164,2108,2430,3287,12045,15856,12180,0.2862526949852702,0.48384654630437285,0.22990075871035698,0.2841625384704004,0.30167377100442716,0.4141636905251724,0.015486907720412765,0.0011191389213475748,0.002699099751485328,0.044551603824821845,0.15852273662382121,0.034232484652984646,0.11240762989417553,0.02465397212027452,0.02539457875940159,0.02315630091670644,0.01449943220157667,0.034627474860519085,0.0070439920343641485,0.025213541580948306,0.12198614242688567,0.18215631737463175,0.012573854939846283,0.08498872632115996,0.03469330656177482,0.03999275851286187,0.0757932115845785,0.2777393469839513,0.36561520014757426,0.28085224128389596
2702300,55362,12884,27996,14482,13635,15916,25811,1020,200,792,2545,13021,2115,5521,1872,511,1108,297,1004,312,1076,6503,6334,1673,4242,1831,3385,3466,12656,15314,11042,0.2327228062569994,0.5056898233445324,0.26158737039846824,0.2462880676276146,0.2874896138145298,0.46622231855785556,0.018424189877533328,0.0036125862504967307,0.014305841551967053,0.045970160037570894,0.23519742783858966,0.03820309959900293,0.09972544344496224,0.0338138073046494,0.009230157870019146,0.020013727827751886,0.005364690581987645,0.01813518297749359,0.0056356345507749,0.01943571402767241,0.1174632419349012,0.11441060655323146,0.030219283985405153,0.07662295437303565,0.03307322712329757,0.061143022289657165,0.08159517868072885,0.297942464334479,0.3605160318282405,0.25994632515655164
2702400,55370,13072,28489,13809,13316,17527,24527,767,19,294,2152,14501,2197,6585,1323,627,2850,399,774,1076,2720,4703,5976,436,3567,1682,2722,4166,12703,15498,9931,0.23608452230449703,0.5145204984648727,0.2493949792306303,0.24049124074408523,0.3165432544699296,0.4429655047859852,0.013852266570344952,0.0003431461080007224,0.005309734513274336,0.03886581181145024,0.2618927216904461,0.039678526277767745,0.1189272169044609,0.023893805309734513,0.01132382156402384,0.05147191620010836,0.00720606826801517,0.013978688820661007,0.01943290590572512,0.049124074408524475,0.08493769189091566,0.10792848112696406,0.007874300162542893,0.0644211666967672,0.030377460718800795,0.049160195051471914,0.09849165445174712,0.30032152820464325,0.36640030261478085,0.23478651472882878
2702500,96661,22198,51697,22766,17982,23886,54793,299,12,166,3987,7670,1442,9013,1475,1590,1111,666,1703,496,3367,5774,44266,1078,7117,2467,2962,4863,16695,26787,26118,0.22964794487952742,0.5348279037046999,0.23552415141577265,0.18603159495556637,0.24711103754358013,0.5668573675008535,0.003093284778762893,0.00012414520851222312,0.0017173420510857532,0.041247245528186136,0.07934947910739595,0.014918115889552146,0.09324339702672226,0.01525951521296076,0.016449240127869566,0.011493777221423324,0.006890059072428384,0.017618274174693,0.0051313352851718895,0.034833076421721273,0.0597345361624647,0.45795098333350576,0.011152377898014711,0.073628454081791,0.02552218578330454,0.030643175634433743,0.06530760243342332,0.22420531001974134,0.35973570766689494,0.3507513798799404
2702600,45335,11767,20945,12623,13152,13554,18629,1353,44,107,1564,8337,1757,4707,2090,861,1089,160,682,1102,907,6240,6738,541,3610,1017,2429,2416,9741,12363,9048,0.25955663394728135,0.4620050733428918,0.27843829270982684,0.2901069813609794,0.2989743024153524,0.41091871622366827,0.029844491011359876,0.0009705525532149554,0.002360207345318187,0.03449873166427705,0.18389765082166096,0.038755928090879015,0.10382706518142715,0.04610124627771038,0.01899194882541083,0.024021175692070143,0.003529282011690747,0.015043564574831808,0.02430792985552002,0.02000661740377192,0.1376419984559391,0.14862688871732657,0.011933384802029337,0.07962942538877248,0.022432998786809308,0.05357891253998015,0.07197330791229743,0.29018708293612966,0.36829718779790277,0.2695424213536702
2800100,66211,20109,34550,11552,21242,26104,18865,119,8,200,2552,4587,3894,10980,10052,298,1041,588,1147,246,7083,4427,6007,1082,8267,1309,2324,7245,14696,15379,8782,0.30371086375375694,0.5218166165742852,0.17447251967195784,0.32082282400205403,0.3942547310869795,0.28492244491096647,0.0017972844391415323,0.00012082584464817025,0.003020646116204256,0.038543444442766306,0.06927851867514462,0.05881197988249687,0.16583347177961366,0.1518176738004259,0.0045007627131443415,0.01572246303484315,0.008880699581640512,0.01732340547643141,0.003715394722931235,0.10697618220537373,0.06686200178218121,0.09072510610019484,0.016341695488665025,0.12485840721330292,0.019770128830556857,0.035099907870293455,0.15715153355602793,0.3187714198950154,0.3335863953841482,0.19049065116480846
2800200,44447,10592,24060,9795,11248,19580,13619,286,70,436,1782,9772,1117,5309,3104,361,1220,468,713,114,3893,4580,5576,169,2831,701,1945,4805,11130,11190,6730,0.23830629738790018,0.5413188741647356,0.22037482844736428,0.2530654487366976,0.4405246698314847,0.3064098814318177,0.006434630008774495,0.0015749094427070444,0.009809435957432448,0.040092694670056474,0.21985735820190339,0.02513105496433955,0.11944563187616712,0.06983598443089523,0.008122032983103471,0.027448421715751344,0.01052939455981281,0.016041577609287466,0.0025648525209800437,0.08758746372083605,0.10304407496568947,0.12545278646477828,0.0038022813688212928,0.06369383760433775,0.01577159313339483,0.04375998380093145,0.1419288140599616,0.3287549844926894,0.33052724856003546,0.19878895288731355
2800300,35958,7013,20191,8754,9747,15906,10305,1156,55,309,1204,2730,1024,4026,876,396,901,266,863,128,2314,4524,4957,166,7571,581,1911,4608,9168,9667,5502,0.1950330941654152,0.5615162133600311,0.24345069247455364,0.2710662439512765,0.4423494076422493,0.28658434840647423,0.03214861783191501,0.001529562267089382,0.008593358918738529,0.033483508537738474,0.07592190889370933,0.028477668390900494,0.11196395795094277,0.024361755381278157,0.01101284832304355,0.025057010957227878,0.007397519328105011,0.024000222481784305,0.0035597085488625617,0.064352856109906,0.12581344902386118,0.1378552755993103,0.004616497024306135,0.21055119862061294,0.01615773958507147,0.05314533622559653,0.1591984798756262,0.31673864225254794,0.3339782345828295,0.19008464328899638
2800400,49417,13065,26015,10337,13569,19933,15915,748,31,357,2067,10644,763,6002,972,470,1005,469,1418,98,1685,7199,6921,335,5442,799,1992,5074,11293,11750,8235,0.264382702308922,0.5264382702308922,0.20917902746018577,0.2745816217091284,0.4033632150879252,0.32205516320294636,0.015136491490782524,0.0006273144869174575,0.0072242345751462045,0.0418277111115608,0.2153914644757877,0.01544003075864581,0.12145617904769614,0.01966934455754093,0.009510897059716292,0.020337130946840157,0.009490661108525407,0.028694578788675963,0.001983123216706801,0.034097577756642454,0.14567861262318635,0.14005301819212013,0.006779043648946719,0.11012404638080013,0.016168525001517695,0.04031001477224437,0.13957966549295775,0.3106569102112676,0.32322843309859156,0.2265349911971831
2800500,81675,20399,45075,16201,19881,35903,25891,114,3,440,2377,21837,2591,9637,3804,1557,2113,568,2133,864,6673,4285,12389,481,6379,1367,2063,8972,19696,20327,12281,0.24975818794000612,0.55188246097337,0.1983593510866238,0.2434159779614325,0.4395837159473523,0.31700030609121516,0.0013957759412304867,3.6730945821854914e-05,0.0053872053872053875,0.029103152739516375,0.2673645546372819,0.03172329354147536,0.11799204162840526,0.04657483930211203,0.0190633608815427,0.025870829507193143,0.006954392408937864,0.026115702479338844,0.010578512396694216,0.08170186715641262,0.0524640342822161,0.1516865625956535,0.005889194980104071,0.07810223446587083,0.016737067646158555,0.025258647076828896,0.14641947907826883,0.3214309028004439,0.3317285723611202,0.20042104576016712
2800600,64278,15942,33943,14393,17988,24212,22078,749,283,681,2274,9084,1573,7899,2187,602,1098,907,1405,526,2670,11529,9166,605,7230,1349,2461,6658,14689,15584,11405,0.24801642863810325,0.5280655900930333,0.22391798126886336,0.2798469149631289,0.37667631226858334,0.34347677276828775,0.01165250941224058,0.004402750552288497,0.010594604685895641,0.03537757864277047,0.14132362550172686,0.024471825507949845,0.12288807990292168,0.034024082889946794,0.009365568312641962,0.01708204984598152,0.014110582158747938,0.021858178536979994,0.008183204206727029,0.04153831793148511,0.17936152338280595,0.1425993341423193,0.009412240579980708,0.11248016428638104,0.020986962879990044,0.038286816640219046,0.13774412446209863,0.303893578285336,0.32240979808010595,0.23595249917245945
2800700,39726,8602,21348,9776,11664,17078,10984,1079,29,333,1472,7238,1080,4934,972,381,914,354,693,174,2759,4389,7006,209,2836,735,2139,5115,10165,10143,5701,0.21653325278155364,0.5373810602628002,0.24608568695564617,0.29361123697326685,0.4298947792377788,0.27649398378895435,0.02716105321451946,0.000730000503448623,0.008382419574082464,0.03705381865780597,0.18219805668831496,0.02718622564567286,0.12420077531087953,0.024467603081105575,0.009590696269445703,0.023007602074208326,0.008911040628303881,0.01744449478930675,0.004380003020691739,0.0694507375522328,0.11048180033227609,0.17635805266072596,0.0052610381110607665,0.07138901475104466,0.018501736897749584,0.0538438302371243,0.1643426294820717,0.32659683845264104,0.3258899884333633,0.18317054363192392
2800800,40646,8227,21970,10449,11535,18057,11054,1766,21,181,896,3692,1399,5232,2088,350,995,425,824,401,1605,5181,7228,448,3373,1254,3287,5343,9990,10559,6527,0.2024061408256655,0.5405205924322196,0.25707326674211484,0.2837917630271121,0.44425035673867047,0.2719578802342174,0.04344830979678197,0.0005166560055109974,0.0044530827141662154,0.022043989568469223,0.09083304630221917,0.03441913103380406,0.12872115337302564,0.0513703685479506,0.008610933425183289,0.02447965359444964,0.010456133444865423,0.020272597549574375,0.009865669438567141,0.03948728042119766,0.1274664173596418,0.17782807656349947,0.011021994784234612,0.08298479555183783,0.030851744329085273,0.08086896619593564,0.16481075912273666,0.3081526265461612,0.32570406243252414,0.201332551898578
2800990,219914,47787,122380,49747,53738,82541,83635,839,571,1410,7897,18156,6189,23109,7341,3687,9494,2765,10256,3921,14514,22720,42326,2190,20385,4819,17325,22192,47976,57915,44044,0.21729858035413843,0.5564902643760743,0.22621115526978727,0.24435915858017224,0.3753330847513119,0.38030775666851585,0.003815127731749684,0.002596469528997699,0.006411597260747383,0.035909491892285164,0.08255954600434716,0.028142819465791172,0.10508198659475977,0.03338123084478478,0.016765644752039434,0.043171421555699044,0.01257309675600462,0.046636412415762524,0.01782969706339751,0.06599852669679966,0.10331311330792946,0.19246614585701682,0.009958438298607637,0.0926953263548478,0.021913111489036623,0.07878079612939604,0.12892805893322953,0.2787244302172233,0.33646667867330515,0.25588083217624197
2801300,74895,18921,39960,16014,20814,27992,26089,334,531,269,4271,4580,4638,11509,5306,462,3010,1156,1960,834,5303,5434,12002,621,7914,1538,3223,7607,17017,18957,12393,0.25263368716202683,0.5335469657520528,0.2138193470859203,0.2779090727017825,0.3737499165498364,0.3483410107483811,0.004459576740770412,0.007089925896254757,0.0035916950397222778,0.057026503771947394,0.06115227985846852,0.061926697376326854,0.1536684691901996,0.07084585085786768,0.006168636090526737,0.04018959877161359,0.015434942252486815,0.026169971293143735,0.011135589825756059,0.07080579477935776,0.072554910207624,0.16025101809199546,0.008291608251552174,0.10566793510915282,0.02053541624941585,0.04303358034581748,0.13590238324936577,0.3040161503555222,0.3386750991531783,0.22140636724193374
2801400,37920,8434,20549,8937,8723,18500,10697,1419,110,483,3081,8758,631,4488,1081,291,693,148,456,165,990,4208,3769,220,3001,486,3442,5018,9734,9591,5143,0.222415611814346,0.5419040084388186,0.23568037974683545,0.23003691983122362,0.4878691983122363,0.2820938818565401,0.037420886075949365,0.0029008438818565402,0.012737341772151899,0.08125,0.23095991561181434,0.01664029535864979,0.11835443037974684,0.028507383966244727,0.0076740506329113925,0.018275316455696203,0.0039029535864978904,0.012025316455696202,0.00435126582278481,0.02610759493670886,0.1109704641350211,0.09939345991561181,0.0058016877637130804,0.07914029535864979,0.012816455696202532,0.09077004219409282,0.17018245947229194,0.3301227701281964,0.3252730109204368,0.17442175947907482
2801500,41134,9173,22149,9812,11898,17124,12112,502,187,337,1487,3781,1385,5887,1108,341,1105,482,796,727,3051,4382,8231,246,4513,890,1696,4667,9809,10997,6488,0.22300286867311714,0.5384596684008363,0.23853746292604658,0.28924976904750327,0.4162979530315554,0.2944522779209413,0.012204016142363982,0.004546117566976224,0.008192735936208489,0.03615014343365586,0.0919190936937813,0.03367044294257791,0.1431176155978023,0.026936354354062334,0.008289979092721349,0.026863421986677686,0.011717800359799678,0.01935138814605922,0.01767394369621238,0.07417221763018428,0.10652987795983858,0.2001021053143385,0.005980454125540915,0.10971459133563476,0.02163660232411144,0.04123109836145281,0.1460217139638935,0.3069052908231908,0.3440755921279059,0.20299740308500985
2801600,53251,11460,28170,13621,14688,22725,15838,1026,431,1358,2199,6309,1868,7398,3342,647,1555,469,1016,240,1444,5713,9022,595,4687,1079,2853,6378,13138,14141,8134,0.21520722615537735,0.5290041501568046,0.2557886236878181,0.2758258060881486,0.42675254924790146,0.29742164466395,0.019267243807628027,0.008093744718409044,0.02550186850951156,0.041294999154945444,0.11847664832585303,0.03507915344312783,0.13892696850763367,0.06275938480028544,0.012150006572646524,0.029201329552496668,0.008807346340913786,0.01907945390696888,0.004506957615819421,0.027116861655180183,0.10728437024656814,0.16942404837467842,0.011173499089218981,0.08801712643894011,0.02026253028112148,0.05357645865805337,0.1526165920892058,0.31437390825775885,0.3383742911153119,0.19463520853772343
2801700,43202,9734,23259,10209,10763,18982,13457,961,1268,392,2683,9224,1208,4755,1563,301,850,423,781,706,746,4557,6852,208,2972,613,2139,4967,10843,11177,6481,0.2253136428869034,0.5383778528771817,0.236308504235915,0.2491319846303412,0.43937780658302855,0.31149020878663025,0.022244340539789825,0.029350493032729966,0.009073653997500116,0.062103606314522476,0.21350863385954355,0.02796166844127587,0.11006434887273737,0.03617888060737929,0.006967270033794732,0.01967501504559974,0.0097912133697514,0.018077866765427525,0.0163418360261099,0.017267719087079303,0.10548122772093885,0.15860376834405815,0.004814591917040878,0.0687931114300264,0.014189157909356048,0.049511596685338645,0.14841042189554202,0.32398111629018767,0.33396079837456677,0.1936476634397036
2801800,70249,19442,36717,14090,20774,28172,21303,380,247,664,3446,4783,2086,10623,2966,564,2116,872,1879,1432,3991,7454,13512,826,8130,1492,2786,6932,15193,17013,11669,0.2767583880197583,0.5226693618414497,0.200572250138792,0.2957195120215234,0.4010306196529488,0.30324986832552775,0.005409329670173241,0.0035160642856126067,0.009452091844723768,0.04905407906162365,0.06808637845378582,0.029694372873635213,0.15121923443750088,0.04222124158351009,0.008028584036783441,0.03012142521601731,0.012412988085239647,0.026747711711198736,0.020384631809705477,0.05681219661489843,0.10610827200387195,0.19234437500889692,0.011758174493587098,0.11573118478554854,0.02123873649446967,0.0396589275292175,0.1364378924163993,0.2990335977325959,0.33485543330643414,0.22967307654457064
2801900,32480,7544,17341,7595,8717,12656,11107,412,198,462,1451,2154,597,5238,578,268,840,236,2131,14,1435,4326,4346,285,4613,593,2303,3173,7423,8279,6061,0.23226600985221674,0.5338977832512315,0.2338362068965517,0.2683805418719212,0.3896551724137931,0.3419642857142857,0.01268472906403941,0.006096059113300492,0.014224137931034483,0.04467364532019705,0.06631773399014779,0.01838054187192118,0.16126847290640395,0.017795566502463053,0.008251231527093596,0.02586206896551724,0.007266009852216749,0.06560960591133005,0.0004310344827586207,0.04418103448275862,0.1331896551724138,0.1338054187192118,0.008774630541871921,0.14202586206896553,0.018257389162561578,0.0709051724137931,0.12724574911774142,0.29768206608918835,0.33200994546037854,0.2430622393326917
2802000,85097,20810,46182,18105,22435,36007,26655,15,6,755,3778,3077,1750,12463,2183,977,2156,1332,2741,1158,4783,5100,13645,1372,22460,1847,3499,9116,18763,21926,14482,0.2445444610268282,0.5426983324911572,0.21275720648201465,0.263640316344877,0.4231288999612207,0.3132307836939022,0.00017626943370506598,7.050777348202639e-05,0.008872228163154987,0.044396394702515954,0.0361587365006992,0.020564767265591033,0.14645639681774916,0.02565307825187727,0.011481015781989965,0.025335793271208152,0.01565272571300986,0.032210301185705725,0.013608000282031093,0.056206446760755376,0.05993160745972243,0.16034642819370837,0.01612277753622337,0.26393409873438545,0.021704642936883792,0.041117783235601724,0.1418016084122762,0.2918630516278563,0.3410642898253146,0.22527105013455287
2802100,48941,10278,27900,10763,10013,14715,24213,154,49,509,4718,12225,502,4944,633,606,1087,513,2362,303,2070,4392,6169,465,4506,1054,1680,5316,11765,12989,8593,0.21000796877873357,0.5700741709405203,0.2199178602807462,0.20459328579309782,0.30066815144766146,0.4947385627592407,0.0031466459614638035,0.0010012055331930284,0.010400277885617376,0.09640178991030016,0.2497905641486688,0.010257248523732658,0.1010195950225782,0.012933940867575244,0.012382256186019902,0.022210416624098405,0.010482008949551501,0.048262193253100674,0.006191128093009951,0.042295825585909566,0.08974070819966899,0.1260497333524039,0.009501236182342004,0.09207004352179154,0.021536135346641876,0.0343270468523324,0.1374957970152342,0.30429609704368515,0.33595427152574814,0.2222538344153325
2900100,34793,8229,17252,9312,10022,13985,10786,1566,91,472,1069,5080,1457,4164,633,585,1095,200,650,254,850,4986,5836,262,2281,869,2393,2629,9833,8518,5584,0.2365130917138505,0.4958468657488575,0.267640042537292,0.28804644612422037,0.40194866783548416,0.31000488604029547,0.04500905354525336,0.0026154686287471617,0.013565947173281983,0.030724571034403472,0.1460063805937976,0.041876239473457304,0.11967924582530969,0.018193314747219268,0.016813726899088898,0.03147184778547409,0.005748282700543212,0.018681918776765442,0.00730031902968988,0.024430201477308653,0.1433046877245423,0.16773488920185095,0.007530250337711608,0.06555916419969535,0.024976288333860258,0.06877820251199954,0.09896852883601867,0.37016262611052553,0.3206595392260202,0.21020930582743563
2900200,54245,13660,28212,12373,12781,19506,21958,73,49,463,2546,11253,1862,5579,1761,532,1995,389,1723,374,3644,3418,9163,853,4317,1328,2923,4513,13792,13410,8870,0.25182044428057887,0.5200848004424371,0.22809475527698406,0.2356161858235782,0.3595907456908471,0.4047930684855747,0.0013457461517190523,0.0009033090607429256,0.008535348880081114,0.046935201401050786,0.20744769103143146,0.034325744308231175,0.10284818877315882,0.032463821550373306,0.009807355516637478,0.03677758318739054,0.007171167849571389,0.031763296156327774,0.00689464466771131,0.06717669831320859,0.06301041570651673,0.1689187943589271,0.015724951608443175,0.07958337173933082,0.024481519034012352,0.05388515070513411,0.11119871873845016,0.3398299864481951,0.3304176419859554,0.21855365282739928
2900300,41683,9949,20545,11189,12609,16086,12988,673,149,429,1812,5287,1832,5419,1150,488,1278,219,1096,197,826,5493,7875,694,3805,1081,1880,3231,11689,10317,6497,0.23868243648489793,0.49288678837895544,0.2684307751361466,0.3024974210109637,0.3859127222128925,0.31158985677614376,0.01614567089700837,0.0035745987572871436,0.010291965549504595,0.0434709593839215,0.12683827939447737,0.04395077129765132,0.13000503802509417,0.02758918503946453,0.011707410695007556,0.030659981287335363,0.005253940455341506,0.026293692872394022,0.004726147350238706,0.01981623203704148,0.13178034210589448,0.1889259410311158,0.01664947340642468,0.09128421658709786,0.025933833937096657,0.045102319890602885,0.10181508791832104,0.3683431020356715,0.3251087162034411,0.20473309384256633
2900400,37360,9218,18874,9268,9472,14655,13233,726,174,271,2703,6634,1475,4753,1743,305,1094,198,664,161,1201,3893,4701,417,2727,1008,2512,3458,10291,9083,5310,0.24673447537473234,0.5051927194860814,0.2480728051391863,0.2535331905781585,0.3922644539614561,0.3542023554603854,0.01943254817987152,0.0046573875802997855,0.007253747323340471,0.07235010706638116,0.17756959314775161,0.03948072805139186,0.12722162740899357,0.046654175588865095,0.008163811563169164,0.029282655246252676,0.0052997858672376875,0.017773019271948607,0.0043094218415417555,0.032146680942184154,0.10420235546038543,0.12582976445396146,0.011161670235546038,0.07299250535331905,0.026980728051391862,0.06723768736616702,0.12287683888849407,0.3656811882595409,0.32275602302608203,0.18868594982588302
2900500,78480,17956,41678,18846,17236,32439,28805,454,152,1251,3952,6501,2237,8116,1923,1223,2567,460,2476,1205,3136,5306,8982,1086,5142,2083,20228,6141,19718,19671,14994,0.22879714576962285,0.5310652395514781,0.24013761467889908,0.21962283384301734,0.4133409785932722,0.3670361875637105,0.005784913353720693,0.0019367991845056064,0.015940366972477065,0.05035677879714577,0.08283639143730887,0.02850407747196738,0.10341488277268093,0.024503058103975534,0.015583588175331295,0.03270897043832824,0.005861365953109072,0.031549439347604485,0.015354230377166158,0.0399592252803262,0.06760958205912335,0.11444954128440367,0.013837920489296636,0.06551987767584098,0.026541794087665646,0.25774719673802243,0.10146388209635847,0.3257881171105677,0.3250115656599035,0.2477364351331703
2900600,95341,26812,48515,20014,24865,31269,39207,192,64,563,3608,4151,2581,10268,1547,1470,5370,1301,4170,3161,4593,14818,19286,1684,10706,2430,3378,6755,19596,21183,20995,0.2812221394782937,0.5088576792775407,0.20992018124416567,0.2608007048384221,0.3279701282763974,0.4112291668851806,0.0020138240630998205,0.0006712746876999402,0.005905119518360411,0.03784311051908413,0.04353845669753831,0.027071249514899153,0.10769763270785916,0.016225967841746992,0.015418340483108002,0.05632414176482311,0.013645755760900347,0.04373774137044923,0.03315467637217986,0.04817444750946602,0.1554210675365268,0.20228443167157886,0.017662915220104675,0.11229166885180562,0.025487460798607104,0.03543071711016247,0.09857140772519664,0.28595193275839426,0.3091100118198135,0.3063666476965956
2900700,50069,12347,25085,12637,13653,21318,15098,760,55,671,1879,8445,1832,5960,1749,656,1416,381,1063,905,1335,5650,8781,462,4012,1466,2591,4689,13215,12274,7544,0.24659969242445426,0.5010086081207933,0.2523916994547524,0.2726836964988316,0.4257724340410234,0.301543869460145,0.015179052906988356,0.0010984840919531047,0.013401505921827877,0.037528211068725156,0.16866723920989035,0.03658950648105614,0.11903573069164552,0.03493179412410873,0.013101919351295213,0.02828097225828357,0.007609498891529689,0.021230701631748186,0.01807505642213745,0.02666320477740718,0.11284427490063711,0.17537797838982205,0.00922726637240608,0.08012942139847011,0.029279594160059118,0.05174858695000899,0.12430411961189756,0.350326069667568,0.32538041461216266,0.19998939610837177
2900800,33528,8783,16400,8345,10050,13365,10113,449,55,223,2034,3479,929,4129,1114,337,960,266,831,127,829,5679,5790,285,3208,779,2025,2642,8529,7934,5640,0.2619601527081842,0.4891434025292293,0.2488964447625865,0.2997494631352899,0.3986220472440945,0.3016284896206156,0.013391791935099021,0.0016404199475065617,0.006651157241708423,0.06066571224051539,0.10376401813409687,0.027708184204247196,0.12315079933190169,0.03322596039131472,0.010051300405631115,0.02863278453829635,0.00793366738248628,0.024785254115962777,0.003787878787878788,0.024725602481507993,0.16938081603435934,0.17269148174659985,0.008500357909806728,0.09568122166547363,0.023234311620138393,0.06039727988546886,0.10676904425136391,0.34467569205900184,0.3206304303899778,0.2279248332996565
2900900,156897,41736,81974,33187,38069,51670,67158,178,138,543,6580,18139,9275,19549,9232,1487,4540,2909,11872,1751,13990,11329,17787,4900,15578,4031,3089,13702,35643,37563,28253,0.2660089103042123,0.5224701555797753,0.21152093411601242,0.24263688916932766,0.3293243337986067,0.4280387770320656,0.0011345022530704857,0.0008795579265377923,0.003460869232681313,0.04193834171462807,0.11561087847441315,0.059115215714768285,0.12459766598469059,0.05884115056374564,0.009477555338852878,0.028936181061460703,0.018540826147090128,0.0756674761149034,0.011160187893968655,0.08916677820480952,0.0722066068822221,0.11336736840092544,0.031230680000254946,0.09928806796815745,0.02569201450633218,0.01968807561648725,0.11898125233368936,0.3095058222835856,0.3261781332221846,0.24533479216054047
2901000,388541,90249,208418,89874,83562,113943,191036,205,92,3311,19839,23882,14883,38895,11686,10218,23422,6225,41771,9927,18572,25411,63401,7028,36725,11988,21060,32327,85088,93888,86989,0.23227664519317137,0.5364118587227603,0.23131149608406834,0.21506610627964617,0.29325862650273715,0.4916752672176167,0.0005276148463096559,0.0002367832480999431,0.008521623200640344,0.051060248467986645,0.061465842729596105,0.03830483784208102,0.10010526559616617,0.030076619970607992,0.026298382924839336,0.06028192648909639,0.016021475211110282,0.107507315830247,0.025549427216175383,0.047799331344697216,0.06540107736377886,0.1631771164433097,0.018088181170069568,0.09452026941815664,0.030853886719805632,0.05420277396722611,0.10837367411797835,0.28525069395089375,0.31475198798492754,0.2916236439462004
2901100,31957,8813,15695,7449,9959,11675,10323,553,88,238,2246,2017,1008,4700,2485,199,843,173,1124,90,2147,3663,4573,542,3448,667,1153,2826,7888,7440,4990,0.27577682510873985,0.49112870419626375,0.2330944706949964,0.3116375129079701,0.36533466846074414,0.32302781863128577,0.017304502925806552,0.0027537002847576432,0.007447507588321808,0.07028194135870075,0.0631160622085928,0.031542385079951184,0.1470726288450105,0.07776074099571299,0.006227117689395125,0.026379197046030603,0.005413524423444003,0.035172262728040804,0.0028162843821384984,0.0671840285383484,0.11462277435303689,0.14309853866132616,0.01696029039021185,0.10789498388459492,0.02087179647651532,0.03607973214006321,0.12210508123055652,0.34082267542343586,0.3214656066367093,0.2156066367092983
2901200,33043,7738,16648,8657,9256,13704,10083,1265,57,391,1634,4110,1068,4302,998,352,1310,221,860,113,885,3547,7034,331,2692,726,1147,2923,9563,8146,4673,0.23417970523257572,0.5038283448839391,0.2619919498834852,0.28011984383984506,0.4147323184940835,0.3051478376660715,0.038283448839391096,0.0017250249674666343,0.011833066004902703,0.04945071573404352,0.12438337923312048,0.03232152044305905,0.13019398964985018,0.030203068728626336,0.01065278576400448,0.03964531065581212,0.0066882546984232665,0.026026692491601854,0.0034197863390128015,0.026783282389613534,0.1073449747298974,0.2128741337045668,0.010017250249674666,0.0814696002178979,0.021971370638259238,0.034712344520775956,0.11551076862280182,0.3779095040505829,0.32191266548113023,0.1846670618454851
2901300,29860,7576,15051,7233,8380,13659,7821,284,26,233,966,6703,1415,4161,570,240,805,213,510,89,966,3544,5103,239,2326,558,909,2739,8504,7207,3834,0.25371734762223713,0.5040522438044206,0.24223040857334227,0.28064300066979236,0.4574346952444742,0.2619223040857334,0.009511051574012056,0.0008707300736771601,0.007803081044876088,0.03235097119892833,0.22448091091761554,0.04738780977896852,0.13935030140656396,0.019089082384460818,0.008037508372404554,0.026959142665773612,0.007133288680509042,0.01707970529135968,0.0029805760214333555,0.03235097119892833,0.11868720696584059,0.17089752176825185,0.008004018754186203,0.07789685197588747,0.01868720696584059,0.03044206296048225,0.12291330102315563,0.381619098905044,0.3234159037874708,0.17205169628432956
2901400,36800,9509,18273,9018,10570,16706,9524,201,52,256,2614,2163,732,6560,740,368,976,640,1730,63,1816,3710,4610,891,6469,929,1280,3394,9810,8984,5103,0.25839673913043476,0.49654891304347826,0.24505434782608695,0.2872282608695652,0.4539673913043478,0.25880434782608697,0.005461956521739131,0.0014130434782608696,0.006956521739130435,0.07103260869565217,0.058777173913043476,0.019891304347826086,0.1782608695652174,0.02010869565217391,0.01,0.026521739130434784,0.017391304347826087,0.04701086956521739,0.0017119565217391304,0.04934782608695652,0.10081521739130435,0.1252717391304348,0.02421195652173913,0.17578804347826088,0.025244565217391303,0.034782608695652174,0.12436334322670478,0.359459162361218,0.3291927741746363,0.18698472023744092
2901500,34684,8679,17495,8510,10197,13992,10495,72,284,200,1190,5270,1294,4240,1786,297,959,323,674,266,812,3733,7497,614,3164,820,1189,2970,9249,8622,5164,0.2502306539038173,0.5044112559105063,0.2453580901856764,0.2939972321531542,0.4034136777764964,0.30258909007034945,0.0020758851343558988,0.008188213585514935,0.0057663475954330525,0.03430976819282666,0.15194325913966095,0.03730826894245185,0.12224656902318072,0.05149348402721716,0.008563026179218083,0.027649636720101487,0.00931265136662438,0.019432591396609387,0.0076692423019259605,0.023411371237458192,0.10762887786875792,0.21615153961480799,0.01770268711797947,0.0912236189597509,0.023642025141275516,0.034280936454849496,0.11420880599884638,0.35566237262064987,0.3315516246875601,0.19857719669294366
2901600,38404,9412,19678,9314,9476,14424,14504,125,58,349,2691,9975,1021,4767,1359,655,1066,453,1399,386,1810,3118,3590,447,3152,1012,971,3344,10563,9678,5407,0.2450786376419123,0.5123945422351839,0.24252682012290386,0.24674513071555046,0.3755858764712009,0.3776689928132486,0.0032548692844495365,0.0015102593479845848,0.009087595042183106,0.07007082595562962,0.259738568899073,0.026585772315383813,0.12412769503176753,0.03538693886053536,0.01705551505051557,0.02775752525778565,0.01179564628684512,0.03642849703155921,0.010051036350380169,0.04713050723882929,0.08118945943130924,0.09347984584939069,0.011639412561191543,0.08207478387667952,0.026351421726903447,0.025283824601604,0.1153421633554084,0.36434188741721857,0.3338162251655629,0.18649972406181015
2901700,152047,41658,78218,32171,40821,48142,63084,182,56,496,9456,15550,6433,20298,5098,4485,8087,2086,6146,1472,10063,13543,19423,3578,17600,5104,2891,12101,33869,36195,28224,0.2739810716423211,0.5144330371529856,0.2115858912046933,0.2684761948607996,0.31662578018638976,0.41489802495281064,0.0011969982965793471,0.00036830716817826066,0.0032621492038645947,0.0621912961123863,0.10227100830664203,0.04230928594447769,0.13349819463718454,0.03352910613165666,0.0294974580228482,0.05318750123317132,0.01371944201464021,0.04042171170756411,0.00968121699211428,0.06618348273888995,0.08907114247568186,0.12774339513439922,0.02353219728110387,0.11575368142745335,0.03356856761396147,0.019013857557202706,0.10962142967143465,0.3068149906240658,0.32788593066338134,0.2556776490411182
2901800,642868,146153,343116,153599,141554,192556,308758,343,401,1402,30679,45117,37309,69924,21893,16700,39131,12072,45561,29832,51489,42406,103686,11489,53668,18510,11256,50368,137494,161952,146901,0.2273452715020813,0.5337269859442374,0.23892774255368132,0.22019139232315188,0.2995264968858304,0.48028211079101774,0.0005335465445472477,0.0006237672430421175,0.00218085205672082,0.047722082915932974,0.07018081472401799,0.058035242071467236,0.10876882968198759,0.03405520262324459,0.025977339049384943,0.06086941642763367,0.018778349521208087,0.07087146972628906,0.046404549612050996,0.08009264732417852,0.06596377483402502,0.16128660938170822,0.017871475948406206,0.08348214563487372,0.02879284705413864,0.017509037625142332,0.10140221253636392,0.27680661949004964,0.3260461230282959,0.2957450449452906
2901900,230544,46825,127804,55915,46750,65325,118469,264,0,3037,7266,18416,8578,8605,7739,5715,15139,2331,17955,9605,15640,13125,52462,6950,21851,7455,8411,20402,50716,58867,53734,0.20310656534110624,0.5543583871191616,0.24253504753973212,0.2027812478312166,0.28335155111388716,0.5138672010548962,0.001145117634811576,0.0,0.013173190367131654,0.03151676035810951,0.07988063016170449,0.03720764799777917,0.037324762301339444,0.03356842945381359,0.024789194253591506,0.06566642376292595,0.010110868207370394,0.07788101186758276,0.04166232909986814,0.06783954472898883,0.05693056423068915,0.2275574293844125,0.030146089249774445,0.09478017211465056,0.03233656048303144,0.036483274342424876,0.11105002748763057,0.2760520142173646,0.3204186828798328,0.2924792754151721
2902000,49208,13132,25377,10699,14561,17928,16719,86,150,355,4232,4119,1978,7277,1098,515,1167,425,1330,95,3059,6823,6717,435,5747,2072,1528,4236,12222,12101,7517,0.2668671760689319,0.5157088278328728,0.2174239960981954,0.2959071695659242,0.36433100308892863,0.33976182734514715,0.0017476833035278817,0.0030482848317346773,0.00721427410177207,0.08600227605267437,0.08370590147943424,0.04019671598114128,0.1478824581368883,0.02231344496829784,0.010465777922289058,0.023715655990895788,0.008636807023248252,0.027028125508047472,0.0019305803934319622,0.06216468866850919,0.13865631604617135,0.13650219476507885,0.008840026012030565,0.1167899528531946,0.04210697447569501,0.031051861485937245,0.11741878257012972,0.33878478767047343,0.3354307572901652,0.20836567246923163
2902100,45043,11068,23466,10509,12291,18761,13991,131,383,259,2578,7180,1526,5190,1364,337,1700,239,1024,321,1561,3980,8905,511,3185,1179,3490,4086,12746,11332,5811,0.24572075572230978,0.5209688519858802,0.23331039229181005,0.27287258841551404,0.4165131096951802,0.3106143018893058,0.0029083320382745376,0.008502986035566014,0.0057500610527717955,0.05723419843260884,0.15940323690695557,0.0338787380947095,0.11522323113469352,0.030282174810736407,0.007481739670981063,0.03774171347379171,0.005306040894256599,0.022733832115978066,0.007126523544168905,0.03465577337211109,0.08836001154452412,0.19769997557889127,0.011344715050063273,0.07071021024354505,0.02617498834447084,0.0774815176609018,0.12026490066225165,0.3751582045621781,0.3335393671817513,0.171037527593819
2902200,58818,15315,30056,13447,16126,22696,19996,394,242,315,2867,6712,2552,6812,1919,1153,1346,484,1992,741,2879,5083,14181,936,5067,1404,1739,5074,15338,13929,9162,0.26037947567071307,0.5110000340031963,0.22862049032609066,0.2741677717705464,0.38586827161753207,0.3399639566119215,0.0066986296711890915,0.004114386752354721,0.005355503417321228,0.048743581896698286,0.11411472678431772,0.04338807847937706,0.11581488659934033,0.03262606685028393,0.01960284266721072,0.022884151110204358,0.008228773504709443,0.033867183515250435,0.012598184229317556,0.048947601074501,0.08641912339759937,0.24109966336835661,0.01591349586861165,0.08614709782719576,0.023870243802917475,0.029565779183243227,0.1166356343240696,0.35257338574351194,0.3201848148403558,0.21060616509206262
2902300,34852,7835,18188,8829,11067,13930,9855,1607,19,501,989,4049,1842,4351,1833,232,996,622,415,120,426,3340,8426,335,2390,462,1897,3859,10220,8298,4640,0.2248077585217491,0.5218638815562952,0.2533283599219557,0.31754275220934236,0.3996901182141627,0.2827671295764949,0.04610926202226558,0.0005451624010099851,0.014375071731894869,0.028377137610467118,0.11617697693102261,0.05285206014002066,0.12484218983128659,0.05259382531848961,0.006656719843911397,0.028577986916102374,0.017846895443590038,0.01190749454837599,0.0034431309537472743,0.012223114885802824,0.09583381154596579,0.24176517846895443,0.009612073912544475,0.06857569149546655,0.013256054171927005,0.05443016182715483,0.1428359921530888,0.37828034200688454,0.30713994892104973,0.17174371691897694
2902400,32668,7882,17000,7786,10647,13781,8240,245,831,316,1251,4200,803,3892,627,411,978,255,628,186,1140,3118,8617,230,2849,807,1284,3228,9083,8258,4217,0.2412758662911718,0.5203869229827354,0.23833721072609282,0.32591526876454024,0.421850128566181,0.25223460266927883,0.007499693890045304,0.025437737235214888,0.009673074568384964,0.03829435533243541,0.1285661809722052,0.024580629362066855,0.11913799436757683,0.019193094159422063,0.012581119137994368,0.029937553569242072,0.007805803844741031,0.01922370515489164,0.005693645157340517,0.03489653483531285,0.09544508387412759,0.2637749479613077,0.007040528958001714,0.08721072609281254,0.024703073343945146,0.039304518182931306,0.13023480997337206,0.3664568708141693,0.3331719519083354,0.1701363673041233
2902500,31470,7457,16120,7893,9207,14528,7735,203,92,294,917,4985,1052,4177,968,364,852,190,972,489,806,3682,6146,198,2455,779,1849,2891,9252,7768,4102,0.23695583095011122,0.5122338735303463,0.2508102955195424,0.2925643469971401,0.46164601207499206,0.24578964092786781,0.006450587861455354,0.00292341912932952,0.009342230695900858,0.029138862408643152,0.15840482999682237,0.033428662217985385,0.13272958373053703,0.030759453447727996,0.011566571337782015,0.027073403241182077,0.0060374960279631395,0.03088655862726406,0.01553860819828408,0.02561169367651732,0.11700031776294884,0.19529710835716554,0.006291706387035272,0.07801080394026057,0.02475373371464887,0.058754369240546556,0.12039312039312039,0.38529130054553784,0.32349144213550995,0.17082413692583184
2902600,201727,55503,102996,43228,49426,80367,71934,294,156,916,9570,15857,11404,23717,11399,4155,8216,2924,9662,4097,11899,16604,37236,2963,19414,5772,5472,15963,47892,49041,33328,0.27513917323908055,0.5105712175365718,0.21428960922434775,0.24501430150649145,0.3983948603806134,0.35659083811289516,0.0014574152195789359,0.0007733223614092313,0.004540790275967025,0.047440352555681686,0.07860623515939859,0.05653184749686457,0.11756978490732525,0.056507061523742484,0.02059714366445741,0.04072831103421951,0.014494837081798669,0.04789641446112816,0.020309626376241157,0.05898565883595156,0.08230925954383896,0.1845860990348342,0.014688167672150976,0.09623897643845394,0.028612927372141557,0.027125768984816112,0.10916812561549404,0.327524893314367,0.3353827005142795,0.2279242805558595
2902700,56056,14209,28144,13703,15400,25995,14661,619,85,328,2322,9527,1015,7274,903,612,1014,978,2105,226,3891,4384,4380,3804,9799,1365,1425,6213,14881,13335,7418,0.2534786641929499,0.5020693592122164,0.24445197659483373,0.27472527472527475,0.463732695875553,0.26154202939917226,0.011042528899671757,0.0015163408020550878,0.00585129156557728,0.04142286285143428,0.16995504495504496,0.018106893106893108,0.12976309404880834,0.016108891108891108,0.010917653774796632,0.018089053803339517,0.017446838875410303,0.03755173398030541,0.004031682603111175,0.06941273012701585,0.07820750677893536,0.078136149564721,0.06786071071785357,0.17480733552162123,0.024350649350649352,0.025421007563864707,0.1484694243314933,0.3556049418118384,0.3186608359022152,0.17726479795445313
2902800,78997,19457,40888,18652,18926,31833,28238,479,141,621,3115,13445,3193,9790,6093,708,1630,623,2127,1746,4200,7221,12814,735,6430,2194,1692,7502,21135,19868,11035,0.24630049242376292,0.5175892755421092,0.23611023203412787,0.23957871817917137,0.40296466954441307,0.35745661227641556,0.006063521399546818,0.0017848779067559527,0.007861058014861325,0.039431877159892145,0.17019633656974315,0.04041925642745927,0.12392875678823247,0.07712951124726256,0.008962365659455422,0.020633694950441157,0.00788637543197843,0.026925073104041925,0.022102105143233287,0.053166575945921994,0.09140853450131017,0.1622086914692963,0.009304150790536349,0.08139549603149486,0.027773206577464966,0.021418534881071434,0.1259993281827343,0.3549714477662076,0.33369163587504197,0.18533758817601612
3000100,52274,11367,27072,13835,14333,19351,18590,482,378,319,3845,2964,1317,7309,1169,506,1785,827,2381,153,2065,4617,8669,1804,6454,1971,3259,4250,13409,14143,9105,0.21745035773042048,0.5178865210238359,0.2646631212457436,0.27418984581244976,0.3701840303018709,0.3556261238856793,0.009220645062554999,0.007231128285572178,0.006102460114014615,0.07355473084133604,0.05670122814401041,0.025194169185445918,0.13982094349007154,0.02236293377204729,0.009679764318781803,0.03414699468186862,0.01582048437081532,0.045548456211500936,0.002926885258445881,0.039503386004514675,0.0883230669166316,0.16583770134292383,0.03451046409304817,0.12346481998699162,0.037705168917626354,0.06234456900179822,0.10389419903683966,0.3277923093847019,0.3457354487007114,0.22257804287774707
3000200,87431,20646,45097,21688,24355,32208,30868,1021,160,356,5176,4256,2737,11583,2273,1613,3133,1236,4606,343,4529,9074,14755,2076,9027,3981,5496,6629,20855,22656,16645,0.23614049936521372,0.5158010316706889,0.2480584689640974,0.278562523590031,0.368381924031522,0.353055552378447,0.011677780192380277,0.0018300145257402981,0.004071782319772163,0.059200969907698645,0.04867838638469193,0.03130468598094498,0.1324816140728117,0.02599764385629811,0.01844883393761938,0.03583397193215221,0.014136862211343802,0.05268154315974883,0.003923093639555764,0.05180084866923631,0.10378469879104665,0.1687616520456131,0.02374443847148037,0.10324713202411044,0.04553304891857579,0.06286099895917924,0.09925881560230591,0.31227071947293555,0.33923785281126,0.24923261211349854
3000300,71640,15075,36887,19678,18769,23784,29087,1003,946,1017,3939,2673,1475,7726,1184,854,2410,752,3494,450,2150,5704,12431,1450,8698,3062,10222,5070,17740,19430,14325,0.21042713567839197,0.514893914014517,0.274678950307091,0.26199050809603575,0.3319932998324958,0.40601619207146844,0.014000558347292016,0.013204913456169738,0.014195979899497488,0.054983249581239534,0.037311557788944724,0.020589056393076493,0.10784477945281966,0.016527079843662758,0.01192071468453378,0.03364042434394193,0.010496929089893914,0.048771635957565604,0.00628140703517588,0.03001116694584031,0.07962032384142936,0.17352037967615858,0.020240089335566723,0.12141261864879956,0.04274148520379676,0.1426856504745952,0.0896313975072925,0.31362149739238043,0.3434986298948113,0.2532484752055158
3000400,55699,12348,27521,15830,15999,20674,19026,1000,193,477,3221,1812,2577,7464,1649,967,2473,536,1839,200,2090,5903,10396,1281,5902,2031,3688,4344,14294,15354,9359,0.22169159230865904,0.4941022280471822,0.2842061796441588,0.2872403454281046,0.3711736296881452,0.3415860248837502,0.01795364369198729,0.003465053232553547,0.008563888041077937,0.05782868633189106,0.03253200236988097,0.046266539794251244,0.13400599651699313,0.02960555844808704,0.017361173450151708,0.044399360850284564,0.009623153018905187,0.03301675074956462,0.003590728738397458,0.037523115316253436,0.10598035871380096,0.18664607982189985,0.022998617569435716,0.10596240507010898,0.03646385033842618,0.06621303793604912,0.10020530091578049,0.3297271112546423,0.3541786809992849,0.21588890683029227
3000500,72297,19347,36899,16051,19598,23956,28743,976,1705,214,6613,4341,2214,9267,1539,898,1729,1235,5162,332,2408,8736,7460,2771,9304,3085,2308,5134,15959,16937,14920,0.2676044649155567,0.5103807903509135,0.22201474473352975,0.2710762548930108,0.33135538127446507,0.3975683638325242,0.013499868597590494,0.02358327454804487,0.00296001217201267,0.0914699088482233,0.060043985227602806,0.030623677331009586,0.1281795925142122,0.021287190339848126,0.012420985656389615,0.023915238529952833,0.017082313235680595,0.07139991977537104,0.004592168416393488,0.03330705285143229,0.12083488941449853,0.10318547104305849,0.03832800807779023,0.12869137031965366,0.04267120350775274,0.03192386959348244,0.0969593956562795,0.3013975448536355,0.3198677998111426,0.2817752596789424
3000690,123564,27583,62495,33486,30890,41146,51528,1294,3060,1168,7391,4530,7410,15578,5269,1874,4282,1559,6287,799,4203,10888,18940,2669,12450,4817,9096,9681,31401,33546,21353,0.22322844841539607,0.5057702890809621,0.2710012625036418,0.24999190702793694,0.3329934285066848,0.41701466446537827,0.010472305849600207,0.024764494512964943,0.009452591369654591,0.0598151565180797,0.03666116344566379,0.05996892298727785,0.1260723187983555,0.04264186980026545,0.01516622964617526,0.034654106374024794,0.012616943446311223,0.050880515360460975,0.00646628467838529,0.034014761581043024,0.08811627982260205,0.1532808908743647,0.021600142436308308,0.10075750218510246,0.038983846427762134,0.07361367388559775,0.10086371260978735,0.3271585001198154,0.34950667319573664,0.2224711140746606
3100100,44199,9813,21130,13256,12310,17039,14850,2316,161,403,1836,2154,2749,6044,1313,615,1685,234,1005,773,1552,4927,7770,287,3879,1091,3405,3666,10968,12452,7300,0.22201859770583046,0.47806511459535284,0.29991628769881673,0.27851308853141477,0.3855064594221589,0.3359804520464264,0.052399375551483066,0.003642616348786172,0.009117853345098306,0.04153940134392181,0.04873413425643114,0.06219597728455395,0.13674517523020882,0.029706554446933188,0.01391434195343786,0.038123034457793165,0.005294237426186113,0.022738070997081382,0.017489083463426775,0.03511391660444806,0.11147311025136315,0.17579583248489786,0.006493359578271002,0.0877621665648544,0.024683816375936106,0.07703794203488766,0.10661315651718722,0.318967021462223,0.3621241202815099,0.21229570173907986
3100200,88790,19964,43976,24850,20194,30979,37617,3074,194,1030,4251,22056,4398,8488,4214,654,3221,473,1920,234,2330,8681,11211,790,4713,2019,4839,9321,21504,24193,13808,0.22484514021849308,0.49528100011262527,0.2798738596688816,0.2274355220182453,0.3489019033674963,0.4236625746142584,0.03462101588016669,0.0021849307354431806,0.011600405451064309,0.04787701317715959,0.24840635206667416,0.049532605023088185,0.09559635094042122,0.0474602995832864,0.007365694334947629,0.036276607726095284,0.00532717648383827,0.021624056763149005,0.0026354319180087846,0.026241693884446447,0.09777001914630026,0.12626421894357473,0.008897398355670683,0.05308030183579232,0.022739047189998873,0.05449938056087397,0.13542847179844827,0.3124400662540319,0.35150960392874786,0.20062185801877197
3100300,51254,11644,25968,13642,12513,19097,19644,1598,55,308,2561,9078,2825,6249,2181,488,2005,441,1236,473,1912,4835,6779,666,3810,1425,2329,4659,12162,14048,8741,0.22718226870097943,0.5066531392671791,0.2661645920318414,0.2441370429625005,0.37259530963437,0.3832676474031295,0.031178054395754478,0.0010730869785772817,0.006009287080032778,0.049966831857025794,0.1771178834822648,0.055117649354196746,0.12192219143871698,0.04255277636867366,0.009521208100831154,0.03911889803722636,0.008604206500956023,0.024115191009482187,0.009228548015764624,0.03730440550981387,0.09433410075311195,0.13226284777773442,0.012994107776953994,0.07433566160689897,0.027802708081320484,0.04544035587466344,0.11762181267356728,0.3070436758394345,0.3546579146680131,0.2206765968189851
3100400,42543,9370,21085,12088,11047,16162,15334,2297,179,577,2080,5099,2274,5393,1367,544,1401,253,1006,422,748,4419,6532,418,3586,1049,2899,4306,10256,11770,6841,0.22024774933596597,0.49561620007991913,0.2841360505841149,0.25966669017229627,0.37989798556754345,0.3604353242601603,0.05399243118726935,0.004207507698093693,0.013562748278212631,0.04889170956444068,0.11985520532167454,0.053451801706508706,0.12676586042357144,0.03213219566086078,0.012787062501469102,0.0329313870672026,0.005946924288367064,0.023646663375878525,0.009919375690477869,0.017582210939520015,0.10387137719483816,0.15353877253602238,0.009825353172084715,0.0842911877394636,0.02465740544860494,0.0681428202054392,0.12980435896662948,0.30916709372079704,0.3548066198414373,0.20622192747113616
3100500,54939,13845,26778,14316,14633,19527,20779,1615,86,483,2833,7314,2838,6158,1325,597,1538,362,1609,1051,1652,5740,9767,726,4772,1839,2634,3859,12225,14915,10095,0.2520067711461803,0.4874133129470868,0.2605799159067329,0.26634995176468446,0.355430568448643,0.3782194797866725,0.029396239465589107,0.0015653725040499463,0.008791568830885164,0.051566282604343,0.13312947086768961,0.051657292633648225,0.11208795209232057,0.0241176577658858,0.010866597499044395,0.027994685014288576,0.006589126121698611,0.029287027430422833,0.01913030815995923,0.030069713682447805,0.10447951364240339,0.17777899124483518,0.013214656255119315,0.08685997196891097,0.03347348877846339,0.04794408343799487,0.09390665303937315,0.29748868447948607,0.3629483622913321,0.24565630018980872
3100600,55951,11517,27760,16674,13881,20399,21671,1866,42,1027,2557,11183,3018,5158,1513,388,2179,217,1063,92,1358,6470,8586,432,3477,1380,3945,4510,14394,15505,10025,0.20584082500759593,0.4961484155779164,0.2980107594144877,0.2480920805704992,0.36458687065468,0.3873210487748208,0.03335061035548963,0.0007506568247216314,0.018355346642597987,0.04570070240031456,0.19987131597290486,0.05394005469071152,0.09218780718843274,0.027041518471519723,0.006934639237904595,0.03894479097781988,0.0038783935943950956,0.01899876677807367,0.0016442959017711927,0.024271237332666083,0.11563689657021323,0.15345570231095065,0.007721041625708209,0.062143661418026484,0.02466443852656789,0.07050812317921037,0.10149885223027412,0.3239411261646487,0.3489445019579601,0.22561551964711707
3100701,36043,8414,17884,9745,9200,12496,14347,535,350,322,2805,6044,1609,4588,1396,451,1018,227,885,250,1337,3860,4614,484,2440,988,1840,2864,8725,9668,6372,0.2334433870654496,0.49618511222706213,0.2703715007074883,0.25525067280747993,0.34669700080459454,0.39805232638792554,0.014843381516521932,0.009710623422023694,0.008933773548261798,0.07782371056793275,0.16768859417917487,0.04464112310296035,0.1272924007435563,0.03873151513470022,0.012512831895236245,0.02824404183891463,0.006298032905141081,0.024554004938545627,0.006936159587159782,0.03709458147213051,0.10709430402574703,0.12801376134062092,0.013428404960741337,0.06769691757067947,0.027411702688455455,0.05105013456149599,0.10365919866806617,0.31579137862390966,0.3499221832132904,0.2306272394947338
3100702,73558,18891,39215,15452,16508,23621,33429,53,16,135,7463,3507,4978,9012,10425,1278,4114,751,3621,2047,2701,6706,6383,869,6061,1621,1817,6226,15766,18489,14186,0.25681774925908807,0.5331167242176242,0.21006552652328775,0.22442154490334157,0.3211207482530792,0.4544577068435792,0.000720519861877702,0.00021751543000081568,0.0018352864406318823,0.10145735338100546,0.04767666331330379,0.06767448815900377,0.12251556594795944,0.14172489735990648,0.01737404497131515,0.05592865493895973,0.010209630495663286,0.0492264607520596,0.027828380325729356,0.036719323527012696,0.09116615459909187,0.08677506185595041,0.011813806791919302,0.082397563827184,0.02203703200195764,0.02470159601946763,0.11388954945396675,0.2884006804836556,0.3382113523698026,0.25949841769257503
3100800,178088,47083,90191,40814,43190,58479,76419,329,12,827,9240,12570,4489,17906,8356,3628,10325,1951,10186,2546,12096,19343,26368,3683,14756,5264,14213,11608,33774,45326,40297,0.2643805309734513,0.5064406360900229,0.22917883293652577,0.24252055163739275,0.3283713669646467,0.4291080813979606,0.0018474012847580971,6.73824176811464e-05,0.004643771618525673,0.05188446161448273,0.07058308252100086,0.025206639414222184,0.10054579758321729,0.04692062351197161,0.020371950945599928,0.05797695521315305,0.010955258074659718,0.05719644220834644,0.014296302951349895,0.06792147702259557,0.10861484210053457,0.14806163245137235,0.020680787026638517,0.08285791294191636,0.029558420556129554,0.07980885854184448,0.0886073050646922,0.25780695393305597,0.3459867943971604,0.3075989466050914
3100900,349067,85960,185895,77212,78220,110952,159895,490,30,2466,16711,23984,11402,37525,8913,9564,29480,5611,23965,14184,26816,27680,58606,6376,29513,9020,6731,26924,68997,86893,80293,0.24625644933494142,0.5325481927538266,0.22119535791123193,0.2240830556884495,0.3178530196208751,0.4580639246906754,0.001403741975036311,8.594338622671292e-05,0.007064546347835802,0.04787333090781999,0.06870887250871609,0.03266421632523269,0.10750085227191342,0.02553378004795641,0.02739875152907608,0.0844537008654499,0.016074278003936206,0.06865444169743917,0.04063403300798987,0.0768219281685178,0.07929709769184712,0.16789326977342459,0.018265834352717388,0.08454823859029928,0.025840311458831686,0.01928283108973349,0.10233099081362336,0.262239317083924,0.33025727175635766,0.30517242034609493
3200100,222872,54572,114728,53572,47331,79898,95643,456,264,831,16599,13469,9695,24226,15310,3138,6176,4350,11360,3100,17051,16981,25786,6379,33156,6073,8472,25574,40424,54848,47454,0.24485803510535195,0.5147708101511181,0.2403711547435299,0.2123685344053986,0.35849276714885675,0.42913869844574465,0.002046017444990847,0.0011845364155210166,0.003728597580674109,0.07447772712588392,0.060433791593380956,0.0435003051078646,0.10869916364550056,0.06869413833949532,0.014079830575397538,0.02771097311461287,0.01951792957392584,0.05097096091029829,0.0139093291216483,0.07650579704942748,0.07619171542409993,0.11569869700994292,0.028621809828062745,0.1487670052765713,0.027248824437345203,0.03801285042535626,0.15195484254307784,0.2401901366607249,0.3258942364824718,0.2819607843137255
3200200,73705,16732,37862,19111,13388,26710,33607,886,347,413,5023,13543,1243,6417,5113,811,1305,797,1998,627,3181,4396,6622,2809,8560,1419,8195,8337,15302,19511,13823,0.2270130927345499,0.5136964927752526,0.2592904144901974,0.18164303642900753,0.36239061122040567,0.4559663523505868,0.012020894104877552,0.004707957397734211,0.0056034190353436,0.06815005766230242,0.1837460145173326,0.016864527508310155,0.0870632928566583,0.06937114171358795,0.011003324062139611,0.017705718743640186,0.01081337765416186,0.027108065938538768,0.008506885557289193,0.04315853741265857,0.05964317210501323,0.08984465097347534,0.03811139000067838,0.11613866087782376,0.019252425208601858,0.11118648666983244,0.14633247327681534,0.26858336404963756,0.34246046372843275,0.24262369894511435
3200300,62749,13181,33567,16001,12134,18592,32023,1539,12399,754,3634,1209,1789,6139,1730,527,564,597,1136,955,2590,5441,5017,1650,8454,1582,5043,7919,15128,17030,9491,0.21005912444819838,0.5349407958692569,0.25500007968254473,0.19337359957927616,0.296291574367719,0.5103348260530048,0.024526287271510305,0.19759677445058885,0.01201612774705573,0.05791327351830308,0.01926723931855488,0.028510414508597745,0.09783422843391927,0.02757016048064511,0.00839854021578033,0.008988191046869274,0.009514095842164816,0.018103874165325343,0.015219366045674034,0.04127555817622591,0.08671054518797112,0.07995346539387081,0.02629523976477713,0.134727246649349,0.02521155715628934,0.08036781462652791,0.15976032924467398,0.3051969012265978,0.34356843124596514,0.19147433828276308
3200400,992830,225541,550815,216474,202774,383520,406536,1765,587,3184,62383,24098,24196,109112,43837,13250,27730,21972,45240,23313,80096,60716,99403,23758,268968,25860,33362,142791,190712,242486,191300,0.2271698075199178,0.5547928648409093,0.21803732763917286,0.20423838925092916,0.3862896971284107,0.40947191362066016,0.0017777464419890616,0.0005912391849561355,0.003206994148041457,0.06283351631195673,0.02427203045838663,0.024370738192842682,0.10989998287722974,0.044153581177039374,0.013345688587170008,0.02793025996394146,0.02213067695375845,0.04556671333460915,0.023481361360958068,0.08067443570399767,0.06115447760442372,0.10012086661361966,0.02392957505313095,0.27091042776709,0.0260467552350352,0.03360293302982384,0.18609806735141518,0.24855302239443025,0.3160295534016518,0.24931935685250278
3300100,63924,13384,32040,18500,14379,19259,30286,465,51,235,1908,5730,1112,7599,1033,664,1185,565,2362,617,1728,10997,15346,1488,6628,1367,2844,4270,14579,15924,15767,0.20937363118703461,0.5012201989862962,0.28940616982666917,0.22493899005068518,0.3012796445779363,0.4737813653713785,0.007274263187535198,0.0007978224141167637,0.003676240535636068,0.029847944434015394,0.0896376947625305,0.017395657343094926,0.11887553970339779,0.01615981478005131,0.010387334960265315,0.018537638445654214,0.00883862086227395,0.03695012827732933,0.0096520868531381,0.02703210061948564,0.17203241349102058,0.24006632876540893,0.023277642200112632,0.1036856266816845,0.021384769413678742,0.04449033226957012,0.08448753462603878,0.28846458250890383,0.31507716660071233,0.3119707162643451
3300290,543305,128322,269620,145363,124281,154817,264207,1148,458,1950,23874,56266,25379,80084,13314,11070,23363,6088,35553,7906,31670,49155,77781,8478,46460,18361,24947,34682,107893,133695,138713,0.23618777666320023,0.49625900737155004,0.2675532159652497,0.2287499654889979,0.2849541233745318,0.4862959111364703,0.0021129936223668105,0.000842988744811846,0.0035891442191770735,0.04394216876340177,0.10356245571088063,0.046712251865894845,0.14740155161465476,0.02450557237647362,0.020375295644251386,0.04300162891929947,0.011205492310948731,0.06543838175610385,0.014551679075289202,0.058291383292993805,0.09047404312494824,0.14316268026246767,0.015604494712914477,0.0855136617553676,0.033795013850415515,0.045917118377338695,0.08357450787140679,0.25999378287785285,0.32216982382410847,0.33426188542663193
3300500,44933,10129,21595,13209,10913,14910,19110,360,36,128,2311,7812,1640,6793,693,466,1365,342,1179,1151,1772,5535,5575,427,3193,1860,2295,3149,10520,11274,9861,0.22542452095341953,0.48060445552266706,0.29397102352391336,0.24287272160772705,0.331827387443527,0.42529989094874593,0.008011928871875905,0.0008011928871875904,0.0028486858211114324,0.051432132285847816,0.17385885651970712,0.03649878708299023,0.15118064674070283,0.015422963078361116,0.010370996817483808,0.030378563639196138,0.007611332428282109,0.026239067055393587,0.02561591703202546,0.039436494336011395,0.12318340640509202,0.12407362072418934,0.00950303785636392,0.07106135802194379,0.0413949658380255,0.05107604655820889,0.09047810596483163,0.3022641075738421,0.32392828410527524,0.28332950235605103
3400190,154497,31901,78534,44062,38658,54432,61407,835,66,1460,8919,3175,3395,18874,3009,1249,2737,2141,5823,1080,6060,14247,24029,3108,39585,4913,9792,16857,33659,38197,33883,0.20648297377942615,0.5083205499135905,0.2851964763069833,0.2502184508437057,0.3523175207285578,0.3974640284277365,0.005404635688718875,0.0004271927610244859,0.00945002168326893,0.05772927629662712,0.020550560852314284,0.021974536722395903,0.12216418441782041,0.01947610633216179,0.008084299371508832,0.017715554347333604,0.013857874262930671,0.03769005223402396,0.006990426998582497,0.03922406260315734,0.09221538282296744,0.1555305281008693,0.020116895473698517,0.2562185673508223,0.03179997022595908,0.06337987145381464,0.13750040784364906,0.27455218767333356,0.3115680772619009,0.2763793272211165
3400300,455426,92074,238223,125129,98164,131540,225722,246,31,1480,17682,33598,35880,53187,16186,10196,14855,8325,32219,15333,29671,40064,76832,8490,32312,15503,13336,45182,76773,101932,139465,0.20217115404039296,0.5230772946647754,0.27475155129483164,0.21554324961684226,0.2888284814657046,0.4956282689174531,0.0005401536144181492,6.80681384022871e-05,0.00324970467210919,0.038825187846104524,0.07377268754967876,0.07878338083464712,0.11678516378072398,0.03554035123159416,0.02238783029515223,0.03261781277309596,0.018279588780614194,0.07074475326397703,0.03366737955233123,0.06514999143658903,0.08797038377255581,0.16870358741046845,0.018641886936626367,0.07094895767918388,0.034040656440343764,0.02928247399138389,0.12434773993262732,0.21129097954600498,0.2805323763182809,0.3838289042030868
3400400,175833,37261,90060,48512,42488,54713,78632,152,104,1196,7889,18580,9963,25858,5030,2287,4398,2061,7735,2738,11161,20020,29853,1588,11499,6300,7421,20722,32213,39460,46177,0.21191130220152077,0.512190544437051,0.2758981533614282,0.2416383727741664,0.3111645709280966,0.44719705629773704,0.0008644566150836305,0.0005914703155835366,0.006801908629210671,0.044866435765755004,0.10566844676482799,0.05666171878998823,0.14705999442652973,0.028606689301780668,0.013006659728264888,0.0250123696916961,0.011721349234785279,0.043990604721525536,0.015571593500651185,0.06347500184834473,0.1138580357498308,0.1697804166453396,0.00903129674179477,0.06539728037399123,0.03582945180938732,0.04220481934562909,0.14953958952746588,0.23246398983921715,0.28476171232283576,0.3332347083104812
3400600,277690,56356,156350,64984,51404,76169,150117,49,79,1236,5368,9686,13910,28853,25036,8633,40726,6036,17324,3111,19786,23387,30731,3222,19254,6146,15117,32096,45303,58759,85176,0.2029457308509489,0.5630379199827146,0.23401634916633657,0.1851128956750333,0.2742950772444092,0.5405920270805574,0.00017645576002016638,0.0002844898988080233,0.004451006518059707,0.019330908567107206,0.03488062227663942,0.05009182901796968,0.10390363354820123,0.09015808995642623,0.03108862400518564,0.1466599445424754,0.02173646872411682,0.0623861140120278,0.011203140192300768,0.07125211566855126,0.0842198134610537,0.11066657063632107,0.011602866505815837,0.0693363102740466,0.022132593899672297,0.05443840253520112,0.145011611410809,0.20468161240478192,0.26547661001021083,0.3848301661741983
3400800,48392,9829,24142,14421,10642,11377,26373,569,38,159,3522,2676,2584,6080,599,817,3510,437,4611,936,1570,5022,6424,1254,3654,1773,2157,3200,8420,11019,15924,0.2031120846420896,0.49888411307654157,0.2980038022813688,0.21991238221193585,0.2351008431145644,0.5449867746734998,0.011758141841626716,0.0007852537609522235,0.0032856670524053565,0.07278062489667714,0.055298396429161845,0.053397255744751196,0.12564060175235575,0.012378079021325839,0.016882955860472806,0.07253265002479749,0.00903041825095057,0.09528434451975533,0.019342040006612663,0.03244337907092081,0.10377748388163333,0.13274921474623905,0.025913374111423377,0.07550834848735329,0.03663828732021822,0.044573483220367,0.08298109586909733,0.21834400850556232,0.2857402173067448,0.41293467831859554
3400900,450243,94276,243930,112037,90800,126613,232830,216,57,1076,16165,31404,34567,44087,38925,10174,14597,6305,44895,11737,47322,38315,54857,4668,25243,13545,12088,44574,75277,96405,139711,0.20938915208009898,0.5417741086479968,0.24883673927190428,0.2016688765844222,0.28121036862316573,0.5171207547924122,0.00047974093989245806,0.000126598303582732,0.0023898206079828004,0.03590283469148882,0.06974900220547571,0.0767740975428824,0.09791823526406851,0.08645331520978672,0.022596686678082723,0.03242027083152875,0.014003549194546057,0.09971282174292549,0.02606814542369343,0.10510324424810602,0.0850984912591645,0.12183865157259524,0.010367734756564788,0.05606528030419129,0.03008375477242289,0.026847724451018674,0.12521947259156047,0.21147184991867224,0.2708256664241348,0.3924830110656325
3401000,198069,38023,109325,50721,34358,43288,120423,141,399,756,6592,15833,14980,19618,3357,7272,8715,2987,25742,11850,16205,13889,24179,2809,12284,6005,4456,15033,28890,40930,75193,0.1919684554372466,0.5519541169996315,0.25607742756312196,0.1734648026697767,0.21855010122735005,0.6079850961028732,0.0007118731351195795,0.002014449510019236,0.0038168517031943413,0.033281331253250133,0.07993678970459789,0.0756302096744064,0.09904629194876532,0.016948639110612968,0.036714478287869376,0.04399981824515699,0.015080603224128965,0.12996481024289516,0.05982763582387956,0.08181492308236019,0.07012202818209816,0.12207362080891003,0.014181926500360984,0.0620187914312689,0.030317717563071455,0.022497210568034373,0.09392924534196419,0.18051060320157955,0.25573897504467463,0.4698211764117816
3401100,257765,58385,127766,71614,65492,74385,117888,753,19,1784,14785,9522,8098,37035,4782,6172,10052,3441,19678,3431,11714,26290,46396,8117,24608,10854,10234,20068,45199,59224,74889,0.22650476208950013,0.49566853529377536,0.27782670261672454,0.2540763874071344,0.28857680445366907,0.45734680813919654,0.0029212654937636993,7.371055030745058e-05,0.006921032723604834,0.057358446647139835,0.036940624211976025,0.03141621244156499,0.14367738055981225,0.018551781661590983,0.023944290341978158,0.03899676061528912,0.013349368610944077,0.07634085310263224,0.013310573584466471,0.045444494015867164,0.10199212460962505,0.1799934048454988,0.03148992299187244,0.09546680115609178,0.04210812173879309,0.03970283009718154,0.10065202126592436,0.22669776306550307,0.29704082656234326,0.3756093891062293
3401200,163707,42381,78958,42368,46122,55122,62463,155,106,1700,9753,5403,4291,26501,3633,1131,4027,3093,8127,568,7055,19262,35453,4718,14534,6784,7413,12372,31695,38095,39164,0.25888324873096447,0.48231291270379395,0.2588038385652416,0.28173505103630264,0.3367113196137001,0.38155362934999726,0.0009468135143885112,0.0006474982743560141,0.010384406286841735,0.059575949715039676,0.03300408656929758,0.026211463162845818,0.1618806770632899,0.022192087082409426,0.0069086844178929425,0.02459882595124216,0.01889351096776558,0.049643570525389875,0.003469613394662415,0.0430952860903932,0.11766143170420323,0.2165637388749412,0.028819781683129004,0.08878056527821046,0.0414398895587849,0.045282119884916344,0.10197319618218684,0.26123831660155283,0.31398875756227024,0.32279972965399006
3401300,347414,63734,191007,92673,64354,94208,188852,84,10,1548,10420,16517,14580,28873,31118,5599,19627,7337,25263,7502,17365,45007,57039,5147,23933,12946,17499,35918,61627,80914,105221,0.18345259546247417,0.5497964963991089,0.266750908138417,0.18523720978429195,0.2711692677900142,0.5435935224256938,0.00024178645650434351,2.87841019648028e-05,0.0044557789841514735,0.029993034247324517,0.047542701215264785,0.04196722066468248,0.08310833760297512,0.08957036849407335,0.01611621869009309,0.056494556926318454,0.021118895611575813,0.07271727679368131,0.02159383329399506,0.04998359306188006,0.12954860771298796,0.16418163919703868,0.014815177281284002,0.06888899123236254,0.037263898403633706,0.05036930002820842,0.12661449520586576,0.21724125775521716,0.2852298364354202,0.3709144106034969
3401500,299669,58514,160753,80402,56635,69402,173632,388,78,692,11639,19253,16423,28205,8572,5387,16711,4944,43433,12227,25490,23091,40080,4858,20424,11041,6733,22636,47703,65964,104852,0.19526210585679532,0.5364352001708552,0.2683026939723495,0.18899185434596172,0.23159552706486156,0.5794126185891767,0.0012947618872823014,0.0002602871835258235,0.0023092144999983313,0.03883951960329564,0.0642475531336241,0.054803800192879476,0.09412051296597246,0.02860489406645332,0.01797650073914886,0.05576486056282098,0.01649820301732912,0.14493658002662937,0.040801684525259535,0.08506051677016975,0.07705501736916398,0.13374756815019237,0.01621121971241603,0.06815519790168485,0.036843984529597654,0.02246812316255602,0.093864941635048,0.19781053679169,0.27353361945636623,0.43479090211689575
3401600,37040,8462,17456,11122,10297,11077,15666,110,70,197,2059,2453,1043,5287,665,203,796,363,1713,1195,1432,5809,5851,1200,3426,1442,1726,2424,7155,8930,10069,0.22845572354211663,0.4712742980561555,0.30026997840172787,0.27799676025917924,0.2990550755939525,0.42294816414686826,0.0029697624190064796,0.0018898488120950325,0.005318574514038877,0.05558855291576674,0.06622570194384449,0.028158747300215982,0.14273758099352052,0.01795356371490281,0.005480561555075594,0.0214902807775378,0.009800215982721383,0.04624730021598272,0.032262419006479484,0.038660907127429804,0.15683045356371492,0.15796436285097193,0.032397408207343416,0.09249460043196545,0.03893088552915767,0.04659827213822894,0.08482049128700399,0.2503674154944363,0.31247813003009306,0.35233396318846666
3401700,29952,6530,14725,8697,7796,8587,13569,363,76,199,1129,3172,895,4716,1121,185,398,204,934,1087,871,3938,5041,390,2620,1170,1443,2127,6210,7169,7916,0.21801549145299146,0.4916199252136752,0.2903645833333333,0.2602831196581197,0.2866920405982906,0.45302483974358976,0.012119391025641026,0.0025373931623931625,0.006643963675213675,0.03769364316239316,0.10590277777777778,0.029881143162393164,0.15745192307692307,0.037426549145299144,0.006176549145299145,0.01328792735042735,0.006810897435897436,0.031183226495726496,0.036291399572649576,0.029079861111111112,0.13147702991452992,0.16830261752136752,0.013020833333333334,0.08747329059829059,0.0390625,0.048177083333333336,0.09081205704038937,0.2651353428400649,0.30607975407736315,0.3379728460421826
3401800,244521,49795,129373,65353,52588,68768,123165,65,0,1864,10400,19079,14888,31298,19429,2495,7684,3198,17646,3372,19346,21817,34062,2680,15031,10635,9532,26195,43877,55338,69316,0.20364304088401405,0.5290874812388302,0.26726947787715577,0.21506537270827455,0.2812355585000879,0.5036990687916375,0.00026582583908948515,0.0,0.0076230671394276975,0.04253213425431762,0.07802601821520443,0.060886386036373155,0.12799718633573395,0.07945738811799395,0.010203622592742545,0.03142470380867083,0.01307863128320267,0.0721655808703547,0.013790226606303753,0.07911794896961816,0.08922342048331228,0.1393009189394776,0.010960203827074157,0.06147120288237002,0.043493196903333455,0.03898233689539958,0.13452235448784447,0.22532686955003442,0.2841839302404404,0.35596684572168075
3402000,208867,46465,108331,54071,43700,61232,103935,549,13,937,8740,17019,13314,25031,10360,3361,16555,3560,15026,3241,12883,17158,31575,3079,14785,6000,5681,17229,41214,49673,54286,0.2224621409796665,0.5186602000315991,0.25887765898873444,0.20922405166924407,0.2931626345952209,0.4976133137355351,0.002628466919139931,6.2240564569798e-05,0.004486108384761595,0.04184481033384881,0.08148247449333787,0.06374391359094543,0.11984181321127799,0.04960094222639287,0.016091579809160855,0.0792609651117697,0.017044339220652377,0.07194051717121422,0.015517051520824257,0.061680399488669824,0.08214796976066109,0.15117275586856707,0.01474143833156985,0.07078667285880488,0.028726414416829847,0.02719912671700173,0.10608859496804227,0.2537776628366646,0.30586445979729315,0.334269282398
3402100,218448,50413,113223,54812,54665,67329,96454,99,3,691,8804,15283,8422,24970,9373,2868,4863,2769,12548,4307,24836,20437,43155,3946,15647,7152,8275,20191,43405,51562,52877,0.23077803413169268,0.5183064161722698,0.2509155496960375,0.2502426206694499,0.3082152274225445,0.44154215190800555,0.00045319709953856296,1.3733245440562514e-05,0.0031632241998095657,0.04030249761957079,0.06996173002270563,0.03855379770013916,0.11430637955028199,0.04290723650479748,0.013128982641177763,0.022261590859151834,0.0126757855416392,0.05744158792939281,0.019716362704167583,0.11369296125393687,0.09355544568959204,0.19755273566249176,0.018063795502819894,0.07162803046949388,0.03274005713030103,0.0378808686735516,0.12015949058231916,0.25830928080459425,0.3068527390127057,0.31467848960038086
3402200,112528,28478,57036,27014,28681,35593,48254,1535,17,486,6477,8597,8792,18314,5167,1449,1925,1108,3479,517,6543,13752,15027,1748,9766,3764,4065,10130,23857,26578,23485,0.2530747902744206,0.5068605147163373,0.24006469500924216,0.2548787857244419,0.31630349779610406,0.428817716479454,0.013641049338831224,0.0001510735105929191,0.004318925067538746,0.05755900753590217,0.07639876297454856,0.07813166500782028,0.16275060429404237,0.0459174605431537,0.012876795108772928,0.017106853405374663,0.009846438219820845,0.03091674960898621,0.0045944120574434805,0.05814552822408645,0.12220958339257784,0.13354009668704678,0.015533911559789563,0.08678728849708517,0.03344945258069103,0.03612434238589506,0.12052349791790601,0.2838429506246282,0.31621653777513387,0.27941701368233196
3402300,242370,43391,134584,64395,43983,53838,144549,162,3,674,6416,8994,7127,18793,9798,4623,14578,2339,23843,3979,15926,30820,37629,3492,12693,7863,32618,18830,40686,55716,83747,0.17902793249989685,0.5552832446259851,0.2656888228741181,0.18147047901968066,0.22213145191236539,0.596398069067954,0.000668399554400297,1.2377769525931428e-05,0.002780872220159261,0.02647192309279201,0.03710855303874242,0.02940545447043776,0.07753847423360977,0.040425795271692044,0.01907414283946033,0.06014770804967611,0.009650534307051203,0.09837438626892767,0.01641704831456038,0.06570945248999463,0.12716095226306887,0.1552543631637579,0.01440772372818418,0.052370342864215866,0.03244213392746627,0.13457936213227709,0.09463310198563668,0.20447383894782867,0.28000944823323065,0.420883610833304
3402490,77440,15913,40458,21069,16682,25830,34928,2580,162,2039,4199,11387,3908,8180,4253,577,1220,568,1775,397,2822,8676,14197,584,4344,1820,3752,8724,18177,19317,15309,0.20548811983471074,0.5224431818181818,0.27206869834710745,0.21541838842975206,0.33354855371900827,0.45103305785123965,0.03331611570247934,0.0020919421487603307,0.026330061983471074,0.05422262396694215,0.14704287190082643,0.050464876033057854,0.1056301652892562,0.054919938016528926,0.007450929752066115,0.015754132231404958,0.007334710743801653,0.022920971074380167,0.005126549586776859,0.03644111570247934,0.11203512396694215,0.18332902892561984,0.007541322314049587,0.05609504132231405,0.02350206611570248,0.0484504132231405,0.14179140864986103,0.2954312740747964,0.313959724998781,0.2488175922765615
3500190,76177,15808,41001,19368,19646,28255,28276,555,4762,1432,5144,1856,2222,9690,1810,584,1370,769,1420,354,2394,8298,15541,2013,7829,1725,6409,10063,18922,21306,10078,0.20751670451711146,0.5382333250193628,0.2542499704635257,0.25789936595035245,0.3709124801449256,0.3711881539047219,0.007285663651758405,0.06251230686427661,0.01879832495372619,0.0675269438281896,0.02436430943723171,0.02916890925082374,0.12720374916313323,0.02376045263005894,0.00766635598671515,0.01798443099623246,0.010094910537301285,0.01864079709098547,0.0046470719508513066,0.03142680861677409,0.10893051708520944,0.2040117095711304,0.02642529897475616,0.10277380311642621,0.022644630268978824,0.08413300602544074,0.1666915138564495,0.3134390167138763,0.35292948367539634,0.16693998575427785
3500300,43950,8034,23472,12444,10239,14688,19023,183,212,447,1643,505,184,3454,522,417,980,448,10842,67,1321,5105,6958,1014,4265,910,4473,5035,9484,11949,9448,0.1827986348122867,0.534061433447099,0.28313993174061436,0.2329692832764505,0.33419795221843,0.4328327645051194,0.00416382252559727,0.004823663253697383,0.010170648464163823,0.03738339021615472,0.01149032992036405,0.004186575654152446,0.07858930602957907,0.011877133105802047,0.009488054607508532,0.02229806598407281,0.010193401592718998,0.24668941979522185,0.0015244596131968146,0.03005688282138794,0.1161547212741752,0.15831626848691696,0.023071672354948804,0.09704209328782708,0.020705346985210465,0.10177474402730376,0.14018821695066266,0.26406058581133757,0.3326929502171734,0.26305824702082636
3500400,33077,8264,16645,8168,9453,13797,9827,2726,133,461,1589,1417,713,4423,1020,278,845,336,778,558,1138,4176,5049,294,4490,1075,1578,4773,7702,8051,4287,0.24984127943888504,0.5032197599540467,0.24693896060706835,0.28578770747044774,0.41711763461015205,0.2970946579194002,0.08241376182846086,0.004020920881579345,0.013937176890286302,0.04803942316413218,0.04283943525712731,0.02155576382380506,0.1337182936783868,0.03083713758805212,0.008404631617135774,0.025546452217552983,0.010158115911358345,0.0235208755328476,0.016869728209934397,0.03440457115216011,0.12625086918402514,0.152643831060858,0.008888351422438552,0.13574387036309218,0.03249992441878042,0.04770686579798652,0.19235884415427396,0.31040180550517876,0.32446701325917865,0.17277233708136863
3500500,63465,12937,32970,17558,13982,25399,24084,381,70,297,3494,968,994,8218,789,1113,1522,788,3261,312,2895,4595,9878,2589,9516,2834,8951,8709,13357,16451,12011,0.20384463877727882,0.5194989364216497,0.27665642480107144,0.22031040731111637,0.4002048373119042,0.37948475537697945,0.006003308910423068,0.001102970141022611,0.004679744741195935,0.055053966753328604,0.015252501378712676,0.015662176002521074,0.12948869455605452,0.012432049160954858,0.017537225242259515,0.023981722209091626,0.012416292444654534,0.051382651855353345,0.00491609548570078,0.04561569368943512,0.07240211139998425,0.15564484361459072,0.04079413850153628,0.1499409123138738,0.04465453399511542,0.14103836760419128,0.17235987967067765,0.26434848005066497,0.3255818556048132,0.2377097846738442
3500600,32221,7866,17157,7198,7758,13026,11437,53,111,82,2070,2657,494,3376,331,248,651,539,969,46,3954,3862,4428,1104,4198,687,2361,4048,7122,8392,4793,0.2441265013500512,0.5324788181620682,0.22339468048788058,0.2407746500729338,0.40427050681232735,0.35495484311473885,0.0016448899785853946,0.003444958257037336,0.0025449241178113653,0.06424381614475032,0.08246174854908289,0.01533161602681481,0.10477638806989231,0.010272803451165389,0.007696843673380714,0.020204214642624375,0.01672822072561373,0.030073554514136742,0.0014276403587722294,0.1227149995344651,0.11985971881692065,0.13742590236181373,0.0342633686105335,0.13028770056795258,0.021321498401663513,0.07327519319698333,0.16620817080681585,0.2924245534797783,0.34456990351057276,0.19679737220283308
3500790,362643,84378,192775,85490,81343,135518,145782,456,1040,1419,23422,14017,12589,40933,9978,10141,13379,5226,33330,4396,23839,29476,66864,5949,38747,9681,17761,46976,77087,92584,61618,0.2326751102323773,0.5315834029610388,0.23574148680658388,0.22430599790979006,0.3736953422511947,0.4019986598390152,0.0012574349980559393,0.002867834206092493,0.003912939171581969,0.06458693536067152,0.038652338525767764,0.03471458155817154,0.11287409380575386,0.027514663181145094,0.027964141042292282,0.03689303254164564,0.014410866885614779,0.09190857123948346,0.01212211458652173,0.06573682657599898,0.08128103947959839,0.18437967918862352,0.016404563165427155,0.10684612690717868,0.02669567591267445,0.04897654166770074,0.16881749411532174,0.27702729412610283,0.3327188112051462,0.22143640055342928
3500900,29285,6181,15060,8044,8394,11578,9313,1261,1707,410,1459,1277,331,3595,477,215,457,202,820,182,589,4754,5245,381,3236,539,2148,4821,7165,7191,3927,0.21106368448010926,0.5142564452791532,0.2746798702407376,0.2866313812532013,0.3953559842922998,0.3180126344544989,0.04305958681919071,0.05828922656650162,0.014000341471743213,0.04982072733481305,0.04360594160833191,0.011302714700358546,0.12275909168516305,0.016288202151271983,0.007341642479084856,0.015605258664845485,0.006897729212907632,0.028000682943486427,0.0062147857264811335,0.020112685675260374,0.16233566672357863,0.17910192931534916,0.013010073416424791,0.11050025610380741,0.018405326959194127,0.07334813044220591,0.20866516620498615,0.310119459833795,0.3112448060941828,0.16997056786703602
3501000,71307,18325,36858,16124,20579,29466,21262,2410,61,729,4072,2375,1296,8074,1979,717,1882,835,4139,56,4175,9703,15199,1196,7831,1278,3300,13216,14010,15983,9773,0.2569873925421067,0.5168917497580883,0.22612085769980506,0.2885971924215014,0.41322731288653286,0.29817549469196575,0.03379752338480093,0.0008554559860883223,0.010223400227186671,0.05710519303855161,0.033306687982946975,0.01817493373722075,0.11322871527339531,0.02775323600768508,0.010055113803693887,0.026392920751118404,0.011709930301372937,0.05804479223638633,0.0007853366429663287,0.05854965150686468,0.13607359726254084,0.21314877922223624,0.016772546874780875,0.10982091519766643,0.01792250410198157,0.0462787664605158,0.24944320712694878,0.2644294288626326,0.3016684911856857,0.18445887282473292
3501100,43894,10235,22167,11492,12016,18660,13218,1582,578,425,2522,989,982,6278,1319,563,1168,527,1557,64,2324,4068,7501,924,6768,1077,2678,6995,9990,11183,5491,0.2331753770446986,0.5050120745432177,0.2618125484120837,0.27375039868774775,0.42511504989292387,0.3011345514193284,0.03604137239713856,0.013168086754453912,0.009682416731216111,0.05745659999088714,0.022531553287465256,0.022372078188362874,0.14302638173782295,0.030049665102291886,0.01282635439923452,0.026609559393083338,0.012006196746707979,0.03547181847177291,0.0014580580489360732,0.05294573290199116,0.09267781473549916,0.1708889597667107,0.021050713081514558,0.15418963867498975,0.024536383104752358,0.06101061648516882,0.2078196024837339,0.29680026144567573,0.33224397635105024,0.1631361597195401
3501200,62215,15085,33347,13783,11916,17690,32609,795,14762,737,6124,1701,1584,6229,3279,474,1219,851,1722,283,2983,4197,5216,572,5862,1622,2003,11128,14288,14842,6872,0.2424656433336012,0.5359961424093868,0.22153821425701198,0.19152937394519007,0.2843365747810014,0.5241340512738085,0.012778268906212328,0.23727396930000805,0.011846017841356585,0.09843285381338905,0.027340673471027886,0.025460098047094752,0.10012054970666238,0.05270433175279274,0.007618741461062444,0.019593345656192238,0.01367837338262477,0.02767821264968255,0.004548742264727156,0.04794663666318412,0.06745961584826811,0.08383830266013019,0.009193924294784215,0.09422165072731656,0.02607088322751748,0.032194808325966405,0.23611287927010396,0.3031614682792277,0.3149161892637386,0.14580946318692978
3600100,32056,7592,16809,7655,8154,10636,13266,648,75,405,1320,2090,439,3729,678,386,644,199,640,614,863,6505,6807,91,2834,927,2162,2183,7924,8280,6077,0.23683553780883454,0.5243636136760669,0.23880084851509858,0.25436735712503117,0.3317943598702271,0.4138382830047417,0.020214624407287246,0.0023396556026952834,0.012634140254554529,0.04117793860743699,0.06519840279510856,0.013694784127776392,0.11632767656600948,0.02115048664836536,0.012041427501871725,0.020089842775143498,0.0062078861991514845,0.01996506114299975,0.019153980534065387,0.026921637135013728,0.2029261292737709,0.21234714250062392,0.002838782131270277,0.08840778637384578,0.028918143249313702,0.06744447217369604,0.08923315892740354,0.3239045127534336,0.3384565075212557,0.24840582079790713
3600200,64604,14329,33693,16582,14984,22932,26688,1208,102,152,2705,4963,1308,7009,1885,764,836,705,1085,232,1494,8258,12401,2491,6004,2025,8977,4621,16162,16808,12684,0.2217974119249582,0.5215311745402762,0.25667141353476564,0.2319361030276763,0.35496254101913194,0.41310135595319175,0.018698532598600708,0.00157884960683549,0.0023527954925391618,0.04187047241656863,0.07682186861494644,0.020246424370008047,0.10849173425794069,0.02917775989102842,0.011825893133552102,0.012940375208965389,0.01091263698842177,0.016794625719769675,0.0035911089096650364,0.023125503064825706,0.12782490248281841,0.19195405857222464,0.03855798402575692,0.09293542195529689,0.0313448083709987,0.1389542443192372,0.09191447041272999,0.3214719045251119,0.33432123321730484,0.2522923918448533
3600300,52261,10967,27024,14270,12714,18176,21371,546,229,203,2327,6080,1209,6351,704,863,1614,376,1714,747,3268,5563,8314,1074,4993,1849,4237,3834,13188,13746,10526,0.20985055777731004,0.5170968791259256,0.27305256309676434,0.24327892692447523,0.34779280916936145,0.40892826390616327,0.010447561278965194,0.004381852624327893,0.003884349706281931,0.044526511165113566,0.1163391439122864,0.023133885689137216,0.1215246550965347,0.013470848242475268,0.016513269933602494,0.030883450374083923,0.007194657584049291,0.03279692313579916,0.014293641530012821,0.06253228985285395,0.10644648973421864,0.1590861254090048,0.020550697460821644,0.09553969499244178,0.03538011136411473,0.0810738409138746,0.09284641836586428,0.31936843124909187,0.3328812902600862,0.25490386012495764
3600400,155616,35819,78641,41156,39305,55810,60501,756,230,704,3783,13002,3901,16963,6096,1738,7557,1022,4618,877,3714,20473,35251,1943,16899,4365,11724,11337,36427,40532,31501,0.23017556035369113,0.5053529200082254,0.26447151963808346,0.25257685585029815,0.3586392144766605,0.3887839296730413,0.004858112276372609,0.0014779971211186511,0.0045239564055110015,0.024309839605181988,0.08355181986428131,0.02506811638906025,0.10900550071972034,0.0391733497840839,0.011168517376105285,0.048561844540407156,0.0065674480773185275,0.029675611762286655,0.005635667283569813,0.02386644046884639,0.1315610220028789,0.22652555007197203,0.012485862636232779,0.10859423195558297,0.028049814929056137,0.07533929673041333,0.0946350910289907,0.3040727230231141,0.3383390235147792,0.262953162433116
3600500,43128,10085,22531,10512,10670,15491,16967,787,53,173,1856,3349,1185,5789,1157,601,817,518,1041,338,1570,5850,7690,313,4392,1711,3938,3108,10952,11158,7825,0.2338388054164348,0.5224216286403265,0.24373956594323873,0.2474030792060842,0.35918660730847707,0.3934103134854387,0.018248005935818958,0.0012289000185494343,0.004011315154887776,0.043034687442033016,0.07765256909664255,0.027476349471341123,0.13422834353552215,0.026827119272862177,0.013935262474494527,0.018943609719903543,0.012010758671860508,0.024137451307735112,0.007837135967352997,0.03640326470042664,0.13564273789649417,0.17830643665368207,0.007257466147282508,0.1018363939899833,0.03967260248562419,0.09130959005750325,0.09405925612081227,0.33144690252095754,0.33768120328057377,0.23681263807765637
3600600,32759,7827,16712,8220,8397,9974,14388,242,43,2041,1840,3187,553,4240,658,230,622,273,825,30,761,6283,4510,258,3918,1065,1180,2342,8013,8272,6305,0.23892670716444336,0.510149882475045,0.25092341036051163,0.25632650569309195,0.3044659482890198,0.4392075460178882,0.007387282884092921,0.0013126163802313867,0.06230348911749443,0.05616777068897097,0.09728624194877744,0.016880857169022254,0.12943008028328093,0.020086083213773313,0.007020971336121371,0.018987148569858666,0.008333587716352758,0.02518391892304405,0.0009157788699288745,0.02323025733386245,0.1917946213254373,0.1376720901126408,0.007875698281388321,0.11960072041271101,0.032510149882475047,0.03602063555053573,0.09393550457243703,0.3213941922027916,0.33178244825926523,0.2528878549655062
3600700,276549,63461,143333,69755,63434,84121,128994,1623,148,2004,11254,22128,13689,30540,11508,4769,10153,3783,15528,4043,14281,34500,47892,3709,21706,9955,13336,20676,60694,70179,61539,0.2294747043019501,0.518291514342847,0.25223378135520286,0.22937707241754626,0.3041811758494878,0.4664417517329659,0.005868761051386915,0.0005351673663618382,0.0072464554201967825,0.04069441581781167,0.08001475326253214,0.04949936539275138,0.11043250924790905,0.041612878730351584,0.01724468358229464,0.03671320453156583,0.013679311803694824,0.05614918151936908,0.014619470690546702,0.05164003485819873,0.12475185229380688,0.17317726695811592,0.013411728120513906,0.07848880306925717,0.03599723737927094,0.048222918904064015,0.09703033488511789,0.28483068028232467,0.3293428067277369,0.28879617810482056
3600800,39798,8793,20141,10864,9416,13799,16583,1535,63,547,1393,7042,1090,5461,905,171,627,272,633,221,1356,5997,3763,173,3656,893,4000,3165,9910,10286,7644,0.22094075079149705,0.5060807075732449,0.27297854163525803,0.23659480375898287,0.3467259661289512,0.4166792301120659,0.03856977737574752,0.001582994120307553,0.013744409266797326,0.0350017588823559,0.1769435650032665,0.027388310970400523,0.13721795065078649,0.022739836172671994,0.004296698326549073,0.015754560530679935,0.0068345142972008645,0.01590532187547113,0.005553042866475702,0.03407206392281019,0.15068596411879995,0.09455249007487813,0.004346952108146138,0.09186391275943515,0.0224383134830896,0.10050756319413036,0.10208030962747944,0.3196258667956781,0.3317529430736978,0.24654088050314465
3600900,402835,101555,202360,98920,98086,120950,183799,399,156,1016,14416,40647,14222,40129,9798,6873,12831,6479,27363,9869,27203,57364,72176,6828,28775,12744,13547,30672,81519,96788,92301,0.2521007360333635,0.5023396676058436,0.2455595963607929,0.24348926980029045,0.30024699939181054,0.456263730807899,0.0009904799731900158,0.0003872553278637656,0.0025221244430101656,0.03578636414412849,0.10090235456204152,0.03530477739024663,0.099616468281058,0.02432261347698189,0.017061576079536286,0.03185175071679472,0.016083508136085493,0.06792607395087319,0.02449886429927886,0.06752888899921804,0.14240073479216056,0.17917013169163554,0.016949867811883276,0.07143123114922983,0.031635781399332236,0.033629153375451484,0.101805629314923,0.2705755443441317,0.3212559745087626,0.3063628518321827
3601000,34487,7893,17198,9396,8455,12175,13857,1787,86,116,1196,5596,1234,3681,928,249,649,196,494,171,917,4493,4741,807,2491,1119,3536,2522,8682,8934,6456,0.2288688491315568,0.49868066227853974,0.27245048858990345,0.24516484472409894,0.35303157711601474,0.4018035781598863,0.05181662655493374,0.0024936932757270856,0.003363586278887697,0.0346797343926697,0.16226404152289267,0.03578159886333981,0.106735871487807,0.026908690231101574,0.007220111926233073,0.01881868530170789,0.00568330095398266,0.014324238118711398,0.004958390118015484,0.026589729463276018,0.13028097544002087,0.13747209093281526,0.023400121785020444,0.07223011569576943,0.0324470090178908,0.10253138863919738,0.09483342107242235,0.3264646160788148,0.33594043769271265,0.24276152515605023
3601100,70857,17978,34207,18672,19728,24350,26779,576,1,514,3189,9026,1773,10347,2213,679,1480,688,1997,378,3362,6371,10999,3251,7640,2302,4071,5646,17176,17779,12278,0.2537222857304148,0.4827610539537378,0.2635166603158474,0.2784199161691858,0.3436498863909,0.3779301974399142,0.008129048647275499,1.411293167929774e-05,0.007254046883159038,0.045006139125280495,0.1273833213373414,0.025022227867394893,0.14602650408569373,0.0312319178062859,0.009582680610243166,0.020887138885360656,0.009709696995356846,0.028183524563557587,0.005334688174774546,0.047447676305799005,0.0899134877288059,0.15522813554059584,0.04588114088939695,0.10782279802983474,0.0324879687257434,0.0574537448664211,0.10677206452466953,0.3248170351179107,0.33622042776905764,0.23219047258836212
3601200,489554,123034,246106,120414,118823,150111,220620,860,219,1456,16637,42783,19733,53503,17962,8121,28216,6858,27450,15264,25039,49343,81157,7916,44696,20194,22147,36033,105545,122282,102660,0.25131854708571477,0.5027147158434003,0.24596673707088493,0.24271684022600162,0.30662807371607625,0.4506550860579221,0.0017567009972342172,0.0004473459516212716,0.0029741356418290935,0.033983993594169384,0.08739178926124595,0.040308117184212566,0.10928927145932829,0.03669053873525699,0.016588568370394276,0.057636134113907764,0.014008669115153792,0.0560714446210224,0.031179400025329176,0.051146553802032056,0.10079174105410231,0.16577742189829928,0.016169819876867515,0.09129942764230299,0.041249790625753235,0.045239136029937455,0.09831114263887374,0.2879651860744298,0.3336298155625887,0.28009385572410783
3601300,33752,7866,16763,9123,8357,11141,14254,1598,310,57,1510,3756,1045,3797,1043,289,438,208,624,203,1938,3842,3398,277,2956,1302,5161,2342,8768,8609,6167,0.23305285612704432,0.49665205024887416,0.27029509362408155,0.24760014221379473,0.3300841431618867,0.42231571462431855,0.04734534249822233,0.009184640910168287,0.001688788812514814,0.04473808959469069,0.1112822943825551,0.030961128229438254,0.11249703721260962,0.03090187248163072,0.008562455558189144,0.012977008769850676,0.006162597771983883,0.018487793315951646,0.006014458402465039,0.05741881962550367,0.11383029153827921,0.10067551552500592,0.008206921071343921,0.08757999525954017,0.0385754918227068,0.15290945721735008,0.09047361508151124,0.3387159082129336,0.33257359190295915,0.238236884802596
3601400,59932,14853,29540,15539,15937,19772,24223,817,43,33,3214,8370,2201,8511,1512,752,1230,438,1328,1123,1818,7333,9836,979,5719,2053,2622,4210,13732,15023,12114,0.2478308749916572,0.4928919442034306,0.25927718080491224,0.2659180404458386,0.3299072281919509,0.4041747313622105,0.013632116398585064,0.0007174798104518454,0.0005506240405793232,0.05362744443702863,0.13965827938330108,0.03672495494894214,0.14201094573850365,0.025228592404725355,0.01254755389441367,0.02052325969432023,0.007308282720416472,0.022158446239070945,0.018737902956684243,0.030334378962824534,0.12235533604752052,0.16411933524661282,0.016335179870519922,0.09542481479009544,0.03425548955482881,0.04374958286057532,0.09339160141085649,0.3046207768584041,0.3332593890725171,0.2687282326582222
3601500,39217,9796,19182,10239,10615,13348,15254,569,4,27,1160,5115,755,5127,609,272,619,336,1323,184,1209,7167,5848,611,4366,1562,2354,2682,9355,9745,7639,0.2497896320473264,0.4891246143254201,0.2610857536272535,0.27067343244001324,0.3403625978529719,0.3889639697070148,0.01450901394803274,0.00010199658311446567,0.0006884769360226432,0.029579009103195043,0.13042813065762296,0.019251855062855393,0.13073412040696636,0.015528979779177398,0.006935767651783665,0.01578397123696356,0.008567712981615115,0.03373536986510952,0.004691842823265421,0.030828467246347246,0.18275237779534387,0.1491190045133488,0.015579978070734631,0.11132927046943927,0.03982966570619884,0.06002498916286304,0.09115937595594983,0.31797015737058565,0.33122599503755823,0.2596444716359063
3601600,37028,8056,18967,10005,8881,15237,12910,198,66,110,966,5109,806,4986,3509,464,467,224,513,373,787,3744,8773,115,2116,1391,2311,3183,9722,9783,6284,0.21756508588095494,0.5122339850923625,0.2702009290266825,0.23984552230744302,0.41149940585502864,0.34865507183752836,0.005347304742357135,0.001782434914119045,0.002970724856865075,0.02608836556119693,0.13797666630657882,0.02176731122393864,0.13465485578481148,0.09476612293399589,0.012531057578049044,0.012612077346872638,0.006049476072161607,0.013854380468834396,0.010073457923733391,0.021254186021389218,0.10111267149184401,0.23692881062979368,0.003105757804904397,0.0571459436102409,0.03756616614453927,0.06241222858377444,0.10986469694877814,0.33556537346403426,0.3376708546182521,0.2168990749689355
3601700,63586,14112,33531,15943,13954,17757,31875,11,371,102,2202,5353,1081,6854,2275,1239,1679,629,7103,1131,1949,6607,12724,769,5423,1808,4276,4695,12923,15701,16155,0.2219356462114302,0.5273330607366401,0.25073129305192965,0.21945082250809927,0.27925958544333657,0.5012895920485642,0.00017299405529519075,0.0058346176831377975,0.0016041266945554054,0.03463026452363728,0.08418519799955965,0.017000597615827385,0.10779102318120341,0.03577831598150536,0.019485421319158307,0.026405183530965937,0.009892114616425,0.11170697952379455,0.017786934230805525,0.03065140125184789,0.1039065203032114,0.20010694177963703,0.01209385713836379,0.08528606926052905,0.028433931997609536,0.06724750731293051,0.0948983304361887,0.2612079071835712,0.3173586126046004,0.32653514977563974
3601800,89627,22051,46977,20599,22306,25351,41970,455,169,202,5477,8935,4591,10200,2397,1030,4211,1548,5628,1042,2935,10814,11260,1869,9573,3225,4066,6125,18974,21454,21023,0.24603077197719436,0.5241389313488123,0.22983029667399332,0.24887589677217803,0.28285003402992404,0.46827406919789794,0.005076595222421815,0.0018855925111852456,0.002253785131712542,0.06110881765539402,0.09969094134579981,0.05122340366184297,0.11380499179934618,0.026744173072846354,0.011492072701306526,0.046983609849710464,0.01727158110837136,0.06279357782810983,0.011625960926952816,0.032746828522655,0.12065560601158133,0.12563178506476844,0.02085309114440961,0.10680933200932755,0.03598246064244034,0.0453657937898178,0.0906386882917012,0.2807801586362022,0.31747957854859715,0.31110157452349946
3601900,50584,12597,25722,12265,11780,14408,24396,225,113,660,2544,4666,842,5564,1278,766,1333,534,2422,319,1065,8034,9469,332,4646,1993,3779,3619,10261,12197,11910,0.24903131424956507,0.5085007116874901,0.2424679740629448,0.23287996204333386,0.2848331488217618,0.4822868891349043,0.004448046813221572,0.002233907955084612,0.013047603985449945,0.05029258263482524,0.09224260635774158,0.016645579629922504,0.10999525541673257,0.02526490589909853,0.015143128261900996,0.02635220623121936,0.010556697770045864,0.04788075280721177,0.006306341926300807,0.021054088249248773,0.1588249248774316,0.1871935789973114,0.006563340186620275,0.09184722441878855,0.0393998102166693,0.07470741736517476,0.09526943428014847,0.27011872482691446,0.3210835285755653,0.3135283123173717
3602000,241594,51526,129963,60105,47040,60895,133659,233,94,569,7819,8073,6701,21060,7635,5322,14015,3232,15752,3931,12493,22475,39263,2052,14746,9642,46487,16995,47068,60333,65672,0.2132751641183142,0.537939683932548,0.2487851519491378,0.19470682218929278,0.25205510070614334,0.5532380771045639,0.0009644279245345497,0.0003890825103272432,0.0023551909401723554,0.032364214343071435,0.033415564956083346,0.027736615975562307,0.0871710390158696,0.03160260602498406,0.022028692765548814,0.05801054661953525,0.01337781567423032,0.06520029470930569,0.01627109944783397,0.051710721292747334,0.09302797254898715,0.16251645322317607,0.008493588416930884,0.061036284013675834,0.03990993153803488,0.19241785805938888,0.08941536713176337,0.24763768756445062,0.31742849927394406,0.34551844602984194
3602100,35860,7719,17796,10345,9325,12050,14485,972,41,117,1658,2262,1703,4290,1327,478,585,302,960,189,870,4108,5733,1053,3229,1171,4812,2815,8332,9209,7785,0.21525376464026771,0.4962632459564975,0.2884829894032348,0.26003904071388734,0.33602900167317346,0.4039319576129392,0.027105409927495817,0.001143335192414947,0.003262688232013385,0.046235359732292244,0.06307863915225878,0.04749023982152817,0.1196319018404908,0.037005019520356945,0.013329615170105967,0.016313441160066926,0.008421639709983268,0.026770775237032907,0.005270496374790853,0.02426101505856107,0.11455660903513665,0.15987172336865588,0.02936419408812047,0.09004461795872838,0.032654768544339095,0.13418851087562744,0.10003198180590597,0.2960804520095235,0.32724494509789986,0.2766426210866707
3602200,132250,29488,66122,36640,30761,45651,55838,521,211,1059,4584,19532,5139,13956,2927,2099,3550,1557,4077,1330,4707,17323,22530,1011,11765,5247,9125,9324,31443,34533,27462,0.22297164461247637,0.4999773156899811,0.2770510396975425,0.23259735349716446,0.34518714555765595,0.42221550094517957,0.003939508506616257,0.0015954631379962194,0.008007561436672968,0.03466162570888469,0.14768998109640832,0.038858223062381854,0.10552741020793951,0.02213232514177694,0.015871455576559546,0.026843100189035917,0.011773156899810963,0.03082797731568998,0.010056710775047259,0.03559168241965974,0.1309867674858223,0.17035916824196598,0.00764461247637051,0.08896030245746692,0.03967485822306238,0.06899810964083176,0.0907339288842179,0.30597886378233197,0.33604834471886497,0.2672388626145852
3602300,48979,11181,25384,12414,11186,12887,24906,521,326,160,885,3309,529,3979,864,495,997,631,2247,301,992,17646,6140,560,4418,1668,2311,2989,9421,11724,13664,0.22828150840155986,0.5182629290103922,0.2534555625880479,0.22838359296841504,0.26311276261254823,0.5085036444190367,0.010637211866310052,0.006655913758957921,0.0032667061393658508,0.018068968333367363,0.06755956634476,0.010800547173278344,0.0812388983033545,0.017640213152575593,0.0101063721186631,0.020355662630923456,0.012883072337124074,0.04587680434471916,0.006145490924682006,0.020253578064068273,0.36027685334531123,0.12535984809816453,0.011433471487780478,0.09020192327323955,0.034055411502888995,0.0471834868004655,0.07907825810889466,0.2492459918514207,0.31017514154188053,0.36150060849780413
3602400,77331,16604,40593,20134,17677,25204,34450,649,160,272,2060,10457,1752,8494,2645,840,2093,511,4803,1459,2988,8805,14187,1052,6101,2292,5711,5246,18777,20484,16220,0.21471337497252072,0.524925321022617,0.26036130400486224,0.22858879362739393,0.32592362700598726,0.4454875793666188,0.008392494601130207,0.0020690279448086794,0.0035173475061747554,0.02663873478941175,0.13522390761790226,0.02265585599565504,0.10983952102003078,0.03420361821261848,0.010862396710245567,0.02706547180302854,0.00660795799873272,0.06210963261822555,0.018866948571724145,0.03863909686930209,0.11386119408775265,0.1834581215812546,0.013603858737117069,0.07889462182048597,0.029638825309384335,0.07385136620501481,0.08638661550875229,0.3092034844467864,0.337312892123767,0.26709700792069424
3602500,41192,9757,20496,10939,11767,14303,15122,360,121,73,1113,4816,808,4232,515,257,951,304,839,182,901,8334,5807,1267,3756,1642,4914,2660,10561,10784,7430,0.23686638182171296,0.4975723441444941,0.265561274033793,0.285662264517382,0.34722761701301225,0.36711011846960573,0.008739561079821325,0.0029374635851621674,0.0017721887745193242,0.02701980967178093,0.11691590600116528,0.01961545931248786,0.10273839580501068,0.012502427655855505,0.0062390755486502235,0.023087007185861333,0.007380073800738007,0.0203680326276947,0.004418333657020781,0.02187317925810837,0.20232083899786366,0.14097397552922897,0.03075839968926005,0.09118275393280248,0.03986210914740727,0.11929500873956107,0.08461905519325592,0.3359630984571338,0.34305710195641803,0.2363607443931923
3602600,47480,10908,23615,12957,12397,16933,18150,632,95,146,1649,8961,1170,5393,1128,509,771,353,948,201,1855,5766,7846,597,4270,1933,3257,3757,11983,12615,8217,0.22973883740522325,0.49736731255265376,0.272893850042123,0.2610994102780118,0.35663437236731255,0.38226621735467564,0.013310867733782645,0.0020008424599831506,0.0030749789385004214,0.03473041280539174,0.18873209772535804,0.02464195450716091,0.11358466722830665,0.02375737152485257,0.010720303285593934,0.016238416175231675,0.007434709351305813,0.019966301600673968,0.004233361415332771,0.039069081718618365,0.12144060657118787,0.16524852569502949,0.012573715248525696,0.08993260320134794,0.040711878685762426,0.06859730412805391,0.10272886361150607,0.3276550366400525,0.3449360166247402,0.2246800831237012
3602700,87316,20171,43114,24031,21585,30897,34834,1164,198,276,4011,4782,2129,10398,2938,1091,1743,1310,2145,815,3489,9896,17176,1166,10772,3334,8483,7924,18784,21402,19035,0.23101149846534427,0.49376975582940125,0.27521874570525445,0.24720555224701085,0.3538526730496129,0.3989417747033762,0.013330890100325255,0.0022676256356223374,0.003160932704200834,0.045936598103440376,0.05476659489669705,0.02438270191030281,0.1190847038343488,0.03364789958312337,0.012494846305373586,0.019961977186311788,0.015002977690228595,0.024565944385908655,0.009333913601172751,0.03995831233679967,0.1133354711622154,0.19671079756287507,0.013353795409775986,0.12336799670163544,0.03818315085436804,0.09715287003527417,0.11801325489612034,0.2797527738476432,0.31874301883982425,0.28349095241641226
3602800,113185,26155,55991,31039,27616,31515,54054,688,427,721,5256,8508,1835,13556,3377,1554,2444,1353,4068,1246,5526,16870,21122,1939,9617,4155,8923,8779,20934,26887,30430,0.23108185713654636,0.49468569156690373,0.2742324512965499,0.24398992799399213,0.27843795555948225,0.4775721164465256,0.006078543976675355,0.0037725847064540353,0.006370102045324027,0.046437248752043116,0.07516897115342139,0.016212395635464064,0.11976852056367893,0.029836109025047488,0.01372973450545567,0.021592967265980475,0.011953880814595573,0.0359411582806909,0.011008525864734726,0.04882272385916862,0.14904801873039714,0.18661483412112911,0.01713124530635685,0.08496708927861465,0.03670981137076468,0.07883553474400318,0.10087326209353097,0.2405377456049638,0.3089394461679881,0.3496495461335172
3602900,141981,34910,71648,35423,36033,46844,59104,1152,84,664,6472,8913,8011,20987,7661,2626,2678,1358,5675,928,8843,15668,25103,1814,10302,6322,6720,14067,28790,33030,31184,0.24587796958748,0.504630901317782,0.24949112909473803,0.2537874786062924,0.32993146970369275,0.41628105169001484,0.008113761700509222,0.0005916284573287975,0.0046766820912657325,0.04558356399799973,0.06277600524013777,0.05642304251977377,0.1478155527852318,0.05395792394757045,0.018495432487445503,0.018861678675315713,0.009564660060148894,0.039970136849296733,0.0065360858142990965,0.0622829815256971,0.1103527936836619,0.1768053471943429,0.012776357399933795,0.07255900437382466,0.044527084609912594,0.0473302765863038,0.13138011226195703,0.2688870002148107,0.3084868918754845,0.2912459956477478
3603000,124124,28056,63210,32858,32177,39414,52533,42,138,1237,7408,7367,4922,13171,3278,2026,2422,2222,6980,872,8160,13288,29376,1584,8878,5949,4804,13389,20705,27369,34605,0.2260320324836454,0.5092488157004286,0.26471915181592603,0.2592327027810899,0.31753730140826913,0.42322999581064097,0.0003383713061132416,0.0011117914343720795,0.009965840611001902,0.05968225323064033,0.059351938384196445,0.03965389449260417,0.10611163030517869,0.02640907479617157,0.016322387290129227,0.01951274531919693,0.017901453385324353,0.05623408849215301,0.007025232831684445,0.06574071090200123,0.10705423608649416,0.23666655924720442,0.012761432116270826,0.07152524894460378,0.047927878573039866,0.03870323225161935,0.1393700295623933,0.21552442020235665,0.28489195153432983,0.3602135987009202
3603100,443463,87317,235386,120760,87072,120537,235854,385,27,2731,31911,13970,14977,51170,12880,8637,16231,10445,28696,8888,24900,54168,72295,10830,31318,23108,25896,46011,76157,99261,134717,0.19689805011917566,0.5307906183830443,0.27231133149778,0.19634558012731615,0.27180847105620987,0.531845948816474,0.0008681671300649659,6.088444808247813e-05,0.006158349174564733,0.07195865269481332,0.031502064433785906,0.033772828849306484,0.11538730401408911,0.02904413671490068,0.019476258447717172,0.036600573215803796,0.023553261489684597,0.0647088934138812,0.020042258316928355,0.0561489910093965,0.1221477327308028,0.16302374718973173,0.024421428619749563,0.07062144981655741,0.05210806764036684,0.05839495064977236,0.12919139903298085,0.2138364603280677,0.2787087318122343,0.3782634088267171
3603200,651745,142166,333041,176538,142143,189038,320564,185,14,4707,33284,16927,26023,81345,16501,10813,27826,10598,41439,7714,32652,73762,150972,12466,48838,31990,23689,65803,106710,145112,191954,0.21813132436765914,0.5109989336320186,0.2708697420003222,0.2180960344920176,0.2900490222402934,0.491854943267689,0.00028385334755157306,2.1480793868767694e-05,0.007222149767163538,0.05106905308057599,0.025971814129759338,0.039928192774781546,0.12481108408963629,0.02531818425918112,0.016590844578784646,0.04269461215659499,0.016260960958657145,0.06358161550913317,0.011835917421691,0.05009934867164305,0.11317616552486018,0.231642743711114,0.019127112597718432,0.0749342150687769,0.04908361399013418,0.03634703756837413,0.12913208746828264,0.2094081584994672,0.28476840686135024,0.3766913471708999
3603300,659938,143763,337139,179036,140800,195399,323739,2588,194,1396,47583,54023,40409,77656,20812,9735,20271,7645,40731,8718,44348,77241,93617,9737,50098,26440,26696,65750,120491,152373,177561,0.21784319133009464,0.5108646569829287,0.2712921516869767,0.213353375620134,0.29608690513351255,0.49055971924635344,0.003921580512108713,0.00029396700902205964,0.002115350229870079,0.07210222778503435,0.08186072024947798,0.0612315096266619,0.11767166006503642,0.03153629583385106,0.014751385736235828,0.030716521855083355,0.011584421566874463,0.06171943424988408,0.013210331879661422,0.06720025214489846,0.11704281311274696,0.14185726537947504,0.014754416323957706,0.07591319184529456,0.04006436968321266,0.04045228491161291,0.1273792802828498,0.23343052259408145,0.2951963965709304,0.34399380055213835
3603700,328480,65652,185701,77127,55489,107773,165218,11,13,2284,11779,5694,12658,33882,8785,2047,4537,11510,5609,1261,9511,52401,111057,4211,17177,9722,24331,48540,58660,76330,79298,0.19986604968339017,0.5653342669264491,0.23479968339016075,0.16892657087189478,0.3280960789089138,0.5029773502191914,3.3487579152459815e-05,3.957622990745251e-05,0.006953239162201656,0.03585910862152947,0.017334388699464198,0.03853507062834876,0.10314783244033122,0.026744398441305408,0.006231734047735022,0.013812104237700925,0.035040185094982954,0.01707562104237701,0.0038388943010228935,0.028954578665367756,0.15952569410618606,0.3380936434486118,0.012819654164637116,0.05229237700925475,0.029596931320019483,0.07407148075986361,0.18468351925974402,0.2231877882113017,0.2904180680901578,0.3017106244387965
3603800,2508049,614403,1418498,475148,371268,498420,1638361,202,16,6699,44481,22579,82923,158595,20073,206571,293133,89136,365806,68538,189584,168423,268873,74821,235459,108188,103949,230102,347821,488877,826846,0.24497248658219994,0.5655782642205156,0.18944924919728443,0.14803060067805693,0.1987281747685153,0.6532412245534278,8.05406911906426e-05,6.379460688367731e-06,0.0026710004469609645,0.017735299429955317,0.009002615180165938,0.033062751166344835,0.06323441049198002,0.008003432149850342,0.08236322336605066,0.11687690312270614,0.03553997549489663,0.1458528122855654,0.027327217291209224,0.07559022969646925,0.0671529942198099,0.10720404585396856,0.029832351760272626,0.09388133963889861,0.04313631830957051,0.04144615994344608,0.12151267977224887,0.1836779419173383,0.25816704917392164,0.4366423291364912
3603900,114422,27409,59977,27036,27050,35295,52077,3,0,1241,10425,1379,1677,14606,5436,1263,1775,1253,3965,634,4262,12886,31004,1514,8848,5121,7130,10924,19529,25763,30797,0.2395430948593802,0.5241736728950727,0.23628323224554718,0.2364055863382916,0.30846340738669137,0.45513100627501707,2.621873415951478e-05,0.0,0.010845816363985947,0.09111010120431386,0.012051878135323626,0.014656272395168762,0.12765027704462428,0.04750834629704078,0.011038087081155721,0.015512751044379578,0.010950691300624005,0.034652426980825365,0.00554089248571079,0.03724808166261733,0.11261820279316914,0.27096187796053206,0.013231721172501792,0.07732778661446225,0.044755379210291726,0.06231319151911346,0.12554445887396137,0.22443772769586154,0.29608219461459784,0.3539356188155793
3604000,833557,172592,463014,197951,182143,283623,367791,146,10,4687,33917,20615,25155,78921,76469,11618,16509,20390,24753,2722,33465,94856,245123,9773,53557,30231,50640,112481,150636,187885,209963,0.20705482648457155,0.5554677124659742,0.23747746104945433,0.21851295112391833,0.3402562752157321,0.4412307736603496,0.0001751529889377691,1.1996780064230761e-05,0.005622890816104957,0.04068947894385147,0.024731362102411714,0.03017790025157248,0.09467978794491559,0.0917381774731662,0.013937859078623297,0.019805484208038564,0.02446143455096652,0.029695629692990402,0.003265523533483613,0.04014722448494824,0.1137966569772673,0.29406867196844366,0.011724453156772723,0.06425115499000068,0.03626746581217601,0.060751694245264574,0.1701769382645072,0.22790314161869388,0.2842586218634875,0.31766129825331146
3604100,715381,144199,396751,174431,139609,245921,329851,30,8,2986,55938,19701,23156,67989,73284,10630,12936,16796,18982,3062,38315,63976,156544,7134,51985,27021,64908,97865,127772,161917,183628,0.20156951330829306,0.5546009748651418,0.24382951182656515,0.1951533518502728,0.34376227492762595,0.4610843732221012,4.193569580405406e-05,1.1182852214414417e-05,0.004173999589030181,0.0781932983962392,0.027539171434522305,0.03236876573462253,0.09503886740072773,0.10244051771014327,0.014859214879903156,0.01808267203070811,0.023478398224163068,0.02653411259175181,0.004280236685067118,0.05355887282441105,0.0894292691586721,0.2188260521316613,0.009972308462204055,0.07266757154579169,0.03777148121071149,0.09073207144165137,0.17133768220987355,0.22369752548224558,0.28347707035585856,0.3214877219520223
3700100,44222,11596,21613,11013,12920,17762,13540,288,492,156,2683,2868,1406,6084,685,370,686,806,1177,503,1628,6675,6588,1227,6263,1287,2350,4006,10389,10532,7699,0.26222242322825745,0.48873863687757224,0.24903893989417034,0.29216227217222196,0.4016552846999231,0.3061824431278549,0.006512595540681109,0.011125684048663561,0.003527655917868934,0.06067115915155352,0.0648545972592827,0.031794129618741805,0.13757858079688842,0.015490027588078333,0.008366876215458369,0.01551264076703903,0.018226222242322825,0.026615711636741892,0.011374429017231243,0.03681425534801682,0.15094296956266112,0.14897562299308037,0.027746370584776806,0.14162633983085343,0.029103161322418705,0.05314097055764099,0.12278550849016122,0.31842702139398027,0.32281002881137744,0.2359774413044811
3700200,53426,12287,27881,13258,13578,24039,15809,485,47,162,4079,9665,2165,6706,1733,522,845,484,1438,2190,2795,4605,7027,539,4440,1413,2086,6331,13602,13445,7761,0.22998165687118632,0.521862014749373,0.2481563283794407,0.2541459214614607,0.44994946280837045,0.29590461573016885,0.009077977014936548,0.0008797214839216861,0.0030322314977726202,0.07634859431737356,0.18090442855538502,0.0405233406955415,0.12551941002508143,0.03243739003481451,0.00977052371504511,0.015816269232209038,0.009059259536555236,0.026915733912327332,0.04099127765507431,0.05231535207576835,0.08619398794594392,0.13152772058548273,0.01008872084752742,0.08310560401302737,0.02644779695279452,0.03904465990341781,0.15389289968156736,0.3306351637132648,0.3268188337101048,0.18865310289506307
3700300,31516,6903,16142,8471,8345,13857,9314,117,14,270,2005,6116,1967,4828,776,109,604,239,581,118,1910,2996,3137,288,2867,781,1793,3690,8410,7810,4703,0.21903160299530397,0.5121842873461099,0.2687841096585861,0.2647861403731438,0.43968143165376317,0.29553242797309304,0.003712400050767864,0.00044421880949359056,0.008567077040233533,0.06361847950247493,0.19406015991877143,0.062412742733849474,0.1531920294453611,0.02462241401193045,0.0034585607310572406,0.01916486863815205,0.007583449676354867,0.018435080593984007,0.003744129965731692,0.06060413758091128,0.09506282523162837,0.09953674324152811,0.009138215509582435,0.09096966620129458,0.02478106358674959,0.05689173753014342,0.14992077357494007,0.3416893511558932,0.3173119895989924,0.1910778856701743
3700400,29601,6491,15210,7900,7833,10930,10838,381,30,341,1729,6575,466,3438,1260,77,381,112,705,85,2278,3300,3605,145,1979,668,2046,3465,7665,7583,4397,0.2192831323266106,0.5138339920948617,0.26688287557852775,0.264619438532482,0.3692442822877606,0.36613627917975744,0.012871186784230262,0.0010134792743488395,0.011519881085098476,0.058410188844971456,0.22212087429478733,0.015742711394885308,0.11614472484037701,0.042566129522651264,0.002601263470828688,0.012871186784230262,0.003783655957569001,0.023816762947197728,0.0028715246106550455,0.07695685956555522,0.11148272017837235,0.12178642613425222,0.004898483159352725,0.06685584946454512,0.022566805175500828,0.06911928651059086,0.14993509303331892,0.3316745997403721,0.32812635222847253,0.19026395499783644
3700590,59150,12188,30544,16418,16111,24290,18749,1092,43,342,2698,8351,2518,7759,4089,826,946,489,1338,170,2272,7100,8717,364,4880,1445,3711,7440,15315,15377,8830,0.2060524091293322,0.5163820794590025,0.27756551141166524,0.2723753169907016,0.4106508875739645,0.3169737954353339,0.018461538461538463,0.0007269653423499577,0.005781910397295012,0.045612848689771765,0.14118343195266272,0.042569737954353336,0.13117497886728655,0.06912933220625528,0.013964497041420118,0.01599323753169907,0.00826711749788673,0.022620456466610313,0.002874049027895182,0.038410819949281486,0.12003381234150465,0.14737109044801353,0.006153846153846154,0.08250211327134405,0.024429416737109046,0.06273879966187658,0.15842596141561263,0.32611473105915423,0.3274349474042843,0.18802436012094886
3700700,30259,5923,15670,8666,8616,11421,10222,693,27,147,1460,1400,1141,3863,1117,193,575,631,1371,146,1535,4370,4075,548,3099,1126,2742,3434,7661,8033,5208,0.19574341518225982,0.517862454145874,0.2863941306718662,0.2847417297333025,0.3774414223867279,0.3378168478799696,0.02290227700849334,0.0008922965068244159,0.004858058759377375,0.048250107406061005,0.046267226279784524,0.03770778941802439,0.127664496513434,0.0369146369675138,0.00637826762285601,0.019002610793482932,0.020853299844674312,0.04530883373541756,0.004825010740606101,0.050728708813906606,0.14441984203047029,0.13467067649294426,0.018110314286658515,0.10241581017218018,0.03721206913645527,0.09061766747083512,0.14110782380013148,0.31480111768573305,0.3300871137409599,0.21400394477317555
3700800,34183,6912,17320,9951,9782,14674,9727,1217,7,137,1801,4113,797,4569,435,212,686,1912,753,31,1571,3290,2975,559,5691,896,2531,4278,8851,8747,5395,0.20220577480033936,0.5066846093087207,0.2911096158909399,0.28616563789017935,0.4292777111429658,0.2845566509668549,0.035602492467015766,0.00020478015387765847,0.004007840154462745,0.05268700816195185,0.12032296755697276,0.02331568323435626,0.13366293186671738,0.012725623848111635,0.006201913231723371,0.020068455080010532,0.05593423631629758,0.02202849369569669,0.000906883538601059,0.045958517391685924,0.09624667232249949,0.08703156539800486,0.01635315800251587,0.16648626510253633,0.026211859696340285,0.07404265278062194,0.1568699350958894,0.3245572219573906,0.3207436470976495,0.19782919584907044
3700900,56241,11739,29337,15165,15165,21794,19282,1133,48,157,2618,9340,2822,7581,676,1164,1042,512,1715,1300,2701,5837,7951,355,5357,1045,2887,6979,15085,14251,8187,0.20872672961007094,0.5216301274870646,0.26964314290286445,0.26964314290286445,0.38751089063138994,0.3428459664657456,0.020145445493501182,0.0008534698885154958,0.0027915577603527674,0.04654967016944933,0.16607101580697356,0.05017691719564019,0.13479490051741613,0.012019700929926566,0.020696644796500772,0.018527408829857223,0.009103678810831956,0.03049376789175157,0.023114809480628013,0.04802546185167404,0.10378549456801978,0.1413737309080564,0.006312121050479188,0.09525079568286482,0.01858075069788944,0.05133265766967159,0.15682441238596018,0.33897352927958296,0.32023279852590897,0.18396925980854792
3701000,37542,7970,20012,9560,9674,13561,14307,806,7,7,3069,7281,1497,4035,769,174,680,290,909,202,2299,3247,5556,306,3390,724,2294,4803,9728,9439,5602,0.21229556230355334,0.5330563102658356,0.25464812743061105,0.25768472643972085,0.3612220979169996,0.38109317564327955,0.02146928773107453,0.00018645783389270685,0.00018645783389270685,0.08174844174524533,0.19394278408182836,0.03987533961962602,0.10747962282243886,0.02048372489478451,0.004634809013904427,0.018113046721005808,0.007724681689840712,0.024212881572638643,0.005380640349475254,0.06123808001704757,0.08648979809280273,0.14799424644398274,0.008150871024452612,0.09029886527089659,0.019285067391188536,0.061104895849981355,0.16241715135939402,0.32895982686324904,0.3191870688489111,0.18943595292844584
3701100,50725,12983,27218,10524,13886,18708,18131,540,72,63,4282,6712,2142,8080,1316,318,858,443,1476,297,3063,5325,5979,385,5657,1290,2427,5707,11420,12244,8371,0.25594874322326266,0.5365795958600296,0.20747166091670774,0.2737506160670281,0.3688122227698374,0.35743716116313456,0.010645638245441104,0.0014194184327254804,0.0012419911286347955,0.08441596845736817,0.13232134056185313,0.04222769837358305,0.15929029078363727,0.02594381468703795,0.006269098077870872,0.016914736323311978,0.008733366190241499,0.02909807787087235,0.0058551010349926075,0.06038442582552982,0.10497782158698866,0.11787087235091177,0.0075899457861015275,0.11152291769344505,0.02543124691966486,0.047846229669788076,0.15121085263102113,0.3025806793492661,0.3244131206613322,0.22179534735838058
3701200,637880,143359,360029,134492,130864,191980,315036,1011,272,2534,34977,26602,30075,67451,10540,22156,22963,10117,66671,11823,48893,50451,72203,11786,52895,17515,76945,58936,125588,153330,156667,0.22474289835078698,0.5644149369787421,0.21084216467047093,0.2051545745281244,0.30096569887753183,0.49387972659434376,0.0015849376058192763,0.0004264124913776886,0.003972534018937731,0.05483319746660814,0.04170376873393115,0.047148366463911705,0.10574245939675174,0.016523484040885432,0.034733805731485545,0.03599893396877155,0.01586034990907381,0.1045196588700069,0.018534834138082396,0.07664921301812253,0.0790916786856462,0.11319213645199724,0.018476829497711168,0.08292312033611338,0.027458142597353734,0.12062613657741268,0.11917795199799402,0.2539588814226292,0.31005761130467663,0.31680555527470017
3701300,217610,41671,127829,48110,35114,54353,128143,224,31,188,5276,23833,6857,16081,3220,3412,11530,2433,27247,1138,10937,34631,39237,2088,16049,5261,7937,19200,40835,51875,64029,0.19149395707917835,0.5874224530122697,0.221083589908552,0.16136206975782363,0.249772528835991,0.5888654014061854,0.00102936445935389,0.00014245668857129726,0.0008639308855291577,0.024245209319424657,0.10952162124902348,0.03151050043656082,0.07389825835209779,0.014797114103212168,0.015679426496944076,0.052984697394421215,0.011180552364321493,0.12521023850006893,0.005229539083681816,0.050259638803363815,0.1591425026423418,0.18030880933780616,0.009595147281834474,0.0737512062864758,0.024176278663664355,0.03647350765130279,0.1091287321173816,0.23209748833402485,0.2948465093015193,0.3639272702470743
3701400,72977,15464,41111,16402,13799,21662,37516,260,10,238,1897,2280,951,6124,718,895,1105,730,3663,348,1495,22494,17380,644,6774,2434,2537,6335,13295,16701,21182,0.21190238020198143,0.5633418748372775,0.22475574496074105,0.18908697260780793,0.2968332488318237,0.5140797785603684,0.003562766351042109,0.00013702947504008113,0.0032613015059539305,0.025994491415103387,0.031242720309138494,0.013031503076311715,0.08391685051454569,0.009838716307877825,0.01226413801608726,0.015141756991928964,0.010003151677925922,0.05019389670718172,0.004768625731394823,0.02048590651849213,0.3082341011551585,0.238157227619661,0.008824698192581224,0.09282376639215095,0.03335297422475574,0.03476437781766858,0.11014900978909116,0.23116512788413054,0.29038652130822595,0.36829934101855233
3701500,43882,9860,23240,10782,11320,17272,15290,486,69,280,2346,9909,1684,5530,808,809,697,424,1472,335,2803,4042,5155,651,3788,941,1653,5505,10191,10801,7525,0.22469349619433937,0.5296021147623171,0.24570438904334352,0.2579645412697689,0.3936010209197393,0.34843443781049177,0.01107515610045121,0.0015723987056196161,0.006380748370630327,0.05346155599106695,0.22581012715919968,0.03837564377193382,0.12601978031994895,0.018413016726676085,0.01843580511371405,0.015883505765461922,0.009662276104097351,0.03354450571988515,0.007634109657718427,0.06387584886741716,0.09211066040745636,0.11747413518071191,0.01483523996171551,0.08632241009981313,0.021443872202725492,0.03766920377375689,0.16180706601610723,0.29954147316442303,0.31747104814531774,0.22118041267415203
3701600,63697,15564,32595,15538,17350,24167,22180,87,54,105,3009,9387,2627,9457,1146,398,1488,518,1402,376,3390,6390,11265,748,7702,1547,2601,7258,14738,15314,10823,0.24434431762877373,0.5117195472314238,0.2439361351398025,0.27238331475579697,0.3794056234987519,0.34821106174545113,0.0013658414054037082,0.0008477636309402326,0.0016484292823837857,0.04723927343516963,0.14736957784511046,0.04124213071259243,0.14846853070003296,0.017991428167731603,0.0062483319465594924,0.02336059783035308,0.008132251126426676,0.022010455751448263,0.005902946763583842,0.05322071683124794,0.10031869632792753,0.17685291301003186,0.011743096221172112,0.1209162126944754,0.024286858093787778,0.04083394822362121,0.15079051793987494,0.30619325618598464,0.31816009806162093,0.22485612781251949
3701700,285732,63430,154049,68253,69056,99438,117238,305,62,357,11712,33875,18489,32016,17373,4584,12957,4509,12438,5230,26480,21066,36451,3753,27334,7070,9671,30169,66005,70985,55143,0.2219912365433343,0.5391380734394468,0.23887069001721895,0.24168101577702183,0.3480114232917559,0.4103075609312223,0.0010674338191032156,0.00021698654683409627,0.0012494225358027802,0.04098945865356348,0.118555149580726,0.06470748813573558,0.11204905295871656,0.06080173029272185,0.016043005333669313,0.04534668850531267,0.015780521607660324,0.04353030112133048,0.018303865160360058,0.09267425419623983,0.0737264289614044,0.12757059062338136,0.013134685649489731,0.09566306888972884,0.024743465905113882,0.033846401523105564,0.13571177947116986,0.29691590718931904,0.31931786488650576,0.24805444845300537
3701800,192336,41432,103722,47182,44391,66972,80973,72,114,169,6891,15770,6264,23006,5674,1767,8881,2038,9696,6417,14266,16392,41072,2980,19112,4625,7130,19149,43195,49276,39284,0.21541469095749105,0.5392750187172448,0.2453102903252641,0.2307992263538807,0.34820314449713,0.42099762914898925,0.0003743448964312453,0.0005927127526828051,0.0008786706596788953,0.03582792612927377,0.08199193078778803,0.032568005989518346,0.11961359287912819,0.029500457532651195,0.00918704766658348,0.04617440312785958,0.010596040262873306,0.05041177938607437,0.03336348889443474,0.07417228184011314,0.08522585475418018,0.21354296647533483,0.015493719324515431,0.09936777306380501,0.024046460361034857,0.0370705432160386,0.12689524465885596,0.28624158405343797,0.3265387266076446,0.2603244446800615
3701990,98916,23120,53242,22554,23520,37643,37753,531,57,437,5848,17830,4674,13001,4681,842,1550,710,3677,4541,6236,7294,10108,2556,9078,2132,3133,10103,23675,24845,17173,0.2337336730154879,0.5382546807392131,0.22801164624529904,0.23777750818876622,0.38055521856929114,0.38166727324194266,0.005368191192526992,0.000576246512192163,0.004417889926806583,0.05912087023332929,0.18025395284888188,0.04725221399975737,0.13143475271947916,0.04732298111528974,0.0085122730397509,0.015669861296453556,0.007177807432569049,0.037172954830361114,0.045907638804642326,0.06304339035140928,0.07373933438473047,0.10218771482874359,0.025840106757248574,0.09177483925755187,0.021553641473573536,0.03167333899470257,0.1332919943004908,0.3123515752810175,0.3277877460552008,0.22656868436329095
3702000,36995,7426,19694,9875,8089,16906,12000,181,27,126,1138,11391,2093,3649,848,277,556,156,578,364,1648,3343,3812,213,2609,842,3144,4125,10198,9565,5681,0.20072982835518313,0.5323422084065415,0.26692796323827545,0.2186511690769023,0.45698067306392753,0.32436815785917017,0.00489255304770915,0.0007298283551831329,0.0034058656575212867,0.03076091363697797,0.3079064738478173,0.056575212866603594,0.09863495066900932,0.02292201648871469,0.0074874983105825115,0.015029057980808218,0.004216786052169212,0.015623732936883362,0.009839167455061495,0.0445465603459927,0.09036356264360049,0.10304095147992973,0.00575753480200027,0.07052304365454791,0.022759832409785106,0.08498445735910258,0.13950421049071662,0.3448882275355947,0.32348067232574657,0.1921268896479421
3702100,44791,10179,23498,11114,10506,20367,13918,225,98,58,1329,15558,1129,4680,290,191,519,226,632,86,2374,3490,6833,237,3894,1006,1936,4576,11555,11560,6921,0.22725547543033198,0.5246143198410395,0.2481302047286285,0.23455604920631376,0.45471188408385615,0.3107320667098301,0.005023330579803979,0.0021879395414257327,0.0012949029939050255,0.0296711392913755,0.3473465651581791,0.025205956553771964,0.10448527605992275,0.0064745149695251275,0.0042642495144113775,0.011587149204081177,0.005045656493491996,0.014109977450827175,0.0019200285771695206,0.05300171909535398,0.07791743877118171,0.15255296823022482,0.0052912415440601905,0.08693710790114086,0.022459869170145787,0.04322296890000223,0.13220848260718826,0.33384375361146423,0.33398821218074654,0.19995955160060094
3702200,131472,30856,70396,30220,31829,52582,47061,284,96,497,6404,11678,3552,16704,3354,1481,2857,1792,6007,897,7893,9036,27279,2739,18121,4702,6099,12257,29394,32469,26496,0.2346963612023853,0.5354448095411951,0.22985882925641962,0.2420971765851284,0.39994827796032617,0.35795454545454547,0.002160155774613606,0.0007301935012778386,0.0037802726055738106,0.04870999148107582,0.08882499695752707,0.02701715954728003,0.12705366922234393,0.025511135450894486,0.011264755993671657,0.021730862845320678,0.013630278690519654,0.045690337105999755,0.006822745527564805,0.060035596933187295,0.06872946330777656,0.20748904709748084,0.020833333333333332,0.137831629548497,0.035764269198004135,0.04639010587805768,0.1218195913174843,0.29214041504333305,0.3227021547268824,0.2633378389123002
3702390,66840,15272,34044,17524,17257,29487,20096,146,76,255,4044,5350,891,9030,604,579,1243,678,2780,241,1963,6568,9225,5615,8662,2148,6742,6549,16726,17351,10942,0.22848593656493119,0.5093357271095152,0.26217833632555354,0.2581837223219629,0.4411579892280072,0.3006582884500299,0.0021843207660083783,0.00113704368641532,0.00381508078994614,0.06050269299820467,0.08004189108318373,0.013330341113105925,0.13509874326750448,0.009036505086774387,0.008662477558348295,0.018596648713345303,0.01014362657091562,0.04159186116098145,0.0036056253740275285,0.029368641532016758,0.09826451226810293,0.138016157989228,0.0840065828845003,0.12959305804907242,0.03213644524236984,0.10086774386594853,0.12699736270555384,0.32434843313682904,0.33646835246664597,0.21218585169097115
3702500,47860,10290,24729,12841,11893,18864,17103,1043,21,73,2844,7611,1779,6584,754,439,870,432,1651,222,2043,4295,8056,793,5037,1537,1776,4767,11673,12204,8926,0.21500208942749688,0.5166945256999582,0.2683033848725449,0.24849561220225658,0.3941496030087756,0.3573547847889678,0.021792728792310905,0.00043877977434183033,0.0015252820727120768,0.05942331801086502,0.1590263267864605,0.037170915169243625,0.13756790639364813,0.015754283326368575,0.00917258671124112,0.01817801922273297,0.009026326786460509,0.03449644797325533,0.004638529043042207,0.0426870037609695,0.08974091099038864,0.16832427914751358,0.01656916005014626,0.1052444630171333,0.032114500626828246,0.037108232344337654,0.1268831514506255,0.31070002661698165,0.32483364386478575,0.23758317806760712
3702690,81101,18349,42387,20365,21439,32834,26828,395,80,487,4925,14918,2375,9877,3030,1414,1295,490,2249,213,5577,8796,9866,1269,7532,1855,4458,8479,20518,20538,13217,0.2262487515567009,0.5226446036423719,0.25110664480092726,0.2643493914994883,0.40485320772863465,0.330797400771877,0.004870470154498712,0.0009864243350883467,0.00600485813985031,0.06072674812887634,0.18394347788559945,0.029284472447935292,0.121786414470845,0.037360821691471126,0.017435050122686528,0.015967743924242613,0.006041849052416123,0.027730854120171143,0.002626354792172723,0.06876610645984636,0.10845735564296372,0.12165078112477035,0.0156471560153389,0.09287185114856783,0.02287271426986104,0.05496849607279811,0.13511919938806732,0.32696965833758285,0.32728837327893934,0.2106227689954105
3702800,87885,18964,46651,22270,19076,35546,33263,89,26,354,2690,24429,4311,10657,4255,500,1199,558,3169,2237,5419,5051,10188,1032,7158,1677,2886,9481,22576,22739,14125,0.21578198782499858,0.5308186835068556,0.25339932866814585,0.21705638049724071,0.4044603743528475,0.37848324514991183,0.0010126870341924106,0.0002958411560562098,0.004027991124765319,0.030608181145815556,0.27796552312681344,0.04905273937532002,0.12126073846503954,0.048415543039198955,0.005689253001080958,0.013642828696592137,0.006349206349206349,0.036058485520851113,0.025453717926836206,0.061660124025715426,0.05747283381691984,0.1159242191500256,0.011742618194231098,0.081447345963475,0.019081754565625532,0.03283836832223929,0.13756329710828338,0.32756344220194133,0.3299284688266276,0.20494479186314765
3703000,78756,17950,41846,18960,19693,29879,29184,38,94,594,3667,16990,2568,10568,1627,507,1164,977,1956,369,4691,6064,12548,900,7853,1741,3840,8621,19300,20079,12806,0.2279191426684951,0.5313372949362588,0.24074356239524608,0.250050789781096,0.37938696734217076,0.3705622428767332,0.000482502920412413,0.0011935598557570217,0.007542282492762456,0.04656153181979786,0.21572959520544466,0.03260703946365991,0.13418660165574686,0.020658743460815684,0.006437604753923511,0.014779826298948652,0.012405404032708619,0.02483620295596526,0.004685357306110011,0.05956371578038499,0.07699730814160191,0.15932754329828838,0.011427700746609782,0.09971303773680736,0.022106252222052925,0.04875818985220174,0.14177877183172713,0.31740288787290727,0.3302141236062231,0.21060421668914253
3703100,734592,166088,420422,148082,145337,209715,379540,1648,162,3945,35391,34908,41997,71672,38247,24994,70673,14710,62909,31232,65931,34757,84729,15812,65534,19187,16154,69478,147068,176960,174998,0.22609557414183656,0.5723204173200906,0.20158400853807285,0.19784724037288726,0.28548500392054366,0.5166677557065691,0.002243422198989371,0.00022053058024046001,0.00537032801881861,0.048177763983272344,0.04752025614218505,0.05717051097752222,0.09756708485798919,0.052065636434918974,0.034024329151420105,0.09620714627983969,0.02002472120578498,0.08563801402683394,0.04251611779055585,0.08975186225823314,0.04731469986060289,0.11534157736539467,0.02152487367137132,0.08921142620665622,0.026119260759714234,0.021990438229656736,0.12221198091834007,0.2586929907265384,0.3112730957038121,0.3078219326513094
3703290,97889,26642,50989,20258,28344,34992,34553,467,64,232,5799,9210,4691,16346,3850,909,1427,1136,3094,1646,5320,8265,13227,3255,12593,2604,3754,9886,21687,23372,16302,0.2721654118440274,0.5208859013780915,0.20694868677788106,0.28955245226736404,0.3574661095730879,0.3529814381595481,0.004770709681373801,0.0006538017550490862,0.0023700313620529374,0.059240568398900795,0.09408615881253256,0.04792162551461349,0.1669850545005057,0.03933026182717159,0.009286028052181552,0.014577736007110095,0.01160498115212128,0.03160722859565426,0.016814963887668687,0.05434727088845529,0.0844323672731359,0.13512243459428536,0.03325194863569962,0.12864571095833036,0.026601558908559694,0.03834955919459796,0.13875671958117536,0.3043917638637416,0.3280418824652266,0.2288096340898564
3703400,50488,11594,26652,12242,13466,18283,18739,428,227,168,2728,7772,2558,5878,4063,166,697,206,1016,768,3084,4086,8459,742,4390,1022,2030,5412,12023,12863,8596,0.22963872603390906,0.5278878149263191,0.24247345903977183,0.2667168436064015,0.36212565362066235,0.37115750277293613,0.008477261923625416,0.004496117889399461,0.0033275233718903503,0.0540326414197433,0.15393756932340358,0.05066550467437807,0.11642370464268736,0.08047456821422912,0.003287909998415465,0.013805260655997464,0.004080177467913167,0.020123593725241643,0.015211535414355886,0.061083821898272855,0.08093012200919031,0.16754476311202662,0.01469656155918238,0.08695135477737284,0.020242433845666298,0.040207574077008396,0.1391474263382527,0.30912222964981745,0.3307193911657325,0.22101095284619734
3703500,45522,10247,24010,11265,11247,18964,15311,78,64,126,2329,9482,2264,6043,1737,118,847,362,806,1407,3279,4921,4536,532,3983,1091,1517,5216,11414,11397,7248,0.22509995167171917,0.5274372830719213,0.24746276525635957,0.24706735204955846,0.41658978076534425,0.3363428671850973,0.0017134572294714644,0.0014059136241817143,0.00276789244760775,0.0511620754799877,0.20829489038267213,0.04973419445542814,0.1327490004832828,0.03815737445630684,0.0025921532445850356,0.018606388120029876,0.007952198936777823,0.017705724704538465,0.030908132331619875,0.07203110583893502,0.10810157725934713,0.099644128113879,0.0116866570010105,0.08749615570493388,0.023966433812222663,0.0333245463731822,0.14786676116229625,0.3235719347980156,0.3230900070871722,0.20547129695251595
3703600,47124,10253,25007,11864,10899,21354,14871,246,44,129,2538,15966,2368,4650,1082,216,869,374,703,323,3107,3626,4224,479,3716,1094,1370,6154,12571,11518,6628,0.21757490875137933,0.5306637806637806,0.25176131058483997,0.23128342245989306,0.4531448943213649,0.315571683218742,0.0052202699261522795,0.0009337068160597573,0.002737458619811561,0.05385790679908327,0.33880825057295644,0.05025040319157966,0.09867583396995162,0.022960699431287666,0.004583651642475172,0.018440709617180206,0.007936507936507936,0.014918088447500212,0.006854256854256854,0.0659324335794924,0.07694592988710636,0.0896358543417367,0.010164671929377811,0.07885578473813767,0.02321534674475851,0.029072234954587897,0.16690624067695478,0.3409454584904125,0.3123864283583304,0.1797618724743023
3703700,46506,10463,24275,11768,13031,19088,14387,413,38,150,2144,4682,820,5490,534,393,814,381,1513,547,3022,3610,11449,1522,5786,1428,1770,5091,10687,12140,8125,0.2249817227884574,0.5219756590547456,0.25304261815679696,0.2802004042489141,0.4104416634412764,0.3093579323098095,0.008880574549520492,0.0008170988689631445,0.003225390272222939,0.04610157829097321,0.10067518169698533,0.017632133488152065,0.11804928396335956,0.011482389369113662,0.0084505225132241,0.01750311787726315,0.008192491291446264,0.032533436545822046,0.011761923192706317,0.06498086268438481,0.07762439255149874,0.24618328817786952,0.03272695996215542,0.12441405410054616,0.030705715391562378,0.03805960521223068,0.1412479538329218,0.29650695003190636,0.336819909552479,0.2254251865826929
3703800,25802,6608,13279,5915,8287,9930,7585,219,68,98,1890,1979,571,4716,765,127,526,284,778,253,946,4534,3384,251,2819,554,1040,2759,6036,6183,4216,0.25610417797069995,0.5146500271296799,0.2292457948996202,0.32117665297263776,0.38485388729555847,0.2939694597318037,0.008487714130687543,0.0026354546159212465,0.0037981551817688553,0.07325013564839934,0.07669948066041392,0.02213006743663282,0.18277652895124408,0.029648864429114023,0.0049220990620882105,0.020386016587861405,0.011006898690024029,0.03015270134098132,0.009805441438648166,0.03666382450972793,0.17572281218510194,0.13115262382761025,0.00972792806759166,0.10925509650414697,0.021471203782652507,0.040306952949383766,0.14374283630301135,0.31447327289778054,0.3221319162238199,0.21965197457538815
3703900,37089,7810,19753,9526,8313,17732,11044,4799,0,44,1467,8733,1097,3783,607,182,411,117,463,1422,1446,3925,3897,68,2083,679,1866,5707,9446,9273,4853,0.21057456388686674,0.5325837849497156,0.25684165116341773,0.22413653643937556,0.478093235191027,0.29777022836959743,0.12939146377632182,0.0,0.0011863355711936154,0.03955350643047804,0.23546064870986005,0.029577502763622636,0.10199789695057834,0.016366038448057375,0.004907115317209955,0.01108145272183127,0.0031545741324921135,0.012483485669605544,0.038340208687211844,0.03898730081695381,0.105826525384885,0.1050715845668527,0.0018334277009355875,0.05616220442718865,0.018307314837283293,0.05031141308743833,0.1949178592165033,0.3226203080706308,0.3167116363263773,0.1657501963864886
3704000,39951,9233,20708,10010,10879,16429,12643,1261,6,275,1781,5101,1504,5988,1103,192,897,354,964,640,1341,4628,6227,246,4197,1056,2190,5093,9733,10034,5858,0.2311081074316037,0.5183349603263998,0.25055693224199643,0.27230857800805985,0.4112287552251508,0.3164626667667893,0.031563665490225525,0.00015018397536982803,0.0068834322044504515,0.04457961002227729,0.12768140972691547,0.03764611649270356,0.14988360741908838,0.02760882080548672,0.004805887211834497,0.022452504317789293,0.008860854546819855,0.02412955870941904,0.016019624039448323,0.03356611849515657,0.11584190633526069,0.15586593577131988,0.006157542990162949,0.10505369077119471,0.026432379665089736,0.054817151009987235,0.165798554593398,0.31685005534214467,0.3266488703691647,0.19070251969529267
3704190,69337,17666,35834,15837,19852,29954,19531,643,32,394,4032,8402,1352,9909,1409,348,1176,952,2546,655,5437,7052,9225,633,9527,1748,3865,8328,16751,16687,9905,0.25478460273735526,0.5168092072053881,0.2284061900572566,0.2863117815884737,0.4320059996827091,0.2816822187288172,0.009273548033517457,0.0004615140545451923,0.0056823917965876805,0.058150770872694234,0.12117628394652206,0.019498968804534375,0.14291071145275971,0.020321040714193,0.005018965343178966,0.016960641504535818,0.01373004312271947,0.03671921196475186,0.009446615803971905,0.07841412233006909,0.10170615977039676,0.13304584853685622,0.009129324891472085,0.13740138742662647,0.02521020522953113,0.05574224440053651,0.16117357899014922,0.32418571345629077,0.322947107661938,0.191693599891622
3704200,77718,19912,40700,17106,20929,27060,29729,547,21,505,3101,6619,1549,8960,711,814,1719,931,1761,1432,5928,10046,19173,473,9056,1636,2736,8136,16557,19130,13983,0.2562083429836074,0.523688206078386,0.22010345093800665,0.26929411461952185,0.3481818883656296,0.38252399701484857,0.007038266553436784,0.0002702076738979387,0.006497851205640907,0.03990066651226228,0.0851668854062122,0.019931032707995573,0.11528860752978717,0.009148459816258782,0.01047376412156772,0.02211842816335984,0.01197920687614195,0.022658843511155716,0.018425589953421345,0.07627576623176098,0.1292622043799377,0.24669960626881804,0.00608610617874881,0.11652384261046347,0.02105046449985846,0.0352041997992743,0.14074663529737397,0.2864235546483064,0.330934505068678,0.24189530498564163
3704300,33159,7347,17227,8585,9072,12800,11287,264,33,91,1196,4098,656,4146,754,302,588,359,1715,149,2066,3214,6722,440,3978,959,1429,3499,7853,8681,5779,0.22156880484936217,0.5195271268735486,0.25890406827708917,0.27359088030398987,0.38601887873578816,0.34039024096022197,0.007961639373925631,0.000995204921740704,0.002744352966012244,0.036068638981875206,0.12358635664525468,0.019783467535209143,0.1250339274405139,0.022738924575530024,0.009107632920172502,0.01773274224192527,0.01082662323954281,0.05172049820561537,0.004493501010283784,0.06230585964594831,0.0969269278325643,0.20272022678609125,0.013269398956542718,0.11996742965710666,0.02892125818028288,0.0430953888838626,0.13555710522237718,0.3042383387571672,0.3363164419649775,0.22388811405547807
3704400,40925,9178,20658,11089,12045,16413,12467,610,6,165,2308,3738,1291,6308,677,300,802,681,1145,228,2617,4292,5375,935,5575,1296,2576,4480,10021,10407,6839,0.22426389737324373,0.504777031154551,0.27095907147220527,0.29431887599266954,0.4010507025045815,0.30463042150274894,0.014905314599877826,0.00014660965180207696,0.0040317654245571165,0.056395846059865605,0.09133781307269395,0.031545510079413565,0.15413561392791691,0.016542455711667684,0.007330482590103849,0.01959682345754429,0.016640195479535737,0.027978008552229688,0.005571166768478925,0.06394624312767257,0.10487477092241906,0.13133781307269396,0.022846670739156996,0.13622480146609653,0.031667684789248626,0.06294441050702504,0.14111569597127288,0.31565187261788513,0.32781050177969573,0.21542192963114626
3704690,125924,31417,66920,27587,32623,44355,48946,526,22,339,9355,5619,5126,15931,2773,3487,3625,2493,9282,636,7440,10599,20383,2059,17190,4126,4913,12111,27148,30718,24530,0.24949175693275308,0.5314316571900511,0.21907658587719578,0.2590689622311871,0.35223626949588643,0.38869476827292654,0.004177122708935548,0.0001747085543661256,0.002692099996823481,0.07429084209523204,0.04462215304469362,0.040707093167307265,0.12651281725485214,0.022021219148057557,0.02769130586703091,0.02878720498078206,0.019797655728852323,0.07371112734665354,0.005050665480766176,0.059083256567453384,0.08416981671484387,0.16186747562021536,0.01635113242908421,0.13651091134334994,0.03276579524157428,0.03901559670912614,0.12814923762260996,0.28725914482525106,0.32503412445638946,0.25955749309574955
3704800,31176,6683,15406,9087,9341,12171,9664,202,7,1051,2269,1475,834,4399,641,322,419,812,1143,3,2021,3059,3835,1444,4670,787,1783,3105,7242,8168,5978,0.21436361303566848,0.4941621760328458,0.29147421093148573,0.29962150372081087,0.39039645881447266,0.3099820374647165,0.006479343084423916,0.00022453169104439313,0.033711829612522455,0.07278034385424685,0.04731203489863998,0.026751347190146265,0.14110212984346934,0.020560687708493713,0.010328457788042084,0.013439825506800103,0.0260456761611496,0.036662817551963045,9.622786759045419e-05,0.06482550680010264,0.09812034898639979,0.12301129073646394,0.046317680266871955,0.1497947138824737,0.025243777264562485,0.057191429304593276,0.1267709141387335,0.2956763156820316,0.33348303596946066,0.2440697342097742
3704990,65095,14078,34802,16215,17154,29130,18811,1276,4,204,2752,15210,1561,7177,1447,217,793,373,964,195,4660,7017,11369,127,5137,894,3718,8887,16896,16914,8320,0.21626853060910975,0.5346339964667025,0.2490974729241877,0.26352254397419156,0.44749980797296257,0.2889776480528458,0.019602119978492972,6.14486519701974e-05,0.0031338812504800675,0.04227667255549582,0.23365849911667563,0.023980336431369535,0.11025424379752669,0.02222904985021891,0.003333589369383209,0.012182195253091636,0.005730086796220908,0.014809125124817574,0.0029956217835471234,0.07158767954527998,0.10779629771871879,0.17465243106229358,0.0019509947000537675,0.07891543129272602,0.013733773715339119,0.057116522006298485,0.1741968363486681,0.3311837230727013,0.33153654664131565,0.163082893937315
3705000,110202,26623,59182,24397,30305,41342,38555,284,0,375,4757,6645,2425,17587,4223,1148,1815,1618,6231,465,6349,10547,21568,1305,14967,3066,4827,12716,25328,28227,17308,0.2415836373205568,0.5370319957895501,0.2213843668898931,0.2749950091649879,0.37514745648899295,0.34985753434601913,0.002577085715322771,0.0,0.0034028420536832363,0.04316618573165641,0.06029836119126695,0.022005045280484928,0.15958875519500554,0.03832053864721149,0.010417233807008947,0.016469755539826863,0.014682129180958603,0.05654162356400065,0.004219524146567213,0.05761238453022631,0.09570606704052557,0.19571332643690678,0.011841890346817662,0.13581423204660534,0.02782163663091414,0.043801382915010616,0.15214348101795905,0.30304263032579953,0.3377283767453547,0.2070855119108867
3705200,32848,7381,17766,7701,8670,14302,9876,411,124,166,1359,6647,698,4580,713,118,341,292,533,89,1817,3951,5138,187,2644,560,2480,4212,8598,8284,4373,0.22470165611300535,0.540854846566001,0.23444349732099368,0.2639430102289333,0.43539941548952754,0.3006575742815392,0.012512177301509985,0.00377496346809547,0.005053580126643936,0.041372381880175356,0.20235630784218217,0.0212493911349245,0.1394301022893327,0.021706039941548953,0.0035923039454456894,0.010381149537262543,0.008889430102289334,0.01622625426205553,0.0027094495859717486,0.05531539210910862,0.12028129566488066,0.1564174378957623,0.005692888455918169,0.0804919629810034,0.017048222113979543,0.0754992693619094,0.16539050535987748,0.3376133820237955,0.32528370047512467,0.17171241214120234
3705390,75751,17442,41074,17235,17316,26889,31546,1092,53,289,8211,14056,4024,8802,3024,527,1055,590,3376,184,4820,7347,5734,812,5668,2299,3788,8565,18043,18237,13464,0.2302543860807118,0.5422238650314848,0.22752174888780347,0.22859104170241978,0.3549656110150361,0.4164433472825441,0.014415651278530976,0.0006996607305514119,0.003815131153384114,0.108394608652031,0.18555530620057822,0.053121410938469456,0.1161964858549722,0.03992026507900886,0.006957003867935737,0.013927208881730935,0.007788676057081755,0.04456706842153899,0.0024290108381407505,0.0636295230426001,0.09698881862945703,0.0756953703581471,0.010719330437882008,0.0748240947314227,0.030349434330899924,0.050005940515636754,0.14688984547839956,0.30943765113447325,0.31276475329708964,0.23090775009003756
3800100,113657,28801,60325,24531,21392,25809,66456,764,19537,2378,8049,3099,6563,11463,7945,1232,3114,2228,3305,263,2697,8871,12001,2235,8986,3000,5927,9773,28032,29912,17139,0.25340278205477884,0.5307636133278196,0.21583360461740148,0.18821542007971354,0.2270779626419842,0.5847066172783023,0.006721979288561197,0.17189438397986925,0.020922600455757234,0.07081833938956686,0.027266248449281612,0.05774391370527112,0.10085608453504843,0.06990330555971036,0.010839631522915439,0.02739822448243399,0.01960284012423344,0.02907871930457429,0.0023139797812717212,0.023729290760797838,0.07805062600631725,0.10558962492411378,0.019664428939704548,0.07906244226048549,0.026395206630475905,0.05214812989961023,0.11517158480248892,0.3303478834731781,0.3525030640143302,0.20197746771000283
3800200,51496,11258,25194,15044,12881,15998,22617,1197,308,362,1935,6824,3410,5374,1108,686,1723,389,1122,193,665,7060,8343,1754,3722,1240,4081,3514,12784,15023,8917,0.21861892185800838,0.4892418828646885,0.2921391952773031,0.2501359328879913,0.31066490601211744,0.43919916109989127,0.02324452384651235,0.005981047071617213,0.007029672207550101,0.037575734037595156,0.13251514680751902,0.066218735435762,0.10435762000932111,0.02151623427062296,0.013321423023147429,0.03345890942985863,0.007553984775516545,0.02178810004660556,0.0037478639117601367,0.012913624359173528,0.13709802703122573,0.1620125835016312,0.034060897933820104,0.07227745844337424,0.02407954015845891,0.07924887369892807,0.08733038421392714,0.3177096277150952,0.3733535463989264,0.2216064416720513
3800300,71609,17455,36939,17215,16803,20174,34632,388,334,453,4131,1698,3224,9041,1806,986,3007,679,4253,1860,2774,6022,14672,1735,6505,2393,5648,4769,16356,19444,13585,0.2437542766970632,0.5158429806309263,0.2404027426720105,0.23464927592900334,0.28172436425588965,0.48362635981510704,0.005418313340501892,0.004664218184865031,0.006326020472287003,0.057688279406219886,0.023712103227247972,0.045022273736541496,0.1262550796687567,0.025220293538521694,0.013769218952924912,0.04199192838888966,0.009482048345878312,0.05939197586895502,0.025974388694158555,0.038738147439567654,0.08409557457861443,0.2048904467315561,0.024228798056110265,0.090840536804033,0.03341758717479647,0.07887276738957394,0.08806367027366399,0.3020275510580936,0.35905011633489675,0.25085866233334564
3800400,54174,14652,26116,13406,13949,15863,24362,1587,144,449,2792,4637,2735,6956,1922,597,1615,557,1872,207,1681,7090,10112,1005,4963,1348,1905,3598,11929,14274,9721,0.2704618451655776,0.48207627275076603,0.24746188208365635,0.2574851404732898,0.29281574186879317,0.4496991176579171,0.029294495514453428,0.0026581016723889687,0.008288108686823937,0.051537637981319454,0.08559456565880312,0.05048547273599882,0.12840107800790046,0.035478273710636096,0.011020046516779267,0.029811348617417948,0.010281684941115664,0.0345553217410566,0.0038210211540591426,0.031029645217262893,0.13087458928637355,0.1866578063277587,0.01855133458854801,0.09161221250046148,0.024882785099863403,0.03516447004097907,0.09103790294013461,0.3018318910986286,0.3611659328981327,0.2459642730631041
3800500,118398,33822,61616,22960,27303,35212,55883,316,12,177,7107,9303,8285,13358,4736,3198,8439,1935,6314,3229,5617,7549,19776,2565,10526,3485,2471,7684,24139,30016,22737,0.28566360918258754,0.5204141961857464,0.19392219463166607,0.2306035574925252,0.2974036723593304,0.4719927701481444,0.002668964002770317,0.00010135306339634116,0.001494957685096032,0.06002635179648305,0.07857396239801348,0.06997584418655721,0.11282285173736042,0.04000067568708931,0.02701059139512492,0.07127654183347691,0.01634318147266001,0.05332860352370817,0.02727242014223213,0.047441679758104024,0.06375952296491495,0.16702984847717023,0.02166421730096792,0.08890352877582391,0.029434618828020745,0.020870284971029916,0.09085319712447976,0.2854119371925842,0.3548997351494514,0.2688351305334847
3900100,47875,10922,24139,12814,11402,17429,19044,1090,60,281,1660,15364,1524,5281,1769,521,1256,236,686,72,1264,4280,6022,243,3360,1418,1488,3497,13699,12501,7256,0.22813577023498693,0.5042088772845953,0.2676553524804178,0.23816187989556137,0.36405221932114884,0.3977859007832898,0.02276762402088773,0.0012532637075718016,0.005869451697127937,0.034673629242819845,0.3209190600522193,0.03183289817232376,0.11030809399477806,0.03695039164490862,0.010882506527415143,0.02623498694516971,0.004929503916449086,0.014328981723237598,0.0015039164490861618,0.026402088772845955,0.08939947780678852,0.12578590078328983,0.005075718015665797,0.07018276762402088,0.029618798955613576,0.03108093994778068,0.09463372391957352,0.3707141504072741,0.33829459042567583,0.1963575352474765
3900290,307238,76239,157908,73091,78237,99898,129103,1291,355,1567,14503,48702,12054,30098,12940,3397,6557,3210,11592,6939,20548,27108,52684,5465,29250,9809,9169,22495,71669,78426,58409,0.24814313333637114,0.513959861735853,0.23789700492777585,0.2546462351662229,0.32514858188114754,0.42020518295262954,0.004201954185354676,0.0011554560308295197,0.0051002805642531195,0.04720444736653669,0.15851554820692754,0.03923342815667333,0.0979631425800194,0.042117186025166155,0.011056575033036278,0.021341761110279328,0.010447926363275377,0.03772970791373463,0.022585096895566304,0.06687974794784499,0.08823127347528625,0.17147618458654204,0.01778751326333331,0.09520306732891114,0.03192638931382186,0.029843313652608075,0.09738137394534176,0.31025675435824396,0.3395079632379361,0.25285390845847816
3900700,61856,14661,31392,15803,14930,23337,23589,549,149,190,2089,16435,1733,6657,1371,716,1152,678,1112,594,1591,4753,9125,2059,7390,1609,1904,4739,17181,16049,9226,0.23701823590274185,0.5075012933264356,0.25548047077082253,0.2413670460424211,0.3772794878427315,0.3813534661148474,0.008875452664252458,0.0024088204862907398,0.0030716502845318156,0.03377198654940507,0.26569774961200204,0.028016683911019143,0.10762092602172789,0.022164381789963786,0.011575271598551474,0.018623900672529746,0.01096094154164511,0.017977237454733574,0.00960294878427315,0.02572102948784273,0.07683975685463011,0.14752004655975168,0.03328698913605794,0.11947102948784273,0.026012027935851008,0.030781169167097777,0.10041317936222058,0.364042801144189,0.3400572094501536,0.1954868100434368
3900800,98919,23131,49903,25885,25792,34288,38839,1182,34,548,4683,16623,3709,12323,2492,892,1646,823,2465,1364,6512,10694,15074,1303,9116,3088,4348,7771,23992,25845,18180,0.23383778647175973,0.5044834662703829,0.26167874725785745,0.26073858409405676,0.3466270382838484,0.39263437762209485,0.011949170533466776,0.00034371556526046563,0.005539886169492211,0.047341764473963543,0.16804658356837412,0.03749532445738432,0.12457667384425641,0.02519232907732589,0.009017478947421628,0.016639877071139012,0.008319938535569506,0.024919378481383758,0.013789059735743386,0.06583164002871036,0.10810865455574763,0.15238730678636056,0.013172393574540786,0.09215620861512955,0.031217460750715232,0.04395515522801484,0.10253602153375205,0.3165672665857392,0.34101704755370243,0.23987966432680635
3900900,753293,164599,397849,190845,160656,225251,367386,209,441,3150,22699,69634,38983,64098,23394,15142,42367,13312,51330,27647,51748,54434,150164,17076,60570,22223,24672,54443,158153,191854,184244,0.21850594655731567,0.5281464184586874,0.2533476349839969,0.2132715955146271,0.2990217617845911,0.4877066427007818,0.0002774484828612505,0.0005854295738842655,0.004181639813459039,0.030133029246256104,0.09243946246679578,0.05175011582478531,0.08509039643272936,0.031055645014622463,0.020101076208062466,0.05624239173867274,0.01767174260214817,0.06814081638884206,0.03670152251514351,0.06869571335456456,0.07226139098597757,0.1993434161740518,0.02266847030305605,0.08040695984165525,0.02950113700777785,0.032752196024654415,0.09248098332919989,0.2686506062572406,0.32589766500083234,0.3129707454127272
3901090,129565,31573,63579,34413,33116,43037,53412,1230,254,1045,6384,28570,6133,15265,1739,1334,2306,982,4524,1704,7178,10332,17504,1830,12422,4426,4403,9603,30803,32156,25430,0.24368463705476015,0.490711226025547,0.2656041369196928,0.25559371743912324,0.3321653224250376,0.41224096013583916,0.009493304518967313,0.0019604059738355267,0.008065449774244587,0.04927256589356693,0.22050708138772046,0.047335314320997184,0.11781731177401304,0.013421834600393624,0.010295990429514143,0.0177980164396249,0.007579207347663335,0.0349168371087871,0.013151699918959595,0.05540076409524177,0.07974375795932544,0.13509821325203566,0.0141241847721221,0.09587465750781461,0.03416046000077182,0.03398294292440088,0.09799779573842762,0.3143419871009878,0.32814923667238144,0.2595109804882031
3901300,29527,6580,15019,7928,7882,10949,10696,120,46,153,1161,7639,790,2735,605,350,432,157,970,63,1069,2578,5587,184,2811,981,1096,2346,8191,7711,4699,0.22284688590103974,0.5086530971653064,0.26850001693365394,0.2669421207708199,0.3708131540623836,0.3622447251667965,0.004064076946523521,0.0015578961628340163,0.005181698106817489,0.039319944457615066,0.2587123649541098,0.026755173231279846,0.09262708707284859,0.020489721272056085,0.011853557760693603,0.014630677007484674,0.005317167338368273,0.032851288651065125,0.0021336403969248485,0.03620415213194703,0.08730991973448031,0.1892166491685576,0.006231584651336065,0.09520100247231347,0.033223829037829784,0.037118569444914824,0.10223558635115701,0.35695297860286745,0.3360352115744978,0.20477622347147775
3901490,164693,38176,81117,45400,47216,59573,57904,260,236,872,7553,19884,7227,21080,6268,1779,3247,1777,4594,2078,11266,13510,32940,2222,17212,5311,5377,12742,43095,41844,28836,0.23180098729150603,0.49253459467008315,0.27566441803841085,0.2866909947599473,0.3617215060749394,0.3515874991651133,0.001578694905065789,0.0014329692215212548,0.0052946998354514154,0.045861086992161175,0.12073372881664673,0.04388164645734791,0.12799572537994935,0.03805869101904756,0.010801916292738611,0.019715470602879297,0.010789772485776566,0.02789432459181629,0.012617415433564268,0.06840606461719685,0.0820314160286108,0.20000850066487344,0.013491769534831475,0.10450960271535524,0.032247879387709254,0.032648625017456724,0.10071373807472514,0.3406261609111819,0.3307381616699732,0.22792193934411975
3901700,54392,13514,27235,13643,13814,17744,22834,164,337,94,2006,10163,3299,6441,1716,601,594,491,1787,867,1295,8943,5883,517,5784,1707,1703,3831,13260,12966,10821,0.24845565524341814,0.500717017208413,0.25082732754816883,0.25397117223121046,0.3262244447712899,0.4198043829974996,0.003015149286659803,0.006195764082953375,0.0017281953228415942,0.03688042359170466,0.18684733048977792,0.06065230180908957,0.11841814972790116,0.03154875717017208,0.01104941903221062,0.010920723635828798,0.009027062803353435,0.032854096190616265,0.01593984409471981,0.02380864833063686,0.16441756140608912,0.10815928813060745,0.009505074275628769,0.10633916752463597,0.03138329166053831,0.031309751434034416,0.09371789226478791,0.32437986202847496,0.3171877293409658,0.2647145163657713
3901800,272883,64654,140459,67770,63667,89750,119466,89,138,1610,11192,29210,14526,31282,10728,4903,10414,2902,14959,15511,18058,17962,45863,5113,23011,8174,7238,19381,62545,68378,57925,0.23692937999069197,0.5147224268276148,0.24834819318169327,0.23331244526042297,0.3288955339834288,0.43779202075614826,0.00032614710333732773,0.000505711238882598,0.00589996445363031,0.04101391438821766,0.10704221223014992,0.053231604753685643,0.11463520996177849,0.0393135519618298,0.017967407277111436,0.038162875664662144,0.010634594313313765,0.054818365380034664,0.05684121033556506,0.06617488080972432,0.06582308168702337,0.16806836629617822,0.01873696785801974,0.08432551679657582,0.02995422946830693,0.026524188021972785,0.09307541216641294,0.30036642350489123,0.3283788521291463,0.27817931219954956
3901900,60843,15296,30393,15154,16026,20937,23880,168,13,111,3855,9044,3854,8084,3231,558,1185,578,2297,3123,2957,4482,6840,1078,5794,1772,1819,4013,15252,14996,11286,0.2514011472149631,0.4995315812829742,0.24906727150206268,0.2633992406686061,0.344115181697155,0.39248557763423897,0.0027612050687835905,0.00021366467794158736,0.0018243676347320151,0.06335979488190918,0.14864487286951664,0.06334335913745213,0.13286655819075324,0.05310389034071298,0.009171145407031211,0.01947635718159854,0.009499860296172115,0.03775290501783278,0.0513288299393521,0.0486004963594826,0.0736650066564765,0.11242049208618904,0.017717732524694708,0.09522870338411979,0.029124139177884062,0.029896619167365187,0.08810679078753815,0.33486288888400995,0.32924232111884427,0.24778799920960765
3902000,48248,12543,23833,11872,10937,15999,21312,538,1392,183,2372,14352,2184,4945,1225,343,1149,284,1192,386,918,4939,6107,423,3131,1280,905,3569,12764,11416,7956,0.25996932515337423,0.4939686619134472,0.2460620129331786,0.22668297131487317,0.3315992372740839,0.44171779141104295,0.01115072127342066,0.028850936826396948,0.0037929033327806336,0.049162659592107444,0.2974631072790582,0.045266125020726244,0.10249129497595755,0.02538965345713812,0.007109102967998673,0.02381445863040955,0.005886254352512021,0.0247056872823744,0.008000331619963523,0.019026695407063504,0.10236693748963688,0.12657519482672858,0.008767202785607693,0.06489388161167302,0.02652959708174432,0.01875725418670204,0.09995798907716007,0.35748494608598236,0.31973113009382437,0.2228259347430332
3902100,39044,8999,19975,10070,9547,14275,15222,576,20,147,2360,9564,1420,4211,1446,408,641,232,1589,114,1109,3570,5741,324,3165,1281,1126,2871,11505,9595,6074,0.23048355701260118,0.5116022948468395,0.25791414814055935,0.2445190042003893,0.3656131543899191,0.3898678414096916,0.014752586825120376,0.0005122425980944575,0.003764983095994263,0.06044462657514599,0.24495441040876959,0.03636922446470649,0.10785267902878803,0.03703513984222928,0.010449749001126933,0.016417375268927364,0.005942014137895708,0.040697674418604654,0.002919782809138408,0.02840385206433767,0.09143530375986067,0.14703923778301403,0.008298330089130211,0.0810623911484479,0.03280913840795,0.02883925827271796,0.09555666500249625,0.38292561158262606,0.31935430188051256,0.20216342153436512
3902200,49235,11852,24901,12482,12862,18781,17592,114,29,253,2682,10145,1848,6504,1136,699,945,301,960,94,3832,3847,7099,410,4609,1328,2400,3763,13429,12295,7896,0.24072306286178533,0.5057580989133746,0.25351883822484006,0.261236924951762,0.3814562811008429,0.3573067939473951,0.0023154260180765717,0.0005890118817914085,0.005138620899766426,0.05447344368843302,0.20605260485427035,0.0375342743982939,0.13210114755763178,0.02307301716258759,0.0141972174266274,0.019193663044582105,0.00611353711790393,0.019498324362750077,0.001909210927185945,0.07783081141464405,0.07813547273281203,0.14418604651162792,0.008327409363257845,0.09361226769574489,0.026972682035137606,0.048745810906875194,0.10066072813845865,0.3592274563304176,0.32889281224085815,0.21121900329026563
3902300,42007,9934,21075,10998,10917,15486,15604,510,303,211,2261,10594,1550,4317,947,383,1203,154,1046,225,1296,4173,6293,236,3873,1307,1125,3001,11794,10856,6422,0.23648439545789987,0.5017020972695027,0.26181350727259745,0.25988525721903494,0.3686528435736901,0.37146189920727496,0.012140833670578713,0.007213083533696765,0.005022972361749233,0.053824362606232294,0.25219606256100174,0.03689861213607256,0.10276858618801628,0.02254386173732949,0.009117528031042446,0.02863808412883567,0.0036660556573904347,0.02490061180279477,0.005356250148784727,0.030852000857000024,0.09934058609279406,0.14980836527245459,0.005618111267169757,0.09219891922774776,0.031113861975385054,0.02678125074392363,0.09356779845976367,0.3677236304679949,0.33847784741059456,0.20023072366164688
3902400,56697,13938,29335,13424,13103,19496,24098,206,26,178,2137,15552,2475,5065,4327,449,839,462,1811,2032,2575,4121,6640,300,4540,1850,1112,4008,15325,14081,9345,0.24583311286311446,0.5173995096742332,0.23676737746265233,0.23110570224174118,0.34386299098717743,0.42503130677108136,0.003633349207189093,0.00045857805527629327,0.003139495916891546,0.03769158862020918,0.2743002275252659,0.04365310333880099,0.08933453269132406,0.07631797096848157,0.007919290262271372,0.014797961091415771,0.00814857928990952,0.03194172531174489,0.03583963878159338,0.04541686508986366,0.07268462176129248,0.11711378027056105,0.005291285253187999,0.08007478349824505,0.03262959239465933,0.019613030671816852,0.0937346523538904,0.35840407867349566,0.32931078837203864,0.21855048060057533
3902500,49446,12182,25059,12205,12820,16603,20023,150,52,150,2066,9153,2474,5236,1262,544,1015,341,1284,275,3249,3775,9985,485,4554,1739,1657,3517,12551,13039,8157,0.24636977713060712,0.5067952918335153,0.24683493103587753,0.25927274198115113,0.33578044735671236,0.40494681066213645,0.0030336124256764956,0.0010516523075678518,0.0030336124256764956,0.04178295514298427,0.18511103021477976,0.05003438094082433,0.10589329773894754,0.02552279254135825,0.011001901063786757,0.020527444080410955,0.006896412247704566,0.0259677223637908,0.005561622780406909,0.0657080451401529,0.07634591271285847,0.20193746713586538,0.009808680176354003,0.0921004732435384,0.035169680055009506,0.033511305262306355,0.09438063546586518,0.336813009875483,0.3499087591240876,0.2188975955345642
3902600,52041,13083,25758,13200,12430,16914,22697,783,58,151,2489,18470,1998,4996,1644,513,1441,325,992,115,915,3790,6529,539,3302,1803,1188,3212,15521,12853,7372,0.25139793624257795,0.4949559001556465,0.2536461636017755,0.23885013739167196,0.3250129705424569,0.43613689206587114,0.015045829250014412,0.001114505870371438,0.0029015583866566744,0.04782767433369843,0.3549124728579389,0.03839280567245057,0.0960012297995811,0.03159047673949386,0.009857612267250822,0.027689706193193827,0.006245075997770988,0.019061893507042522,0.002209796122288196,0.017582290886032168,0.07282719394323706,0.12545877289060547,0.0103572183470725,0.06344997213735325,0.03464576007378797,0.022828154724159798,0.08244776425894552,0.39840340879921965,0.3299194003798963,0.1892294265619385
3902700,38650,8820,20537,9293,8549,12895,17206,384,72,104,1036,11693,970,3557,2713,261,693,250,1316,101,1844,4350,4068,395,2676,1019,1148,2676,11083,9778,6293,0.22820181112548513,0.5313583441138422,0.2404398447606727,0.2211901681759379,0.3336351875808538,0.4451746442432083,0.009935316946959897,0.0018628719275549806,0.002690815006468305,0.026804657179818888,0.30253557567917205,0.025097024579560156,0.09203104786545925,0.07019404915912031,0.006752910737386804,0.017930142302716688,0.00646830530401035,0.03404915912031048,0.002613195342820181,0.04771021992238034,0.11254851228978008,0.10525226390685641,0.010219922380336352,0.06923673997412678,0.026364812419146184,0.029702457956015525,0.08970834730137446,0.37153871940998995,0.3277908146161582,0.21096211867247738
3902800,49838,11754,25933,12151,11627,18258,19953,313,106,224,2237,11860,1283,5466,1253,543,840,654,745,232,2619,5398,8381,476,3860,1251,2097,3673,13830,12638,7943,0.23584413499739154,0.520345920783338,0.24380994421927044,0.2332958786468157,0.366346964163891,0.4003571571892933,0.006280348328584614,0.0021268911272522974,0.004494562382118063,0.04488542878927726,0.23797102612464385,0.025743408644006583,0.1096753481279345,0.02514145832497291,0.01089530077450941,0.016854608932942734,0.013122516954933987,0.014948432922669449,0.004655082467193708,0.05255026285163931,0.10831092740479152,0.1681648541273727,0.009550945062000884,0.07745094104899876,0.025101328303704002,0.04207632730045347,0.09644470118685013,0.3631446276651612,0.33184539439134547,0.20856527675664321
3902900,45849,12530,22639,10680,10077,18003,17769,250,841,487,3980,12701,1677,5245,1571,310,893,165,1011,65,864,2700,6840,305,3760,943,1241,4138,12781,10668,5732,0.27328840323671183,0.4937730375798818,0.2329385591834064,0.21978669109468035,0.39265850945494996,0.3875547994503697,0.005452681628825056,0.018342820999367487,0.010621823812951209,0.08680669153089489,0.27701803747082815,0.03657658836615848,0.11439726057274968,0.034264651355536656,0.0067613252197430695,0.0194769787781631,0.003598769875024537,0.022050644506968527,0.0014176972234945147,0.018844467709219395,0.05888896159131061,0.14918536936465354,0.006652271587166568,0.08200833169752884,0.02056751510392811,0.027067111605487578,0.12419340316336025,0.3835949458267055,0.3201776764008524,0.1720339746090819
3903000,40398,9435,20271,10692,10685,14423,15290,174,1289,346,1893,8227,1350,4507,1205,347,721,445,1241,247,1867,3323,6211,417,4058,1280,1250,3222,11901,9839,6001,0.23355116589930194,0.5017822664488341,0.26466656765186397,0.2644932917471162,0.3570226248824199,0.3784840833704639,0.0043071439180157435,0.031907520174266055,0.008564780434674985,0.0468587553839299,0.20364869547997425,0.03341749591563939,0.11156492895687906,0.029828209317292936,0.008589534135353235,0.01784741818901926,0.011015396801821873,0.030719342541709986,0.006114164067528095,0.04621515916629536,0.0822565473538294,0.15374523491261943,0.010322293182830834,0.10045051735234417,0.03168473686816179,0.030942125847814247,0.1040596841391338,0.3843619804282531,0.3177663663081743,0.19381196912443885
3903190,168407,41927,84205,42275,46369,60835,61203,237,473,863,8302,27608,6212,20334,3995,2163,5110,1512,5961,1099,8902,15224,31139,2049,17110,6256,3858,12229,44073,41583,28595,0.24896233529485115,0.5000089069931772,0.2510287577119716,0.2753389110903941,0.36123795329172775,0.3634231356178781,0.0014073049220044297,0.002808671848557364,0.0051244900746406025,0.049297238238315506,0.16393617842488734,0.036886827744689946,0.12074319951070918,0.02372229182872446,0.012843884161584732,0.030343156757141925,0.008978249122661172,0.03539639088636458,0.006525857001193537,0.0528600355092128,0.09040004275356725,0.18490324036411787,0.012166952680114248,0.10159910217508773,0.03714809954455575,0.022908786451869577,0.09668722327640733,0.3484582542694497,0.3287713472485769,0.2260831752055661
3903400,28886,6473,14325,8088,7644,11306,9936,178,193,147,1113,6296,950,3413,1120,177,394,233,509,178,1180,2786,5011,280,2444,1029,1255,2291,8471,7155,4496,0.2240877933947241,0.4959149761129959,0.27999723049228,0.2646264626462646,0.3914006785293914,0.343972858824344,0.0061621546770061625,0.006681437374506681,0.0050889704355050885,0.03853077615453853,0.21796025756421797,0.03288790417503289,0.11815412310461815,0.038773108080038775,0.006127535830506127,0.01363982552101364,0.008066191234508066,0.01762099286851762,0.0061621546770061625,0.04085023887004085,0.09644810634909645,0.17347503981167348,0.009693277020009694,0.0846084608460846,0.03562279304853562,0.04344665235754345,0.1022174630794628,0.3779502967028064,0.31923437290857987,0.20059786730915094
3903500,41456,8888,20999,11569,11872,14978,14606,13,2060,938,2273,2121,1128,5906,2122,631,838,552,779,40,1904,4265,8193,392,4230,1203,1868,3060,11700,10951,6857,0.21439598610575067,0.5065370513315323,0.2790669625627171,0.28637591663450407,0.3612987263604786,0.3523253570050174,0.0003135854882284832,0.04969123890389811,0.02262639907371671,0.054829216518718644,0.051162678502508684,0.02720957159397916,0.14246429949826322,0.05118680046314165,0.015220957159397915,0.02021420301042069,0.013315322269394057,0.018791007333076034,0.0009648784253184099,0.04592821304515631,0.10288016209957546,0.1976312234658433,0.009455808568120417,0.10203589347742184,0.029018718641451176,0.04505982246236974,0.09395725865880619,0.3592483419307296,0.3362503070498649,0.21054409236059937
3903600,33332,7344,17562,8426,7629,12281,13422,84,787,288,2220,4304,1405,3394,1280,219,1298,319,1137,483,896,3054,6733,104,3075,864,1388,2375,9177,8881,5555,0.2203288131525261,0.5268810752430098,0.2527901116044642,0.22887915516620666,0.3684447377895116,0.40267610704428175,0.002520100804032161,0.02361094443777751,0.008640345613824553,0.06660266410656426,0.12912516500660026,0.0421516860674427,0.10182407296291851,0.038401536061442455,0.0065702628105124205,0.03894155766230649,0.009570382815312613,0.034111364454578186,0.014490579623184927,0.02688107524300972,0.09162366494659786,0.20199807992319693,0.0031201248049922,0.0922536901476059,0.02592103684147366,0.041641665666626665,0.09138833307680468,0.3531245190087733,0.3417346467600431,0.21375250115437894
3903700,38552,9410,19762,9380,10188,14829,13535,37,507,295,1509,3775,1073,5384,2073,816,885,229,935,317,1609,4642,7652,378,3726,1311,1399,2746,10292,9861,6243,0.24408590993982154,0.5126063498651172,0.2433077401950612,0.26426644532060595,0.384649304835028,0.35108424984436604,0.0009597426852043993,0.01315106868644947,0.007652002490143184,0.03914193816144428,0.09791969288234073,0.027832537870927578,0.1396555301929861,0.05377152936293837,0.021166217057480806,0.02295600747042955,0.005940029051670471,0.02425295704503009,0.00822266030296742,0.04173583731064536,0.12040879850591409,0.19848516289686657,0.00980493878398008,0.09664868229923221,0.034006017846026144,0.03628864909732309,0.09422826161553771,0.3531672500171574,0.3383775993411571,0.21422688902614784
3903800,64442,16371,33476,14595,14932,24710,24800,819,147,332,3009,8259,1791,7363,7511,299,3812,469,2567,1743,2794,5765,7319,581,5467,2226,2169,4982,15467,15447,12175,0.25404239471152357,0.5194748766332516,0.22648272865522484,0.23171223736072746,0.3834455789702368,0.3848421836690357,0.012709102759070171,0.002281121008038236,0.005151919555569349,0.04669315042984389,0.1281617578597809,0.02779243350609851,0.11425778219173831,0.1165544210297632,0.0046398311660097455,0.05915396790912759,0.007277862263741038,0.03983426957574253,0.027047577666739084,0.04335681698271314,0.08946028987306415,0.1135749976723255,0.009015859222246361,0.08483597653704106,0.034542689550293285,0.03365817324105397,0.10363836824696802,0.3217532399991679,0.32133718874165296,0.2532712030122111
3903900,42693,11932,21365,9396,12152,15422,15119,92,13,404,2548,3880,927,6308,838,369,706,426,1264,222,3210,4124,8219,368,5893,1463,1419,3052,10499,10175,7035,0.2794837561192701,0.5004333263064202,0.22008291757430962,0.2846368257091326,0.3612301782493617,0.3541329960415056,0.002154920010306139,0.0003044995666736936,0.009462909610474786,0.05968191506804394,0.09088140913030239,0.02171316140819338,0.14775255896751224,0.019628510528658095,0.00864310308481484,0.01653666877474059,0.009978216569461035,0.02960672709811913,0.005199915677043075,0.07518796992481203,0.09659663176633172,0.1925139952685452,0.008619680041224556,0.13803199587754433,0.03426791277258567,0.03323729885461317,0.09921654042456357,0.3413088001040278,0.3307759825753389,0.2286986768960697
3904000,92654,25189,50063,17402,22362,26538,43754,332,43,223,3688,6451,2426,12883,2440,700,6201,906,6554,12481,4094,6614,8189,3329,10493,2643,1964,5744,17658,20965,23098,0.27186090184989314,0.5403220584108619,0.18781703973924493,0.24134953698707018,0.2864204459602392,0.47223001705269063,0.0035832236061044314,0.00046409221404364624,0.0024068038077147236,0.039804001985882964,0.069624624948734,0.0261834351458113,0.13904418589591383,0.02633453493643016,0.007554989530943078,0.06692641440196861,0.009778315021477756,0.07073628769400134,0.1347054633367151,0.044185895913829945,0.07138385822522503,0.08838258466984696,0.03592937164072787,0.11324929306883674,0.028525481900403653,0.021197142055388866,0.08514044319276662,0.2617357148150893,0.31075372415326463,0.34237011783887944
3904100,773431,188042,427208,158181,158555,245010,369866,414,355,4771,28096,37312,33062,71313,49269,19078,56668,12233,53228,25516,59929,70093,119994,12547,64422,23532,31599,55242,156429,184976,188742,0.24312705335058976,0.5523543793822591,0.20451856726715117,0.2050021268865613,0.3167832683199924,0.47821460479344635,0.00053527722576416,0.0004589937563919729,0.0061686174978763456,0.03632644670306724,0.04824218320703463,0.04274718753191946,0.09220344154811483,0.06370186868641159,0.02466671235055228,0.07326833292174738,0.015816536963219732,0.06882061877530123,0.03299066109323262,0.07748461077975928,0.09062605455431706,0.15514506142112225,0.016222520173098828,0.08329379091347515,0.030425467818072975,0.04085561607952099,0.09436801853126724,0.26722230858454804,0.3159881719677001,0.3224215009164846
3904200,66962,16281,36640,14041,12937,21158,32867,1017,84,217,2860,16305,1979,5849,4653,301,788,317,3731,779,8947,3891,5594,273,3825,1273,4279,4987,17042,16332,12320,0.24313789910695618,0.547176010274484,0.20968609061855978,0.1931991278635644,0.31597025178459426,0.49083062035184133,0.015187718407454974,0.0012544428183148652,0.0032406439473134014,0.04271079119500612,0.24349631134076044,0.029554075445775214,0.08734804814671007,0.06948717182879842,0.004495086765628267,0.01176786834323945,0.004734028254831098,0.05571816851348526,0.011633463755562857,0.13361309399360832,0.05810758340551357,0.08353991816253994,0.004076939159523312,0.057121949762551895,0.019010782234700277,0.06390191451868224,0.09839979479489355,0.33626013693494605,0.32225094216767625,0.24308912610248418
3904300,48076,11443,24577,12056,12382,18115,17579,527,155,145,1162,7044,1744,5208,2415,195,2747,441,904,1594,2386,4950,8000,517,4718,1593,1631,3862,12125,12290,8356,0.2380189699642233,0.511211415259173,0.2507696147766037,0.2575505449704634,0.3767992345453033,0.3656502204842333,0.010961810466760962,0.003224061901988518,0.0030160579083118397,0.024170064065230052,0.1465180131458524,0.036275896497212745,0.10832847990681421,0.05023296447291788,0.004056077876695233,0.05713869706298361,0.009172976121141527,0.018803561028371746,0.03315583659206257,0.04962975289125551,0.10296197686995591,0.16640319494134287,0.010753806473084283,0.09813628421665696,0.0331350361926949,0.03392545136866628,0.10542407119264051,0.33098572325498865,0.3354898588704174,0.22810034668195342
3904400,41525,9636,21262,10627,9799,14999,16727,106,67,182,1900,11260,1963,4560,2352,244,603,235,1212,441,2242,3357,4599,363,3542,1321,976,3160,11327,10481,6921,0.23205298013245032,0.5120288982540638,0.25591812161348587,0.23597832630945215,0.36120409391932573,0.4028175797712222,0.0025526791089704997,0.001613485851896448,0.004382901866345575,0.045755568934376885,0.2711619506321493,0.04727272727272727,0.10981336544250452,0.056640577965081276,0.005875978326309452,0.014521372667068032,0.005659241420830825,0.029187236604455147,0.01062010836845274,0.05399157134256472,0.08084286574352799,0.11075255869957856,0.008741721854304637,0.08529801324503311,0.03181216134858519,0.02350391330523781,0.0990937313807269,0.3552008529587005,0.32867132867132864,0.21703408698924395
3904500,56315,12618,29357,14340,11692,18856,25767,900,31,227,3069,21357,2711,4806,2605,347,1074,278,1142,18,1783,3768,5771,351,3232,1467,1378,4122,16814,14446,8315,0.22406108496848087,0.5212998313060464,0.2546390837254728,0.207617863801829,0.33483086211488944,0.45755127408328156,0.015981532451389505,0.0005504750066589719,0.00403089762940602,0.05449702565923821,0.37924176507147295,0.04813992719524105,0.08534138329041996,0.046257657817632955,0.0061617686229246205,0.019071295391991476,0.0049365178016514254,0.02027878895498535,0.0003196306490277901,0.03166119151203054,0.06690934919648406,0.10247713752996537,0.006232797656041907,0.057391458758767645,0.026049897895764895,0.024469501908905265,0.09433141863285809,0.3847861409250063,0.3305947776735245,0.19028766276861112
3904600,255557,58676,133662,63219,58426,86517,110614,229,40,1130,9331,28222,10780,24231,9225,8525,11034,2947,14095,3803,16814,22193,52520,3870,22766,6996,6806,18696,57154,67128,53903,0.22960044138880953,0.5230222611785238,0.24737729743266668,0.22862218604851364,0.33854286910552245,0.4328349448459639,0.0008960818917110469,0.00015652085444734442,0.00442171413813748,0.03651240232120427,0.11043328885532386,0.042182370273559325,0.09481642060284007,0.036097622056918806,0.03335850710409028,0.04317627769929996,0.0115316739514081,0.05515403608588299,0.01488122023658127,0.06579354116694124,0.08684168306874787,0.20551188188936323,0.015143392667780574,0.08908384430870608,0.02737549744284054,0.026632023384215654,0.09496091547686165,0.2902971845937394,0.3409572279701952,0.2737846719592038
3904700,63541,16993,31175,15373,16619,20164,26758,145,119,200,1701,3882,1271,11099,1022,898,1047,568,10656,1357,2297,8250,6804,625,8434,1550,1616,4214,12877,14872,14585,0.26743362553312033,0.49062809839316346,0.24193827607371618,0.26154766213940606,0.3173384114193985,0.42111392644119544,0.0022819911553170393,0.0018728065343636391,0.0031475740073338473,0.026770116932374372,0.06109441148234998,0.0200028328166066,0.17467461953699187,0.01608410317747596,0.014132607292928975,0.01647754992839269,0.008939110180828127,0.1677027431107474,0.021356289639760155,0.03614988747422924,0.1298374278025212,0.10708046772949749,0.009836168772918274,0.13273319588926835,0.024393698556837318,0.025432397979257487,0.09053020537939331,0.27663916817049067,0.3194981524447882,0.3133324740053278
3904800,39090,9704,20542,8844,10093,13473,15524,219,30,265,1135,6263,1191,5864,2144,369,674,180,593,258,1380,2994,8071,282,4243,701,2234,2810,10145,9920,6511,0.24824763366589922,0.5255052443080072,0.22624712202609362,0.2581990278843694,0.3446661550268611,0.3971348170887695,0.005602455871066769,0.0007674597083653108,0.006779227423893579,0.029035558966487594,0.16022000511639806,0.030468150422102838,0.15001279099513942,0.05484778715784088,0.009439754412893324,0.017242261447940648,0.004604758250191865,0.015170120235354311,0.006600153491941673,0.035303146584804296,0.07659247889485803,0.20647224354054747,0.007214121258633922,0.1085443847531338,0.01793297518546943,0.057150166282936815,0.09562376641938337,0.3452324236030763,0.3375757163275029,0.22156809365003743
3904900,28947,6694,15122,7131,7148,11527,10272,146,186,177,1283,5262,412,3236,858,204,698,255,664,67,3448,2595,4550,113,2788,787,1218,2224,8474,7268,4287,0.2312502159118389,0.5224030124019761,0.2463467716861851,0.24693405188793313,0.39821052267937956,0.35485542543268733,0.005043700556188897,0.006425536325007773,0.006114623277023526,0.044322382284865444,0.18178049538812313,0.014232908418834421,0.11179051369744705,0.02964037724116489,0.007047362420976267,0.024113034165889384,0.008809203026220333,0.02293847376239334,0.002314574912771617,0.1191142432721871,0.08964659550212457,0.15718381870314713,0.0039036860469133243,0.09631395308667565,0.027187618751511385,0.04207689916053477,0.09994158091043905,0.38080258841504516,0.3266076484069564,0.19264818226755942
3905000,35239,9025,18257,7957,10904,12919,11416,98,240,748,1499,1373,695,3976,403,470,846,344,566,736,929,8363,7543,212,4012,809,1377,2230,8127,8676,7181,0.2561082891114958,0.5180907517239423,0.225800959164562,0.3094298930162604,0.36661085728879933,0.3239592496949403,0.002781009676778569,0.00681063594313119,0.021226482022758876,0.04253809699480689,0.03896251312466301,0.019722466585317403,0.11282953545787337,0.01143619285450779,0.013337495388631913,0.024007491699537444,0.009761911518488039,0.01606174976588439,0.020885950225602315,0.026362836629870313,0.23732228496835892,0.2140526121626607,0.006016061749765884,0.11385113084934306,0.02295751865830472,0.0390760237237152,0.08506904707408255,0.31002517738612956,0.3309681849393454,0.27393759060044254
3905100,35229,8337,19009,7883,9919,13887,11423,24,10,221,1434,2343,651,4261,1159,269,636,474,634,168,1001,4711,10184,73,3828,889,2259,2808,9206,9179,5699,0.2366516222430384,0.5395838655653014,0.22376451219166027,0.28155780748814896,0.39419228476539214,0.3242499077464589,0.0006812569190155838,0.00028385704958982654,0.006273240795935167,0.04070510091118113,0.06650770671889636,0.018479093928297708,0.12095148883022509,0.0328990320474609,0.007635754633966335,0.01805330835391297,0.013454824150557779,0.017996536943995004,0.004768798433109086,0.028414090663941637,0.1337250560617673,0.2890800193022794,0.002072156462005734,0.10866047858298561,0.02523489170853558,0.06412330750234183,0.10441767068273092,0.3423322921314889,0.3413282760672319,0.21192176111854827
3905200,33686,7496,17759,8431,7679,12910,13097,120,59,224,951,6009,1518,3787,3740,810,1077,292,450,270,1109,3701,4829,265,2601,690,1184,2479,9535,8692,5484,0.22252567832333908,0.5271923054087752,0.25028201626788577,0.22795820222050703,0.38324526509529183,0.38879653268420117,0.003562310752241287,0.0017514694531852995,0.0066496467375170695,0.0282313127115122,0.17838271091848246,0.04506323101585228,0.11242059015614796,0.11102535177818679,0.02404559757762869,0.03197173900136555,0.008668289497120465,0.013358665320904827,0.008015199192542895,0.03292168853529656,0.10986760078370837,0.14335332185477648,0.007866769577866176,0.0772130855548299,0.0204832868253874,0.03514813275544737,0.09465444826269569,0.36407025582283314,0.3318823978617793,0.20939289805269187
3905300,95681,24558,49851,21272,22623,30014,43044,204,33,128,4001,12371,5042,11130,1907,1103,4367,1000,5391,6891,5445,6805,10830,4030,8782,3131,3090,6291,20668,22744,21420,0.25666537766118663,0.5210125312235449,0.22232209111526843,0.23644192681932671,0.3136881930581829,0.44986988012249035,0.002132084739917016,0.00034489606086892906,0.0013377786603400884,0.04181603453141167,0.12929421724271276,0.0526959375424588,0.11632403507488424,0.019930811759910537,0.011527889549649355,0.04564124538832161,0.010451395783906942,0.056343474671042316,0.07202056834690274,0.056907850043373294,0.07112174830948673,0.11318861633971217,0.04211912500914497,0.09178415777427075,0.03272332019941263,0.03229481297227245,0.08845239936448125,0.2905951661206642,0.31978403610646344,0.3011683984083911
3905400,157629,39138,82756,35735,35567,51278,70784,82,125,648,8565,23990,13359,19005,6557,1221,6976,1544,4705,1559,10366,13800,19273,2204,15996,4366,3288,11990,36702,38182,31617,0.24829187522600538,0.5250049166079845,0.22670320816601006,0.22563741443516105,0.32530816030045234,0.4490544252643866,0.000520208844819164,0.0007930012878340914,0.00411091867613193,0.05433644824239194,0.15219280716111883,0.08474963363340501,0.12056791580229527,0.0415976755546251,0.0077460365795634055,0.044255815871444976,0.009795151907326698,0.0298485684740752,0.009890312061866788,0.06576201079750553,0.08754734217688369,0.12226811056341155,0.0139821987070907,0.10147878880155302,0.027697948981469146,0.020859105875187942,0.10118911984876489,0.3097450439273869,0.32223544404216353,0.2668303921816847
3905500,527932,122151,281514,124267,111446,153936,262550,349,175,2758,23988,49551,26266,42888,13535,10661,32803,8207,41961,25271,34414,37598,89786,13310,45991,16214,12206,37145,110042,130004,128590,0.2313763893834812,0.5332391292818014,0.23538448133471734,0.21109915670957624,0.2915830069024041,0.4973178363880197,0.0006610699862861126,0.0003314820848139533,0.005224157656667904,0.04543767000295493,0.09385867876923543,0.0497526196555617,0.08123773516286188,0.025637771531182046,0.020193888606866037,0.0621348961608692,0.015545562686103513,0.07948182720501883,0.04786790723047665,0.06518642552449937,0.07121750528477153,0.17007114552631777,0.025211580279278393,0.08711538607244873,0.030712288703848224,0.023120401869937794,0.09153952501472469,0.2711856888321533,0.3203797122092952,0.3168950739438268
3905690,66065,17664,33278,15123,16809,23732,25524,91,79,629,3828,6912,2646,9797,2588,1489,2371,874,3396,582,3108,6182,8511,1034,7350,2153,2445,4812,15436,15442,12711,0.26737304170135473,0.5037160372360554,0.22891092106258987,0.25443124195867706,0.3592219783546507,0.3863467796866722,0.0013774313176417165,0.001195792023007644,0.009520926360402634,0.05794293498826913,0.10462423370922576,0.040051464466812986,0.14829334746083403,0.03917354120941497,0.022538409142511165,0.035888897298115494,0.013229395292514948,0.05140392038144252,0.008809505789752517,0.04704457731022478,0.09357450995231968,0.12882766971921591,0.01565125255430258,0.11125406796336941,0.03258911677892984,0.03700900628169227,0.09941943348277928,0.3189190305985414,0.31904299497944255,0.2626185409392368
4000190,124084,29040,65315,29729,27936,49613,46535,1018,566,1641,8663,17178,3508,13823,3920,1009,2857,985,3508,684,5913,11510,17091,5838,11091,2625,10656,12118,31561,32536,18829,0.23403500854260018,0.5263772928016505,0.23958769865574933,0.22513780987073273,0.3998339834305793,0.37502820669868797,0.0082041197898198,0.004561426130685665,0.01322491215628123,0.06981560878114826,0.13843847716063312,0.028271171142129525,0.11140034170400696,0.031591502530543825,0.008131588278907836,0.023024725186164212,0.007938170916475936,0.028271171142129525,0.005512394829309178,0.0476532026691596,0.09275974339963251,0.13773733922181747,0.04704877341155991,0.08938299861384223,0.02115502401598917,0.08587730891976403,0.12749884264130298,0.33206725306173984,0.34232565969445733,0.1981082446024999
4000200,27015,6746,13816,6453,7495,12490,7030,1369,103,475,708,1632,456,3779,213,194,720,313,402,110,765,4333,5182,1036,2189,527,2509,2847,6884,6554,3984,0.24971312233944104,0.5114195817138627,0.23886729594669628,0.27743846011475104,0.4623357394040348,0.26022580048121413,0.05067555062002591,0.0038126966500092543,0.017582824356838795,0.026207662409772348,0.060410882842865075,0.016879511382565243,0.13988524893577642,0.007884508606329816,0.007181195632056265,0.026651860077734593,0.01158615583934851,0.014880621876735146,0.0040718119563205625,0.028317601332593003,0.16039237460669997,0.1918193596150287,0.038349065334073666,0.08102905793077919,0.019507680918008512,0.09287432907643901,0.14046080221027185,0.33963195026888354,0.3233509299916128,0.19655631752923183
4000300,48405,11004,25699,11702,12088,21042,15275,535,1497,852,2362,5556,853,5453,1743,453,1454,389,1143,35,1851,5724,8070,1357,3473,1268,4337,5109,12652,12362,7278,0.22733188720173536,0.5309162276624315,0.24175188513583307,0.2497262679475261,0.43470715835141,0.31556657370106395,0.01105257721309782,0.030926557173845678,0.01760148744964363,0.048796611920256174,0.11478153083359158,0.01762214647247185,0.11265365148228489,0.03600867678958785,0.009358537341183762,0.030038219192232207,0.008036359880177668,0.02361326309265572,0.0007230657989877079,0.03823985125503564,0.11825224666873257,0.16671831422373723,0.028034293977894847,0.07174878628240884,0.026195640946183246,0.08959818200599112,0.13660062565172054,0.338279725141039,0.3305259217667977,0.19459372744044276
4000400,37040,9097,18840,9103,8941,13587,14512,509,3915,482,2351,2402,2254,4233,1042,322,1300,650,823,67,757,4351,5169,499,3315,737,1862,4058,9035,9277,5573,0.24559935205183586,0.5086393088552916,0.24576133909287257,0.24138768898488122,0.3668196544276458,0.391792656587473,0.013741900647948163,0.10569654427645789,0.013012958963282938,0.06347192224622031,0.0648488120950324,0.06085313174946004,0.11428185745140389,0.028131749460043196,0.00869330453563715,0.03509719222462203,0.017548596112311014,0.022219222462203023,0.0018088552915766739,0.020437365010799135,0.11746760259179266,0.13955183585313174,0.013471922246220302,0.08949784017278618,0.01989740820734341,0.05026997840172786,0.14522420642021258,0.32333679275668326,0.3319972801775042,0.19944172064559998
4000500,42920,9964,22246,10710,9216,14722,18982,4538,5140,695,3989,1858,1640,4390,1721,1004,1433,383,909,372,762,4404,3781,235,2508,826,2332,5586,10760,10050,6560,0.2321528424976701,0.5183131407269338,0.24953401677539608,0.2147250698974837,0.3430102516309413,0.442264678471575,0.10573159366262815,0.11975768872320597,0.01619291705498602,0.0929403541472507,0.04328984156570363,0.03821062441752097,0.10228331780055917,0.04009785647716682,0.023392357875116496,0.03338769804287046,0.008923578751164958,0.021178937558247905,0.008667287977632806,0.017753960857409132,0.10260950605778192,0.08809412861136999,0.005475302889095993,0.058434296365330846,0.019245107176141658,0.054333643988816405,0.16949872557349194,0.3264959339725695,0.3049520572885059,0.1990532831654327
4000600,64967,15698,33241,16028,15961,26263,22743,545,1868,960,3015,6269,1123,7305,1590,952,2394,826,3074,455,3737,7172,8900,2334,6440,1292,4716,6440,16326,16302,10201,0.24163036618590977,0.5116597657272154,0.24670986808687487,0.24567857527667894,0.40425138916680775,0.3500700355565133,0.008388874351593887,0.02875305924546308,0.01477673280280758,0.046408176458817556,0.09649514368833408,0.017285698893284282,0.11244170117136393,0.02447396370465005,0.014653593362784182,0.0368494774270014,0.012714147182415689,0.0473163298289901,0.007003555651330676,0.05752151092092909,0.11039450798097496,0.1369926270260286,0.035925931626825926,0.09912724921883417,0.019887019563778533,0.07259069989379223,0.13071099474314476,0.3313645497168605,0.33087742799732084,0.2070470275426739
4000700,91739,22693,47817,21229,19861,38628,33250,471,2954,676,4173,9696,2814,9922,4742,600,2372,886,3939,692,2224,8431,12982,5073,8280,1473,9339,9425,23405,22806,13410,0.24736480667981992,0.5212287031687722,0.2314064901514078,0.21649462060846533,0.42106410577834946,0.36244127361318523,0.005134130522460458,0.03220004578205561,0.007368730856015435,0.04548774239963374,0.1056911455324344,0.030673977261579045,0.10815465614406086,0.0516901208864278,0.0065402936591852975,0.025855960932645874,0.00965783363673029,0.04293702787255148,0.007543138686927043,0.024242688496713502,0.09190202640098541,0.1415101538059059,0.05529818288841169,0.09025605249675711,0.016056420933299904,0.10179967080521915,0.1365032007647076,0.33897691394143037,0.33030153810503143,0.19421834718883063
4000800,37894,10263,19846,7785,8573,13372,15949,120,3856,224,2542,4156,1713,4513,1347,177,697,416,1429,44,2259,4302,2888,649,3802,992,1768,3953,8603,9137,5938,0.2708344328917507,0.5237240724125192,0.2054414946957302,0.22623634348445665,0.352879083759962,0.42088457275558133,0.0031667282419380375,0.1017575341742756,0.0059112260516176705,0.0670818599250541,0.1096743547791207,0.04520504565366549,0.11909537129888637,0.03554652451575447,0.004670924156858606,0.018393413205256767,0.01097799123871853,0.0377104554810788,0.0011611336887106139,0.05961365915448356,0.11352720747347865,0.0762125930226421,0.017126721908481555,0.1003325064654035,0.02617828680002111,0.046656462764553756,0.14306394991133148,0.31135319025731967,0.3306793094712461,0.21490355036010278
4000900,84371,24223,42663,17485,23996,30081,30294,96,551,451,5263,3331,2595,10763,607,1335,2230,1282,4708,396,4413,12718,12499,2453,12036,2141,4503,7413,17404,19583,15748,0.2871010181223406,0.5056595275627882,0.20723945431487123,0.28441052020243923,0.3565324578350381,0.35905702196252265,0.0011378317194296618,0.006530679972976496,0.005345438598570599,0.0623792535349824,0.039480390181460455,0.030757013665833048,0.1275675291273068,0.0071944151426437996,0.015822972348318736,0.02643088264925152,0.01519479441988361,0.05580116390702967,0.004693555842647355,0.05230470185253227,0.15073899799694207,0.14814331938699316,0.029073970914176673,0.14265565182349385,0.025376017826030273,0.05337141908949758,0.12324599321673206,0.2893529294407129,0.32558023541929904,0.26182084192325594
4001000,457665,110560,243511,103594,98715,163360,195590,196,15154,3229,20324,24096,20491,47824,17313,6951,19711,7192,29631,11820,38586,35053,66042,7634,45793,11442,29183,44857,98376,113443,90429,0.2415740771088023,0.532072585843357,0.22635333704784066,0.21569270099308446,0.3569423049610523,0.42736499404586326,0.0004282608458151705,0.03311155539532191,0.007055378934373396,0.04440802770585472,0.052649863983481364,0.04477292342652377,0.1044956463789016,0.03782897971223493,0.015187964996230867,0.04306862006052462,0.015714551036238297,0.06474386286912917,0.02582675100783324,0.08431057651338861,0.07659095626713863,0.14430205499655863,0.016680322943637815,0.10005790261435767,0.02500081937661827,0.06376498093583735,0.12923178865184887,0.2834185621065672,0.3268261765171922,0.26052347272439175
4001100,61413,15325,31419,14669,15470,25149,20794,577,1727,379,5007,5676,2108,7349,1435,530,2089,681,1908,192,1936,6694,7832,1080,6968,1819,5426,5974,15575,15148,9391,0.24953999967433604,0.5116017781251526,0.23885822220051128,0.25190106329278816,0.4095061306238093,0.33859280608340253,0.009395404881702572,0.02812108185563317,0.00617133180271278,0.08152996922475697,0.092423428264374,0.03432498005308322,0.11966521746210086,0.023366388223991664,0.008630094605376712,0.03401559930307915,0.011088857408040644,0.031068340579356164,0.0031263738947779787,0.03152427010567795,0.10899972318564473,0.1275300017911517,0.01758585315812613,0.1134613192646508,0.02961913601354762,0.08835262892221517,0.1296215934733553,0.3379404617253949,0.3286755771567436,0.20376236764450617
4001290,461270,111657,240982,108631,103394,161981,195895,753,12230,5273,24238,50600,17344,51212,13900,8598,17936,7235,23343,5806,35456,42401,65615,9923,43637,11763,14007,42106,104581,117338,85588,0.2420643007349275,0.5224315476835693,0.23550415158150323,0.22415071433216988,0.35116309319921085,0.4246861924686193,0.0016324495414832961,0.02651375550111648,0.011431482645738938,0.052546231057731915,0.10969714050339281,0.03760053764606413,0.1110239122422876,0.03013419472326403,0.018639842174865046,0.03888395083140026,0.015684956749842827,0.05060593578598218,0.012586988098077049,0.07686604374878055,0.09192230147202289,0.14224857458755175,0.021512346348125825,0.09460186008194767,0.02550133327552193,0.030366162984802828,0.12043602497618795,0.299133613452589,0.33562253119878266,0.2448078303724404
4001400,45297,10594,23215,11488,10257,17382,17658,173,1929,431,2657,5984,1454,4858,1513,393,1323,391,1802,1020,2586,4120,5614,1715,3862,1021,2451,4586,11332,11631,7154,0.23387862330838688,0.5125063469986975,0.25361502969291566,0.22643883700907344,0.38373402212067026,0.38982714087025633,0.0038192374770956135,0.042585601695476524,0.009514978916926065,0.058657306223370204,0.13210587897653267,0.03209925602137007,0.10724772059959821,0.033401770536680135,0.00867607126299755,0.02920723226703755,0.00863191822858026,0.039781884009978584,0.02251804755281807,0.05708987350155639,0.09095525089961808,0.12393756760933396,0.03786122701282646,0.08525950945978762,0.022540124070026712,0.0541095436783893,0.13214995821686887,0.32654237385816787,0.3351583436590497,0.20614932426591362
4100100,49779,11125,25824,12830,11499,19909,18371,3900,103,413,2656,5630,1449,5464,2255,584,817,483,1183,239,1556,4234,7279,450,5027,2033,4024,5759,12070,13154,7671,0.22348781614737137,0.5187729765563792,0.25773920729624944,0.2310010245284156,0.399947769139597,0.3690512063319874,0.07834629060447176,0.002069145623656562,0.008296671287088933,0.05335583278089154,0.11309990156491694,0.029108660278430662,0.10976516201611121,0.04530022700335483,0.01173185479820808,0.0164125434420137,0.009702886759476888,0.023765041483356435,0.0048012213985817315,0.03125816107193797,0.08505594728700858,0.14622632033588462,0.00903995660820828,0.10098635970991783,0.040840515076638745,0.08083730086984471,0.14898846173746572,0.31225746365188595,0.3403011331298184,0.19845294148082993
4100200,45566,9192,23950,12424,11168,17038,17360,5867,52,665,1821,5633,1381,4360,1081,976,468,349,1653,307,1226,3649,5573,1134,4632,1799,2940,6451,10836,11574,7513,0.2017293596102357,0.5256112013343283,0.27265943905543605,0.24509502699381117,0.37391915024360267,0.38098582276258613,0.12875828468595005,0.0011412017732519862,0.014594214984857131,0.039964008251766665,0.12362287670631611,0.030307685555019094,0.0956853794495896,0.02372382917087302,0.021419479436421893,0.010270815959267874,0.007659219593556599,0.036277048676644864,0.006737479699776149,0.02690602642321029,0.08008163981916341,0.1223061054294869,0.02488697713207216,0.10165474257121539,0.03948119211692929,0.06452179256463152,0.1773519546929125,0.2979050970473415,0.3181943146203332,0.20654863363941275
4100300,41162,9071,20990,11101,10151,16678,14333,2583,183,301,1834,3251,1379,5503,1179,423,770,310,1182,451,1213,3878,7314,469,3906,1641,3392,4341,10061,11133,6556,0.22037315971041252,0.5099363490598124,0.269690491229775,0.2466109518487926,0.40517953452213207,0.3482095136290754,0.06275205286429231,0.004445848112336621,0.007312569845974442,0.04455565813128614,0.07898061318691997,0.033501773480394535,0.13369126864583838,0.028642923084398232,0.01027646858753219,0.01870657402458578,0.007531218113794276,0.028715805840338175,0.010956707642971674,0.029468927651717602,0.09421310917836839,0.17768815898158496,0.01139400417861134,0.09489334823380788,0.0398668674991497,0.08240610271609737,0.13527157146863605,0.31351469259293885,0.34691969711133963,0.20429403882708547
4100400,81034,18844,43950,18240,18513,29510,33011,978,50,454,7570,5507,1895,10239,2095,2156,1721,1321,4587,1087,5224,4335,12580,3007,9932,3355,2941,6784,18329,21558,15519,0.23254436409408397,0.5423649332379001,0.2250907026680159,0.22845965890860626,0.3641681269590542,0.40737221413233954,0.012069008070686378,0.0006170249524890787,0.0056025865686008345,0.09341757780684651,0.06795912826714712,0.02338524569933608,0.12635436977071351,0.025853345509292396,0.02660611595132907,0.021237998864674087,0.01630179924476146,0.056605869141348075,0.01341412246711257,0.06446676703605894,0.05349606338080312,0.1552434780462522,0.03710788064269319,0.12256583656243059,0.041402374312017175,0.03629340770540761,0.10908506190705901,0.29472584016722947,0.3466473709599614,0.2495417269657501
4100500,55138,11809,27605,15724,14287,21445,19406,1817,114,495,3087,5993,639,6838,1361,444,960,841,1299,188,1815,4070,6703,1557,11457,2593,2867,5275,13906,15102,9046,0.2141717146069861,0.5006529072508977,0.28517537814211613,0.25911349704378106,0.3889332220972832,0.35195328085893574,0.03295367985781131,0.002067539627842867,0.008977474699844027,0.055986796764481844,0.10869092096195002,0.011589103703435017,0.12401610504552214,0.024683521346439842,0.008052522761072219,0.017410860023939934,0.015252638833472379,0.023559069969893723,0.0034096267546882366,0.03291740723276144,0.07381479197649533,0.1215677028546556,0.028238238601327577,0.20778773259820812,0.047027458377162754,0.05199680800899561,0.12174294352512174,0.3209397862863209,0.34854254656234857,0.20877472362620877
4100600,85667,19990,44061,21616,18976,28905,37786,3650,35,199,4619,10896,2050,8058,3384,1094,1482,905,3403,1445,2981,13878,12457,997,7010,3662,3462,7153,18765,22013,17746,0.233345395543208,0.5143287380204746,0.2523258664363174,0.22150886572425788,0.3374111384780604,0.4410799957976817,0.042606838105688306,0.00040855872156139473,0.002322948159734787,0.05391807813977378,0.12719016657522733,0.023929867977167403,0.09406189080976339,0.0395017918218217,0.012770378325376166,0.017299543581542485,0.010564161228944635,0.03972358084209789,0.016867638647320438,0.0347975299707005,0.16199936965225817,0.14541188555686554,0.011638087011334586,0.0818284753755822,0.04274691538165221,0.0404122941155871,0.10891179560576762,0.2857164608614888,0.33517060767087414,0.27020113586186945
4100700,156105,35814,81328,38963,35426,59903,60776,2183,237,772,7922,14455,6691,19218,3844,2831,3467,2651,6239,3719,9479,15939,27247,2994,15603,6914,3700,13413,36274,41433,29171,0.22942250408378975,0.5209826719195413,0.2495948239966689,0.22693699753371127,0.3837353063643061,0.38932769610198265,0.013984177316549759,0.0015182088978572116,0.004945389321290157,0.05074789404567438,0.0925979308798565,0.04286217609942026,0.12310944556548477,0.024624451490983634,0.018135229492969477,0.022209410332788827,0.016982159443963998,0.039966689087473174,0.023823708401396495,0.06072194996957176,0.10210435283943499,0.17454277569584575,0.019179398481791104,0.09995195541462477,0.044290701771243716,0.02370199545177925,0.11150460134174627,0.3015520695646391,0.3444397336459087,0.24250359544770597
4100800,56053,12070,28157,15826,14130,24220,17703,1878,73,270,2796,5304,1183,7484,1424,570,1353,795,1294,467,2900,3914,11198,626,7650,2470,2404,5412,14800,15363,8408,0.21533191800617274,0.5023281537116657,0.28233992828216153,0.2520828501596703,0.43209105667850073,0.31582609316182897,0.0335040051379944,0.001302338857866662,0.004816869748273955,0.04988136228212584,0.09462473016609281,0.0211050256007707,0.13351649331882326,0.025404527857563378,0.010168947246356128,0.024137869516350597,0.014183005369917756,0.0230852942750611,0.008331400638681248,0.05173674914812766,0.06982677109164541,0.19977521274508056,0.011168001712664799,0.1364779762010954,0.04406543806754322,0.04288798101796514,0.12304754109542324,0.3364936452720369,0.3492940454266421,0.19116476820589773
4100900,90045,20631,46446,22968,20613,36149,33283,2871,145,406,5460,7644,2620,13630,3296,1461,2265,1273,2777,1409,3822,5319,17248,1928,9884,3411,3176,9107,21881,23246,15180,0.22911877394636015,0.5158087622855239,0.25507246376811593,0.22891887389638513,0.4014548281414848,0.36962629796213003,0.03188405797101449,0.001610305958132045,0.0045088566827697265,0.06063634849242046,0.08489088788938864,0.029096562829696263,0.15136876006441224,0.03660392026209117,0.016225220722971848,0.025154089621855738,0.014137375756566161,0.03084013548781165,0.0156477316897107,0.04244544394469432,0.05907046476761619,0.19154867010938975,0.021411516463990227,0.10976733855294575,0.03788105947026487,0.03527125326225776,0.13119831734232287,0.31522459446221224,0.3348892154320454,0.21868787276341947
4101000,37495,7730,19397,10368,8188,14559,14748,1719,129,239,1969,5193,634,4077,1260,265,699,390,1121,494,2437,2694,6302,308,3526,1810,2229,3426,10367,10548,5424,0.20616082144285905,0.5173223096412854,0.2765168689158555,0.2183757834377917,0.3882917722362982,0.39333244432591014,0.04584611281504201,0.0034404587278303775,0.006374183224429924,0.05251366848913189,0.13849846646219496,0.016908921189491933,0.10873449793305774,0.033604480597412986,0.007067609014535271,0.0186424856647553,0.010401386851580211,0.029897319642619016,0.0131750900120016,0.06499533271102814,0.07184957994399253,0.16807574343245765,0.008214428590478731,0.09403920522736364,0.048273103080410724,0.05944792639018536,0.11510162943053923,0.3482949773223585,0.35437594490173024,0.18222744834537208
4101100,157051,34452,83633,38966,32493,55529,69029,8017,355,319,11664,10870,4054,16981,5231,1692,4627,1908,5365,1484,8847,10203,26174,1597,11574,6080,20009,17211,33904,42133,29351,0.2193682307021286,0.5325212828953652,0.2481104864025062,0.20689457564740116,0.3535730431515877,0.4395323812010111,0.05104711208460946,0.002260412222781135,0.0020311873213160058,0.07426886807470184,0.06921318552572095,0.025813270848323158,0.10812411254942662,0.033307651654558075,0.01077357036886107,0.02946176719664313,0.012148919777651845,0.034160877676678275,0.009449159827062547,0.05633201953505549,0.06496615749024202,0.16665923808189698,0.01016867132332809,0.07369580582103903,0.0387135389141107,0.1274044737059936,0.14038450558324292,0.27654385435444007,0.34366511961761514,0.23940652044470184
4101200,56342,13403,28866,14073,12999,22135,21208,5055,90,248,3334,9080,1068,5276,846,408,894,553,1203,398,1879,6359,8114,784,5784,2456,2513,6548,12413,14105,9873,0.23788647900323026,0.5123353803556849,0.2497781406410848,0.2307159845230911,0.3928685527670299,0.37641546270987897,0.08971992474530546,0.0015973873841894147,0.004401689680877498,0.0591743282098612,0.16115863831599872,0.018955663625714388,0.09364239821092613,0.015015441411380498,0.007241489474992013,0.01586738134961485,0.009815058038408292,0.02135174470199851,0.007064001987859856,0.03334989883213234,0.11286429306733875,0.14401334705903235,0.013915018991161123,0.10265876255723971,0.043590926839657804,0.0446026055163111,0.1524954004518037,0.2890845152425534,0.32848925219497427,0.22993083211066861
4101325,519658,107990,300808,110860,88515,158853,272290,1434,65,2580,24858,35021,24666,44589,26681,13842,21099,10714,43429,20205,26260,51069,75585,9579,50701,23036,14245,42361,98047,131970,139290,0.2078097517982981,0.5788576332895866,0.21333261491211528,0.1703331806688245,0.3056875868359575,0.523979232495218,0.0027595072143602136,0.00012508226564394274,0.004964803774790343,0.047835307067340446,0.06739240038640798,0.04746583329805372,0.08580450988919636,0.05134338353301594,0.0266367495545147,0.040601703428023814,0.0206174060632185,0.08357227253308908,0.03888134118978251,0.05053323532015287,0.09827424960262326,0.14545143151842174,0.018433277270820423,0.09756609154482371,0.04432915494421331,0.027412259601507144,0.10290088129269218,0.2381700788013642,0.3205738604895207,0.33835517941642296
4101326,169085,37377,91182,40526,33767,56294,79024,4176,53,512,14813,18731,11295,19994,4321,2329,5928,2342,10082,2214,8789,11172,23331,2577,14054,7593,4779,15236,33855,43618,38999,0.22105449921637046,0.5392672324570482,0.23967826832658132,0.1997042907413431,0.3329331401366177,0.4673625691220392,0.024697637283023332,0.00031345181417630186,0.003028062808646539,0.0876068249696898,0.11077860247804358,0.06680072153059112,0.11824821835171659,0.025555194133128307,0.013774137268237868,0.035059289706360706,0.01385102167548866,0.059626814915575005,0.013094005973327025,0.05197977348670787,0.06607327675429518,0.13798385427447735,0.015240855191176036,0.08311795842327824,0.044906408019635094,0.02826389094242541,0.11568014091778783,0.25704588939168466,0.33117198651562546,0.29610198317490205
4101327,304422,67161,172957,64304,52763,90637,161022,2754,304,1094,17125,48170,14679,33566,6212,8745,11885,4345,17296,15342,25624,19166,32597,5527,22482,10688,6821,26486,54266,74981,81528,0.22061808936279245,0.5681488197305057,0.2112330909067019,0.17332190183363883,0.2977347235088134,0.5289433746575477,0.009046652344442912,0.0009986137664163561,0.0035936955936167556,0.056254147203552964,0.15823429318511803,0.048219248280347675,0.11026141343266913,0.020405883937428964,0.028726570352996826,0.039041199387692085,0.014272950049602197,0.05681586744716216,0.05039714606697282,0.08417262878504182,0.06295865607610487,0.10707833205221699,0.018155718049286847,0.07385142992293592,0.035109157682427686,0.022406396383966992,0.11163233738372509,0.2287185841752332,0.3160274971444949,0.34362158129654685
4200100,122362,28654,63125,30583,33001,42702,46659,350,63,698,4090,19503,3333,13699,2889,1256,5623,1057,3612,715,6158,11035,25514,2637,11219,5143,3768,9623,32187,29653,22245,0.2341740082705415,0.5158872852683023,0.24993870646115623,0.269699743384384,0.34898089276082445,0.38131936385479154,0.002860365146042072,0.0005148657262875729,0.005704385348392475,0.033425409849463066,0.15938771840931007,0.02723884866216636,0.1119546918160867,0.023610271162615847,0.01026462463836812,0.045953809189127344,0.008638302741047058,0.02951896830715418,0.005843317369771661,0.0503260816266488,0.09018322681878362,0.2085124466746212,0.021550808257465554,0.09168696163841715,0.04203102270312679,0.030793873915104363,0.10269133905322918,0.3434818798821872,0.3164404319801938,0.2373863490843898
4200200,44206,9358,22595,12253,10749,16586,16871,442,523,275,1431,10009,684,4662,1669,459,1731,213,918,907,1006,3436,8585,220,3151,1763,2122,3061,13759,10835,7193,0.2116907207166448,0.511129710898973,0.27717956838438224,0.24315703750622086,0.3751979369316382,0.38164502556214086,0.009998642718183052,0.011830973171062752,0.006220874994344659,0.032371171334208027,0.2264172284305298,0.015473012713206353,0.10546079717685382,0.03775505587476813,0.01038320589965163,0.03915758041894765,0.004818350450165136,0.02076641179930326,0.020517576799529477,0.022757091797493554,0.07772700538388454,0.19420440664163235,0.004976699995475727,0.0712799167533819,0.03988146405465322,0.048002533592724966,0.08783861340679522,0.394828971533517,0.3109217171717172,0.20641069788797062
4200300,67685,14085,34660,18940,16191,24565,26929,285,1222,580,2249,14620,1735,7639,4709,805,1199,298,1935,710,1640,4591,12518,257,4342,2915,3436,4529,21694,16997,10380,0.20809632858092636,0.5120780084213636,0.27982566299771,0.23921105119302652,0.3629312255300288,0.3978577232769447,0.004210681834970821,0.018054221762576643,0.00856910689222132,0.033227450690699566,0.21600059097288912,0.02563344906552412,0.11286104749944596,0.06957228337150033,0.011893329393514073,0.01771441235133338,0.004402748023934402,0.028588313511117677,0.010489768781857133,0.024229888453867178,0.06782891334860014,0.1849449656497008,0.0037970008125877224,0.06415010711383615,0.04306714929452611,0.050764571175297334,0.08449626865671642,0.4047388059701493,0.3171082089552239,0.19365671641791044
4200400,36891,7932,19325,9634,8683,12621,15587,350,1511,456,1669,5531,1035,3927,1993,357,983,260,890,557,861,2837,8301,173,2575,907,1718,2612,10980,9085,6282,0.2150117914938603,0.5238405031037381,0.2611477054024017,0.2353690602043859,0.3421159632430674,0.4225149765525467,0.009487408853107804,0.04095849936298826,0.012360738391477596,0.0452413867881055,0.14992816676154075,0.02805562332276165,0.10644872733186957,0.05402401669783958,0.00967715703016996,0.026646065436014204,0.007047789433737226,0.024125125369331275,0.015098533517660134,0.023339025778645196,0.07690222547504812,0.22501423111327967,0.004689490661679,0.06980022227643598,0.024585942370767937,0.04656962402754059,0.09019648468524466,0.37915673883766704,0.31371939638799684,0.2169273800890915
4200500,33107,7538,16356,9213,9540,12244,11323,117,662,247,2554,1377,749,4440,952,409,851,353,1058,312,1253,3596,4675,611,4642,1842,2407,2447,9095,7989,6038,0.22768598785755279,0.49403449421572476,0.27827951792672245,0.2881565831999275,0.3698311535324856,0.34201226326758694,0.003533995831697224,0.019995771287038996,0.007460657866916362,0.07714380644576675,0.04159241248074425,0.022623614341377957,0.13411061104902286,0.028755248134835532,0.01235388286465098,0.02570453378439605,0.01066239768024889,0.031956987948168064,0.009423988884525931,0.03784698100099677,0.10861751291267707,0.14120880780499592,0.018455311565529948,0.14021203974990185,0.05563778052979732,0.07270365783671127,0.09570182643044312,0.35570417302201884,0.31244866830928075,0.23614533223825726
4200600,51926,13833,25027,13066,15148,18616,18162,63,57,110,1830,4753,821,7870,2773,320,963,818,1453,176,2823,5480,7129,1487,9884,1791,1325,4452,11803,11873,9965,0.26639833609367175,0.481974348110773,0.2516273157955552,0.291722836344028,0.35851018757462544,0.34976697608134655,0.0012132650310056618,0.001097715980433694,0.0021183992604860763,0.03524246042445018,0.09153410622809383,0.015810961753264262,0.1515618380002311,0.05340291953934445,0.006162616030504949,0.01854562261680083,0.015753187227978277,0.027982128413511536,0.003389438816777722,0.05436582829411085,0.10553479952239726,0.13729153025459306,0.028636906366752687,0.19034780264222162,0.03449139159573239,0.025517082001309557,0.11687186622214055,0.30984695350851865,0.31168456146798623,0.2615966188013546
4200700,108900,23798,55864,29238,27560,37039,44301,305,318,335,5118,12535,4649,11849,5304,1494,5264,731,4562,1383,7267,9246,21518,1192,8614,3636,3580,8537,27680,27124,21761,0.2185307621671258,0.5129843893480257,0.2684848484848485,0.25307621671258035,0.340119375573921,0.40680440771349863,0.0028007346189164372,0.0029201101928374657,0.003076216712580349,0.04699724517906336,0.11510560146923783,0.042690541781450875,0.10880624426078972,0.04870523415977961,0.01371900826446281,0.048337924701561064,0.006712580348943985,0.04189164370982553,0.012699724517906337,0.06673094582185492,0.08490358126721763,0.1975941230486685,0.010945821854912764,0.07910009182736455,0.033388429752066115,0.032874196510560144,0.10031491621818524,0.3252567507226622,0.31872341425583417,0.25570491880331836
4200800,171426,37489,88292,45645,41609,60710,69107,171,378,2140,6657,21123,6099,20417,16295,2909,5907,1080,4905,3357,10374,13010,29180,1813,14239,5301,6071,14209,44163,42690,32875,0.21868911367003838,0.5150443923325516,0.26626649399741,0.2427228075087793,0.3541469788713497,0.40313021361987095,0.0009975149627244409,0.0022050330754961323,0.012483520586142126,0.038833082496237445,0.12321934829022435,0.035578033670505056,0.11910095318096438,0.09505559250055418,0.016969421207984788,0.03445801687025305,0.006300094501417521,0.02861292919393791,0.019582793741906128,0.06051590773861608,0.07589280505874255,0.170219219954966,0.010575991973212932,0.0830620792645223,0.030922963844457668,0.03541469788713497,0.1060871902461605,0.3297296490140887,0.3187319411365045,0.2454512196032463
4200900,64069,14107,32805,17157,15200,21649,27220,253,1719,412,2830,10618,2447,7322,1928,503,1621,815,2391,516,3616,5582,10819,333,5308,2326,2710,5003,17936,16208,10815,0.22018448859823003,0.5120260968643181,0.2677894145374518,0.23724422107415444,0.3379013251338401,0.4248544537920055,0.003948867627089544,0.026830448422794174,0.006430567044904712,0.04417112800262217,0.16572757495824814,0.038193197958451046,0.11428303859901044,0.0300925564625638,0.00785091073686182,0.025300847523763444,0.012720660537857623,0.03731914030186206,0.008053816978569979,0.05643915153974621,0.08712481855499539,0.16886481761850505,0.005197521422216672,0.08284817930668498,0.03630460909332126,0.04229814730993148,0.10013610343861334,0.35899283455426123,0.3244065489772227,0.21646451302990272
4201000,43747,8806,22744,12197,9465,14592,19690,487,166,430,1372,4780,1132,3551,2864,296,1701,153,913,2299,792,2988,13800,478,2198,1411,1936,3219,12516,10989,8217,0.20129380300363453,0.5198985073262167,0.2788076896701488,0.21635769309895536,0.33355430086634513,0.4500880060346995,0.011132191921731776,0.0037945459117196606,0.009829245433972615,0.03136215054746611,0.10926463528927698,0.0258760600726907,0.08117128031636454,0.06546734633231993,0.006766178252223009,0.03888266623997074,0.003497382677669326,0.020870002514458134,0.052552175006286145,0.018104098566758865,0.06830182641095389,0.31545020229958626,0.010926463528927698,0.05024344526481816,0.03225364024961712,0.04425446316318833,0.09212672791276724,0.35820382931226924,0.31450158839186054,0.23516785438310295
4201100,56888,13254,28900,14734,14270,21345,21273,652,52,231,2695,12576,1665,7082,1644,374,1256,377,999,403,1389,5803,10274,427,5471,1416,2102,4511,17153,12854,9116,0.2329841091267051,0.5080157502460976,0.2590001406271973,0.25084376318379975,0.3752109407959499,0.37394529602025034,0.011461116579946562,0.0009140767824497258,0.004060610322036281,0.04737378709042329,0.22106595415553368,0.02926803543805372,0.12449022640978766,0.02889888904514133,0.006574321473773028,0.022078469976093376,0.0066270566727605115,0.017560821262832232,0.007084095063985375,0.024416397131205175,0.1020074532414569,0.18060047813247082,0.007505976655885248,0.09617142455350865,0.024891013922092534,0.03694979609056392,0.10338268322867489,0.3931108768391621,0.29458679011779804,0.20891964981436495
4201200,66778,15785,34827,16166,16356,18517,31905,241,317,255,3323,3952,752,6573,1596,1020,1008,1159,3353,972,2159,19271,8604,745,6380,1979,3119,3875,15247,15123,16748,0.23638024499086527,0.521534038156279,0.24208571685285574,0.2449309652879691,0.2772919224894426,0.4777771122225883,0.003608973015064842,0.004747072389110186,0.003818622899757405,0.0497618976309563,0.059181167450357904,0.011261193806343406,0.09843062086315853,0.02390008685495223,0.01527449159902962,0.015094791697864566,0.0173560154541915,0.05021114738386894,0.014555691994369404,0.03233100721794603,0.28858306627931357,0.12884482913534398,0.011156368863997125,0.0955404474527539,0.029635508700470214,0.04670699931115038,0.0759908222697233,0.2990018237797345,0.2965701174671033,0.3284372364834389
4201300,48989,10513,25376,13100,12514,18273,18202,228,920,315,2058,9509,1150,5596,1927,366,912,277,1378,223,1679,4199,10613,107,3412,1772,2348,3464,15843,11625,7544,0.2145991957378187,0.517993835350793,0.26740696891138827,0.2554450999203903,0.373002102512809,0.3715527975668007,0.004654106023801261,0.01877972606095246,0.006430014901304374,0.042009430688521913,0.1941047990365184,0.023474657576190574,0.11422972504031517,0.03933536099940803,0.00747106493294413,0.018616424095205045,0.0056543305640041645,0.028128763599991835,0.004552042295209129,0.034273000061238235,0.08571311927167323,0.21664047030966135,0.0021841637918716445,0.0696482883912715,0.03617138541305191,0.04792912694686562,0.09003014866410229,0.4117631770454309,0.3021363967148352,0.19607027757563156
4201400,45345,9923,22817,12605,11844,15589,17912,134,175,185,1666,8011,1353,5992,1714,393,1725,319,937,801,1474,3519,9414,414,4096,1453,1570,3293,12964,11039,8126,0.21883338846620354,0.5031866798985555,0.27797993163524093,0.2611974859411181,0.3437865255265189,0.39501598853236297,0.0029551218436431803,0.0038593009152056456,0.00407983239607454,0.03674054471275775,0.17666776932407102,0.029837909361561363,0.1321424633366413,0.037799095820928434,0.008666887198147536,0.03804168044988422,0.00703495423971772,0.02066379975741537,0.017664571617598414,0.03250634028007498,0.0776050281177638,0.20760833608997684,0.009130003307972213,0.090329694563899,0.0320432241702503,0.034623442496416364,0.09296482412060302,0.36598723956862966,0.31164248207328776,0.22940545423747954
4201500,83623,17282,41755,24586,20581,27210,35832,102,202,1978,6773,10941,2209,9500,3619,569,2154,687,2849,921,3558,7761,16295,700,6551,3033,3221,6233,23013,21261,15834,0.2066656302691843,0.4993243485643902,0.2940100211664255,0.2461164990493046,0.325388948016694,0.4284945529340014,0.0012197601138442774,0.0024156033627112158,0.023653779462588044,0.08099446324575775,0.13083720985853176,0.02641617736747067,0.11360510864235916,0.0432775671764945,0.00680434808605288,0.025758463580593857,0.008215443119715867,0.03406957416021908,0.011013716322064503,0.042548102794685676,0.09280939454456309,0.19486265740286762,0.00837090274206857,0.07833969123327314,0.03626992573813424,0.03851811104600409,0.0939539651196093,0.3468895554785125,0.3204805474744125,0.23867593192746567
4201600,87680,19854,44818,23008,19714,26009,41957,188,699,358,4528,12062,5105,10253,3290,1117,2115,683,4529,4081,4192,5704,14056,865,7692,3158,3005,5380,22170,22005,18271,0.22643704379562044,0.511154197080292,0.26240875912408756,0.2248403284671533,0.2966354927007299,0.4785241788321168,0.002144160583941606,0.007972171532846715,0.004083029197080292,0.05164233576642336,0.1375684306569343,0.05822308394160584,0.11693658759124087,0.0375228102189781,0.012739507299270073,0.024121806569343065,0.007789689781021898,0.05165374087591241,0.04654425182481752,0.04781021897810219,0.06505474452554745,0.1603102189781022,0.009865419708029196,0.08772810218978103,0.03601733576642336,0.03427235401459854,0.07932061451360835,0.3268658036741073,0.32443310824757465,0.2693804735647097
4201700,734718,163787,380964,189967,151079,202829,380810,183,2367,4893,30604,36694,23154,72016,24419,14220,55126,9462,67986,29787,40015,63694,138938,14033,63719,24850,18558,49833,157021,178239,185838,0.2229249861851758,0.5185173086816983,0.2585577051331259,0.20562855408469644,0.27606374146271084,0.5183077044525927,0.0002490751553657322,0.003221644222681355,0.006659698006582117,0.04165407680225611,0.04994297131688621,0.03151413195266756,0.0980185595017408,0.03323588097746346,0.019354364531697876,0.07503014762126421,0.01287841049218884,0.09253346181800365,0.040542085534858274,0.054463072906884,0.08669176473150243,0.189103846645924,0.01909984511064109,0.08672579139207151,0.03382250060567456,0.025258670673646216,0.08728375232733904,0.2750262290889792,0.3121900895204499,0.32549992906323183
4201900,47508,10160,23787,13561,12047,16846,18615,447,2273,1191,2170,3917,2338,5927,1839,425,1824,332,1501,689,1059,4799,8220,453,3921,2104,2079,3274,14025,11421,8628,0.21385871853161573,0.5006946198534984,0.2854466616148859,0.25357834469984003,0.354592910667677,0.39182874463248296,0.009408941651932306,0.047844573545508126,0.025069461985349834,0.04567651763913446,0.08244927170160815,0.04921276416603519,0.12475793550559906,0.038709270017681235,0.008945861749600067,0.03839353372063652,0.006988296707922876,0.031594678790940474,0.014502820577586933,0.022290982571356404,0.10101456596783699,0.17302349078050014,0.009535236170750189,0.08253346804748674,0.04428727793213774,0.04376105077039656,0.08766198993252651,0.37552211631144905,0.30579950733640354,0.23101638641962086
4202000,139102,30575,69572,38955,34732,45182,59188,263,1193,1013,8822,17907,7544,17927,8531,1146,3182,1081,5900,2344,6944,9659,22071,1511,13174,5404,3486,10136,37783,35041,25567,0.21980273468390102,0.5001509683541574,0.2800462969619416,0.24968727983781686,0.3248120084542278,0.42550071170795534,0.0018906989115900562,0.008576440309988354,0.007282425845782232,0.06342108668459116,0.12873287228077238,0.0542335839887277,0.12887665166568418,0.0613290966341246,0.008238558755445644,0.022875300139466002,0.007771275754482322,0.04241491854897845,0.016850943911661947,0.049920202441373955,0.06943825394314963,0.15866774021940735,0.010862532530085836,0.09470748084139696,0.03884918980316602,0.02506074679012523,0.09339611340956629,0.34814377988887557,0.3228781777806444,0.2355819289209137
4202100,49009,10074,24901,14034,14126,17633,17250,88,153,451,2220,4255,1644,6386,1896,868,2046,418,2039,433,2398,5207,10036,374,3918,1967,2212,3298,14469,12277,8891,0.2055540819033239,0.5080903507519027,0.2863555673447734,0.288232773572201,0.3597910587851211,0.35197616764267786,0.001795588565365545,0.0031218755738741865,0.009202391397498419,0.045297802444448976,0.0868207880185272,0.033544859107510865,0.13030259748209513,0.03868677181742129,0.01771103266746924,0.04174743414474892,0.008529045685486339,0.0416046032361403,0.008835111918219103,0.0489297884062111,0.10624579158929992,0.20477871411373422,0.007631251402803567,0.07994449998979779,0.040135485319023036,0.04513456712032484,0.0847052780274817,0.37161936560934894,0.315320405804546,0.22835495055862334
4202200,71824,15875,37211,18738,17931,25948,27945,482,265,466,3457,8790,2563,9282,3732,999,1354,491,2503,781,2709,5235,16284,816,5599,2568,3448,5013,21227,17954,11755,0.22102639786143907,0.5180858765872132,0.26088772555134776,0.24965192693250168,0.3612719982178659,0.3890760748496324,0.006710848741367788,0.0036895745154822903,0.006488081978168857,0.04813154377366897,0.12238249053241257,0.03568445087992871,0.1292325685007797,0.05196034751615059,0.013908999777233236,0.018851637335709513,0.006836155045667186,0.034849075517932725,0.010873802628647806,0.037717197594118956,0.07288650033415014,0.22672087324571175,0.011361104923145467,0.07795444419692582,0.03575406549342838,0.04800623746936957,0.08959945664801873,0.3793990956049259,0.3208993905163631,0.21010205723069222
4202300,143001,33053,74411,35537,33395,45055,64551,524,106,223,5560,9655,4364,16759,17831,1748,8424,1391,9976,5688,9408,10219,18664,972,10967,5888,4634,10987,34996,33832,30133,0.23113824378850498,0.5203530045244439,0.24850875168705114,0.2335298354556961,0.31506772679911327,0.45140243774519057,0.0036643100397899314,0.0007412535576674289,0.0015594296543380815,0.03888084698708401,0.06751701037055685,0.030517269110006223,0.117194984650457,0.12469143572422571,0.012223690743421375,0.05890867896028699,0.009727204704862203,0.06976174991783274,0.03977594562275788,0.06578974972202992,0.07146103873399487,0.1305165698141971,0.006797155264648499,0.07669177138621408,0.041174537240998316,0.03240536779463081,0.09992905737257612,0.318295921708444,0.30770909884672754,0.27406592207225233
4202400,190740,41098,102069,47573,38532,52530,99678,231,45,1201,6173,12063,7586,15297,10407,2059,12658,1461,8791,4160,10895,12277,31150,7368,13875,6631,26412,13965,44617,47662,43398,0.2154660794799203,0.535121107266436,0.2494128132536437,0.202013211701793,0.27540106951871657,0.5225857187794904,0.0012110726643598615,0.00023592324630386914,0.00629652930690993,0.03236342665408409,0.06324315822585719,0.039771416588025583,0.08019817552689525,0.054561182761874806,0.010794799203103701,0.06636258781587501,0.007659641396665618,0.046088916850162524,0.021809793436091015,0.0571196392995701,0.06436510433050226,0.16331131383034497,0.03862849952815351,0.07274300094369299,0.03476460102757681,0.13847121736395093,0.09332273024952888,0.2981582710736291,0.3185068363160075,0.29001216236083455
4202500,50178,11464,25381,13333,12011,17735,20432,456,8,183,1983,8986,1594,6603,3624,865,821,315,1165,406,2749,4101,8961,414,3466,1543,1935,4564,13248,11909,8993,0.22846665869504565,0.5058192833512695,0.26571405795368486,0.23936785045238948,0.3534417473793296,0.4071904021682809,0.009087647973215353,0.0001594324205827255,0.0036470166208298458,0.039519311251943086,0.17908246641954642,0.03176690980110806,0.13159153413846705,0.07222288652397466,0.017238630475507194,0.016361752162302203,0.006277651560444817,0.0232173462473594,0.008091195344573318,0.05478496552273905,0.08172904460121966,0.1785842401052254,0.008250627765156044,0.06907409621746582,0.03075052811989318,0.03856271672844673,0.11789016893113602,0.3422017874670662,0.3076148163455081,0.2322932272562897
4202600,50514,10884,26033,13597,11826,17662,21026,795,542,434,1572,11280,1075,5343,6230,278,827,196,1033,490,1781,3593,7836,248,2942,1232,2787,4190,14891,12291,8258,0.21546501959852715,0.5153620778398068,0.2691729025616661,0.23411331512056063,0.34964564279209726,0.41624104208734214,0.015738211188977315,0.010729698697390821,0.0085916775547373,0.031120085520845706,0.22330443045492337,0.021281228966227184,0.1057726570851645,0.12333214554380964,0.005503424793126658,0.016371698934948727,0.00388011244407491,0.020449776299639705,0.009700281110187274,0.035257552361721504,0.07112879597735282,0.15512531179474998,0.004909530031278458,0.05824127964524686,0.024389278219899432,0.05517282337569783,0.10572798385061821,0.37575069391874844,0.3101438304314913,0.20837749179914206
4202700,183306,42054,93499,47753,40594,55889,86823,2734,221,1257,7641,33473,7185,19807,7286,1303,4281,1985,7577,6457,11082,14848,31100,2217,12812,5316,4724,17315,45382,43488,35067,0.22941965893096788,0.5100705923428583,0.2605097487261737,0.2214548350845035,0.30489454791441634,0.4736506170010802,0.014914950956324398,0.0012056342945675536,0.006857386010277896,0.041684396582763246,0.18260722507719332,0.039196752970442866,0.10805429173076714,0.03974774420913663,0.007108332515029513,0.023354391018297272,0.01082888721591219,0.041335253619630564,0.03522525176480857,0.060456286209944025,0.08100116744678297,0.16966165864728924,0.012094530457268174,0.06989405693212443,0.029000687375208667,0.02577111496623133,0.12258233511737887,0.3212839464219976,0.30787528672160397,0.24825843173901962
4202890,336029,77643,173388,84998,76176,106181,153672,700,250,1554,11868,34756,14055,35980,28373,5025,10108,3007,13259,8727,24237,29485,63609,5402,27840,9905,7889,28333,75705,81867,72481,0.23106041442851658,0.5159911793327362,0.25294840623874726,0.22669471980096956,0.3159876082123864,0.457317671986644,0.002083153537343503,0.0007439834061941082,0.004624600852902577,0.035318380258846704,0.10343154906272971,0.04182674709623276,0.10707409181945605,0.08443616473578174,0.014954066464501576,0.030080737079240184,0.008948632409702733,0.039457903930910726,0.025970972743423932,0.0721277032637064,0.08774540292653313,0.18929616193840412,0.01607599344104229,0.08284999211377589,0.02947662255341057,0.02347714036586128,0.1096537738112746,0.29299188036503526,0.3168399216675826,0.28051442415610756
4203000,275649,63685,138194,73770,67594,83853,124202,510,160,860,17453,27918,16038,36327,8212,4895,8503,2822,17370,3182,15616,19712,52420,6784,21913,10513,4441,21458,57788,65185,67533,0.23103657187219978,0.5013404728477158,0.26762295528008445,0.24521764998240517,0.30420208308392194,0.45058026693367287,0.001850179032029864,0.000580448323774075,0.0031199097402856532,0.06331602871768081,0.10128097689452892,0.058182688854303846,0.13178716411088015,0.0297915102177044,0.017758090905463108,0.0308472006065685,0.010237657310565248,0.06301492114972301,0.011543666039056917,0.05665175640034972,0.07151123348896604,0.19016938207648132,0.02461100892802078,0.07949602574288316,0.038139082673980314,0.016111068786754168,0.10123417184050122,0.2726312015247872,0.30752863693834803,0.31860598969636356
4203100,522256,114272,276291,131693,103876,131496,286884,300,267,3112,25279,43828,26386,59066,9886,12421,38112,7760,61823,15499,40118,33029,78411,7079,32766,18191,8923,37903,101311,120748,148022,0.21880457093839037,0.5290336539934438,0.2521617750681658,0.1988986244293986,0.2517845654238534,0.5493168101467479,0.0005744309304249257,0.0005112435280781839,0.005958763518274563,0.04840346496737232,0.08392052939554548,0.0505231151006403,0.11309779112159554,0.018929413927269385,0.023783355289360007,0.07297570540118256,0.014858613400324745,0.1183768113722006,0.029677016635519745,0.07681673355595724,0.06324293067001624,0.15013901228516283,0.013554655188260163,0.06273934622101039,0.03483157685119941,0.017085490640605373,0.09290315306482608,0.24832101258872896,0.29596258676810855,0.3628132475783364
4203200,714210,163967,390123,160120,142179,196994,375037,52,9,5360,15873,20618,17158,53606,27448,15362,33815,10332,58328,12499,35018,87434,175685,12971,64570,26532,41540,64805,136728,160683,188027,0.22957813528233992,0.5462301003906415,0.22419176432701868,0.19907170160036963,0.27582083700872295,0.5251074613909075,7.280771761806752e-05,1.2601335741588609e-05,0.007504795508323882,0.02222455580291511,0.02886826003556377,0.024023746517130816,0.07505635597373321,0.03843127371501379,0.021509079962476023,0.04734601867797986,0.014466333431343723,0.08166785679282004,0.017500455048235112,0.049030397222105546,0.1224205765811176,0.2459850744178883,0.01816132510046065,0.0904075832038196,0.03714873776620322,0.05816216518951009,0.11777523748598347,0.24848657774837662,0.292021888511076,0.3417162962545639
4203300,236027,53792,120526,61709,57789,67358,110880,129,74,830,12261,14010,7375,25576,6855,3597,14067,2905,10654,8732,20747,27032,43095,4326,17592,9783,6387,17915,48286,54855,61179,0.22790612938350274,0.5106449685841027,0.2614489020323946,0.24484063263948616,0.2853826045325323,0.46977676282798153,0.0005465476407360175,0.00031352345282531236,0.0035165468357433683,0.05194744669042101,0.059357615865981435,0.03124642519711728,0.10836048418189445,0.029043287420506977,0.015239781889360116,0.059599113660725254,0.012307913925101789,0.04513890360001186,0.03699576743338686,0.08790096048333454,0.11452926995640329,0.18258504323657887,0.0183284115800311,0.07453384570409317,0.041448647824189604,0.027060463421557702,0.09830713090240624,0.26496556643893876,0.3010124290065026,0.33571487365215247
4203400,258603,57428,136758,64417,49592,61183,147828,5155,135,573,12082,19317,12212,25812,7324,7743,20884,4260,29893,9614,12484,19432,35545,4606,16248,10211,5073,18683,48813,58125,75554,0.22207012292974174,0.5288337722300205,0.24909610484023773,0.19176885032269542,0.2365904494534093,0.5716407002238953,0.01993403015432922,0.0005220357072423754,0.0022157515574065265,0.046720262332610216,0.07469750930963678,0.0472229633840288,0.09981322722474217,0.028321403850690055,0.029941648008723797,0.08075699044481309,0.016473126761870512,0.11559417330812094,0.03717667621798664,0.04827476866084307,0.07514220639358399,0.13745006825133504,0.017811084944876897,0.06282989756499345,0.03948523412334737,0.019616941798819038,0.0928693923201193,0.24263949297874984,0.28892755063999004,0.3755635640611408
4203500,248076,63349,121113,63614,58578,76777,112721,2942,372,482,17821,38989,13892,30059,13449,3022,6183,1985,11164,5336,9621,17563,39622,4103,19866,8103,3502,20940,59551,57344,46892,0.2553612602589529,0.4882092584530547,0.25642948128799237,0.23612925071349103,0.3094898337606217,0.4543809155258872,0.011859268933713862,0.0014995404634063755,0.0019429529660265402,0.07183685644721778,0.15716554604234187,0.05599896805817572,0.12116851287508666,0.05421322497944178,0.012181750753801254,0.024923813670004354,0.008001580160918429,0.04500233799319563,0.021509537399829085,0.03878246988826005,0.07079685257743595,0.15971718344378336,0.016539286347732145,0.08008029797320176,0.03266337735210178,0.01411664167432561,0.11335646656958646,0.32237301531449114,0.31042565515598697,0.25384486295993547
4203600,183812,43180,93632,47000,43064,58488,82260,526,245,1343,12348,32237,6356,20674,10889,1419,3966,1587,7163,4552,11707,12126,28099,1864,14386,7599,4726,15465,48473,43692,33002,0.23491393380192804,0.5093900289426153,0.25569603725545664,0.2342828542206167,0.3181946771701521,0.44752246860923117,0.002861619480773834,0.0013328835984592953,0.007306378256044219,0.06717733336234849,0.17538027985115226,0.03457880878288686,0.11247361434509172,0.05923987552499293,0.00771984418862751,0.021576393271385982,0.008633821513285313,0.03896916414597523,0.02476443322525189,0.06369007464148152,0.06596957761190782,0.15286814789023567,0.010140796030727046,0.07826474876504254,0.04134115291711096,0.025711052597218897,0.10996785937766654,0.3446797314978099,0.3106832015473008,0.23466920757722282
4203700,89608,21156,45242,23210,22683,30776,36149,2477,380,302,4086,16594,2082,9824,7571,642,1746,571,2646,699,3921,7110,13674,1379,8275,3226,2403,8273,24571,20684,14924,0.2360949915186144,0.5048879564324614,0.2590170520489242,0.25313588072493526,0.3434514775466476,0.4034126417284171,0.027642621194536202,0.0042406927952861355,0.003370234800464244,0.04559860726720828,0.18518435853941612,0.02323453263101509,0.10963306847602892,0.08449022408713508,0.007164538880457102,0.01948486742255156,0.006372198910811535,0.029528613516650298,0.007800642799750022,0.043757253816623515,0.07934559414338005,0.15259798232300686,0.015389250959735737,0.09234666547629676,0.03600124988840282,0.02681680207124364,0.12085841173376966,0.358952258516917,0.3021679424998539,0.21802138724945946
4203800,45138,9694,22832,12612,11378,16315,17445,491,1019,333,2865,8140,1575,4909,3610,267,1082,225,994,286,1046,3169,6361,273,4470,1438,2585,3386,15094,10494,6470,0.2147636138065488,0.5058265762771944,0.2794098099162568,0.2520714254065311,0.3614471177278568,0.38648145686561214,0.010877752669591031,0.02257521378882538,0.007377376046789844,0.06347201914130002,0.18033585892152953,0.034892994815897915,0.10875537241348752,0.0799769595462803,0.005915193406885551,0.023970933581461296,0.004984713545128273,0.022021356728255573,0.006336124772918605,0.02317337941424077,0.07020692099782888,0.14092339049138197,0.006048119101422305,0.0990296424298817,0.03185785812397537,0.05726882006291816,0.09553097844487078,0.42585486965353797,0.2960726780273107,0.18254147387428055
4203900,37915,8355,19378,10182,9523,14384,14008,51,1122,392,1393,3633,1022,5150,1699,437,486,343,1227,262,2049,2786,7757,581,4279,1239,2007,3209,10913,9299,6139,0.22036133456415666,0.5110905973888962,0.26854806804694714,0.25116708426744033,0.37937491757879466,0.369457998153765,0.0013451140709481735,0.029592509560859816,0.01033891599630753,0.03674007648687854,0.09581959646577871,0.026955030990373205,0.13583014638006066,0.04481076091256758,0.011525781353026506,0.012818145852564949,0.00904655149676909,0.032361862059870766,0.006910193854674931,0.054041935909270734,0.07348015297375708,0.2045892127126467,0.015323750494527232,0.11285770803112224,0.03267835948832916,0.05293419490966636,0.10855886332882274,0.3691813261163735,0.3145805142083897,0.20767929634641408
4204000,102362,22504,53813,26045,21728,29271,51363,142,7758,864,10022,8979,4551,10217,3491,1586,2032,2220,5043,2789,3438,7373,15499,2251,7540,3360,3207,7598,27389,24844,20027,0.21984720892518708,0.525712666809949,0.2544401242648639,0.21226627068638754,0.28595572575760536,0.5017780035560071,0.0013872335436978566,0.07578984388738008,0.008440632265879917,0.09790742658408394,0.0877180985131201,0.04445985815048553,0.09981243039409156,0.03410445282429026,0.015494030988061977,0.019851116625310174,0.021687735683163675,0.04926632930188937,0.027246439108262833,0.0335866825579805,0.0720286825189035,0.15141361051952873,0.021990582442703348,0.07366014732029465,0.032824681033977454,0.03132998573689455,0.09514388038768815,0.3429712740113702,0.3111022064163891,0.25078263918455257
4400100,296087,64189,155601,76297,62759,95714,137614,201,117,1026,11840,21944,10439,25597,6200,3967,19834,3799,16064,9236,21157,28960,57081,4526,27111,11539,15449,27141,57106,69951,77700,0.2167910107502187,0.5255245924339805,0.25768439681580074,0.21196134919803977,0.32326309496870853,0.4647755558332517,0.0006788545258657084,0.0003951541269964571,0.0034651977290458547,0.03998824669776113,0.07411335181889107,0.03525652933090612,0.08645094178400267,0.020939791345111404,0.013398089075170474,0.06698706799015154,0.012830688277431971,0.05425432389804348,0.03119353433281434,0.07145534927234225,0.0978090898958752,0.1927845531887587,0.015286047681931324,0.09156430373505085,0.03897165360181298,0.05217723169203646,0.11703852555865078,0.24625481892901188,0.30164555106124247,0.3350611044510949
4400201,78524,18939,39473,20112,19214,26254,33056,55,1,115,3634,5841,3481,11633,3374,1672,3216,1457,4237,2055,4208,6242,12703,860,9056,3013,1671,6177,15782,19115,18511,0.2411874076715399,0.5026870765625796,0.2561255157658805,0.24468952167490193,0.3343436401609699,0.42096683816412817,0.0007004228006724059,1.2734960012225562e-05,0.0014645204014059395,0.04627884468442769,0.07438490143140951,0.04433039580255718,0.14814578982221996,0.042967755081249046,0.02129285314044114,0.040955631399317405,0.018554836737812642,0.053958025571799705,0.026170342825123528,0.053588711731445166,0.07949162039631195,0.1617721970353013,0.010952065610513984,0.11532779787071469,0.03837043451683562,0.021280118180428912,0.10366703029285894,0.26486531845263067,0.3208022153226483,0.310665435931862
4400300,49017,11761,23319,13937,12719,16060,20238,219,1,137,2429,3995,1115,4923,721,493,1455,607,4163,536,1548,6458,6637,1816,7947,2405,1412,3792,9706,11209,12549,0.23993716465715975,0.4757329089907583,0.28432992635208193,0.25948140441071466,0.3276414305241039,0.41287716506518146,0.004467837688965053,2.0401085337739967e-05,0.002794948691270376,0.04955423628537038,0.08150233592427117,0.022747210151580065,0.10043454311769386,0.014709182528510516,0.010057735071505805,0.029683579166411653,0.01238345880000816,0.08492971826101149,0.010934981741028622,0.03158088010282147,0.1317502091111247,0.13540200338658018,0.037048370973335784,0.1621274251790195,0.04906461023726462,0.028806332496888836,0.1017822632596092,0.2605217951470904,0.30086429031565387,0.3368316512776465
4400400,52420,12322,25386,14712,12457,16149,23814,305,55,131,2237,10105,1707,5905,933,476,988,624,1788,1267,1643,6701,7182,1403,5799,1783,1388,3985,11268,12548,12297,0.2350629530713468,0.48428080885158337,0.2806562380770698,0.23763830599008012,0.3080694391453644,0.4542922548645555,0.005818389927508585,0.0010492178557802365,0.002499046165585654,0.04267455169782526,0.19276993513925983,0.03256390690576116,0.11264784433422358,0.017798550171690193,0.009080503624570774,0.01884776802747043,0.011903853491033957,0.03410911865700114,0.02417016405951927,0.0313429988553987,0.12783288821060665,0.13700877527661198,0.02676459366653949,0.11062571537581076,0.034013735215566575,0.02647844334223579,0.09938151528754552,0.28101152177165944,0.3129333133822136,0.30667364955858145
4500100,310430,75623,166839,67968,71032,111004,128394,266,208,1141,14581,39454,15358,33045,9981,7854,11259,3815,18776,5522,39603,20571,43556,4680,27530,6865,6365,30284,69302,75715,59506,0.24360725445349998,0.5374448345842863,0.2189479109622137,0.22881809103501594,0.3575814193215862,0.41360048964339785,0.0008568759462680797,0.000670038333923912,0.003675546822149921,0.046970331475695,0.1270946751280482,0.04947331121347808,0.10644911896401765,0.03215217601391618,0.025300389781915407,0.0362690461617756,0.012289405018844828,0.060483844989208516,0.017788229230422316,0.12757465451148406,0.06626614695744612,0.14030860419418226,0.01507586251328802,0.08868343910060239,0.02211448635763296,0.02050381728570048,0.12897400844097492,0.2951445229486344,0.3224563151865149,0.2534251534238758
4500101,62771,15562,32058,15151,15641,22453,24677,172,27,2116,2434,12106,962,7881,228,515,1098,459,1326,190,2665,11471,6357,1038,7383,1730,2613,5549,14586,14870,12204,0.24791703175033056,0.5107135460642653,0.24136942218540408,0.24917557470806584,0.35769702569657963,0.39312739959535453,0.0027401188446894266,0.0004301349349221774,0.033709834159086204,0.03877586783705851,0.19285976008029185,0.015325548422042026,0.1255516082267289,0.003632250561565054,0.008204425610552644,0.01749215402016855,0.007312293893677016,0.0211244045817336,0.0030268754679708782,0.042455911169170475,0.18274362364786287,0.10127288078889933,0.016536298609230376,0.11761800831594207,0.027560497682050628,0.041627503146357395,0.11754114681522591,0.3089665106229744,0.3149823126946133,0.25851002986718635
4500200,69906,16816,36730,16360,18556,26329,25021,56,70,372,2878,14887,2364,9308,2021,450,1016,538,2490,246,2748,6648,11750,659,7493,1678,2234,6993,16753,17769,11575,0.2405515978599834,0.5254198495122021,0.2340285526278145,0.2654421651932595,0.3766343375389809,0.35792349726775957,0.0008010757302663576,0.001001344662832947,0.005321431636769376,0.04116957056618888,0.21295739993705834,0.033816839756244096,0.13315023030927245,0.028910250908362658,0.006437215689640374,0.01453380253483249,0.007696048980058936,0.035619260149343406,0.0035190112436700714,0.039309930478070555,0.09509913312162047,0.16808285411838755,0.009426944754384459,0.1071867936943896,0.02400366206048122,0.03195719966812577,0.13171972122810321,0.3155584855905067,0.33469579958560935,0.21802599359578076
4500300,140419,34844,74869,30706,33168,49269,57982,191,104,591,7570,31263,7612,16817,7913,1033,3067,1764,5764,1992,11189,12133,10717,1123,12765,3476,3335,14651,33425,34303,23196,0.24814305756343516,0.5331828313832174,0.21867411105334747,0.23620735085707775,0.3508713208326509,0.4129213283102714,0.0013602147857483674,0.0007406405116116765,0.004208832138100969,0.05391008339327299,0.22264081071649847,0.054209188215270016,0.11976299503628426,0.056352772772915345,0.0073565543124505944,0.021841773549163574,0.012562402523874975,0.041048576047400996,0.014186114414715957,0.07968294888868316,0.0864056858402353,0.07632158041290708,0.00799749321672993,0.0909065012569524,0.02475448479194411,0.023750347175239817,0.13877338385034335,0.3165995737627279,0.32491593653800616,0.21971110584892256
4500400,55419,12864,29716,12839,13710,22347,19362,871,20,412,2236,18051,1885,5681,3244,285,786,370,646,78,3393,5449,3916,439,3909,1097,2651,6681,14667,13494,7713,0.23212255724570996,0.5362059943340731,0.2316714484202169,0.24738807990039516,0.4032371569317382,0.34937476316786664,0.015716631480178277,0.00036088706039444954,0.007434273444125661,0.04034717335209946,0.32571861635901045,0.034013605442176874,0.1025099695050434,0.058535881195979717,0.005142640610620906,0.014182861473501868,0.006676410617297316,0.01165665205074072,0.0014074595355383533,0.061224489795918366,0.09832367960446778,0.07066168642523322,0.007921470975658167,0.07053537595409516,0.019794655262635557,0.04783557985528429,0.15699682763482553,0.34465985195629184,0.31709552344025377,0.18124779696862883
4500500,100838,23473,55765,21600,25265,34229,41344,628,51,1580,4855,11659,5144,11785,4123,2319,4519,1392,5390,2815,5985,10515,9042,2246,10267,2635,3888,9812,22272,24832,20449,0.23277930938733413,0.5530157281977033,0.21420496241496262,0.2505503877506496,0.339445447152859,0.4100041650964914,0.006227810944286876,0.0005057617168131061,0.01566869632479819,0.04814653206132609,0.11562109522203931,0.05101251512326702,0.11687062416945992,0.0408873638905968,0.02299728277038418,0.04481445486820445,0.013804319800075368,0.053452071639659655,0.02791606338880184,0.059352625002479224,0.10427616573117278,0.0896685773220413,0.02227334933259287,0.10181677542196395,0.02613102203534382,0.038556893234693274,0.12682737672073935,0.28788211723647644,0.32097201576940476,0.26431849027337945
4500600,256768,58024,139152,59592,60832,91160,104776,1496,216,1739,9707,15969,8336,25032,3516,3979,21906,3784,13902,2706,24536,15717,36135,3405,25345,7978,31364,24666,56400,65318,52360,0.22597831505483548,0.5419366899302094,0.23208499501495514,0.23691425722831505,0.35502866400797606,0.4080570787637089,0.005826271186440678,0.0008412263210368893,0.006772650797607178,0.03780455508474576,0.06219232926221336,0.03246510468594217,0.09748878364905283,0.013693295114656032,0.01549647931206381,0.08531436939182453,0.01473703888334995,0.05414226071784646,0.010538696410767696,0.09555707876370888,0.061210898554336986,0.1407301532901296,0.013260998255234297,0.09870778290129611,0.03107084995014955,0.12214917746759721,0.12410940707644004,0.28378215191402006,0.32865394678581494,0.26345449422372497
4500606,137434,34222,73783,29429,35500,49506,52428,1304,122,2781,7511,13351,7069,19631,9017,2529,3686,2041,4951,1644,8048,12080,18904,793,12955,3707,5310,13452,31475,33986,24299,0.2490067959893476,0.5368613298019413,0.2141318742087111,0.25830580496820293,0.3602165403029818,0.3814776547288153,0.009488190695170045,0.000887698822707627,0.020235167425818937,0.05465168735538513,0.09714481132761908,0.051435598178034544,0.1428394720374871,0.06560967446192355,0.01840156002153761,0.02682014639754355,0.014850764730707103,0.036024564518241486,0.011962105446978186,0.05855901741927034,0.08789673588777158,0.1375496602005326,0.005770042347599575,0.09426342826374842,0.02697294701456699,0.03863672744735655,0.1303336821299849,0.30495485021121577,0.32928341665697786,0.2354280510018215
4500700,48751,10620,26550,11581,10469,18679,19603,385,439,235,1978,11085,1295,4814,2091,515,1939,321,3615,957,2531,4260,5192,163,3390,844,2702,5599,12561,12008,7963,0.2178416852987631,0.5446042132469078,0.23755410145432915,0.21474431293717053,0.38315111484892617,0.4021045722139033,0.007897273902073804,0.0090049434883387,0.004820413940226867,0.04057352669688827,0.2273799511804886,0.026563557670611884,0.09874669237554101,0.042891427868146294,0.010563885869007816,0.039773543106808064,0.006584480318352444,0.07415232508051117,0.019630366556583456,0.051916883756230645,0.087382822916453,0.1065003794793953,0.0033435211585403374,0.06953703513774076,0.01731246538532543,0.055424504112736146,0.14683590779156067,0.32941700978206706,0.31491437413128426,0.208832708295088
4500800,56895,12436,30115,14344,15444,22532,18919,888,0,269,3633,10159,1103,7003,1211,263,1143,296,1382,457,3861,5619,7772,408,5246,1989,4193,6669,15273,14366,8151,0.2185780824325512,0.529308375076896,0.2521135424905528,0.2714474031109939,0.39602777045434573,0.33252482643466036,0.015607698391774321,0.0,0.004728007733544248,0.06385446875823886,0.178556990948238,0.019386589331224186,0.12308638720449952,0.021284822919412954,0.004622550311978206,0.020089638808331135,0.00520256613059144,0.024290359434045172,0.00803234027594692,0.06786185077774848,0.098760875296599,0.13660251340188065,0.007171104666490904,0.09220493892257668,0.03495913524914316,0.07369716143773618,0.15000337389504936,0.3435299939269889,0.3231291751951236,0.18333745698283813
4500900,87636,19524,47197,20915,23947,33396,30293,373,9,870,3461,9727,3651,11078,3125,750,2807,903,2790,1537,6336,6185,17641,906,9369,1967,4151,9717,21864,22380,14151,0.22278515678488292,0.5385572139303483,0.23865762928476883,0.2732552832169428,0.3810762700260167,0.3456684467570405,0.004256241727144096,0.00010269752156647952,0.009927427084759688,0.039492902460176185,0.11099319914190516,0.041660961248801864,0.1264092382126067,0.035658861655027616,0.008558126797206628,0.032030215893012005,0.01030398466383678,0.03183623168560865,0.017538454516408782,0.0722990551828016,0.07057601898763065,0.20129855310602948,0.010338217171025605,0.10690811995070519,0.02244511388014058,0.04736637911360628,0.14266208597603947,0.32100070472163494,0.3285764622973925,0.20776074700493305
4501000,39124,8559,20129,10436,11050,16335,11739,751,40,315,1681,4708,575,4730,1677,150,891,592,1145,110,2416,3130,6515,1063,5489,903,2243,4473,10047,9863,6182,0.21876597484919744,0.5144923831919027,0.26674164195889993,0.28243533381044883,0.4175186586238626,0.30004600756568856,0.01919537879562417,0.0010223903486351088,0.008051323995501482,0.04296595440139045,0.12033534403435231,0.01469686126162969,0.12089765872610163,0.04286371536652694,0.003833963807381658,0.02277374501584705,0.01513137715979961,0.029265923729679993,0.0028115734587465494,0.06175237705756058,0.08000204478069727,0.16652182803394336,0.02717002351497802,0.14029751559145281,0.023080462120437583,0.05733053879971373,0.14634385735318176,0.32870930803206283,0.32268935056437104,0.20225748405038443
4501100,132033,33878,66531,31624,42180,53856,35997,181,38,518,8317,3229,3091,22191,1796,2053,3248,4307,4529,571,7963,9241,13433,5388,32655,3095,6189,13404,30784,32160,21807,0.2565873683094378,0.5038967530844561,0.23951587860610604,0.31946558814841747,0.4078980254936266,0.27263638635795595,0.001370869403861156,0.00028780683616974547,0.003923261608840214,0.06299182780062561,0.024456007210318632,0.02341081396317587,0.1680716184590216,0.013602659941075337,0.015549143017275984,0.024599910628403505,0.03262063272060773,0.03430203055296782,0.004324676406655912,0.06031067990578113,0.06999007823801626,0.10173971658600502,0.04080797982322601,0.24732453250323783,0.023441109419614792,0.04687464497511985,0.13655952320309714,0.3136264072130813,0.32764505119453924,0.22216901838928227
4501200,351709,85398,191794,74517,83063,116229,152417,430,226,3231,21512,28580,10774,41984,13771,7344,8065,7274,26467,2841,27557,30385,46005,6271,44001,9802,15189,34420,76336,85681,69874,0.24280868558950724,0.5453201368176532,0.21187117759283952,0.23616967436147496,0.3304692231361722,0.4333611025023528,0.0012226016394235007,0.0006425766756039794,0.009186571853435653,0.06116420108669383,0.0812603601272643,0.030633279216625106,0.11937141216175873,0.03915452831744425,0.020880898697502766,0.022930888888257055,0.020681870523643127,0.07525255253632974,0.008077700599074804,0.078351705529287,0.08639244375321643,0.13080415912018173,0.017830081118197148,0.12510626682854292,0.027869630859602684,0.04318627046791524,0.12924738369800723,0.28664230917986866,0.3217328612036303,0.26237744591849377
4501300,59388,11820,31046,16522,14904,23813,20671,1743,56,507,3271,10699,1521,7157,1809,365,1156,368,1133,103,2935,7354,8028,406,5379,1214,4184,7065,15962,15289,9252,0.1990301070923419,0.5227655418603084,0.27820435104734964,0.25095978985653666,0.40097326059136523,0.34806694955209805,0.02934936350777935,0.000942951438000943,0.00853707819761568,0.055078467030376506,0.1801542399137873,0.02561123459284704,0.12051256146022765,0.030460699131137605,0.00614602276554186,0.01946521182730518,0.0061965380211490536,0.019077928200983363,0.0017343571091803058,0.04942075840237085,0.12382972991176669,0.13517882400484946,0.006836397925506836,0.09057385330369772,0.020441840102377585,0.07045194315349902,0.14852421796165488,0.33556172216616215,0.32141355533131516,0.1945005045408678
4501400,75387,18180,37882,19325,21173,28660,25554,338,1,539,5493,952,943,11087,826,531,1781,2173,4405,1287,5382,5515,10145,2782,13881,4347,2979,7687,16467,18312,14741,0.2411556369135262,0.5025004311088118,0.2563439319776619,0.2808574422645814,0.38017164763155453,0.33897091010386404,0.004483531643386791,1.3264886518895832e-05,0.007149773833684853,0.0728640216482948,0.012628171965988831,0.012508787987318769,0.14706779683499807,0.010956796264607957,0.007043654741533686,0.023624762890153476,0.02882459840556064,0.058431825115736136,0.017071908949818936,0.07139161924469736,0.0731558491517105,0.1345722737341982,0.036902914295568204,0.18412988976879302,0.05766246169764018,0.03951609693979068,0.13437166780289125,0.2878493890607793,0.32010068697886623,0.25767825615746326
4501500,65315,13967,34641,16707,15501,21166,28648,690,153,528,3239,9306,1056,7287,1902,585,1848,394,4459,99,9060,5931,7408,1150,5903,1600,2717,6827,15721,16758,12042,0.2138406185409171,0.5303682155706959,0.2557911658883871,0.23732680088800429,0.3240603230498354,0.4386128760621603,0.01056418893056725,0.002342494067212738,0.00808390109469494,0.04959044629870627,0.14247875679399832,0.01616780218938988,0.11156702135803415,0.029120416443389727,0.008956594962872235,0.02829365383143229,0.0060323049835413,0.06826915716144837,0.0015157314552553013,0.13871239378397,0.0908060935466585,0.1134195820255684,0.01760698155094542,0.09037740182193983,0.02449666998392406,0.04159840771645105,0.13295551920230583,0.3061657708187271,0.3263612993690114,0.2345174106099556
4501600,36202,8030,19202,8970,8799,13801,13602,119,13,383,1285,8128,1024,3967,583,246,599,296,670,149,1875,4089,6589,350,3083,648,2106,3853,9145,9171,6003,0.2218109496712889,0.5304126843820783,0.24777636594663277,0.24305287000718193,0.3812220319319375,0.3757250980608806,0.0032871112093254516,0.00035909618253135184,0.010579525993039058,0.03549527650406055,0.22451798243190985,0.028285730070161868,0.1095795812386056,0.016104082647367547,0.006795204684824043,0.01654604717971383,0.008176343848406166,0.018507264792000443,0.004115794707474725,0.0517927186343296,0.11294956079774598,0.1820065189768521,0.009667974145074858,0.08516104082647367,0.01789956356002431,0.058173581570079,0.13676700269771405,0.3246130910123527,0.3255359931847224,0.21308391310521085
4600100,81837,18749,41224,21864,21377,30735,29725,368,462,427,6199,3736,3003,11330,1763,931,3439,1044,3066,962,2729,7082,15097,1811,11253,2776,4359,6487,20381,22108,14112,0.22910175104170485,0.5037330302919217,0.2671652186663734,0.26121436514046215,0.3755636203673155,0.36322201449222236,0.004496743526766622,0.0056453682319733125,0.005217688820460183,0.07574813348485404,0.045651722326087225,0.03669489350782653,0.13844593521267887,0.02154282292850422,0.011376272346249251,0.04202255703410438,0.012757065874848785,0.037464716448550164,0.01175507411073231,0.0333467746862666,0.08653787406674243,0.18447645930324913,0.022129354692865085,0.13750504050734996,0.03392108703886995,0.05326441585102093,0.10282462591935075,0.32305668272888666,0.3504311437991377,0.2236875475526249
4600200,36254,7163,18421,10670,9084,13961,13209,1056,56,233,1579,370,1456,4136,488,554,1144,628,1418,43,441,5869,5416,1230,2600,783,6754,3025,9342,10401,6323,0.19757819826777734,0.508109449991725,0.2943123517404976,0.2505654548463618,0.3850885419539913,0.36434600319964694,0.029127820378441,0.001544657141280962,0.006426877034258289,0.0435538147514757,0.010205770397749213,0.040161085673305015,0.11408396314889392,0.013460583659734099,0.015281072433386661,0.03155513874331108,0.017322226512936502,0.039112925470292936,0.0011860760191978817,0.012164174987587576,0.16188558503889225,0.14939041209245876,0.033927290781706844,0.0717162244166161,0.02159761681469631,0.1862966845037789,0.1039840500498436,0.3211302464679798,0.35753325770856964,0.21735244577360696
4600300,59064,13820,28999,16245,15629,19891,23544,1935,104,440,2859,9532,3714,7972,1385,683,2557,337,1387,525,1318,5121,7848,993,4810,1728,3816,4119,15748,16091,9286,0.23398347555194365,0.4909758905593932,0.2750406338886631,0.26461126913178923,0.3367702830827577,0.3986184477854531,0.03276107273466071,0.0017608018420696193,0.007449546254909928,0.048405119869971557,0.1613842611404578,0.06288094270621698,0.1349722335094135,0.023449139916023296,0.011563727482053365,0.04329202221319247,0.005705675199783286,0.023483001489909252,0.008888663145062982,0.02231477719084383,0.08670255993498578,0.13287281592848435,0.01681227143437627,0.08143708519571989,0.029256399837464444,0.06460788297440065,0.09103969587127575,0.34806825214393067,0.35564936787198304,0.20524268411281055
4600400,61189,15399,29544,16246,16315,20646,24228,2000,99,752,2818,11707,3505,6432,1190,595,2199,384,1773,473,1188,7941,7552,629,5284,1457,3211,4405,14873,15622,10890,0.25166288058311137,0.4828318815473369,0.2655052378695517,0.26663289153279185,0.3374135874095017,0.3959535210577064,0.032685613427249995,0.0016179378646488747,0.012289790648645998,0.04605402931899524,0.19132523819640784,0.057281537531255616,0.10511693278203599,0.019447939989213747,0.009723969994606873,0.03593783196326137,0.006275637778032,0.028975796303257122,0.007730147575544624,0.0194152543757865,0.1297782281128961,0.12342087630129599,0.010279625422870123,0.08635539067479449,0.02381146938175162,0.05247675235744987,0.09620004367765887,0.324808910242411,0.3411661934920288,0.2378248525879013
4600590,182018,45567,95042,41409,43557,56108,82353,881,73,454,9347,19226,9579,22584,6034,2974,15216,1909,7485,3817,7357,13249,33157,3119,15449,4451,5657,12442,40818,47505,35686,0.25034337263347584,0.5221571492929271,0.2274994780735971,0.23930050874089376,0.30825522750497203,0.4524442637541342,0.004840180641475019,0.0004010592358997462,0.0024942588095682844,0.05135206408157435,0.10562691601929479,0.05262666329703656,0.12407564087068312,0.03315056752628861,0.01633904339131295,0.08359612785548683,0.010487973716885143,0.041122306585063016,0.020970453471634672,0.04041907943170456,0.07278950433473612,0.18216330253051896,0.017135667900976828,0.08487622103308463,0.02445362546561329,0.031079343801162524,0.09118291547881657,0.2991403507486204,0.34814695385156574,0.2615297799209973
4700100,44811,10383,23526,10902,10621,18434,15756,446,0,429,2064,10752,1573,5904,1588,347,1333,396,774,112,1764,4462,5347,306,3507,865,2842,4660,12376,10881,6511,0.23170650063600456,0.525005021088572,0.24328847827542344,0.23701769654772264,0.41137220771685523,0.3516100957354221,0.009952913347169221,0.0,0.009573542210617928,0.046060119167168775,0.2399410858940885,0.03510298810559907,0.13175336412934324,0.035437727343732565,0.0077436343754881615,0.029747160295463166,0.008837115886724242,0.017272544687688293,0.0024993863113967553,0.039365334404498895,0.09957376537011002,0.11932338041998616,0.006828680457923278,0.0782620338756109,0.019303296065698153,0.06342192765169266,0.13535494365051703,0.3594748460555362,0.31605088881143256,0.18911932148251423
4700200,41704,9597,21659,10448,10850,17088,13766,492,247,416,1862,6845,1153,4950,1247,389,2265,217,619,182,2081,5735,5906,126,3286,1261,2425,3634,11634,10024,6815,0.23012181085747171,0.5193506618070209,0.25052752733550737,0.26016689046614233,0.40974486859773646,0.3300882409361212,0.011797429503165164,0.0059226932668329174,0.00997506234413965,0.04464799539612507,0.16413293688854785,0.027647228083637062,0.11869365048916171,0.029901208517168616,0.009327642432380587,0.05431133704201036,0.005203337809322846,0.014842700939957798,0.004364089775561097,0.04989929023594859,0.13751678496067524,0.14161711106848263,0.0030212929215422983,0.0787934011126031,0.030236907730673317,0.05814789948206407,0.11318404086336313,0.36235088921419006,0.3122060609835861,0.21225900893886068
4700300,54003,16195,27907,9901,14980,20041,18982,31,326,710,2309,6415,1175,8585,722,1000,1319,921,1641,315,2946,6646,6693,375,8078,1317,2479,4981,12334,12395,8098,0.2998907468103624,0.5167675869859082,0.1833416662037294,0.2773919967409218,0.3711090124622706,0.3514989907968076,0.000574042182841694,0.00603670166472233,0.0131474177360517,0.04275688387682166,0.11878969686869248,0.02175805047867711,0.15897264966761107,0.013369627613280744,0.018517489769086903,0.024424569005425625,0.017054608077329038,0.030387200711071607,0.005833009277262375,0.054552524859730014,0.12306723700535155,0.12393755902449864,0.006944058663407589,0.149584282354684,0.02438753402588745,0.04590485713756643,0.13174460431654678,0.3262272534913246,0.32784066864155736,0.2141874735505713
4700400,52453,13352,27598,11503,12052,20895,19506,234,54,557,3612,12714,1953,7074,1806,262,1378,296,759,295,3142,4118,5487,312,4638,1163,2599,5239,13511,12594,7757,0.25455169389739385,0.5261472175090081,0.21930108859359806,0.2297676014717938,0.3983566240253179,0.3718757745028883,0.004461136636608011,0.0010294930699864641,0.010619030370045565,0.06886164757020571,0.2423884239223686,0.037233332697843784,0.1348635921682268,0.03443082378510286,0.004994947858082474,0.026271137971136064,0.005643147198444322,0.01447009703925419,0.005624082511963091,0.05990124492402722,0.0785083789297085,0.1046079347225135,0.005948182182144015,0.08842201589994853,0.02217223037767144,0.04954912016471889,0.1339863430602798,0.34554103475614434,0.32208894913173575,0.1983836730518401
4700500,54963,14004,28649,12310,13416,19665,21882,52,19,131,3424,7684,2401,7454,2192,506,1569,600,3042,630,2659,6282,6384,892,5341,1438,2263,4813,13012,13400,9734,0.25478958572130345,0.5212415625056857,0.22396885177301093,0.24409147972272255,0.3577861470443753,0.3981223732329021,0.0009460910066772192,0.00034568709859359933,0.002383421574513764,0.062296453978130745,0.13980314029437985,0.043683932827538526,0.13561850699561523,0.039881374743008936,0.009206193257282171,0.02854647672070302,0.010916434692429453,0.055346323890617326,0.011462256427050925,0.04837799974528319,0.11429507122973637,0.11615086512744938,0.016229099576078453,0.09717446282044284,0.026163055146189256,0.04117315284827975,0.11750775165409312,0.31768353719573234,0.3271564247174003,0.23765228643277425
4700600,32873,7468,17218,8187,7345,13761,11767,895,440,464,1368,8894,1310,4021,692,449,948,151,549,50,672,3549,3297,170,2439,600,1915,3329,9448,7816,4812,0.2271773187722447,0.5237733094028534,0.2490493718249019,0.22343564627505855,0.41861101816080065,0.3579533355641408,0.02722599093480972,0.013384844705381316,0.01411492714385666,0.04161469899309464,0.2705563836583214,0.03985033310011255,0.12231922854622335,0.021050710309372434,0.01365862561980957,0.028838256319776108,0.004593435342074043,0.016700635780123506,0.0015210050801569676,0.020442308277309647,0.10796094058954157,0.10029507498555046,0.00517141727253369,0.07419462781005688,0.01825206096188361,0.05825449457001186,0.1310371974020862,0.3718952962015351,0.30765597323361543,0.18941153316276324
4700700,45309,12024,23175,10110,11913,18755,14641,199,125,146,2176,6416,1768,5621,1729,558,1248,279,949,84,2467,5132,7616,229,4803,1162,2602,3948,11545,10585,7207,0.26537773952194926,0.5114877838839965,0.22313447659405417,0.2629278951201748,0.41393542121874244,0.3231366836610828,0.004392063386965062,0.002758833785782074,0.0032223178617934627,0.048025778542894346,0.1416054205566223,0.03902094506610166,0.1240592376790483,0.03816018892493765,0.012315434019731179,0.02754419651724823,0.006157717009865589,0.020945066101657507,0.001853936304045554,0.05444834359619501,0.11326667990906884,0.16809022490013023,0.00505418349555276,0.10600542938489042,0.02564611887263016,0.057427884084839655,0.11861198738170348,0.34685293675829953,0.31801111611837163,0.21652395974162536
4700800,31590,7578,15988,8024,7955,14294,9341,518,134,200,1100,4963,1120,4254,1906,448,780,326,477,39,2209,2585,5138,262,2383,1039,1709,2872,9125,7764,4251,0.23988603988603988,0.5061095283317506,0.25400443178220955,0.2518201962646407,0.4524849635960747,0.2956948401392846,0.016397594175371955,0.004241848686293131,0.006331117442228553,0.03482114593225704,0.15710667932890154,0.035454257676479896,0.13466286799620134,0.060335549224438116,0.01418170307059196,0.024691358024691357,0.010319721430832542,0.0150997150997151,0.0012345679012345679,0.06992719214941437,0.08182969294080406,0.16264640709085154,0.008293763849319406,0.0754352643241532,0.032890155112377334,0.05409939854384299,0.11960686323504914,0.3800183241712477,0.3233383308345827,0.17703648175912043
4700900,27417,6355,14519,6543,6806,12322,8289,39,147,387,1282,6131,364,3058,751,137,768,156,453,118,497,4269,3685,292,1947,497,2439,2391,7915,6675,4081,0.23179049494838969,0.5295619506145822,0.23864755443702812,0.24824014297698507,0.4494291862712915,0.3023306707517234,0.001422475106685633,0.005361636940584309,0.014115329904803589,0.04675930991720465,0.22362038151511834,0.013276434329065908,0.11153663785242733,0.027391764233869496,0.004996899733741839,0.028011817485501696,0.005689900426742532,0.016522595469963892,0.004303899040741146,0.01812743918007076,0.15570631360105044,0.1344056607214502,0.010650326439800123,0.07101433417222891,0.01812743918007076,0.08895940474887844,0.11352198271769062,0.37579527110435856,0.3169214699458741,0.19376127623207673
4701090,83990,19202,44488,20300,18912,30120,34958,49,104,466,5512,16360,1943,9982,3397,966,1790,510,2746,1237,4514,6184,14285,644,7911,2139,3251,6696,21748,21754,14590,0.2286224550541731,0.5296821050125015,0.2416954399333254,0.22516966305512562,0.35861412072865817,0.41621621621621624,0.0005834027860459578,0.001238242647934278,0.00554827955709013,0.06562686034051674,0.19478509346350756,0.023133706393618288,0.11884748184307656,0.04044529110608406,0.011501369210620312,0.021312060959638054,0.0060721514466007855,0.03269436837718776,0.014727943802833671,0.053744493392070485,0.07362781283486129,0.1700797714013573,0.007667579473746875,0.09418978449815454,0.02546731753780212,0.038706988927253244,0.10335247268012594,0.33567944681113787,0.3357720565536828,0.2251960239550534
4701200,46559,10603,24241,11715,11244,18725,16590,146,187,407,1687,10343,657,5767,2992,276,1151,299,842,527,1937,4841,6779,328,3777,1051,2565,4044,13270,11568,7074,0.22773255439335038,0.5206512167357547,0.251616228870895,0.2415000322171868,0.4021778818273588,0.3563220859554544,0.00313580618140424,0.0040164092871410465,0.008741596683777572,0.03623359608239009,0.2221482420155072,0.01411112781631908,0.12386434416546747,0.06426254859425674,0.005927962370325823,0.024721321334221096,0.006421959234519642,0.018084580854399793,0.011318971627397496,0.04160312721493159,0.10397560085053373,0.1456002061899955,0.007044824845894457,0.08112287635043708,0.022573508881204494,0.055091389419875854,0.11247079764156191,0.36906218711758815,0.3217265546779397,0.19674046056291022
4701300,61300,15895,31606,13799,15302,24830,21168,8,6,196,1646,4315,2116,8130,440,1273,3327,656,1766,1254,4274,7100,13685,541,6878,1500,2189,4676,13824,15064,11841,0.25929853181076673,0.5155954323001631,0.22510603588907013,0.2496247960848287,0.4050570962479608,0.34531810766721044,0.0001305057096247961,9.787928221859706e-05,0.003197389885807504,0.026851549755301796,0.07039151712887438,0.034518760195758565,0.132626427406199,0.007177814029363785,0.02076672104404568,0.05427406199021207,0.010701468189233279,0.028809135399673735,0.020456769983686788,0.06972267536704731,0.11582381729200653,0.2232463295269168,0.008825448613376835,0.11220228384991843,0.024469820554649267,0.035709624796084825,0.10298425283559079,0.3044598612487612,0.3317696288954961,0.26078625702015196
4701400,43628,9988,23068,10572,9833,17658,16137,142,47,374,1494,12753,1487,5836,1312,335,568,241,711,227,2393,3981,4674,214,3810,1248,1781,4189,12288,10825,6338,0.2289355459796461,0.5287430090767397,0.24232144494361418,0.2253827816998258,0.40474007518107635,0.3698771431190978,0.00325479050151279,0.0010772898138809938,0.008572476391308334,0.034244063445493717,0.2923122765196663,0.03408361602640506,0.1337673054002017,0.030072430549188595,0.007678555056385808,0.01301916200605116,0.005523975428623819,0.01629687356743376,0.005203080590446502,0.054850096268451456,0.09124873934170716,0.10713303383148437,0.004905106812138993,0.08732923810396993,0.028605482717520857,0.04082240762812873,0.1245243757431629,0.3652794292508918,0.3217895362663496,0.18840665873959572
4701500,60403,16617,29406,14380,17988,26510,15905,45,443,375,2664,3680,794,10099,2174,279,1165,1285,1244,205,2096,4023,3454,6134,16287,1119,2838,5717,15429,14032,8608,0.27510223002168765,0.4868301243315729,0.2380676456467394,0.29779977815671405,0.43888548582024073,0.2633147360230452,0.0007449961094647616,0.007334072810953099,0.006208300912206348,0.04410376968031389,0.06092412628511829,0.01314504246477824,0.16719368243299174,0.035991589821697596,0.0046189758786815225,0.019287121500587718,0.021273777792493752,0.020595003559425857,0.00339387116533947,0.034700263231958677,0.06660265218614969,0.057182590268695266,0.10155124745459662,0.26963892521894606,0.01852556992202374,0.046984421303577634,0.13056684785091124,0.35237290458137305,0.3204677294112273,0.19659251815648837
4701600,298634,70917,157607,70110,65916,103508,129210,243,242,1816,13462,24694,14463,37817,9452,5591,11401,3829,22405,6811,25066,27816,43071,3531,30156,9136,7632,23293,68573,74022,61829,0.2374712859218977,0.52775973264933,0.23476898142877234,0.22072503465780854,0.34660487419382924,0.4326700911483622,0.0008137050704206487,0.0008103564898839382,0.006081022254666247,0.045078591185196595,0.08268984777352881,0.0484305203024438,0.12663327015678055,0.031650783232987534,0.01872191378074834,0.03817716669903628,0.01282171487506446,0.07502494692499849,0.022807182035535136,0.0839355197331851,0.09314411620913894,0.14422671229665746,0.011823837875124735,0.10097979466504149,0.03059263178338702,0.02555636665617445,0.10228924498390546,0.3011325460988859,0.3250613700338578,0.2715168388833508
4701700,52132,12570,27969,11593,11709,18604,21819,72,54,83,2890,8760,1985,6597,1853,477,1973,706,2462,792,3772,4023,6795,300,5601,1297,1640,4159,12967,12944,9492,0.24111869868794597,0.5365034911378808,0.22237781017417324,0.22460293102125373,0.3568633468886672,0.41853372209007905,0.0013811094912913374,0.001035832118468503,0.001592112330238625,0.05543620041433285,0.1680349881071127,0.03807642139185145,0.1265441571395688,0.035544387324484,0.00914985037980511,0.03784623647663623,0.01354254584516228,0.047226271771656565,0.01519220440420471,0.07235479168265173,0.07716949282590348,0.13034220824061996,0.005754622880380572,0.10743880917670529,0.024879152919512006,0.031458605079413796,0.10512613113593852,0.32776401597492544,0.32718265001769375,0.23992720287144229
4701800,43699,10082,22494,11123,9963,16210,17526,609,18,591,1405,10473,913,5504,1642,269,732,335,992,118,2470,4630,4730,383,4187,1125,2573,4018,11697,10713,7189,0.23071466166273827,0.5147486212499142,0.25453671708734754,0.22799148721938717,0.37094670358589443,0.4010618091947184,0.013936245680679192,0.0004119087393304195,0.013524336941348773,0.032151765486624406,0.23966223483374904,0.020892926611592942,0.1259525389597016,0.03757523055447493,0.006155747271104602,0.016750955399437058,0.00766607931531614,0.022700748300876452,0.0027002906244994163,0.056523032563674226,0.10595208128332456,0.10824046316849356,0.008764502620197259,0.09581454953202591,0.025744296208151215,0.05888006590539829,0.11952286045750662,0.3479489543980724,0.31867804979623404,0.21385013534818692
4701900,63890,15836,33766,14288,15617,23403,24870,260,42,460,2894,16301,1309,6879,3954,459,1489,419,1137,994,3874,6343,6792,451,5943,1678,2212,5674,16120,16014,10246,0.24786351541712318,0.5285021130067303,0.2236343715761465,0.24443574894349662,0.3663014556268587,0.3892627954296447,0.004069494443574895,0.000657379871654406,0.0071998747847863516,0.04529660353732978,0.25514164971043984,0.020488339333228987,0.10766943183596807,0.06188761934575051,0.007184222883080294,0.0233056816403193,0.006558146814838003,0.017796212239787133,0.015557990295820943,0.06063546720926592,0.09928001252152137,0.10630771638754109,0.007059007669431836,0.09301925183909845,0.026263891062764125,0.034622006573798714,0.118075498397636,0.3354559453947642,0.33325009364464975,0.21321846256295002
4702000,205349,50820,109128,45401,44547,72213,88589,87,105,1173,9761,25019,7340,20515,15938,3692,10160,2848,8710,4254,15733,12032,32699,2600,20179,6558,5946,18755,46997,51349,37428,0.24748111751213786,0.5314269852787206,0.22109189720914152,0.21693312360907527,0.35165985712129105,0.43140701926963365,0.00042366897330885467,0.0005113246229589626,0.005712226502198696,0.047533710901927935,0.12183648325533604,0.03574402602398843,0.0999030918095535,0.07761420800685662,0.017979147694899902,0.049476744469171996,0.013869071677972623,0.04241559491402442,0.020715951867308825,0.07661590755250818,0.058592932032783214,0.15923622710604873,0.012661371616126692,0.09826685301608482,0.03193587502252263,0.028955582934418966,0.1213688045609562,0.3041306162597312,0.33229361479075126,0.24220696438856137
4702100,26025,6077,13393,6555,6269,11306,8450,158,75,252,896,6931,379,3145,422,174,821,127,355,29,627,3277,2642,120,2577,500,2518,2520,7196,6314,3918,0.23350624399615755,0.5146205571565802,0.2518731988472622,0.2408837656099904,0.4344284341978866,0.32468780019212296,0.006071085494716619,0.002881844380403458,0.00968299711815562,0.034428434197886645,0.26632084534101824,0.014562920268972141,0.12084534101825169,0.016215177713736793,0.006685878962536023,0.03154658981748319,0.004879923150816523,0.013640730067243036,0.0011143131604226706,0.02409221902017291,0.12591738712776177,0.10151777137367915,0.004610951008645533,0.09902017291066283,0.01921229586935639,0.09675312199807877,0.12632845398034892,0.36073791858832965,0.31652295969520755,0.1964106677361139
4702200,49662,11761,25863,12038,11084,18266,20312,330,77,471,1630,11238,1163,7151,792,544,1132,276,3522,335,3146,5381,5228,154,4036,732,2324,4394,12878,12170,8459,0.236820909347187,0.5207804760178809,0.24239861463493215,0.22318875599049576,0.3678063710684225,0.40900487294108173,0.006644919656880513,0.0015504812532721195,0.009484112601184003,0.03282187588095526,0.22628971849704,0.023418307760460715,0.14399339535258346,0.01594780717651323,0.010954049373766662,0.022794088035117392,0.0055575691675727925,0.0709194152470702,0.006745600257742338,0.06334823406226088,0.10835246264749708,0.1052716362611252,0.003100962506544239,0.0812693810156659,0.014739639966171319,0.0467963432805767,0.11593361652726841,0.33977995303554,0.32109970713173797,0.2231867233054537
4702300,46876,12796,24308,9772,12239,16627,18010,0,78,245,2150,3978,2978,6174,7455,991,1439,581,1734,787,1814,4095,3782,562,4924,1544,1565,4169,10777,11127,8007,0.2729755098557897,0.51855960406178,0.20846488608243025,0.26109309668060415,0.3547017663623176,0.38420513695707825,0.0,0.001663964502090622,0.005226555166823108,0.04586568819865176,0.08486218960662173,0.06352931137469067,0.1317091902039423,0.159036607219046,0.021140882327843672,0.030698011775748785,0.012394402252751941,0.03699121085416845,0.016788975168529736,0.03869784111272293,0.08735813635975766,0.08068094547316323,0.011989077566345251,0.1050430924140285,0.03293796399010154,0.0333859544329721,0.12232981220657277,0.31622652582159627,0.32649647887323946,0.23494718309859156
4702400,134356,36408,72215,25733,29699,41514,63143,87,52,660,4719,27128,4945,16791,9004,3236,3435,1607,3671,1123,10744,11246,15166,827,13448,2905,3562,11541,30191,31711,24505,0.2709815713477627,0.5374899520676412,0.19152847658459615,0.22104706898091636,0.30898508440263184,0.4699678466164518,0.0006475334186787341,0.0003870314686355652,0.004912322486528327,0.03512310577867754,0.201911340022031,0.03680520408467058,0.12497394980499568,0.0670159873768198,0.024085266009705557,0.025566405668522432,0.01196076096341064,0.027322933103099228,0.008358391139956534,0.07996665575039448,0.08370299800529936,0.11287921641013426,0.006155288933877162,0.10009229211944387,0.021621661853583017,0.02651165560153622,0.11782782701025034,0.3082349818270919,0.3237534201821375,0.2501837709805203
4702500,515665,125907,281370,108388,100904,155201,259560,274,160,1453,23215,22169,24861,46240,24442,13895,23581,11232,39086,8522,43810,35531,79981,10248,55620,17686,33659,44755,106183,124212,114608,0.24416433149428407,0.5456449439073817,0.21019072459833418,0.19567742623602533,0.30097253061580675,0.5033500431481679,0.0005313527193041994,0.0003102789601776347,0.002817720807113145,0.04501953787827369,0.0429910891761124,0.0482115326811011,0.08967061949133642,0.04739898965413592,0.026945788447926465,0.04572930099968003,0.021781583004469956,0.07579727148439394,0.01652623311646127,0.08495825778363861,0.06890326083794712,0.15510263446229625,0.019873367399377503,0.10786072353175026,0.0342974605606353,0.0652729970038688,0.11482766229301258,0.2724331508269234,0.3186900589596621,0.2940491279204019
4702600,142404,35986,79291,27127,29278,37867,75259,184,32,252,6819,4049,4218,16131,1602,4786,12189,1912,17281,11265,10314,9341,20107,2792,11892,4071,3167,10462,26617,33734,35605,0.25270357574225444,0.5568031796859638,0.19049324457178168,0.20559815735513048,0.2659124743686975,0.528489368276172,0.001292098536557962,0.00022471278896660205,0.0017696132131119913,0.04788489087385186,0.028433190078930366,0.029619954495660235,0.11327631246313306,0.011249683997640515,0.03360860649981742,0.08559450577230977,0.013426589140754473,0.12135192831662032,0.07910592399089914,0.07242774079379792,0.06559506755428218,0.14119687649223336,0.01960619083733603,0.0835088901997135,0.028587680121344907,0.0222395438330384,0.09831043620440151,0.2501174613317296,0.3169952451652916,0.33457685729857733
4702700,60769,14728,31498,14543,13131,23688,23950,212,71,545,2239,13885,1711,7273,2693,701,2451,2137,1066,712,3979,4516,7340,370,5030,1196,2642,5626,15380,15128,9907,0.2423604140268887,0.5183234873043822,0.23931609866872913,0.21608056739455972,0.3898040119139693,0.394115420691471,0.00348862084286396,0.0011683588671855716,0.008968388487551219,0.03684444371307739,0.22848820944889664,0.028155803123303,0.1196827329724037,0.044315358159587946,0.011535486843620926,0.04033306455594135,0.03516595632641643,0.017541838766476327,0.011716500189241225,0.06547746383847028,0.07431420625647946,0.12078526880481824,0.006088630716319176,0.08277246622455528,0.019681087396534416,0.043476114466257466,0.12219543450402902,0.3340500857930975,0.32857670337308054,0.215177776329793
4702800,30134,7225,15643,7266,7153,12574,10407,252,73,319,1020,7376,857,3991,853,330,850,182,496,131,1202,3481,3923,110,2448,422,1818,2779,8330,7262,4538,0.2397623946372868,0.5191146213579345,0.24112298400477866,0.23737306696754495,0.41726952943518947,0.3453574035972655,0.008362646844096369,0.002422512776266012,0.01058604898121723,0.03384880865467578,0.24477334572243978,0.028439636291232494,0.13244176013805004,0.028306895865135726,0.01095108515298334,0.02820734054556315,0.0060396893874029335,0.016459812835999205,0.004347248954669145,0.03988849804207872,0.11551735581071215,0.13018517289440498,0.0036503617176611137,0.08123714077122188,0.014004114953209,0.060330523660980954,0.12130603692871797,0.3636125540180715,0.31699332140206904,0.19808808765114147
4702900,37007,7956,19493,9558,8454,14609,13944,636,37,527,1507,8923,1214,4365,1285,284,1260,173,432,40,1734,3641,5139,112,2652,682,2364,3668,10473,9344,5566,0.2149863539330397,0.5267381846677656,0.2582754613991948,0.22844326748993435,0.3947631529170157,0.37679357959305,0.017185937795552192,0.0009998108465965898,0.014240549085308186,0.04072202556273138,0.24111654551841544,0.0328046045342773,0.11795065798362472,0.034723160483151834,0.007674223795498149,0.03404761261382982,0.004674791255708379,0.011673467181884509,0.0010808765909152323,0.046856000216175316,0.09838679168805901,0.13886562001783445,0.00302645445456265,0.07166211797767989,0.01842894587510471,0.06387980652309022,0.12626071391690474,0.360503941344532,0.32164125159202783,0.19159409314653542
4703000,63848,15321,33929,14598,15430,23209,25209,105,11,164,2853,9858,2552,7392,1525,490,1091,756,1279,104,4885,5466,15257,361,5533,974,3192,6233,16072,16194,10028,0.23996053126174666,0.531402706427766,0.2286367623104874,0.2416677108131813,0.3635039468738253,0.39482834231299335,0.0016445307605563212,0.00017228417491542414,0.002568600426011778,0.044684250093973185,0.15439794511965918,0.0399699285803784,0.11577496554316502,0.023884851522365618,0.007674476882596166,0.017087457712066156,0.011840621476005514,0.02003195088334795,0.0016288685628367372,0.0765098358601679,0.0856095727352462,0.23895815060769326,0.005654053376769828,0.08665893998245834,0.015254980578874828,0.04999373512091217,0.1284439590331156,0.3311970655511365,0.33371112988645496,0.20664784552929297
4703100,26533,5938,13830,6765,6439,10250,9844,392,7,342,1863,5108,859,2883,1244,84,761,188,409,271,2314,2588,2181,113,1889,748,2289,2924,7102,6612,3957,0.22379678136660008,0.5212377039912561,0.25496551464214373,0.2426789281272378,0.38631138582142993,0.3710096860513323,0.014774054950439076,0.0002638224098292692,0.012889609165944296,0.07021444993027551,0.19251498134398673,0.03237477857762032,0.10865714393396902,0.04688501111823013,0.0031658689179512307,0.028681264840010552,0.007085516149700373,0.015414766517167302,0.010213696151961708,0.08721215090641843,0.09753891380544982,0.0821995251196623,0.004258847472958203,0.0711943617382128,0.02819130893604191,0.08626992801417104,0.14197620781743142,0.3448409808205875,0.3210487982520029,0.19213401310997816
4703200,498558,114846,270133,113579,110347,161310,226901,226,25,2832,17265,32251,29276,54292,53265,5644,16115,8699,21457,9491,51461,39769,71333,5535,44104,14137,21381,49961,113136,126870,93745,0.23035634770678637,0.541828633779821,0.22781501851339261,0.22133232241785308,0.3235531272188993,0.4551145503632476,0.0004533073383638413,5.014461707564616e-05,0.005680382222329197,0.03462987255244124,0.06468856181226658,0.058721352380264685,0.10889806201083926,0.10683812114137171,0.011320648750997878,0.032323220166961514,0.01744832095764184,0.04303812194368559,0.01903690242659831,0.1032196855731931,0.07976805105925489,0.1430786387942827,0.01110201822054806,0.08846312766017193,0.028355778063936393,0.042885682307775626,0.13020442415144692,0.2948461346009507,0.33063860395296474,0.24431083729463765
4800100,73798,16226,39019,18553,13587,24432,35779,9551,4675,743,4599,14119,3001,6170,2164,434,1619,436,1077,123,1363,7441,5594,627,4600,1786,3676,13000,17108,17574,9890,0.2198704571939619,0.5287270657741402,0.2514024770318979,0.1841106805062468,0.3310658825442424,0.4848234369495108,0.12942085151359115,0.06334860023306865,0.010068023523672729,0.062318762026071166,0.19131954795522915,0.04066505867367679,0.08360660180492696,0.029323287893980865,0.005880918182064555,0.021938263909591044,0.005908019187511856,0.014593891433372178,0.0016667118350090788,0.018469335212336378,0.10082929076668744,0.07580151223610396,0.008496165207729207,0.06233231252879482,0.02420119786444077,0.04981164801214125,0.22580421038004586,0.29715834086014037,0.30525255332453277,0.17178489543528103
4800200,76985,19137,40425,17423,17346,28319,31320,343,333,966,3890,7355,3412,9252,2555,952,3807,1294,2528,340,3182,8054,13466,965,8721,2565,3005,9950,16215,19863,11820,0.24858089238163278,0.5251022926544132,0.226316814963954,0.22531662012080275,0.3678508800415665,0.4068324998376307,0.004455413392219263,0.004325517958043775,0.012547898941352211,0.050529323894265114,0.09553809183607197,0.04432032214067676,0.12017925569916217,0.03318828343183737,0.012366045333506527,0.04945119179060856,0.01680846918230824,0.03283756575956355,0.004416444761966617,0.041332727154640515,0.10461778268493863,0.17491719166071312,0.012534909397934663,0.11328180814444372,0.03331817886601286,0.03903357796973436,0.17200248928225695,0.28030355414188907,0.34336537131793665,0.2043285852579173
4800300,35882,10954,17193,7735,10001,12896,12985,401,138,362,3049,1586,1830,6872,1185,599,1206,520,1698,216,1419,3889,3375,475,4402,1336,1324,4126,7464,8433,4905,0.3052784125745499,0.47915389331698344,0.21556769410846663,0.27871913494231093,0.35940025639596457,0.36188060866172456,0.011175519759210746,0.0038459394682570647,0.010088623822529402,0.08497296694721587,0.04420043475837467,0.05100050164427847,0.1915166378685692,0.03302491499916393,0.01669360682236219,0.033610166657376955,0.014491945822417925,0.04732177693551084,0.006019731341619754,0.039546290619251995,0.10838303327573715,0.09405830221280866,0.013237835126247143,0.12267989521208406,0.03723315311298144,0.036898723594002564,0.16551668806161746,0.29942233632862647,0.3382942875481386,0.19676668806161746
4800400,40864,8916,21188,10760,9214,15078,16572,4728,3891,508,2199,1744,1639,3813,2750,266,1146,352,622,177,1008,5207,4025,126,3005,1723,1935,7493,9680,9890,4885,0.21818715740015662,0.5185003915426781,0.2633124510571652,0.2254796397807361,0.3689800313234142,0.4055403288958496,0.11570086139389194,0.0952182850430697,0.012431480031323414,0.053812646828504306,0.04267815191855912,0.04010865309318716,0.0933095144870791,0.067296397807361,0.006509397024275646,0.028044244322631168,0.008613938919342208,0.015221221613155833,0.004331440877055599,0.02466718872357087,0.127422670321065,0.09849745497259202,0.0030833985904463587,0.07353660924040721,0.04216425215348473,0.04735219263899765,0.2345373732315012,0.3029923625892075,0.30956554400901465,0.1529047201702767
4800500,151303,41750,76459,33094,39410,53633,58260,972,741,973,7947,4901,7253,18541,4528,2900,5792,2158,5404,1663,6743,25572,26481,2207,17310,4773,4444,18674,30998,36667,23214,0.275936366099813,0.5053369728293556,0.21872666107083139,0.26047071108966774,0.3544741346833837,0.3850551542269486,0.006424195158060316,0.004897457419879315,0.006430804412338156,0.05252374374599314,0.03239195521569301,0.0479369212771723,0.12254218356542831,0.029926703370058757,0.01916683740573551,0.038280800777248304,0.014262770731578356,0.035716410117446445,0.01099118986404764,0.04456620159547398,0.16901185039292016,0.17501966253147658,0.014586624191192507,0.11440619154940748,0.03154597066812952,0.02937152601072021,0.17045630881856272,0.2829498051171579,0.33469644829443285,0.21189743776984657
4800600,44840,9444,23688,11708,10217,15911,18712,964,4458,741,2747,4689,1532,4867,1561,364,1136,485,973,144,1017,5002,7946,203,3264,1129,1618,6132,11008,11595,6661,0.21061552185548618,0.528278322925959,0.26110615521855485,0.22785459411239964,0.3548394290811775,0.41730597680642284,0.021498661909009814,0.09942016057091882,0.01652542372881356,0.06126226583407672,0.10457181088314005,0.03416592328278323,0.10854148082069581,0.034812667261373775,0.008117752007136485,0.02533452274754683,0.010816235504014273,0.02169937555753791,0.0032114183764495987,0.02268064228367529,0.1115521855486173,0.1772078501338091,0.004527207850133809,0.0727921498661909,0.02517841213202498,0.03608385370205174,0.17323991411458922,0.3109955927223415,0.3275793875014126,0.1881851056616567
4800700,50770,12094,25630,13046,13514,18839,18417,113,821,215,1937,4817,1302,6306,1088,533,1514,636,1245,75,3031,5145,11493,599,5784,1740,2376,5885,11825,13066,7900,0.23821154224935986,0.5048256844593264,0.2569627732913138,0.26618081544219024,0.3710655899153043,0.3627535946425054,0.002225723852668899,0.016170967106558992,0.004234784321449675,0.03815245223557219,0.09487886547173528,0.02564506598384873,0.1242072089816821,0.02142997833366161,0.010498325782942682,0.029820760291510734,0.012527082922986016,0.024522355721883,0.0014772503446917472,0.05970061059680914,0.10133937364585385,0.22637384282056333,0.01179830608627142,0.11392554658262753,0.03427220799684853,0.04679929091983455,0.15216154721274175,0.305745164960182,0.3378322473885614,0.20426104043851484
4800800,68475,15232,36090,17153,14819,24867,28789,500,2196,586,3750,11458,2031,8085,1174,504,2855,599,1601,194,2692,7598,12024,745,6264,1454,2165,7933,15634,17911,11765,0.22244614822928077,0.5270536692223439,0.2505001825483753,0.2164147499087258,0.36315443592552027,0.42043081416575395,0.007301935012778387,0.032070098576122676,0.008557867834976269,0.054764512595837894,0.1673311427528295,0.029660460021905807,0.1180722891566265,0.017144943410003652,0.007360350492880613,0.041694048922964584,0.008747718145308506,0.023380795910916394,0.002833150784958014,0.03931361810879883,0.11096020445418035,0.17559693318729463,0.010879883169039796,0.09147864184008762,0.021234027017159547,0.03161737860533041,0.14899611216497943,0.29363484401705386,0.3364010292432808,0.22096801457468587
4800900,59660,15460,30895,13305,15618,19449,24593,156,66,421,3344,8613,1819,8681,1158,313,1019,519,2315,157,2508,9103,9190,614,6854,1596,1214,6701,12054,14589,10856,0.25913509889373115,0.5178511565538049,0.22301374455246395,0.26178343949044586,0.3259973181361046,0.41221924237344953,0.0026148172980221254,0.0011062688568555146,0.00705665437479048,0.05605095541401274,0.14436808581964466,0.030489440160911832,0.14550787797519277,0.01940998994301039,0.005246396245390547,0.017080120683875294,0.008699296010727456,0.038803218236674486,0.002631578947368421,0.04203821656050955,0.15258129399932954,0.15403955749245726,0.010291652698625545,0.11488434461951055,0.0267515923566879,0.020348642306402952,0.15160633484162897,0.27271493212669684,0.33006787330316745,0.2456108597285068
4801000,60273,14003,31377,14893,14653,24177,21443,716,170,574,2703,14912,2718,6234,2400,348,1918,376,935,76,2338,6412,9698,349,4620,1157,1619,8501,14187,14913,8669,0.23232624890083453,0.5205813548354985,0.24709239626366697,0.24311051382874588,0.4011248817878652,0.3557646043833889,0.011879282597514642,0.002820500058069119,0.00952333549018632,0.04484595092329899,0.24740762862309823,0.04509481857548156,0.10342939624707581,0.039818824349211086,0.005773729530635608,0.03182187712574453,0.006238282481376404,0.015512750319380153,0.0012609294377250177,0.03879017138685647,0.1063826257196423,0.16090123272443715,0.005790320707447779,0.07665123687223135,0.01919599157168218,0.026861115258905315,0.18372595634320293,0.3066133563864275,0.3223038685973633,0.18735681867300627
4801100,47721,11507,25007,11207,13586,17950,16185,452,110,375,2134,3336,2209,6570,1855,296,1480,564,1065,513,1725,5442,9448,340,5930,1554,2323,5403,11274,12243,7294,0.24113073908761343,0.5240250623415268,0.23484419857085978,0.2846964648687161,0.37614467425242554,0.3391588608788584,0.009471721045242137,0.002305064856142998,0.007858175645942038,0.04471825820917416,0.06990633054630037,0.046289893338362566,0.1376752373169045,0.038871775528593284,0.006202719976530249,0.031013599882651243,0.011818696171496825,0.022317218834475388,0.010749984283648708,0.03614760797133337,0.11403784497391085,0.19798411600762766,0.007124745918987448,0.12426395088116343,0.03256427987678381,0.04867877873472894,0.14919644336444468,0.3113160656099851,0.3380736731650743,0.20141381786049595
4801200,29586,6461,15688,7437,6893,10311,12382,136,1910,664,2315,5027,1005,2782,681,477,976,443,785,4,1020,3558,3012,97,2808,898,988,3882,7306,7491,4446,0.2183803150138579,0.5302507942945988,0.2513688906915433,0.2329818157236531,0.3485094301358751,0.41850875414047184,0.004596768741972555,0.06455756100858515,0.022443047387277766,0.07824646792401811,0.1699114446021767,0.03396876901237072,0.09403096058946799,0.023017643480024337,0.016122490367065503,0.03298857567768539,0.014973298181572366,0.026532819576826877,0.0001351990806462516,0.03447576556479416,0.1202595822348408,0.10180490772662745,0.0032785777056716014,0.09490975461366863,0.030352193605083486,0.03339417291962415,0.16787027027027027,0.31593513513513516,0.3239351351351351,0.19225945945945946
4801300,26733,5955,13898,6880,6736,10873,9124,1235,203,408,2191,2448,1781,3648,377,181,688,169,894,35,513,3902,3025,206,2996,726,1107,3412,6319,6730,4317,0.2227583885085849,0.5198817940373321,0.257359817454083,0.2519732166236487,0.4067257696480006,0.34130101372835076,0.04619758351101635,0.007593610892903902,0.015262035686230501,0.08195862791306625,0.091572214117383,0.06662177832641304,0.13646055437100213,0.014102420229678675,0.006770657988254217,0.025735981745408296,0.006321774585718027,0.033441813488946245,0.0013092432573972245,0.019189765458422176,0.14596191972468484,0.11315602438933153,0.00770583174353795,0.11207122283320241,0.027157445853439568,0.04140949388396364,0.1642121474636635,0.30411974203484454,0.32390027914139957,0.20776783136009241
4801400,28859,7082,14853,6924,7075,11105,10679,56,48,299,2604,4393,1122,4110,1837,146,696,167,766,0,960,2964,3722,179,3216,886,688,4016,6496,7050,4215,0.24540004851172945,0.5146747981565543,0.23992515333171627,0.24515748986451366,0.384801968190166,0.3700405419453204,0.001940469177726186,0.0016632592951938737,0.010360719359645172,0.09023181676426764,0.15222287674555599,0.038878686025156796,0.14241657715097544,0.06365431927648221,0.005059080356214699,0.02411725978031117,0.005786756297862019,0.026542846252468902,0.0,0.033265185903877476,0.1027062614782217,0.1289718978481583,0.006202571121660487,0.11143837277798954,0.030700994490453586,0.023840049897778857,0.18441474950635992,0.29829636772741885,0.32373605179776827,0.19355283096845297
4801500,103796,26139,53731,23926,25882,36939,40975,752,2333,401,4613,5139,5361,12505,4314,1732,3121,1196,4561,383,6259,9310,25991,1058,10000,2778,1989,12500,21928,26318,16911,0.2518305136999499,0.5176596400632009,0.2305098462368492,0.24935450306370188,0.35588076611815483,0.3947647308181433,0.007244980538749085,0.02247678137885853,0.003863347335157424,0.04444294577825735,0.04951057844232919,0.051649389186481175,0.12047670430459748,0.04156229527149408,0.016686577517438052,0.030068596092334966,0.011522602027053066,0.043941963081428954,0.003689930247793749,0.06030097498940229,0.08969517129754519,0.25040463987051526,0.010193071023931558,0.09634282631315272,0.026764037149793828,0.019162588153686076,0.16096424018440064,0.282369908701083,0.3389005498538445,0.21776530126067192
4801600,74187,17434,38707,18046,16811,24779,32597,43,4432,391,4293,9873,3729,7881,2074,737,2117,1162,3007,387,4026,6342,12481,584,6585,1928,2115,9379,16902,19047,11425,0.23500074136978177,0.5217490935069486,0.24325016512326958,0.2266030436599404,0.33400730586221306,0.4393896504778465,0.0005796163748365617,0.059740924959898634,0.005270465175839433,0.057867281329613,0.13308261555259007,0.05026487120384973,0.10623155000202192,0.027956380497930904,0.009934355075687115,0.028535996872767467,0.01566312157116476,0.04053270788682653,0.005216547373529055,0.054268268025395285,0.08548667556310405,0.16823702265895643,0.007871999137315164,0.0887621820534595,0.025988380713602113,0.028509037971612278,0.16525998625623314,0.29781685549662573,0.335612214332282,0.20131094391485913
4801700,37073,8111,19358,9604,8474,14801,13798,1081,2435,527,3898,5210,1145,3191,1618,208,1255,226,683,106,2290,4199,4875,124,2256,673,1073,5613,8798,9378,5173,0.21878456019205353,0.5221589836268983,0.2590564561810482,0.22857605265287406,0.3992393386022172,0.3721846087449087,0.02915868691500553,0.06568122353195048,0.014215197043670596,0.10514390526798478,0.1405335419307852,0.03088501065465433,0.08607342270655194,0.04364362204299625,0.005610552153858603,0.033852129582175705,0.006096080705634829,0.01842311115906455,0.0028592236937933268,0.06177002130930866,0.11326302160602056,0.13149731610606102,0.003344752245569552,0.06085291182262024,0.018153373074744423,0.02894289644754943,0.19380567640356328,0.30377736344175127,0.3238036047234307,0.17861335543125476
4801800,32055,7567,16447,8041,8092,13589,10374,360,589,461,1675,3734,771,4524,2723,259,707,383,820,61,939,3888,4687,321,3300,774,1079,4209,7285,8145,4849,0.23606301669006396,0.513086881921697,0.250850101388239,0.2524411168304477,0.42392762439557014,0.32363125877398224,0.011230697239120261,0.01837466853844954,0.01438153174231789,0.052253938543129,0.11648728747465294,0.024052409920449228,0.14113242863827796,0.08494774606145687,0.008079862735922634,0.022055841522383404,0.011948214007175167,0.025581032600218375,0.0019029792544064889,0.029293401965372015,0.12129153018249883,0.14621743877710186,0.0100140383715489,0.10294805802526907,0.024145999064108564,0.03366089533614101,0.17188010454099967,0.2974926494609605,0.33261189153871284,0.19801535445932703
4801900,456598,107299,260388,88911,90169,122208,244221,361,1159,1726,19204,29735,16581,53588,3926,19655,50076,9065,46755,12261,28804,41650,49571,8440,43852,11498,8691,44957,75386,104577,124379,0.23499664913118323,0.5702784506283427,0.19472490024047412,0.19748005904537472,0.2676490041568294,0.5348709367977958,0.0007906298319309327,0.002538337881462468,0.003780130442971717,0.042058878926320306,0.06512293089325841,0.036314219510378935,0.11736363277981944,0.008598373186041113,0.043046618688649535,0.10967196527361048,0.01985335021178367,0.10239860884191346,0.026852942851260848,0.06308393816880495,0.0912180955676547,0.10856595955304228,0.01848453125068441,0.09604071853139962,0.02518188866355087,0.019034248945461872,0.1287063518647348,0.2158208297189514,0.299391066106688,0.35608175230962585
4802000,251808,68652,133525,49631,59376,79065,113367,369,528,1293,14942,16255,13119,32454,12693,3363,9269,4374,16431,3364,14876,33594,28492,4113,28603,7183,6493,28130,46403,57716,50907,0.2726362943194815,0.5302651226331173,0.1970985830474012,0.23579870377430423,0.31398922988943956,0.4502120663362562,0.0014654022112085398,0.0020968356843309188,0.005134864658787648,0.059338861354682935,0.06455315160757402,0.052099218452154025,0.1288839115516584,0.05040745329775067,0.01335541364849409,0.03680979158724107,0.01737037743042318,0.06525209683568434,0.013359384928199262,0.05907675689414157,0.1334111704155547,0.11314970135976617,0.016333873427373236,0.11359051340704028,0.028525702122251875,0.02578551912568306,0.15358492214287275,0.25335233352988706,0.31511935180938655,0.27794339251785366
4802101,50168,12459,26367,11342,11222,17170,21776,105,64,239,3664,10193,1675,6695,3527,469,854,490,1373,89,2845,5989,4314,426,4583,1367,1207,7161,11243,12115,7190,0.248345558922022,0.5255740711210334,0.22608036995694467,0.22368840695263914,0.34225003986605007,0.4340615531813108,0.002092967628767342,0.0012757136022962844,0.004763992983575187,0.07303460373146228,0.20317732419071918,0.03338781693509807,0.13345160261521288,0.0703037793015468,0.00934858874182746,0.017022803380641046,0.009767182267580929,0.027368043374262477,0.0017740392281932705,0.05670945622707702,0.119378886939882,0.08599107000478393,0.008491468665284644,0.0913530537394355,0.0272484452240472,0.02405916121830649,0.18990161499907185,0.298151634888223,0.32127608793656687,0.19067066217613832
4802102,46845,11197,25188,10460,9911,16059,20875,849,1663,258,4576,6636,1785,6092,3103,456,833,516,1164,68,1894,6571,3389,431,3929,1684,948,6604,10698,11455,6891,0.23902230761020388,0.5376881203970542,0.22328957199274202,0.21157007151243462,0.34281139929554916,0.4456185291920162,0.018123599103426192,0.03550005336748853,0.0055075248158821645,0.09768385099797204,0.14165866154338777,0.03810438680755684,0.13004589604013236,0.06623972675845875,0.00973422990714057,0.017782047176859855,0.011015049631764329,0.02484790265770093,0.0014515956879069271,0.04043120930729,0.14027110684171204,0.07234496744583199,0.00920055502188067,0.08387234496744583,0.03594834027110684,0.020236951649055396,0.18525583482944344,0.30010098743267505,0.3213364003590664,0.19330677737881508
4802200,42883,11348,21329,10206,11610,15026,16247,1102,1962,986,2840,3791,1105,5285,1222,227,863,835,1350,22,1579,6354,5510,600,4772,1337,1141,5346,9183,10162,6844,0.2646270083716158,0.497376582795047,0.23799640883333723,0.2707366555511508,0.35039526152554623,0.37886808292330293,0.0256978289765175,0.04575239605438052,0.022992794347410396,0.06622670988503603,0.08840332999090549,0.025767786768649582,0.12324231047268148,0.028496140661800715,0.005293472937994077,0.0201245248699951,0.019471585476762355,0.03148100645943614,0.000513023808968589,0.036821117925518274,0.1481706037357461,0.1284891448825875,0.013991558426416062,0.11127952801809575,0.031177856026863793,0.026607280274234545,0.16952592357697796,0.2912002536863802,0.3222451244648803,0.21702869827176152
4802300,1726273,382986,973354,369933,306814,488505,930954,869,7290,6883,93326,110730,115242,158994,90722,50943,118743,45264,166678,37856,171519,120908,191297,21794,140017,42626,34572,223130,320448,411048,388661,0.22185714542253746,0.5638470856000181,0.21429576897744448,0.17773202732128696,0.2829824714862597,0.5392855011924533,0.0005033966238248527,0.004222970526677993,0.003987202487671417,0.05406213269859402,0.064143967958718,0.06675769128057961,0.09210246583246103,0.05255368067507283,0.029510396096098356,0.06878575984215707,0.0262206499203776,0.09655367372368101,0.021929324040867233,0.0993579810377617,0.07003990678183578,0.11081503331164885,0.012624886098548723,0.08110941896212244,0.024692502286718265,0.02002695981458321,0.16610746623766923,0.23855512634306741,0.30600162139587445,0.2893357860233889
4802400,34937,8605,18619,7713,8221,11900,14816,404,947,213,3243,3661,1317,4983,1570,366,698,483,1236,178,1436,4684,3444,353,3687,868,1166,4109,7774,8852,5597,0.246300483727853,0.5329307038383376,0.22076881243380944,0.23530927097346652,0.34061310358645563,0.4240776254400779,0.011563671752010762,0.027105933537510375,0.006096688324698744,0.09282422646477946,0.10478861951512723,0.03769642499355984,0.14262815925809313,0.04493803131350717,0.010475999656524602,0.019978819017087902,0.013824884792626729,0.03537796605318144,0.005094885078856227,0.04110255602942439,0.13406989724360993,0.09857743939090363,0.01010390130806881,0.10553281621203882,0.024844720496894408,0.03337435956149641,0.15604587574054382,0.29523013823484734,0.33616891994531367,0.21255506607929514
4802500,962318,230172,519132,213014,196966,299718,465634,622,6580,3721,55137,89641,51449,112173,80201,11255,47296,15624,43673,7908,65411,81368,120438,18073,97027,27824,26897,122447,190748,233507,185444,0.23918496796277322,0.5394599290463236,0.22135510299090322,0.20467870288199952,0.31145421783651556,0.4838670792814849,0.0006463559862748073,0.0068376565750614664,0.003866705184772601,0.05729602896339879,0.09315112052356914,0.05346361597725492,0.11656541808425074,0.0833414734006846,0.011695718047464559,0.049147994737706244,0.01623579731440127,0.045383126991285626,0.008217657780484207,0.06797233346980935,0.08455417024310051,0.12515405510444572,0.018780694115666546,0.10082633807119892,0.028913519231688486,0.027950220197481498,0.1672439650015161,0.26053273527411197,0.31893502115698236,0.25328827856738956
4802600,58084,11720,30700,15664,14067,21253,22764,2136,4008,810,3349,6409,1859,6497,1626,384,1600,444,970,200,1478,7481,8522,445,4511,1512,3843,8322,14906,15213,7923,0.2017767371393155,0.5285448660560568,0.2696783968046278,0.2421837339026238,0.36590110873906756,0.3919151573583087,0.0367743268369947,0.06900351215481028,0.013945320570208664,0.05765787480201088,0.1103401969561325,0.032005371530886305,0.1118552441291922,0.02799393981130776,0.006611114936987811,0.027546312237449213,0.007644101645892156,0.016699951793953585,0.0034432890296811516,0.025445905929343707,0.12879622615522346,0.14671854555471386,0.007661318091040562,0.07766338406445837,0.026031265064389505,0.06616279870532332,0.17949270986109914,0.32149943922008456,0.32812095591407126,0.17088689500474505
4802700,59831,14635,30894,14302,14638,21978,23215,124,948,560,3337,2716,2728,7382,1374,809,2969,859,2013,222,2428,6462,13248,1003,6347,1938,2364,7341,13527,15105,9223,0.24460563921712825,0.5163543982216576,0.2390399625612141,0.2446557804482626,0.36733465929033443,0.38800956026140293,0.002072504220220287,0.015844629038458326,0.0093596964784142,0.05577376276512176,0.04539452792030887,0.045595092844846315,0.1233808560779529,0.022964683859537698,0.013521418662566228,0.049623105079306715,0.014357105848138924,0.033644766091156755,0.003710451103942772,0.040580969731410135,0.10800421186341529,0.22142367668934165,0.016763884942588292,0.10608213133659808,0.032391235312797716,0.03951129013387709,0.16242587839631825,0.29929639791131957,0.33421099212319677,0.2040667315691654
4802800,33446,6996,17722,8728,6918,10938,15590,1701,4261,937,2475,1424,1405,3598,1302,275,818,228,547,16,592,2638,4683,160,2979,981,2426,5617,8096,8600,4137,0.20917299527596722,0.5298690426358907,0.2609579620881421,0.2068408778329247,0.3270346229743467,0.4661244991927286,0.05085809962327334,0.12739939006159182,0.028015308258087665,0.07399988040423369,0.04257609280631466,0.04200801291634276,0.10757639179573043,0.03892842193386354,0.008222208933803743,0.024457334210368952,0.00681695867966274,0.01635472104287508,0.00047838306523949054,0.01770017341386115,0.078873407881361,0.14001674340728337,0.004783830652394905,0.08906894695927764,0.02933086168749626,0.07253483226693776,0.21236294896030244,0.3060869565217391,0.32514177693761814,0.15640831758034027
4802900,46425,11708,23934,10783,11230,17237,17958,413,1207,343,2620,3369,1876,5010,1001,657,2218,681,1605,117,2138,5334,8812,600,5318,1391,1715,6826,10138,11515,6238,0.2521917070543888,0.5155411954765752,0.2322670974690361,0.24189553042541734,0.3712870220786214,0.38681744749596125,0.008896068928379106,0.025998922994076468,0.007388260635433495,0.05643511039310716,0.0725686591276252,0.04040926225094238,0.10791599353796445,0.02156165858912224,0.014151857835218093,0.04777598276790522,0.014668820678513732,0.0345718901453958,0.0025201938610662357,0.0460527732902531,0.11489499192245557,0.1898115239633818,0.012924071082390954,0.11455035002692515,0.02996230479267636,0.03694130317716748,0.19661837140305902,0.2920183195552611,0.33168188495549733,0.17968142408618257
4803000,104823,26477,57476,20870,15903,23513,65407,221,29487,530,7047,3247,6458,8377,4528,948,1974,3096,4892,1200,3471,5173,9137,1633,8573,3216,1615,18237,22608,24624,12877,0.252587695448518,0.5483147782452324,0.19909752630624958,0.15171288743882544,0.2243114583631455,0.623975654198029,0.002108315923032159,0.2813027675223949,0.005056142258855404,0.06722761226066798,0.03097602625378018,0.061608616429600374,0.07991566736307872,0.04319662669452315,0.009043816719613062,0.01883174494147277,0.029535502704559114,0.046669147038340825,0.01144786926533299,0.033112961849975676,0.04934985642463963,0.08716598456445628,0.01557864209190731,0.08178548600974977,0.030680289631092414,0.015406924052927316,0.23277512572435097,0.2885661042044265,0.31429811349654097,0.16436065657468155
4803100,73438,19218,39210,15010,12690,20327,40421,63,9965,444,8873,4552,5799,8051,3339,547,1488,2245,2152,299,1992,6263,5507,336,7394,2765,1364,14167,15561,16455,8037,0.2616901331735614,0.5339197690568915,0.2043900977695471,0.17279882349737194,0.27679130695280374,0.5504098695498243,0.000857866499632343,0.1356926931561317,0.006045916283123179,0.12082300716250442,0.061984258830578176,0.07896456875187233,0.10962989188158719,0.045466924480514176,0.007448459925379232,0.020261989705602005,0.03057000462975571,0.029303630273155586,0.00407146164111223,0.02712492170266075,0.08528282360630736,0.07498842561071925,0.0045752879980391625,0.10068356981399276,0.037650807483863936,0.018573490563468503,0.26128734784212465,0.2869974179269642,0.3034857985983032,0.1482294356326079
4803200,40921,10005,21756,9160,7723,11847,21351,1739,6777,814,5534,1149,1484,3651,2417,357,788,909,638,79,884,3738,2054,451,4336,836,2286,8574,8855,8944,4543,0.244495491312529,0.5316585616187288,0.22384594706874222,0.1887295031890716,0.2895090540309377,0.5217614427799907,0.042496517680408595,0.16561178856821682,0.01989198699934019,0.13523618679895408,0.028078492705456856,0.03626499841157352,0.08922069353143862,0.05906502773637008,0.0087241269763691,0.019256616407223676,0.02221353339361208,0.015591016837320691,0.0019305491068155715,0.021602600131961584,0.09134674128198235,0.05019427677720486,0.011021236040174971,0.10596026490066225,0.02042960826959263,0.05586373744532147,0.2773321257601242,0.2864212705395265,0.28930003881485317,0.14694656488549618
4803300,321647,86780,168070,66797,90089,131816,99742,955,60,2680,17134,15974,12916,44327,16891,4790,8863,5528,11868,1486,28109,41239,49083,3504,37510,7190,11540,75199,58726,64129,36813,0.26979887889518633,0.5225293567171464,0.2076717643876672,0.28008655451473197,0.40981572966637336,0.3100977158188946,0.0029690934471641272,0.00018653990243963102,0.008332115642303519,0.05326957814001063,0.04966314002617777,0.04015582299850457,0.1378125709240254,0.05251409153513013,0.014892102211430544,0.027555052588707496,0.017186543011438005,0.03689759270255902,0.004619971583754862,0.08739083529459314,0.1282119839451324,0.15259896719074015,0.010893930302474451,0.11661852900850933,0.022353698309015783,0.03587784123588903,0.3201769512106852,0.2500393839917911,0.27304389292663506,0.15673977187088864
4803400,46078,9924,24237,11917,11329,18241,16508,668,131,346,3399,2448,1466,5599,1775,516,1026,818,2279,81,2213,9146,4554,1125,4957,1261,2270,6078,10344,12218,7514,0.21537393116020662,0.5259993923347368,0.25862667650505666,0.24586570597682192,0.39587221667607103,0.3582620773471071,0.014497156994661227,0.0028430053387733844,0.007509006467294587,0.07376622249229567,0.05312730587265072,0.031815616997265504,0.12151135031902427,0.03852163722383784,0.011198402708450888,0.022266591431919787,0.017752506619210903,0.049459611962324755,0.0017578887972568254,0.0480272581275229,0.19848951777420895,0.09883241460132819,0.024415122184122576,0.10757845392595165,0.027366639177047614,0.04926429098485177,0.1681141782375394,0.2861094208109753,0.3379432427947115,0.2078331581567738
4803500,102377,25286,55454,21637,24761,36142,41474,148,242,426,4906,6660,4210,13259,2896,795,4109,1712,3652,853,3966,10640,24680,1051,11433,3395,3344,13047,21573,26069,16402,0.24698906981060198,0.5416646317043867,0.21134629848501127,0.24186096486515526,0.3530285122634967,0.4051105228713481,0.0014456372036687928,0.0023638121843773505,0.004161090870019634,0.04792091973783174,0.06505367416509568,0.04112251775301093,0.12951151137462516,0.02828760366097854,0.007765416060247907,0.040135968039696414,0.016722506031628198,0.035672074782421834,0.008331949558982974,0.038739169930746165,0.10392959356105375,0.2410697715307149,0.01026597770983717,0.11167547398341425,0.03316174531388886,0.03266358654775975,0.16924154570572442,0.27983811339845116,0.33815879934103854,0.2127615415547859
4803601,43407,9209,22615,11583,9498,15445,18464,1904,1239,570,3857,5751,2596,5501,1137,241,1558,516,1192,18,1082,4953,4684,268,3824,810,1706,6434,10331,10794,6639,0.21215472158868384,0.5209989172253323,0.2668463611859838,0.21881263390697353,0.35581818600686527,0.4253691800861612,0.043863892920496694,0.028543783260764392,0.01313152256548483,0.08885663602644735,0.13249015135807587,0.059806022070173014,0.126730711636372,0.026193931854309214,0.005552099891722533,0.03589282834565853,0.011887483585596792,0.027461008593084063,0.00041467965996267884,0.02492685511553436,0.11410601976639713,0.10790886262584376,0.006174119381666551,0.08809638998318244,0.018660584698320548,0.039302416660907225,0.18813965728989998,0.30209368968945555,0.3156324931282531,0.19413415989239136
4803602,113841,39241,53027,21573,35737,37681,40423,844,1389,467,5424,5323,2240,9249,928,1394,1688,1776,4601,156,4126,38433,13056,1631,13691,2388,5037,11507,18488,22439,22166,0.34470006412452453,0.46579878953979675,0.18950114633567872,0.3139202923375585,0.33099674106868354,0.355082966593758,0.007413849140467846,0.012201228028566158,0.00410221273530626,0.047645400163385775,0.04675819783733453,0.019676566439156367,0.08124489419453448,0.00815172038193621,0.012245148935796419,0.014827698280935692,0.015600706248188262,0.04041601883328502,0.0013703323055841042,0.036243532646410344,0.33760244551611457,0.11468627295965425,0.01432699993851073,0.12026422817789724,0.020976625293172055,0.04424592194376367,0.15424932975871314,0.247828418230563,0.3007908847184987,0.2971313672922252
4803700,42259,9245,21959,11055,10318,16310,15631,741,1104,656,3010,6423,1500,5310,1103,469,1166,334,746,75,1387,5856,6201,228,3230,889,1831,6174,9888,10753,6199,0.21876996616105446,0.5196289547788637,0.2616010790600819,0.24416100712274308,0.3859532880569819,0.369885704820275,0.017534726330485813,0.026124612508578053,0.015523320476111598,0.071227430843134,0.15199129179583049,0.035495397430133226,0.1256537069026716,0.0261009489102913,0.011098227596488323,0.027591755602356896,0.007903641827776331,0.01765304432191959,0.0017747698715066614,0.03282141082372986,0.1385740315672401,0.14673797297617075,0.005395300409380251,0.07643342246622022,0.021036938876925624,0.043328048463049294,0.18701157084873085,0.29950929908523655,0.32571030471921003,0.18776882534682257
4803800,113575,27389,59951,26235,26228,40822,46525,196,191,795,7250,15624,4830,11066,2479,953,4693,2194,3397,406,8764,13864,17625,1166,10906,2702,4474,14848,24463,28430,18445,0.2411534228483381,0.5278538410741801,0.23099273607748183,0.23093110279550957,0.35942769095311466,0.40964120625137573,0.0017257318952234207,0.0016817081223860885,0.006999779881135813,0.06383447061413162,0.13756548536209554,0.042526964560862864,0.09743341404358354,0.021826986572749285,0.008390931102795509,0.04132071318511996,0.019317631521021353,0.02990975126568347,0.003574730354391371,0.07716486902927581,0.12206911732335461,0.15518379925159587,0.01026634382566586,0.09602465331278891,0.023790446841294298,0.03939247193484482,0.1722785603230223,0.28383960271969927,0.32986795999350244,0.21401387696377602
4803900,48117,10522,25315,12280,9157,17095,21865,366,251,355,1811,3522,758,5047,593,311,989,730,1108,141,918,6661,4328,391,3734,1002,15101,5561,11033,13027,7974,0.21867531225970033,0.5261134318432155,0.2552112558970842,0.1903069601180456,0.35527983872643765,0.45441320115551675,0.007606459255564561,0.0052164515659746035,0.007377849824386391,0.03763742544215142,0.07319658332813767,0.01575326807573207,0.10489016355965668,0.012324126608059522,0.006463412099673712,0.020554066130473638,0.01517135316000582,0.0230272045223102,0.0029303572541929048,0.01907849616559636,0.13843340191616268,0.08994741983082902,0.008126026144605857,0.07760251054720785,0.02082424091277511,0.31383918365650393,0.14791860619763267,0.29346987631333954,0.34650884426120493,0.21210267322782284
4804000,57351,14128,29480,13743,15861,22180,19310,697,379,318,2504,6736,1856,6556,1428,468,1294,513,1233,737,3429,7866,12165,404,5580,1190,1998,7642,12960,14171,8450,0.24634269672717127,0.514027654269324,0.23962964900350472,0.2765601297274677,0.3867412948335687,0.3366985754389636,0.012153231852975536,0.0066084287981029105,0.0055448030548726265,0.04366096493522345,0.11745218043277363,0.03236212097435093,0.1143136126658646,0.024899304284145003,0.008160276193963489,0.022562814946557166,0.008944918135690746,0.02149918920332688,0.0128506913567331,0.059789715959617094,0.1371554114139248,0.21211487158026887,0.007044340987951387,0.09729560077418005,0.0207494202367875,0.03483810221269028,0.17680401638016796,0.2998403627698216,0.32785785345764984,0.19549776739236055
4804100,25611,5184,13715,6712,6439,10120,9052,810,544,485,1174,3919,638,3457,645,84,957,135,482,43,420,3968,3839,142,1912,452,1505,3331,6573,6686,3837,0.2024130256530397,0.5355120846511264,0.2620748896958338,0.2514154074421147,0.3951427121158877,0.3534418804419976,0.03162703525828745,0.02124087306235602,0.018937175432431376,0.04583967826324626,0.15302018663855374,0.02491117098121901,0.13498106282456757,0.025184491039006676,0.0032798406934520324,0.03736675647182851,0.005271172543047909,0.01882003826480809,0.0016789660692671118,0.016399203467260162,0.15493342704306742,0.1498965288352661,0.005544492600835578,0.07465542149857483,0.01764866658857522,0.058763812424348916,0.16306848778577374,0.3217799970627111,0.3273118911244921,0.18783962402702306
4804200,34158,8100,17796,8262,8777,10912,14469,93,460,378,3793,5338,1048,4973,678,154,745,274,1174,62,837,4275,3732,266,3854,942,1082,4110,8377,8583,4988,0.23713332162304585,0.5209906903214474,0.24187598805550675,0.25695298319573745,0.31945664266057733,0.4235903741436852,0.002722641840857193,0.013466830610691493,0.011066221675742139,0.11104280110076703,0.1562737865214591,0.030680953217401486,0.1455881491890626,0.019848937291410504,0.004508460682709761,0.02181041044557644,0.008021546928977106,0.0343696937759822,0.001815094560571462,0.024503776567714738,0.1251536975232742,0.10925698225891446,0.00778734117922595,0.11282861994261958,0.027577727033198666,0.0316763276538439,0.1577250748330647,0.32147517077289123,0.3293806124798526,0.19141914191419143
4804300,117748,26181,63625,27942,25214,34619,57915,171,493,1370,14140,14620,4131,12568,3995,963,2556,1823,5143,882,6082,10041,17834,905,10756,4096,5179,14785,27133,30609,19040,0.2223477256513911,0.5403488806603933,0.2373033936882155,0.21413527193667833,0.29400924007201823,0.49185548799130346,0.0014522539660970888,0.004186907633250671,0.011635017155280768,0.12008696538370078,0.12416346774467507,0.03508339844413493,0.10673642015151,0.033928389441858886,0.008178482861704658,0.021707375072188062,0.015482216258450249,0.043678024255189046,0.007490573088290247,0.05165268199884499,0.0852753337636308,0.15145904813669872,0.007685905493086931,0.09134762373883208,0.03478615348031389,0.04398376193226212,0.16146646717703977,0.29631854270643354,0.334279816964627,0.2079351731518997
4804400,32501,7901,17416,7184,6593,9761,16147,254,999,239,4571,3891,998,3806,3130,248,435,363,1058,239,828,3874,2830,202,2581,874,1081,5050,7191,7700,4659,0.24310021230115997,0.5358604350635365,0.22103935263530353,0.2028552967600997,0.30032922063936496,0.4968154826005354,0.007815144149410787,0.030737515768745578,0.007353619888618812,0.14064182640534137,0.11971939324943848,0.03070674748469278,0.11710408910495061,0.09630472908525892,0.007630534445093997,0.013384203562967293,0.01116888711116581,0.03255284452786068,0.007353619888618812,0.025476139195717055,0.11919633242054091,0.08707424386941941,0.006215193378665272,0.07941294114027261,0.02689148026214578,0.033260515061075045,0.20528455284552846,0.2923170731707317,0.3130081300813008,0.18939024390243903
4804500,185576,47810,100112,37654,42004,59430,84142,189,4780,1217,15036,11028,8448,23689,3846,1452,6521,2711,12882,3273,11120,22857,21252,3427,21807,6059,3982,23157,35783,43492,35334,0.2576302970211665,0.5394663102987455,0.20290339268008795,0.22634392378324783,0.3202461525197224,0.4534099236970298,0.0010184506617234987,0.025757641074276846,0.006557960081044963,0.08102340819933612,0.05942578781739018,0.04552312799068845,0.12765120489718498,0.020724662671897227,0.007824287623399578,0.03513924214338061,0.014608570073716428,0.06941630383239213,0.01763697891968789,0.05992154157865241,0.12316786653446567,0.11451911885157563,0.01846682760701815,0.11750980730266845,0.03264969608138984,0.021457516058110963,0.16808936892992465,0.25973752594979893,0.3156947287429409,0.2564783763773355
4804600,2388955,528898,1343273,516784,433362,671471,1284122,1640,75182,16928,180629,172946,150377,232901,119947,29434,79707,52272,197055,43885,184606,200251,291916,26948,208705,67831,55795,357073,454310,562720,485954,0.22139303586714693,0.5622847646774426,0.21632219945541042,0.18140232863323086,0.2810731051861588,0.5375245661806104,0.0006864926296225756,0.031470663951392974,0.007085943435518878,0.07561004707079037,0.07239399653823533,0.0629467696126549,0.09749074386080943,0.05020898258862139,0.012320868329457859,0.0333647975788577,0.021880696790019066,0.08248585678675405,0.01836995673840654,0.0772747916976251,0.08382368022838438,0.12219401370055108,0.011280245965286076,0.08736246601547538,0.02839358631702983,0.023355400164507076,0.19196884826647787,0.24424520323839538,0.3025283633781115,0.26125758511701525
4804700,107252,25504,56693,25055,26369,34668,46215,101,642,742,6819,6468,2264,12069,3239,537,4379,1625,3780,175,4086,26387,10473,2678,15269,2995,2524,13919,21530,26748,19551,0.23779509939208593,0.5285962033342035,0.2336086972737105,0.24586021705888936,0.32323872748293736,0.43090105545817325,0.0009417073807481446,0.005985902360795136,0.006918285906090329,0.06357923395367919,0.06030656770969306,0.021109163465483163,0.1125293700816768,0.03019990303211129,0.005006899638235185,0.040829075448476485,0.01515123261104688,0.03524409801215828,0.001631671204266587,0.03809719166076157,0.24602804609704249,0.09764852869876553,0.024969231343005258,0.14236564353112297,0.02792488718159102,0.02353336068325066,0.17026716249938836,0.26337035768459166,0.32720066545970544,0.23916181435631453
4804800,106002,26555,56949,22498,23583,31573,50846,413,1161,390,12981,12673,2862,13837,2677,507,2243,1566,4234,766,4597,13917,12348,1490,11237,3432,2671,14870,21507,25897,17173,0.25051414124261806,0.5372445802909379,0.21224127846644403,0.2224769343974642,0.29785287070055283,0.479670194901983,0.0038961529027754195,0.010952623535404993,0.003679175864606328,0.1224599535857814,0.11955434803116922,0.026999490575649515,0.1305352729193789,0.025254240486028565,0.004782928623988227,0.021159978113620498,0.014773306164034642,0.039942642591649216,0.007226278749457558,0.04336710628101357,0.13128997566083658,0.11648836814399728,0.014056338559649818,0.10600743382200335,0.03237674760853569,0.025197637780419238,0.18716880436013947,0.2707087744030612,0.325965738165066,0.21615668307173336
4804900,201468,48448,110745,42275,49154,65818,86496,354,3618,1006,11924,15161,8969,26677,4768,1923,5153,2658,11380,1087,10613,30876,31273,3339,21639,6055,2995,28367,36848,45988,41817,0.2404749141302837,0.5496902733932932,0.20983481247642305,0.2439791927253956,0.3266920801318324,0.42932872714277204,0.001757102864971112,0.017958186908094587,0.004993348819663668,0.059185577858518475,0.07525264558143228,0.04451823614668334,0.13241308793456033,0.023666289435543112,0.009544940139376974,0.02557726289038458,0.013193162189528857,0.05648539718466456,0.005395397780292652,0.05267834097722715,0.1532551075108702,0.15522564377469375,0.016573351599261422,0.1074066352969206,0.030054400698870293,0.014865884408442035,0.18538099594824206,0.24080512351326624,0.30053587766305057,0.27327800287544113
4805000,59186,13139,30317,15730,13422,20573,25191,2521,1481,1501,4071,10087,2795,7727,1966,348,1046,835,1416,72,1785,7822,5853,622,4410,1319,1509,9746,13242,14315,8744,0.22199506640083805,0.5122326225796641,0.26577231101949783,0.22677660257493326,0.3475990943804278,0.42562430304463894,0.04259453249079174,0.025022809448180312,0.025360727198999764,0.06878315817929916,0.17042881762578987,0.04722400567701821,0.1305545230290947,0.033217314905551985,0.00587976886425844,0.017673098367857264,0.014108066096712061,0.0239245767580171,0.001216503902950022,0.030159159260635962,0.1321596323454871,0.0988916297773122,0.010509242050484912,0.07451086405568884,0.022285675666542763,0.025495894299327544,0.2116533107477143,0.2875757378330836,0.31087801594023495,0.18989293547896713
4805100,41018,9927,20974,10117,9692,15264,16062,1019,1132,570,5157,3105,1258,6076,1007,447,1173,413,942,142,1171,4894,4595,382,4706,1026,1803,6283,9259,9959,5590,0.242015700424204,0.5113364864205958,0.24664781315520015,0.23628650836218246,0.37212930908381686,0.3915841825540007,0.024842751962553027,0.02759764006046126,0.013896338192988444,0.12572529133551125,0.07569847384075284,0.03066946218733239,0.1481300892291189,0.024550197474279584,0.010897654688185675,0.02859720122872885,0.010068750304744259,0.022965527329465114,0.0034618947779023845,0.028548442147349945,0.11931347213418499,0.11202398946803842,0.009312984543371202,0.11473011848456775,0.0250134087473792,0.0439563118630845,0.20208420443215078,0.29780322279759414,0.3203177768486057,0.17979479592164935
4805200,178182,45041,99942,33199,37866,54900,85416,218,908,1438,15115,12680,12286,25522,2026,2089,8042,2541,14296,604,9203,16753,19943,3592,19583,6654,4689,21041,33191,42651,36258,0.2527808645093219,0.5608984072465232,0.18632072824415485,0.212513048456073,0.3081119304980301,0.4793750210458969,0.0012234681393182253,0.005095913167435543,0.008070399928163339,0.084828995072454,0.0711631926906197,0.06895197045717301,0.1432355681269713,0.011370396560819836,0.01172396762860446,0.0451336274146659,0.014260699733979863,0.08023257119125389,0.0033897924593954496,0.05164943709241113,0.09402184283485425,0.11192488579093286,0.020159163102894794,0.10990447968930644,0.03734383944506179,0.02631578947368421,0.15803546615993572,0.2492921038598178,0.32034459708128976,0.27232783289895673
4805300,787022,183791,457046,146185,131398,219087,436537,427,1721,5004,43188,42263,33672,66706,12271,29384,32591,16250,102177,6180,54713,76651,86247,12866,79151,25973,59587,88834,142790,188579,183028,0.23352714409508246,0.5807283659160735,0.18574448998884402,0.1669559427817774,0.2783746832998315,0.5546693739183911,0.0005425515423965277,0.002186724132235185,0.006358145007382259,0.0548752131452488,0.05369989657214157,0.042784064486126185,0.08475747818993624,0.015591686128214967,0.03733567803695449,0.04141053236123005,0.020647453311343267,0.12982737458419205,0.007852385320867777,0.06951902233990917,0.09739371961647832,0.10958651727651832,0.016347700572538,0.10057025089514651,0.03300161876033961,0.07571198772080069,0.14726365190117882,0.23670865721423467,0.3126149020856024,0.30341278879898415
4805400,67767,21554,33197,13016,18821,24465,24481,137,169,271,5614,4676,1961,10253,4095,826,1119,1398,2719,383,2246,11148,6447,623,9141,2363,2178,8431,12433,14774,10575,0.31806041288532766,0.48986970059173346,0.19206988652293888,0.2777310490356663,0.3610164239231484,0.3612525270411852,0.002021632948190122,0.002493839184263727,0.0039989965617483435,0.0828426815411631,0.06900113624625555,0.028937388404385617,0.15129782932695854,0.06042764177254416,0.012188823468649933,0.01651246181769888,0.020629509938465625,0.040122773621379136,0.005651718388005962,0.03314297519441616,0.1645048474921422,0.09513480012395413,0.009193265158558001,0.13488866262340077,0.03486947924506028,0.03213953694275975,0.1824378421656244,0.26903685110250364,0.3196935927120074,0.22883171401986455
4805500,41834,8920,22356,10558,8741,14661,18432,1507,3690,605,3871,4768,1409,4361,1217,173,1105,422,975,279,1517,4983,4793,196,2864,850,2249,6904,10330,10428,5252,0.21322369364631638,0.5343978582014629,0.25237844815222066,0.20894487737247217,0.35045656642922024,0.4405985561983076,0.03602333030549314,0.08820576564516901,0.014461920925562938,0.09253238992207295,0.11397427929435387,0.03368073815556724,0.10424535067170244,0.02909116986183487,0.004135392264665105,0.026413921690490987,0.010087488645599274,0.023306401491609695,0.006669216426829851,0.0362623703207917,0.11911363962327294,0.11457187933260028,0.0046851842998517955,0.06846106038150787,0.020318401300377684,0.053760099440646365,0.2097587652670596,0.31384821048793826,0.3168256668894695,0.1595673573555326
4805600,47016,10776,25182,11058,9427,14793,22796,268,2630,558,4428,5121,2321,5569,1686,395,1223,598,1642,183,1863,3979,6419,402,4351,1538,1842,7051,10693,12384,6112,0.22919857069933638,0.5356049004594181,0.23519652884124553,0.20050621065169305,0.3146375701888719,0.4848562191594351,0.005700187170324996,0.05593840394759231,0.011868300153139357,0.09418070444104135,0.10892036753445636,0.04936617321762804,0.11844903862514888,0.03586013272077591,0.008401395269695423,0.02601242130338608,0.012719074357665476,0.03492428109579718,0.0038922919857069934,0.03962480857580398,0.08463076399523567,0.1365279904713289,0.008550280755487494,0.09254296409732857,0.032712268164029265,0.03917815211842777,0.19456401766004416,0.295060706401766,0.34172185430463575,0.1686534216335541
4805700,40526,10145,21698,8683,8882,14193,17451,231,575,404,2571,7464,1438,4372,3344,195,568,567,1303,558,1508,4711,3914,472,3846,1281,1204,6071,9122,9695,5493,0.25033311947885306,0.535409366826235,0.21425751369491192,0.21916794156837585,0.3502196121008735,0.43061244633075063,0.005700044415930514,0.014188422247446084,0.009968908848640379,0.06344075408379805,0.1841780585303262,0.03548339337709125,0.1078813601144944,0.082514928687756,0.004811725805655628,0.014015693628781523,0.013991018111829442,0.03215219858856043,0.013768938459260721,0.03721067956373686,0.11624636036124956,0.09657997335044169,0.011646844001381829,0.09490203819770024,0.031609337215614666,0.029709322410304495,0.1998288403936671,0.30025344787860836,0.3191139198841381,0.18080379184358644
4805800,57576,16027,29737,11812,13297,21856,22423,84,481,402,6499,3638,2372,7658,3640,683,869,660,2476,880,3895,5180,6560,1827,7218,1966,588,8027,12244,13391,7887,0.2783625121578435,0.5164825621786856,0.20515492566347088,0.23094692232874808,0.37960261219952757,0.38945046547172435,0.0014589412255106293,0.008354175350840628,0.006982075864943727,0.11287689314992358,0.06318604974294845,0.041197721272752535,0.1330068083923857,0.06322078643879395,0.011862581631235236,0.015093094344865917,0.011463109629012088,0.04300402945671808,0.015284146172016119,0.06764971515909407,0.08996804223982215,0.11393636237321106,0.03173197165485619,0.12536473530637765,0.034146172016117825,0.010212588578574405,0.19319357866615322,0.2946881994753183,0.3222941587041806,0.18982406315434788
4805900,869589,216641,476015,176933,202526,297443,369620,812,5829,5697,41179,36272,30030,94221,24949,21083,66507,16056,52036,13386,69068,81267,146763,15329,104442,24615,20048,132421,177255,208998,134274,0.2491303362853026,0.5474022785476818,0.20346738516701568,0.23289853022519835,0.3420500949299037,0.42505137484489797,0.0009337744612684843,0.00670316666839162,0.006551370820008073,0.04735455485292477,0.04171165918612126,0.034533555507256876,0.10835118659504663,0.02869056531303869,0.024244786905078145,0.07648095824579197,0.01846389501247141,0.05983976338247149,0.015393478988349668,0.07942602769814246,0.09345449401958857,0.16877283406298837,0.017627867877813543,0.12010501512783625,0.02830647581788638,0.023054569457525338,0.20280481753524018,0.2714687846505388,0.3200836820083682,0.20564271580585283
4806000,48039,10882,24007,13150,10830,17902,19307,551,498,327,5121,3662,1225,7046,505,498,1553,723,2262,347,1422,4559,7983,892,5848,1673,1344,6482,10615,12119,7941,0.22652428235392078,0.4997397947500989,0.27373592289598037,0.22544182851433212,0.3726555506983909,0.401902620787277,0.011469847415641459,0.010366577156060701,0.006806969337413352,0.10660088677949166,0.0762297300110327,0.025500114490309957,0.14667249526426446,0.010512292096005328,0.010366577156060701,0.032327900247715396,0.015050271654280897,0.04708674202210704,0.007223297737255147,0.02960094922875164,0.09490205874393721,0.16617748079685254,0.018568246632944065,0.12173442411374091,0.03482587064676617,0.027977268469368637,0.1744489598191458,0.2856796835051269,0.3261565788411336,0.21371477783459375
4806100,32438,7395,17818,7225,6994,10495,14949,1076,5135,493,2381,614,1394,3562,1199,136,715,748,912,9,1309,3864,3056,170,3081,904,1680,5695,7827,7823,3698,0.22797336457241507,0.5492940378568346,0.22273259757075037,0.2156113200567236,0.32354029224983044,0.46084838769344594,0.033170972316419016,0.15830199149146063,0.015198224304827672,0.07340156606449226,0.018928417288365498,0.042974289413650654,0.10980948270546889,0.03696282138232937,0.004192613601331771,0.02204204944817806,0.023059374807324742,0.02811517356187188,0.00027745237067636723,0.0403539059128183,0.11911955114372033,0.0942104938652198,0.005240767001664714,0.09498119489487639,0.027868549232381773,0.05179110919292188,0.22740885676636186,0.3125424270255161,0.3123827017529849,0.14766601445513716
4806200,54310,12463,29181,12666,15665,21914,16731,1329,3895,456,1630,3019,1170,6001,2164,372,1212,751,896,162,2458,7039,11496,1157,5132,930,3041,13438,11465,11487,5457,0.22947891732645923,0.5373043638372307,0.23321671883631007,0.2884367519793776,0.40349843491069787,0.3080648131099245,0.024470631559565456,0.07171791566930584,0.00839624378567483,0.030012888970723624,0.055588289449456825,0.021542993923770945,0.11049530473209354,0.039845332351316515,0.006849567298839993,0.02231633216718836,0.013828024304916222,0.016497882526238263,0.0029828760817529,0.045258700055238445,0.12960780703369545,0.21167372491253914,0.021303627324617935,0.09449456821948075,0.01712391824709998,0.055993371386485,0.3211221831911487,0.27397423949148086,0.27449996415513656,0.13040361316223384
4806300,97248,25206,52253,19789,28578,41292,27378,132,1222,527,2443,663,2855,11310,15190,733,2738,968,2570,26,7366,14370,17138,1321,10154,1771,3751,23616,18435,19652,10339,0.25919299111549854,0.537316962816716,0.20349004606778545,0.29386722606120436,0.4246051332675222,0.28152764067127345,0.0013573543928923988,0.01256581112207963,0.005419134583744653,0.02512133925633432,0.006817620927936821,0.029357930240210595,0.11630059230009872,0.15619858506087528,0.00753743007568279,0.028154820664692333,0.009953932214544258,0.026427278710102007,0.0002673576834485028,0.07574448831852583,0.1477665350444225,0.1762298453438631,0.01358382691674893,0.10441345837446528,0.018211171437973017,0.038571487331359,0.32780877821270926,0.25589239610227366,0.27278531967463426,0.14351350601038282
4806400,23139,4754,13045,5340,7989,8556,6594,382,1695,221,1154,397,277,2340,625,79,556,347,357,5,477,4045,6644,17,1306,237,1978,5968,5116,5057,2244,0.2054539954189896,0.5637668006396128,0.23077920394139764,0.3452612472449112,0.36976533125891353,0.28497342149617527,0.01650892432689399,0.07325294956566836,0.009550974545140239,0.04987250961580016,0.017157180517740612,0.01197113099096763,0.10112796577207313,0.027010674618609273,0.0034141492717922124,0.02402869614071481,0.014996326548251868,0.015428497342149617,0.0002160853969488742,0.020614546868922598,0.17481308613163923,0.28713427546566406,0.0007346903496261723,0.05644150568304594,0.010242447815376636,0.08548338303297463,0.3246124558063639,0.27827032907261356,0.27506119118846883,0.12205602393255371
4806500,33378,7815,17663,7900,8015,11174,14189,522,1289,267,6669,1231,598,3988,604,254,528,398,1126,46,736,5318,3072,438,3965,924,1405,5752,7808,8159,3844,0.2341362574150638,0.5291808975972198,0.23668284498771647,0.2401282281742465,0.3347714063155372,0.4251003655102163,0.015639043681466836,0.03861825154293247,0.007999280963508899,0.19980226496494696,0.03688058002276949,0.017915992569956258,0.11947989693810294,0.01809575169273174,0.007609802864162023,0.015818802804242315,0.011924021810773563,0.03373479537419857,0.00137815327461202,0.02205045239379232,0.15932650248666785,0.0920366708610462,0.013122415962610103,0.11879082030079693,0.02768290490742405,0.04209359458325843,0.22501271368775183,0.30544145835778275,0.31917224112975784,0.15037358682470758
4806600,158053,38163,84545,35345,41256,53037,63760,446,3463,1375,16050,6865,5263,16174,4755,1354,4005,3011,7956,793,8304,16687,32083,2506,18571,4309,4083,25880,34940,39167,19903,0.24145697962076013,0.5349155030274655,0.2236275173517744,0.26102636457390876,0.3355646523634477,0.40340898306264356,0.002821838244133297,0.021910371837295085,0.008699613420814536,0.10154821483932605,0.04343479718828494,0.03329895667908866,0.10233276179509405,0.030084844957071363,0.008566746597660279,0.025339601272990706,0.019050571643689142,0.0503375450007276,0.005017304321967947,0.05253933807014103,0.10557850847500522,0.20298887082181294,0.01585544089640817,0.11749856060941583,0.027263006712938066,0.025833106616135092,0.21586454249728917,0.2914338143298023,0.32669113353907747,0.16601050963383102
4806700,134062,32130,73272,28660,44281,55256,34525,604,72,671,3269,5775,3540,16630,4331,946,3298,1710,2821,477,8638,18183,39511,1704,13501,2477,5904,32650,26223,28197,14862,0.23966522952066954,0.5465530873774821,0.2137816831018484,0.33030239739821876,0.4121675045874297,0.25753009801435156,0.004505378108636302,0.0005370649401023407,0.005005146872342647,0.024384240127702107,0.043077083737375246,0.026405692888365084,0.1240470826930823,0.03230594799421163,0.007056436574122421,0.024600557950798883,0.012755292327430591,0.021042502722620877,0.0035580552281780074,0.06443287434172248,0.13563127508167863,0.2947218451164387,0.012710536915755397,0.10070713550446808,0.01847652578657636,0.04403932508839194,0.3203115802691991,0.2572597417886434,0.2766255935329435,0.145803084409214
4806800,261107,67385,143306,50416,86250,104503,70354,3215,1269,1754,8308,7160,8948,36542,7318,3420,6616,2283,5557,586,13432,43259,69051,3385,23504,4437,11063,61824,49106,52634,30158,0.25807427606306993,0.5488401306743979,0.19308559326253222,0.330324349787635,0.4002305568215329,0.2694450933908321,0.012312959821069523,0.004860076520353725,0.0067175525742320195,0.031818373310558506,0.027421708341790915,0.0342694757321711,0.13995028857901168,0.028026824252126523,0.013098078565492308,0.025338271283420206,0.008743541919596181,0.021282462745158114,0.002244290654789033,0.05144251207359435,0.1656753744633426,0.2644548020543302,0.01296403390181037,0.09001673643372257,0.016993033507336074,0.04236960326609398,0.3191377334530926,0.2534869555342191,0.271698619671488,0.15567669134120027
4806900,31122,7355,16623,7144,9892,10375,10855,1110,3534,212,1078,762,854,2966,730,277,687,635,432,132,966,4917,6679,170,3118,652,1211,5659,7433,7372,3303,0.23632799948589422,0.5341237709658763,0.22954822954822954,0.3178458967932652,0.3333654649444123,0.3487886382623225,0.035666088297667244,0.11355311355311355,0.006811901548743654,0.0346378767431399,0.02448428764218238,0.027440395861448492,0.0953023584602532,0.023456076087655035,0.00890045626887732,0.022074416811258917,0.020403573035151983,0.013880855986119144,0.004241372662425294,0.0310391363022942,0.1579911316753422,0.21460703039650408,0.005462373883426515,0.10018636334425808,0.020949810423494634,0.038911381016644174,0.23810325240880212,0.3127445617873522,0.3101779778684731,0.13897420793537257
4903001,34354,9301,17875,7178,9829,10856,13669,447,93,87,2439,7928,840,3596,2868,354,536,193,933,20,2126,3461,3121,624,2665,678,1345,2960,7583,8838,5672,0.27073994294696396,0.5203178669150609,0.2089421901379752,0.28610933224660884,0.3160039587820923,0.39788670897129885,0.013011585259358444,0.0027071083425510858,0.002532456191418758,0.07099609943529138,0.23077370902951622,0.024451301158525937,0.10467485591197531,0.08348372824125284,0.010304476916807359,0.015602258834487978,0.0056179775280898875,0.02715840950107702,0.0005821738371077603,0.061885078884554925,0.10074518251149793,0.09084822728066601,0.018163823717762123,0.07757466379460908,0.019735693077953077,0.039151190545496886,0.11814952301121621,0.3026783219574502,0.35277212309903005,0.2264000319323035
4905001,82992,26604,40899,15489,28218,26659,28115,648,127,169,5100,12696,1739,9144,1585,1073,1339,1924,6220,523,3728,10019,6759,5618,9667,1839,3075,6155,14584,18365,17284,0.320561017929439,0.49280653556969345,0.18663244650086755,0.3400086755349913,0.32122373240794294,0.33876759205706575,0.007807981492192018,0.0015302679776363988,0.0020363408521303257,0.0614517061885483,0.1529786003470214,0.020953826874879507,0.1101792943898207,0.01909822633506844,0.012928957007904376,0.01613408521303258,0.023182957393483708,0.07494698284171969,0.0063018122228648546,0.04491999228841334,0.12072247927511086,0.08144158473105842,0.06769327164064007,0.11648110661268556,0.02215876229034124,0.037051764025448235,0.10915443002057175,0.25863658934525074,0.3256898630914379,0.3065191175427396
4911000,113879,34850,58226,20803,33731,37549,42599,411,107,330,10756,13877,2742,14459,5744,1386,2770,1573,9157,1126,5295,11538,13477,3157,9828,3395,2751,8991,20643,27163,22232,0.3060265720633304,0.5112970784780337,0.18267634945863592,0.296200353006261,0.32972716655397394,0.374072480439765,0.0036090938627841834,0.0009395937793623056,0.0028978125905566436,0.09445112795159775,0.12185741005804407,0.024078188252443383,0.12696809771775305,0.050439501576234426,0.012170812880337903,0.024324063260126975,0.013812906681653334,0.08040990876280965,0.009887687808990244,0.04649672020302251,0.10131806566618955,0.11834490994827844,0.02772240711632522,0.0863021276969415,0.02981234468163577,0.02415721950491311,0.11376836351212846,0.2612079110200053,0.343709271280163,0.28131445418770323
4913001,50328,12273,27175,10880,14314,16017,19997,166,4874,953,4080,1178,1271,5527,2184,841,613,732,1393,95,1256,5884,5862,1351,6507,1401,4160,4496,11929,13673,7957,0.24386027658559847,0.5399578763312669,0.21618184708313465,0.28441424256874903,0.31825226514067717,0.39733349229057385,0.0032983627404228263,0.09684469877602925,0.01893578127483707,0.08106819265617549,0.023406453663964395,0.02525433158480369,0.10981958353202989,0.04339532665712923,0.0167103799078048,0.01218009855348911,0.014544587505960896,0.02767842950246384,0.0018876172309648703,0.024956286758861867,0.11691305038944524,0.1164759179780639,0.026843903989826737,0.12929184549356224,0.027837386742966142,0.08265776506119854,0.11814479043489685,0.31346734988831954,0.3592957561424254,0.20909210353435817
4921001,51633,14113,26389,11131,17412,17833,16388,1988,977,649,3305,4428,883,6143,1899,550,1068,430,1462,84,1563,7855,5236,1003,6585,1401,4124,4280,11298,13478,8464,0.2733329459841574,0.5110878701605562,0.21557918385528635,0.33722619255127534,0.34537989270427827,0.3173939147444464,0.038502508085914044,0.01892200724342959,0.012569480758429686,0.06400945131989232,0.08575910754749869,0.017101466116630836,0.11897429938217806,0.036778804253093954,0.010652102337652276,0.020684445993841147,0.008328007282164507,0.028315224759359325,0.0016268665388414385,0.030271338097728195,0.15213138884047026,0.10140801425444967,0.019425561172118605,0.12753471616989134,0.02713380977281971,0.07987140007359635,0.1140724946695096,0.3011194029850746,0.35922174840085286,0.2255863539445629
4935000,700107,184261,381740,134106,154208,224379,321520,263,2734,2854,39896,55350,31361,75738,34976,18665,48324,10890,56468,15028,50191,66915,78523,10827,51473,18891,30740,56010,121253,170362,168221,0.26318976956379525,0.5452595103319922,0.19155072010421265,0.2202634740118296,0.32049243901289376,0.45924408697527663,0.00037565686387937844,0.003905117360632018,0.004076519731983825,0.05698557506209765,0.07905934378602128,0.04479458139970033,0.1081806066786934,0.04995807783667354,0.026660210510679083,0.06902373494337294,0.015554765200176544,0.08065624254578228,0.02146529030562471,0.07169047017098815,0.09557824732505174,0.11215857004714994,0.015464778955216845,0.07352161883826329,0.02698301831005832,0.04390757412795473,0.10857891696358991,0.23505658665570733,0.33025747994556515,0.3261070164351376
4949000,242335,83500,120716,38119,69158,78197,94980,1054,146,609,24501,19674,8072,30573,4129,13411,5788,3170,22166,1643,15693,29025,30544,4815,16780,4976,5566,18859,39666,52776,47534,0.34456434274867437,0.4981368766377123,0.15729878061361338,0.28538180617739906,0.3226814120948274,0.3919367817277735,0.004349351104875482,0.0006024717849258259,0.0025130501165741637,0.10110384385251821,0.08118513627829245,0.033309261972063464,0.12616006767491283,0.017038397259991334,0.05534074731260445,0.023884292405141644,0.013081065467225123,0.09146842181277982,0.006779870839952957,0.06475746384137661,0.11977221614706914,0.12604039862174263,0.019869189345327748,0.06924299007572163,0.02053355891637609,0.022968205170528402,0.11873327667075896,0.24973085277174426,0.3322693361035036,0.29926653445399315
4953001,67497,20470,33302,13725,20869,26462,20166,94,306,247,7462,3212,1251,9333,4451,972,1668,908,3270,103,3019,5684,10928,2162,8096,1849,2482,5948,13458,16545,11076,0.30327273804761695,0.4933848911803488,0.20334237077203432,0.3091841118864542,0.3920470539431382,0.29876883417040756,0.0013926544883476302,0.004533534823769945,0.003659421900232603,0.11055306161755338,0.04758730017630413,0.01853415707364772,0.13827281212498332,0.06594367157058832,0.014400640028445709,0.02471220943153029,0.013452449738506896,0.04844659762656118,0.0015259937478702757,0.0447279138332074,0.08421115012519075,0.16190349200705217,0.032031053231995496,0.11994607167725974,0.027393810095263493,0.036772004681689556,0.12648053246007612,0.28617602653794627,0.35181916771216537,0.23552427328981224
4957000,107852,30498,56537,20817,27630,37858,42364,366,32,335,7113,14614,3805,12918,2854,913,4714,917,5277,479,8808,10220,13202,2088,7567,2433,9197,8483,23070,25445,20356,0.28277639728516857,0.5242091013611245,0.19301450135370693,0.25618440084560323,0.3510180617883767,0.3927975373660201,0.003393539294588881,0.00029670288914438305,0.00310610837073026,0.0659514890776249,0.13550050068612543,0.0352798279123243,0.11977524756147313,0.026462188925564664,0.008465304305900678,0.04370804435708193,0.008502392167043727,0.048928160812965915,0.0044412713718799835,0.08166747023699143,0.09475948522048734,0.12240848570262954,0.019359863516670992,0.07016096131736083,0.022558691540258875,0.08527426473315283,0.10966465858262016,0.29823926364506037,0.32894226542906635,0.2631538123432531
5000100,120814,29030,61909,29875,25586,34584,60644,799,72,494,6246,11942,4319,14923,3759,2365,3334,1283,9324,825,5753,14224,19084,2277,10298,3465,6028,6485,25019,28767,31513,0.24028672173754698,0.5124323340010264,0.24728094426142666,0.21178009171122553,0.28625821510752064,0.5019616931812538,0.006613471948615226,0.0005959574221530617,0.004088930090883507,0.0516993063717781,0.09884616021322032,0.03574916814276491,0.12352045292764084,0.0311139437482411,0.019575545880444318,0.027596139520254276,0.010619630175310809,0.0771764861688215,0.006828678795503832,0.04761865346731339,0.11773469962090487,0.15796182561623653,0.018847153475590576,0.08523846574072541,0.028680450941116094,0.049894879732481336,0.07065501612481478,0.2725856358406694,0.3134206397629216,0.3433387082715942
5000200,65198,13853,33228,18117,16404,21341,27453,832,114,402,3295,5442,1566,8269,1286,868,3003,570,2448,456,1959,7769,10858,648,8454,2153,4806,4119,16366,16147,14713,0.21247584281726434,0.5096475352004662,0.27787662198226937,0.25160280990214423,0.3273259915948342,0.42107119850302155,0.012761127641952207,0.0017485198932482592,0.006165833307770177,0.05053836007239486,0.08346881806190375,0.02401914169146293,0.12682904383570048,0.019724531427344396,0.013313291818767448,0.04605969508267125,0.008742599466241296,0.0375471640234363,0.006994079572993037,0.030046933955029297,0.11916009693548882,0.16653885088499648,0.009938955182674316,0.1296665541887788,0.03302248535231142,0.0737139176048345,0.08022202746129127,0.3187457396046353,0.31448047521667155,0.2865517577174019
5000300,57364,11444,27625,18295,17697,18347,21320,701,104,207,2891,4867,1931,5751,987,796,1156,730,2367,87,1714,7135,13859,834,6637,1521,3089,3789,14329,14483,13319,0.19949794296074194,0.4815738093577854,0.3189282476814727,0.3085035911024336,0.31983473955791086,0.37166166933965555,0.012220207795830138,0.0018129837528763685,0.0036085349696673872,0.05039746182274597,0.08484415312739697,0.033662227180810265,0.10025451502684611,0.01720591311624015,0.01387629872393836,0.02015201171466425,0.012725751342305278,0.041262812914022735,0.0015166306394254236,0.02987936685028938,0.12438114496897008,0.24159751760686143,0.014538735095181648,0.11569974199846594,0.02651488738581689,0.053849103967645216,0.08251306620209059,0.3120426829268293,0.3153963414634146,0.2900479094076655
5000400,59219,11961,29183,18075,14957,19922,24340,841,332,473,3121,7261,1292,8083,1232,652,1074,494,1780,609,2294,8275,10549,863,6418,1627,1949,3748,14931,14900,13679,0.2019790945473581,0.49279791958661917,0.30522298586602276,0.2525709653996184,0.3364123001063848,0.41101673449399684,0.014201523159796687,0.00560630878603151,0.007987301372870194,0.052702679883145614,0.12261267498606866,0.02181732214323106,0.13649335517317077,0.020804133808406088,0.011009979905098026,0.018136071193366993,0.008341917290058934,0.030057920599807494,0.010283861598473464,0.038737567334808085,0.13973555784461067,0.17813539573447712,0.01457302554923251,0.10837737888177781,0.027474290346003818,0.0329117344095645,0.07930932328917856,0.31594650641161287,0.31529053281984004,0.2894536374793686
5101300,160028,34204,92147,33677,22889,31980,105159,0,2,588,1752,835,1607,9730,9301,5892,6610,3322,45307,3053,12726,10761,10828,2974,15716,11506,7518,15408,23981,32073,54362,0.21373759592071387,0.5758179818531757,0.21044442222611043,0.1430312195365811,0.19984002799510087,0.657128752468318,0.0,1.249781288274552e-05,0.0036743569875271826,0.010948084085285074,0.005217836878546254,0.010041992651286025,0.06080185967455695,0.05812107881120804,0.0368185567525683,0.04130527157747394,0.020758867198240306,0.2831192041392756,0.019077911365511034,0.07952358337290974,0.06724448221561227,0.06766315894718425,0.018584247756642587,0.0982078136326143,0.07189991751443497,0.046979278626240406,0.12245676500508647,0.19059162004069177,0.2549036749745677,0.4320479399796541
5104100,140585,36173,72844,31568,36366,46349,57870,168,48,927,10467,7975,6071,19880,10953,2140,4763,1463,8372,1421,11357,11031,17331,3001,12680,5664,4873,13709,29888,33135,27680,0.2573034107479461,0.5181491624284241,0.22454742682362983,0.2586762456876623,0.3296866664295622,0.41163708788277553,0.0011950065796493224,0.00034143045132837787,0.006593875591279297,0.0744531777927944,0.05672724686132945,0.04318383895863712,0.14140911192516983,0.07791016111249421,0.015222107621723513,0.033879859159938824,0.01040651563111285,0.05955116121919124,0.01010776398620052,0.08078386741117473,0.07846498559590283,0.12327773233275242,0.02134651634242629,0.09019454422591315,0.040288793256748584,0.034662303944233024,0.13129716890778836,0.2862506225338084,0.31734858062291693,0.26510362793548636
5110700,167848,37550,94772,35526,34585,45624,87639,498,207,434,16603,7924,3588,17936,13721,7465,3626,2286,22800,1565,11398,17411,12876,3412,15832,5927,2339,16714,27479,34385,51720,0.22371431294981173,0.5646299032457938,0.21165578380439445,0.20604952099518611,0.27181735856250894,0.522133120442305,0.0029669701158190746,0.0012332586625994947,0.002585672751537105,0.09891687717458653,0.04720937991516134,0.02137648348505791,0.10685858634002192,0.0817465802392641,0.04447476288070159,0.02160287879510033,0.013619465230446595,0.1358371860254516,0.009323912110957533,0.06790667747009199,0.1037307563986464,0.07671226347647872,0.020327915733282492,0.09432343548925218,0.03531171059530051,0.013935227110242601,0.12827518457689296,0.2108934903068351,0.2638950712981013,0.39693625381817066
5151000,168251,37666,86983,43602,40105,60622,67524,414,150,627,10040,17760,8038,18630,7644,1759,6034,1867,7987,5417,10052,12657,30803,2326,13893,6719,5434,14897,39909,42684,33095,0.22386791163202596,0.5169835543325151,0.25914853403545896,0.2383641107630861,0.36030692239570644,0.4013289668412075,0.0024606094466006144,0.0008915251618118169,0.0037265751763733944,0.059672750830604276,0.10555657915851911,0.047773861670955896,0.11072742509702765,0.045432122245930184,0.01045461839751324,0.03586308550915002,0.011096516514017747,0.04747074311593988,0.03219594534356408,0.05974407284354922,0.07522689315368111,0.18307766372859596,0.013824583509161907,0.08257306048701048,0.03993438374809065,0.03229698486190275,0.11407895240647854,0.3056170310525711,0.3268675575295784,0.2534364590113719
5151001,117876,26949,61331,29596,27193,36974,53709,1123,116,1543,6034,5165,2239,11361,2422,2194,2661,1957,7834,2256,6581,20025,19673,3078,11798,5479,4337,9912,23350,26997,30668,0.22862160236180393,0.52030099426516,0.2510774033730361,0.2306915741966134,0.3136686009026435,0.4556398249007432,0.00952696053479928,0.0009840849706471207,0.013090026807831959,0.05118938545590281,0.043817231667175674,0.018994536631714683,0.09638094268553395,0.02054701550782178,0.01861277953103261,0.0225745698869999,0.01660219213410703,0.06645966948318573,0.019138755980861243,0.05582985510197156,0.16988190980352236,0.1668957209270759,0.02611218568665377,0.10008822830771319,0.04648104788082392,0.03679290101462554,0.10901052492658946,0.2567994105161283,0.29690850902372234,0.3372815555335599
5151010,57077,12749,30424,13904,14918,23822,18337,220,3291,497,2776,3291,1259,8671,1128,600,1199,324,2542,684,2776,7615,8777,202,4207,1978,5040,5013,14691,14899,9725,0.22336492807961175,0.5330343220561697,0.2436007498642185,0.2613662245738213,0.4173660143315171,0.3212677610946616,0.0038544422446870016,0.05765895194211328,0.008707535434588362,0.048636053051141444,0.05765895194211328,0.02205792175482243,0.15191758501673178,0.019762776600031538,0.010512115212782731,0.02100671023354416,0.005676542214902675,0.04453632811815617,0.011983811342572315,0.048636053051141444,0.13341626224223418,0.15377472537099007,0.00353907878830352,0.07370744783362826,0.034654939818140405,0.08830176778737495,0.11308879263670818,0.33141580942068216,0.3361081032304638,0.21938729471214583
5151020,73824,17109,37948,18767,19431,32538,21855,606,269,352,2755,13937,2093,10441,2219,626,1316,378,1541,942,4251,6557,10545,933,7417,2086,4560,6699,19764,18543,11709,0.2317539011703511,0.5140333766796705,0.2542127221499783,0.26320708712613783,0.4407509752925878,0.2960419375812744,0.008208712613784135,0.003643801473775466,0.004768097095795405,0.037318487212830515,0.18878684438664933,0.028351213697442566,0.14143097095795407,0.030057975726051147,0.008479627221499784,0.01782618118768964,0.0051202860858257475,0.020873970524490682,0.012760078023407022,0.057582899869960985,0.0888193541395752,0.14283972691807542,0.012638166449934981,0.10046868227134807,0.02825639358474209,0.06176853055916775,0.11811690029092832,0.3484792382967469,0.32695054218460723,0.20645331922771754
5151040,71691,18256,36540,16895,18322,25030,28339,396,56,273,2497,12514,924,8098,1394,830,865,1041,3278,287,3769,15325,8063,951,6899,2025,2206,5362,16090,16928,15055,0.2546484216986791,0.5096874084613131,0.23566416984000782,0.2555690393494302,0.34913726967122793,0.3952936909793419,0.005523705904506842,0.0007811301279100584,0.003808009373561535,0.03483003445341814,0.17455468608332986,0.012888647110515964,0.1129569959967081,0.019444560684046812,0.011577464395809796,0.012065670725753581,0.014520651127756622,0.045724009987306635,0.00400329190553905,0.052572847358803756,0.21376462875395796,0.11246878966676431,0.013265263422186886,0.09623244200806239,0.02824622337531908,0.030770947538742658,0.10034621502760363,0.30111350238607654,0.3167961074202302,0.2817441751660896
5151080,63636,14304,31815,17517,16316,23396,23924,426,54,487,3847,9465,1701,7431,3548,643,1079,581,1912,1020,2222,7472,9570,736,6800,2162,2480,5916,16282,15498,11636,0.2247784273052989,0.49995285687346785,0.27526871582123325,0.2563957508328619,0.3676535294487397,0.3759507197183984,0.006694323967565529,0.0008485762775787291,0.007652900873719278,0.06045320258972908,0.14873656420893833,0.026730152743729963,0.11677352442013954,0.05575460431202464,0.010104343453391161,0.016955811176063863,0.009130052171726695,0.030045885976491295,0.016028663020931547,0.03491734238481363,0.11741781381607895,0.15038657363756364,0.011565780375887862,0.10685775347287699,0.0339744798541706,0.038971651266578665,0.11992216005837995,0.33004946079623776,0.31415713938214546,0.23587123976323685
5151084,59409,13741,31103,14565,13682,20619,25108,362,113,183,3022,8263,1913,7472,2894,502,2361,593,2125,1561,2807,6132,9396,859,5040,1750,2061,5543,14020,14199,11906,0.23129492164486862,0.5235402043461428,0.24516487400898854,0.2303018061236513,0.34706862596576277,0.4226295679105859,0.006093352858994428,0.001902068710128095,0.0030803413624198354,0.05086771364608056,0.1390866703698093,0.032200508340487134,0.12577218939891263,0.04871315793903281,0.008449898163577909,0.03974145331515427,0.009981652611557172,0.03576899123028497,0.02627548014610581,0.04724873335689879,0.10321668434075645,0.15815785487047418,0.014459088690265784,0.08483563096500531,0.029456816307293507,0.034691713376761094,0.12137601821844618,0.3069983358150127,0.3109179294035211,0.26070771656302005
5151085,31951,7543,16330,8078,8134,12617,11200,191,13,179,1758,5347,463,3704,1637,745,573,160,955,239,1696,3758,3738,897,3038,1215,1645,3304,8291,7477,5336,0.23608024787956558,0.5110951143939156,0.25282463772651875,0.254577321523583,0.39488591906356607,0.35053675941285095,0.005977903664987011,0.0004068730243184877,0.005602328565616099,0.05502175205783857,0.16735000469468875,0.014490939250727676,0.11592751400582141,0.051234703139181874,0.023316954085944103,0.017933710994961036,0.0050076679916121565,0.02988951832493506,0.007480204062470658,0.053081280711088856,0.11761760195299052,0.116991643454039,0.02807423867797565,0.09508309599073582,0.03802697881130481,0.05148508653876248,0.13536545394952473,0.3396837102589315,0.30633398885611274,0.21861684693543101
5151087,52270,11889,26410,13971,12618,18435,21217,1422,180,272,4995,4176,1580,6846,714,710,857,537,3015,227,1813,7025,6143,866,4905,3075,2912,5155,11761,12177,11288,0.22745360627511,0.50526114405969,0.2672852496651999,0.24140042089152478,0.352687966328678,0.4059116127797972,0.02720489764683375,0.0034436579299789555,0.005203749760857088,0.09556150755691602,0.07989286397551176,0.030227664052037497,0.13097378993686626,0.013659843122249856,0.013583317390472546,0.016395638033288692,0.010273579491103883,0.0576812703271475,0.004342835278362349,0.034685287928065814,0.1343983164339009,0.11752439257700402,0.01656782092978764,0.09383967859192653,0.058829156303807154,0.05571073273388177,0.12765904757187788,0.29125083578910876,0.3015527104331245,0.2795374062058889
5151095,31041,7106,15083,8852,8545,12074,10422,256,33,131,2187,3877,1420,4167,505,305,635,317,1503,268,1484,3776,4728,401,2260,1538,1250,2848,7943,7705,5439,0.22892303727328372,0.48590573757288746,0.2851712251538288,0.27528107986211786,0.3889694275313295,0.3357494926065526,0.008247156985921844,0.0010631100802164879,0.004220224863889694,0.07045520440707452,0.1248993266969492,0.045745948906285236,0.1342418092200638,0.01626880577300989,0.009825714377758449,0.020456815179923326,0.010212299861473534,0.048419831835314585,0.008633742469636932,0.0478077381527657,0.12164556554234722,0.1523146805837441,0.01291839824747914,0.07280693276634129,0.049547372829483585,0.04026932122032151,0.1189889283476081,0.33185711301441406,0.3219135157718822,0.22724044286609568
5151096,69341,16895,34806,17640,17768,24432,27141,178,47,300,3687,10631,2353,8097,1492,654,2664,737,3704,1182,3785,5584,12259,754,7109,2315,1809,6388,16482,17304,12272,0.24365094244386437,0.5019541108435125,0.25439494671262314,0.256240896439336,0.352345654086327,0.391413449474337,0.0025670238387101424,0.0006778096652773972,0.004326444671983386,0.05317200501867582,0.15331477769285126,0.03393374771058969,0.1167707416968316,0.021516851501997374,0.009431649384923782,0.03841882868721247,0.010628632410839186,0.05341717021675488,0.017046192007614543,0.05458531027819039,0.08052955682785076,0.17679295077948112,0.010873797608918245,0.10252231724376631,0.0333857313854718,0.02608846137205982,0.12180147199023758,0.3142661022766274,0.32993936620523967,0.23399305952789537
5151097,70255,14630,35231,20394,19312,30001,20942,549,43,312,2486,12594,2247,9049,2082,641,1332,558,1815,615,5150,7155,11693,585,5464,2890,2995,8038,18462,18564,10561,0.20824140630560103,0.5014732047541101,0.29028538894028894,0.27488434986833676,0.42703010461888835,0.2980855455127749,0.007814390434844495,0.0006120560814176927,0.00444096505586791,0.03538538182335777,0.1792612625435912,0.03198348871966408,0.12880222048252793,0.029634901430503166,0.009123905771831186,0.018959504661589924,0.007942495196071453,0.025834460180770052,0.008753825350508861,0.07330439114653761,0.10184328517543235,0.16643655255853676,0.00832680947975233,0.07777382392712262,0.04113586221621237,0.04263041776386022,0.14450337078651684,0.3319011235955056,0.3337348314606742,0.18986067415730337
5151100,182731,46124,94898,41709,49094,64405,69232,97,1,1371,10358,6442,4353,23081,2018,3909,9571,4703,15211,3397,13230,18401,25951,3933,24771,6793,5140,17757,37935,43659,37256,0.2524147517388949,0.5193316952241273,0.22825355303697786,0.2686681515451675,0.35245798468787454,0.378873863766958,0.000530834943167826,5.472525187297174e-06,0.007502832031784426,0.05668441589002413,0.035254007256568395,0.0238219021403046,0.1263113538480061,0.011043555827965698,0.021392100957144656,0.05237753856762126,0.025737285955858613,0.08324258062397732,0.018590168061248503,0.07240150822794161,0.10069993597145531,0.14201750113554898,0.021523441561639788,0.13555992141453832,0.037174863597309704,0.028128779462707476,0.1299860182860322,0.2776944080464398,0.3195956283352976,0.27272394533223043
5151105,52756,10827,26094,15835,14373,22161,16222,1432,125,345,2869,5451,1533,6079,2339,471,882,399,1141,550,2760,7054,7954,458,3857,2365,4692,6377,13730,13411,8411,0.20522784138297065,0.4946167260595951,0.3001554325574342,0.27244294487830767,0.4200659640609599,0.3074910910607324,0.02714383198119645,0.0023693987413753886,0.006539540526196073,0.05438243991204792,0.10332474031389795,0.029058306164227766,0.1152285995905679,0.04433618924861627,0.008927894457502463,0.016718477519144744,0.00756312078247024,0.021627871711274546,0.010425354462051709,0.05231632420956858,0.13370990977329592,0.15076958071119873,0.008681476988399424,0.07311016756387899,0.04482902418682235,0.08893775115626659,0.15209043859858332,0.327458322402156,0.31985022299601706,0.20060101600324357
5151110,64612,15942,32914,15756,16029,24427,24156,1473,74,131,3846,10612,2308,6307,3602,1084,1054,875,1764,397,1842,10098,8284,461,7644,1530,1226,6762,15099,14151,12658,0.2467343527518108,0.5094100167151613,0.24385563053302792,0.24808085185414475,0.37805670773230976,0.3738624404135455,0.022797622732619326,0.0011452980870426547,0.002027487154089024,0.05952454652386554,0.16424193648238716,0.03572091871478982,0.09761344641862192,0.055748158236860024,0.016777069275057264,0.016312759239769704,0.013542376029220577,0.027301430074908685,0.006144369466972079,0.02850863616665635,0.1562867578777936,0.12821147774407232,0.007134897542252213,0.11830619699127097,0.023679811799665697,0.01897480344208506,0.1389356893363468,0.3102321758783645,0.2907540579412369,0.26007807684405176
5151115,63583,16939,33226,13418,17077,20681,25825,59,44,261,3360,1059,1468,8814,2054,657,5061,809,4787,1397,2894,6748,9942,1170,8009,2988,2002,5972,12388,14467,13817,0.26640768758945,0.5225610619190664,0.21103125049148358,0.26857807904628594,0.32525989651321896,0.4061620244404951,0.0009279209851689917,0.0006920088702955193,0.004104870798798421,0.052844313731657835,0.016655395310067156,0.023087932308950506,0.13862195869965244,0.03230423226334083,0.010332950631458095,0.07959674755830962,0.012723526728842615,0.07528741959328751,0.021971281631882736,0.045515310696255286,0.10612899674441281,0.15636254973813754,0.01840114496013085,0.1259613418681094,0.046993693282795714,0.03148640359844612,0.1280336163279307,0.2655861418403224,0.31015779092702167,0.29622245090472515
5151120,48858,12697,25094,11067,13820,16941,18097,252,85,200,2973,1630,1770,7975,1916,564,655,853,4410,717,2867,6396,5356,811,5312,2437,1679,4936,10393,11012,9820,0.25987555773875315,0.5136108723238774,0.2265135699373695,0.2828605346105039,0.3467395308854231,0.37039993450407305,0.005157804249048262,0.0017397355601948504,0.004093495435752589,0.060849809652462235,0.0333619878013836,0.03622743460641041,0.1632281305006345,0.0392156862745098,0.0115436571288223,0.01340619755208973,0.017458758033484793,0.09026157435834459,0.014675181137173032,0.058680257071513364,0.1309099840353678,0.10962380776945434,0.016599123991976748,0.10872323877358876,0.0498792418846453,0.03436489418314299,0.13650064987140842,0.28740908713807695,0.3045269765769752,0.27156328641353944
5151125,47212,9549,22921,14742,13235,20001,13976,1517,11,245,2766,5715,1273,6257,799,402,1032,427,1743,476,1413,5731,6263,852,4956,2170,3164,5568,12024,11841,8230,0.2022579005337626,0.4854909768702872,0.31225112259595017,0.28033127171058203,0.4236422943319495,0.2960264339574684,0.03213166144200627,0.00023299161230195712,0.0051893586376345,0.05858679996611031,0.12104973311869864,0.026963483860035584,0.13252986528848598,0.016923663475387613,0.008514784376853343,0.021858849445056342,0.009044310768448699,0.036918580022028295,0.0100821824959756,0.029928831652969584,0.12138863000931967,0.13265695162246888,0.01804625942556977,0.1049733118698636,0.045962890790476996,0.0670168601203084,0.14783740010089477,0.3192523165971909,0.31439343652921964,0.2185168467726947
5151135,64740,14619,33459,16662,16667,22856,25217,203,177,1609,3601,6363,1622,7928,5333,224,894,620,1544,295,3137,5793,11227,789,6525,2392,4464,7427,15979,16104,10611,0.22581093605189992,0.5168211306765523,0.2573679332715477,0.2574451652764906,0.3530429409947482,0.3895118937287612,0.0031356194006796415,0.0027340129749768302,0.024853259190608587,0.05562248995983936,0.09828544949026877,0.025054062403459993,0.12245906703738028,0.08237565647204201,0.0034599938214396045,0.01380908248378128,0.009576768612913192,0.02384924312635156,0.00455668829162805,0.04845535990114303,0.08948100092678406,0.17341674389867162,0.012187210379981465,0.10078776645041705,0.036947791164658635,0.06895273401297497,0.14818140100955687,0.31880848347000257,0.3213024480756569,0.21170766744478361
5151145,47976,10897,24766,12313,12456,17479,18041,589,16,400,2473,6385,1764,5600,2509,393,719,414,2410,791,1963,4740,7570,535,4458,1595,2652,5417,11456,12138,8068,0.22713440053360012,0.5162164415541104,0.2566491579122895,0.25962981490745374,0.36432799733199933,0.37604218776054693,0.012276971819242954,0.00033350008337502084,0.00833750208437552,0.05154660663665166,0.13308737702184426,0.03676838419209605,0.1167250291812573,0.052296981824245456,0.00819159579789895,0.014986659996665,0.008629314657328664,0.050233450058362515,0.01648741037185259,0.04091629147907287,0.09879939969984992,0.15778722694680675,0.011151409037852259,0.09292146073036518,0.03324578956144739,0.055277638819409704,0.14609347609158824,0.3089619461150516,0.3273551066641495,0.2175894711292106
5151175,99473,22594,51785,25094,19407,28477,51589,21,0,393,3554,29826,1920,9130,1373,670,1419,1776,6106,2742,6832,7212,13283,1177,6884,2555,2600,10152,23123,25911,17693,0.22713701205352207,0.5205935278919908,0.25226946005448714,0.19509816734189178,0.2862786886893931,0.5186231439687151,0.00021111256320810673,0.0,0.003950820825751712,0.035728288078171966,0.29984015763071387,0.019301720064741186,0.0917837000995245,0.013802740442130024,0.006735496064258643,0.014265177485347783,0.017854091059885595,0.061383490997557126,0.027565268967458506,0.06868195389703739,0.07250208599318408,0.13353372271872768,0.011832356518854363,0.06920470881545746,0.02568536185698632,0.02613774592100369,0.13205166560439133,0.30077134197895394,0.3370361216977328,0.23014087071892195
5151186,54413,12190,28145,14078,14197,17776,22440,4,1,397,2102,2232,1031,6391,1748,1105,725,656,4703,343,4458,5859,9470,830,5820,1493,5045,5373,11272,13476,12102,0.2240273464061897,0.5172477165383272,0.25872493705548305,0.2609119144322129,0.3266866373844486,0.4124014481833385,7.351184459596052e-05,1.837796114899013e-05,0.007296050576149082,0.03863047433517725,0.041019609284545976,0.018947677944608825,0.11745354970319592,0.03212467608843475,0.020307647069634095,0.013324021833017846,0.012055942513737527,0.08643155128370059,0.006303640674103615,0.081928950802198,0.10767647437193317,0.17403929208093655,0.015253707753661808,0.10695973388712256,0.027438295995442265,0.09271681399665521,0.12725291902517585,0.2669635033038865,0.31916254174265213,0.28662103592828553
5151187,161396,33786,86913,40697,36784,53026,71586,5,4,804,6811,7685,4171,15165,9720,3067,5571,3285,11138,2243,12601,19974,30805,2076,14051,5955,6265,17047,35176,41421,33966,0.20933604302461029,0.5385077697092865,0.2521561872661032,0.22791147240328136,0.32854593670227267,0.443542590894446,3.0979702099184614e-05,2.4783761679347693e-05,0.004981536097548886,0.04220055019950928,0.047615802126446755,0.025843267491139806,0.09396143646682693,0.06022454088081489,0.019002949267639842,0.0345175840789115,0.020353664279164293,0.06901038439614365,0.013897494361694218,0.07807504523036507,0.1237577139458227,0.1908659446330764,0.012862772311581451,0.0870591588391286,0.03689682520012887,0.03881756673027832,0.13358670950552465,0.27565237834025547,0.3245905493299898,0.26617036282423007
5151200,205080,47154,111057,46869,45751,61700,97629,75,6,611,9288,7404,9271,24187,3433,3848,20569,4492,18783,8837,19496,11664,29993,2982,17363,7223,5555,18025,40112,49203,50586,0.2299297834991223,0.5415301345816267,0.22854008191925101,0.2230885508094402,0.3008582016773942,0.4760532475131656,0.00036571094207138677,2.9256875365710943e-05,0.0029793251414082307,0.04528964306612054,0.036102984201287304,0.04520674858591769,0.11793934074507509,0.016739808855080945,0.018763409401209283,0.10029744489955139,0.021903647357128925,0.09158864833235811,0.04309050126779793,0.09506534035498342,0.05687536571094207,0.1462502438072947,0.014540667056758338,0.08466452116247318,0.03522040179442169,0.027086990442754047,0.11413573445791067,0.2539923761761838,0.31155731165229283,0.3203145777136127
5151206,64628,17356,31059,16213,20486,22832,21310,41,1,285,3389,2273,1281,8422,1729,475,869,1086,4115,1510,3440,7852,7540,5904,10761,2123,1532,6228,13514,14718,12812,0.26855233025933034,0.48058117224732316,0.25086649749334655,0.3169833508695921,0.3532834065730024,0.32973324255740544,0.0006343999504858576,1.5473169524045306e-05,0.004409853314352912,0.05243857151698954,0.03517051432815498,0.019821130160302035,0.13031503373150957,0.026753110107074332,0.00734975552392152,0.01344618431639537,0.0168038621031132,0.06367209259144643,0.02336448598130841,0.05322770316271585,0.12149532710280374,0.1166676982113016,0.09135359286996349,0.16650677724825153,0.032849538899548184,0.023704895710837406,0.13174818074124217,0.28587747503807753,0.3113470976476561,0.2710272465730242
5151215,91559,21279,48816,21464,20963,28726,41870,860,340,108,10558,5674,6880,9932,2514,818,9931,879,4098,3373,5600,6968,7889,3071,5737,3057,3272,8724,20160,21684,19712,0.23240751864917703,0.5331644076497122,0.23442807370111077,0.22895619218209023,0.31374305092890925,0.4573007568890005,0.009392850511691914,0.003713452527878199,0.0011795672735613102,0.11531362290981771,0.06197096953876735,0.07514280409353531,0.10847650149084197,0.027457704867899387,0.00893412990530696,0.10846557957164232,0.009600366976485107,0.04475802488013194,0.03683963346039166,0.06116274751799386,0.07610393298310379,0.08616302056597386,0.03354121386209985,0.06265905044834479,0.03338830699330486,0.03573651962122784,0.12413204325554923,0.2868525896414343,0.3085372794536141,0.2804780876494024
5151235,165273,34096,88879,42298,30946,46892,87435,17,18,1012,8328,6054,4865,8299,4279,2113,8223,2140,12745,10200,9836,18103,28300,3614,12783,5978,18366,14198,32177,40561,44241,0.2063010897121732,0.5377708397620906,0.2559280705257362,0.18724171522269215,0.2837245043049984,0.5290337804723094,0.00010286011629243736,0.00010891071136846309,0.006123202216938036,0.05038935579314226,0.036630302590259754,0.029436145044865164,0.05021388853593751,0.025890496330314088,0.01278490739564236,0.049754043310159556,0.012948273462695056,0.0771148342439479,0.061716069775462415,0.05951365316778905,0.10953392266129373,0.17123184065152808,0.021866850604756977,0.07734475685683687,0.036170457364481795,0.1111252291662885,0.10823543761482576,0.2452945257171608,0.30920816911501253,0.3372618675530009
5151255,91009,16912,52711,21386,13472,20320,57217,4,0,293,2638,1604,1529,6932,3478,1395,2761,1711,16170,1060,6048,5228,6851,1362,8585,10324,13036,8814,15014,18192,32077,0.1858277752749728,0.5791844762605897,0.2349877484644376,0.14802931578195563,0.22327462119131075,0.6286960630267336,4.395169708490369e-05,0.0,0.0032194618114691955,0.028986144227493984,0.01762463053104638,0.016800536210704434,0.07616829104813809,0.03821600061532376,0.015328154358360163,0.03033765891285477,0.018800338428067553,0.17767473546572318,0.011647199727499478,0.06645496599237438,0.057444868089969126,0.0752782691821688,0.014965552857409707,0.09433132986847455,0.11343933017613643,0.14323858079970112,0.11895218429895947,0.2026262871641227,0.24551601279404026,0.43290551574287756
5151256,156709,39459,83325,33925,38099,48572,70038,167,131,783,18350,4032,4255,25505,2750,1700,2375,2130,13040,1074,9744,21010,18579,3827,16670,5836,4751,19065,27824,32928,37433,0.2517979184348059,0.5317180251293799,0.21648405643581414,0.24311941241409235,0.3099502900280137,0.44693029755789393,0.0010656694893082083,0.0008359443299363789,0.004996522216337287,0.117096018735363,0.025729217849644884,0.027152237586864827,0.16275389416051408,0.017548449674236962,0.01084813252589194,0.015155479264113739,0.013592071929499901,0.08321155772801818,0.006853467254592908,0.0621789431366418,0.13407015551117038,0.11855732599914491,0.024421060692110856,0.10637551129801097,0.03724100083594433,0.030317339782654475,0.16260127931769722,0.23730490405117272,0.2808358208955224,0.3192579957356077
5155000,105593,25364,55568,24661,26413,36304,42876,174,63,238,9676,4557,4657,15552,4388,2349,3562,1379,8680,1972,8734,7362,12140,1103,10139,4420,4448,11098,23337,26644,19150,0.2402053166403076,0.5262470050098018,0.23354767834989063,0.2501396872898772,0.3438106692678492,0.4060496434422736,0.0016478365043137329,0.0005966304584584205,0.0022539372875095887,0.09163486215942344,0.04315626982849242,0.04410330230223594,0.14728249031659296,0.04155578494786586,0.022245792808235396,0.03373329671474435,0.013059577812923205,0.08220241872093795,0.018675480382222307,0.08271381625675944,0.06972053071699828,0.11496974231246389,0.010445768185391077,0.09601962251285596,0.04185883533946379,0.04212400443211198,0.13832903314262923,0.29087985641102343,0.3320993655660671,0.2386917448802802
5159300,675123,139217,386048,149858,109176,147997,417950,75,218,2080,27349,6175,17920,63002,8630,22716,27696,10834,186620,20526,49929,57791,68298,9596,51426,25311,18931,61666,99709,137184,237347,0.2062098313936868,0.5718187648769187,0.2219714037293945,0.16171275456472375,0.21921486899424253,0.6190723764410337,0.00011109086788629627,0.0003229041226561678,0.00308092006937995,0.04050965527763089,0.009146481455971727,0.02654331136696572,0.0933192914476325,0.012782855864783157,0.033647202065401415,0.04102363569305149,0.01604744616906845,0.2764237035325415,0.030403348723121563,0.07395541256926516,0.08560069794689264,0.10116378793197683,0.014213706243158654,0.07617278629227563,0.037490946094267265,0.028040816266072997,0.1150686874190623,0.18605688311009766,0.2559851914328259,0.4428892380380141
5310100,86395,22497,44519,19379,18470,28213,39712,2932,120,208,7885,10029,2590,8682,2686,1317,1889,1255,3385,279,3909,9587,11771,2376,8115,3205,4175,6933,17351,21486,18128,0.26039701371607155,0.5152960240754674,0.22430696220846114,0.2137855199953701,0.326558249898721,0.4596562301059089,0.033937149140575266,0.001388969269054922,0.0024075467330285315,0.09126685572081718,0.11608310666126512,0.029978586723768737,0.10049192661612362,0.031089762139012673,0.015243937727877771,0.021864691243706234,0.014526303605532727,0.0391805081312576,0.003229353550552694,0.04524567393946409,0.11096706985357949,0.13624631055037909,0.02750159152728746,0.09392904681983912,0.03709705422767521,0.0483245558192025,0.10850104854612037,0.2715421452940624,0.3362546558577733,0.2837021503020439
5310200,69522,15166,35915,18441,14610,23777,31135,2805,49,366,5903,7259,1408,8935,2033,537,1666,1043,2232,219,2463,7051,9608,2445,7125,2552,3823,6449,14893,18922,14092,0.21814677368315066,0.5165990621673715,0.2652541641494779,0.21014930525589023,0.34200684675354565,0.44784384799056415,0.04034694053680849,0.0007048128649923765,0.005264520583412445,0.084908374327551,0.1044129915710135,0.020252581916515636,0.12852046834095682,0.0292425419291735,0.007724173642875636,0.0239636374097408,0.015002445269123444,0.03210494519720376,0.0031500819884353153,0.03542763441788211,0.10142113287880096,0.1382008572825868,0.035168723569517564,0.10248554414429964,0.03670780472368459,0.05498978740542562,0.11864375597910075,0.27398999190521744,0.3481124438884392,0.25925380822724264
5310300,52773,12063,26946,13764,11688,21276,19809,11111,4,1281,2880,2353,2777,5450,759,718,856,725,1252,60,1580,4438,7650,989,5103,1028,1759,8512,11255,12494,8449,0.22858279802171566,0.5106020123927009,0.26081518958558353,0.2214768915922915,0.40316070717980784,0.37536240122790065,0.21054327023288424,7.57963352471908e-05,0.024273776362912853,0.05457336137797737,0.044587194209159985,0.05262160574536221,0.10327250677429746,0.014382354613154454,0.013605442176870748,0.01622041574289883,0.013738085763553332,0.02372425293237072,0.001136945028707862,0.029939552422640365,0.08409603395675819,0.1449604911602524,0.018740643889867924,0.09669717469160366,0.019479658158528035,0.033331438424952155,0.20908867600098255,0.2764676983542127,0.3069024809629084,0.20754114468189633
5310400,29801,5579,15395,8827,7290,11950,10561,4778,469,338,1140,1859,487,3098,602,312,342,304,577,167,624,3636,4166,752,1960,563,3627,3738,7402,8272,4810,0.1872084829368142,0.5165934029059428,0.29619811415724306,0.2446226636690044,0.4009932552598906,0.354384081071105,0.16033019026207174,0.01573772692191537,0.011341901278480587,0.0382537498741653,0.06238045703164324,0.016341733498875875,0.1039562430790913,0.020200664407234656,0.010469447333982081,0.01147612496224959,0.01020099996644408,0.0193617663836784,0.005603838797355793,0.020938894667964163,0.12200932854602195,0.13979396664541457,0.025234052548572194,0.06576960504681051,0.018891983490486895,0.12170732525754169,0.1543225167203369,0.3055899595409132,0.34150772025431425,0.19857980348443563
5310500,229453,56259,120904,52290,44387,81968,103098,1708,313,663,11986,16967,10715,28935,7290,3604,11446,3479,10607,4021,11768,20524,44384,4632,20569,6094,9748,17329,49859,61142,44864,0.24518746758595442,0.5269227249153421,0.22788980749870344,0.19344702400927424,0.3572322000583998,0.449320775932326,0.007443790231550688,0.0013641137836506822,0.0028894806343782824,0.05223727735091718,0.07394542673227197,0.04669801658727495,0.12610425664515174,0.03177121240515487,0.0157069203714922,0.0498838542097946,0.015162146496232343,0.04622733195905044,0.017524286019359084,0.05128719171246399,0.08944751212666646,0.193433949436268,0.020187140721629266,0.08964363072176001,0.026558815966668554,0.0424836458882647,0.10005542917191126,0.28787948774206956,0.35302608635403077,0.2590389967319884
5310600,38476,9676,19350,9450,8365,12870,17241,3059,17,172,1275,4954,1207,3304,823,239,392,379,880,17,312,10268,5071,418,2910,549,2230,3387,7511,9523,8379,0.25148144297744046,0.5029109054995322,0.24560765152302735,0.21740825449630938,0.3344942301694563,0.4480975153342343,0.07950410645597256,0.0004418338704647053,0.004470319159995842,0.0331375402848529,0.12875558789895,0.03137020480299407,0.08587171223619919,0.021389957376026614,0.006211664414180269,0.010188169248362616,0.009850296288595487,0.022871400353467096,0.0004418338704647053,0.008108951034411062,0.266867657760682,0.13179644453685413,0.01086391516789687,0.07563156253248779,0.01426863499324254,0.057958207713899576,0.11760416666666666,0.26079861111111113,0.33065972222222223,0.2909375
5310700,150095,35581,79035,35479,29061,50155,70879,15884,82,2243,9770,11420,3885,15934,3346,1245,2950,1756,9287,606,13505,14490,19744,2293,11861,3319,6475,18540,29082,37241,29651,0.23705653086378628,0.5265665078783437,0.23637696125787003,0.19361737566208068,0.33415503514440853,0.47222758919351077,0.10582631000366434,0.0005463206635797328,0.01494386888304074,0.06509210833139012,0.07608514607415304,0.02588360704886905,0.10615943235950565,0.02229254805289983,0.008294746660448382,0.01965421899463673,0.011699257137146474,0.06187414637396316,0.004037442952796563,0.08997634831273527,0.09653885872280889,0.13154335587461274,0.015276991238882041,0.07902328525267331,0.02211266198074553,0.04313934508144841,0.16190160155090208,0.253960214471593,0.325209144733395,0.25892903924410987
5310800,52908,13019,27001,12888,12473,18371,22064,9253,62,1638,2402,5425,2225,4801,1415,780,628,508,865,53,2215,6404,4870,1216,4772,820,2556,7219,11352,12782,8536,0.24606864746352158,0.5103387011416043,0.24359265139487413,0.23574884705526575,0.34722537234444695,0.4170257806002873,0.1748884856732441,0.001171845467604143,0.03095940122476752,0.04539956150298632,0.10253647841536252,0.04205413170030997,0.09074242080592727,0.026744537688062297,0.014742572011794058,0.011869660542829062,0.009601572541014592,0.01634913434641264,0.0010017388674680577,0.041865124366825435,0.1210402963634989,0.09204657140697059,0.022983291751719967,0.0901942995388221,0.015498601345732214,0.04831027443864822,0.18097721176264134,0.2845897365188398,0.3204392188322595,0.21399383288625937
5310900,109041,24855,56148,28038,23105,45541,40395,28379,48,623,3714,9092,4253,9857,3320,829,1352,930,1589,737,1960,10272,15846,2145,6462,1761,5872,20164,23572,25193,15257,0.22794178336588988,0.5149255784521418,0.25713263818196824,0.2118927742775653,0.41765024165222253,0.3704569840702121,0.2602599022386075,0.00044020139213690263,0.005713447235443549,0.03406058271659284,0.08338148036059831,0.03900367751579681,0.0903971900477802,0.030447262956135767,0.007602644876697756,0.012399005878522757,0.008528901972652488,0.014572500252198714,0.006758925541768692,0.017974890178923526,0.09420309791729717,0.14532148457919497,0.019671499711117837,0.059262112416430514,0.016149888574022615,0.05385130363808109,0.23951725940180077,0.2799990497232319,0.29925403273703466,0.18122965813793268
5311000,34618,7488,17965,9165,7671,11711,15236,2668,216,513,1581,5583,819,3891,1297,298,370,498,690,96,1178,4127,4252,352,3194,832,2163,3496,8315,9310,6009,0.21630365705702237,0.5189496793575596,0.264746663585418,0.2215899243168294,0.3382922179213126,0.44011785776185797,0.0770697325090993,0.006239528568952568,0.014818880351262349,0.04566988271997227,0.16127448148362122,0.02365821249061182,0.11239817436015946,0.03746605812005315,0.008608238488647524,0.010688081344965046,0.014385579756196198,0.019931827373042926,0.0027731238084233636,0.03402854006586169,0.11921543705586689,0.12282627534808481,0.010168120630885666,0.09226414004275232,0.024033739673002485,0.06248194580853891,0.12886103943973462,0.30648728345005527,0.34316255068190193,0.22148912642830815
5311100,158370,38214,85930,34226,28967,51319,78084,588,136,1661,13536,14161,7386,17806,4030,3148,5227,3117,9212,3276,7498,16426,23735,3432,13221,5142,5632,11850,30138,41229,36939,0.24129569994317104,0.5425901370209004,0.2161141630359285,0.1829071162467639,0.32404495800972405,0.493047925743512,0.0037128243985603336,0.000858748500347288,0.010488097493212098,0.0854707330933889,0.08941718759866137,0.04663762076150786,0.11243291027341037,0.025446738649996845,0.019877502052156343,0.03300498831849467,0.01968175790869483,0.05816758224411189,0.020685735934836143,0.04734482540885269,0.10371913872576877,0.14987055629222706,0.02167077097935215,0.08348172002273158,0.03246827050577761,0.03556229083791122,0.09862179167082792,0.2508239288924398,0.3431289323878957,0.3074253470488365
5311200,43861,9492,23396,10973,8589,15026,20246,2166,216,406,2687,7627,1553,4694,993,303,969,574,899,106,1557,4309,6609,501,3899,1145,2648,3935,10683,12248,7503,0.21641093454321608,0.5334123708989763,0.2501766945578076,0.1958231686464057,0.34258224846674723,0.46159458288684707,0.049383278995006955,0.004924648320831718,0.0092565148993411,0.06126171313923531,0.17389024418047924,0.03540730945486879,0.10701990378696336,0.022639702697156927,0.006908187227833383,0.022092519550397847,0.013086796926654659,0.020496568705683865,0.0024167255648526024,0.035498506645995305,0.09824217414103646,0.1506805590387816,0.011422448188595792,0.08889446205056885,0.026105195959964432,0.060372540525751806,0.11449271145509034,0.31083243620704704,0.35636765690011346,0.21830719543774912
5311300,35692,7774,18538,9380,7304,13515,14873,1439,58,488,1619,3540,874,4134,1035,246,721,293,893,67,1135,4195,4125,1369,3857,1172,4432,3168,8823,9923,6004,0.2178079121371736,0.5193880981732601,0.2628039896895663,0.20463969516978595,0.3786562815196683,0.4167040233105458,0.040317157906533674,0.0016250140087414548,0.013672531659755688,0.045360304830214054,0.09918188949904741,0.024487280062759163,0.11582427434719265,0.028998094811162164,0.006892300795696514,0.02020060517763084,0.00820912249243528,0.025019612238036535,0.0018771713549254735,0.03179984310209571,0.11753334080466211,0.11557211700100863,0.0383559341028802,0.10806343158130674,0.03283648996974112,0.1241734842541746,0.11347517730496454,0.3160326670964969,0.3554337703273873,0.21505838527115123
5311400,120744,25293,65597,29854,21118,36369,63257,1999,7,234,6048,3333,3116,12394,2677,1829,2559,1303,5499,903,7440,11982,15134,3040,8721,4114,28412,8940,23368,32884,30259,0.20947624726694494,0.5432733717617438,0.24725038097131122,0.17489895978268072,0.30120751341681573,0.5238935268005035,0.016555688067315975,5.797389518319751e-05,0.001937984496124031,0.05008944543828265,0.027603856092228186,0.025806665341549063,0.10264692241436428,0.022170873915059962,0.015147750612866892,0.021193599681971775,0.010791426489100907,0.045542635658914726,0.007478632478632479,0.06161796859471278,0.0992347445835818,0.12533956138607302,0.02517723447956006,0.07222719141323793,0.034072086397667796,0.23530775856357253,0.09366062168023384,0.24481671223978796,0.3445118437732449,0.3170108223067333
5311500,312299,73642,167132,71525,58489,98938,154872,1087,196,670,23311,17052,14318,38067,23281,3150,9856,5276,9489,997,22779,28906,52385,7507,28261,11380,14331,27152,65032,81032,65441,0.2358060704645228,0.5351666191694497,0.22902731036602744,0.1872852618804415,0.3168053692134781,0.4959093689060804,0.003480638746841969,0.0006276036746835564,0.002145379908357055,0.07464321051300196,0.05460151969746941,0.04584708884754674,0.12189280144989258,0.07454714872606061,0.010086487628842872,0.0315594990698017,0.016894066263420632,0.030384343209552384,0.0031924533860178865,0.07293971482457516,0.09255873377756572,0.16773989029743933,0.024037861152293154,0.09049340535832648,0.03643943784642282,0.045888715621887996,0.11376997113011561,0.27249148359360925,0.3395333051199001,0.27420524015637504
5311600,1400803,305894,809817,285092,189911,312205,898687,2666,428,5714,73188,100297,67758,160376,62546,117581,44160,30059,130852,35068,74890,102026,164737,30907,114017,45651,37882,105303,227691,326268,435647,0.21837046322716328,0.5781091274076369,0.20352040936519983,0.13557295351309212,0.22287573627412277,0.6415513102127851,0.0019031940965289194,0.00030553903725220465,0.0040790889225679845,0.05224717537012699,0.0715996467740289,0.04837082730405346,0.11448861831392423,0.044650104261627084,0.08393828396998007,0.031524775432377,0.021458406356925277,0.0934121357535642,0.02503421251953344,0.05346219275658319,0.07283393881937718,0.1176018326631225,0.02206377342138759,0.08139402899622573,0.03258916492897288,0.027043060301841157,0.09617511592287578,0.20795426834558853,0.29798640800285686,0.39788420772867883
5311700,282216,61747,151759,68710,46092,75117,161007,1587,200,1407,24054,56021,9278,35435,4816,5896,9588,3465,14529,1717,14278,19855,32750,6635,21839,7471,11395,22154,53114,73571,71630,0.21879340646880405,0.5377405958556567,0.2434659976755393,0.16332171102984946,0.2661684667063526,0.570509822263798,0.005623352325878051,0.0007086770416985572,0.004985542988349349,0.08523258780508547,0.19850398276497436,0.032875527964396065,0.12555985486294186,0.017064943164101256,0.020891799189273464,0.03397397737902883,0.012277829747427502,0.05148184369419168,0.006083992402982113,0.050592454006859994,0.07035391331462426,0.11604586557813873,0.023510360858349632,0.07738398956827394,0.0264726308926496,0.04037687445077529,0.10048578258167815,0.24091368854578193,0.3337022438528773,0.3248982850196626
5311800,69727,16610,35662,17455,15246,25228,29253,255,56,276,4499,2673,1199,10774,1519,1379,1634,1294,4815,395,2882,8186,11195,2852,7725,2414,3705,5273,13935,18254,15655,0.23821475181780372,0.5114518048962382,0.2503334432859581,0.21865274570826224,0.36181106314627043,0.4195361911454673,0.0036571199105081245,0.0008031322156409999,0.003958294491373499,0.06452306853872962,0.03833522165014987,0.017195634402742122,0.15451690163064524,0.02178496134926212,0.019777130810159624,0.023434250720667748,0.018558090839990247,0.06905502889841812,0.005664950449610624,0.04133262581209574,0.11740071995066474,0.1605547348946606,0.040902376410859496,0.11078922081833437,0.03462073515281024,0.053135801052676866,0.09927141969614248,0.26234538848203026,0.34365645650168497,0.2947267353201423
5311900,29897,6043,15050,8804,7141,11302,11454,895,27,212,1841,1758,462,3866,770,347,434,374,775,139,799,2815,5359,1134,3382,1347,3161,2450,7245,8444,5715,0.20212730374285046,0.5033949894638258,0.29447770679332375,0.23885339666187244,0.3780312405927016,0.38311536274542596,0.02993611399137037,0.0009031006455497207,0.007091012476168178,0.061578084757667996,0.058801886476904035,0.015453055490517443,0.12931063317389704,0.02575509248419574,0.01160651570391678,0.014516506672910325,0.012509616349466502,0.025922333344482722,0.004649295915978192,0.026725089473860254,0.09415660434157273,0.17924875405559088,0.03793022711308827,0.11312171789811687,0.04505468776131384,0.10572967187343212,0.10270814119225287,0.30372264609709065,0.3539867527458707,0.23958245996478578
5400100,60583,11896,31155,17532,13719,22042,24822,10,2940,634,3877,6279,2592,6125,1528,460,2283,502,2021,956,2738,4027,11530,1051,6429,2050,2551,4483,17136,16246,10822,0.19635871449086378,0.514253173332453,0.28938811217668325,0.22644966409718897,0.36383143786210653,0.4097188980407045,0.00016506280639783438,0.048528465080963305,0.0104649819256227,0.06399485004044039,0.1036429361372002,0.04278427941831867,0.10110096891867355,0.025221596817589093,0.007592889094300381,0.03768383870062559,0.008286152881171285,0.03335919317300233,0.015780004291632968,0.04519419639172705,0.0664707921364079,0.19031741577670303,0.017348100952412394,0.10611887823316772,0.03383787531155605,0.042107521912087546,0.09207796742456918,0.3519625362006285,0.33368250251607207,0.22227699385873026
5400200,60534,14108,32524,13902,13865,21275,25394,12,3142,1102,4799,2744,1915,7820,2857,841,1251,549,3292,509,3254,5080,10759,685,5112,1911,2900,4894,16410,14886,10236,0.2330591072785542,0.5372848316648495,0.2296560610565963,0.2290448343079922,0.3514553804473519,0.4194997852446559,0.00019823570224997521,0.05190471470578518,0.01820464532328939,0.07927776125813592,0.04532989724782767,0.03163511415072521,0.1291835992995672,0.047196616777348266,0.01389301879935243,0.020666071959559915,0.009069283377936367,0.05438266098390987,0.008408497703769783,0.053754914593451615,0.08391978061915617,0.17773482670895696,0.011315954670102752,0.08444840915848945,0.031569035583308556,0.047906961377077346,0.10541506914229096,0.3534657304096842,0.320639296945677,0.22047990350234783
5400300,67897,17932,35726,14239,15078,22315,30504,62,652,649,4038,3987,1274,6601,1185,807,913,813,3314,1078,3226,10498,16090,478,6640,2144,3448,4492,15039,15397,15037,0.2641059251513322,0.5261793599128091,0.20971471493585872,0.22207166737852924,0.3286595873160817,0.4492687453053891,0.0009131478563117664,0.009602780682504381,0.009558596108811877,0.05947243619011149,0.05872129843733891,0.018763715628083714,0.09722079031474144,0.017452906608539404,0.011885650323283798,0.013446838593752302,0.011974019470668807,0.048809225738986994,0.015876990146840065,0.04751314491067352,0.1546165515413052,0.2369765969041342,0.007040075408339102,0.09779518977274401,0.03157724199891011,0.050782803363918876,0.08990293205243671,0.30099069348543983,0.3081557089962974,0.3009506654658261
5400400,67791,15185,35748,16858,16950,23087,27754,299,208,397,3491,5065,1864,7683,3230,2194,1562,537,2931,381,3019,8818,11201,1058,7943,1777,4133,5669,16765,16790,13382,0.2239972857753979,0.5273266362791521,0.24867607794545,0.2500331902464929,0.3405614314584532,0.4094053782950539,0.004410614978389462,0.0030682538980100604,0.005856234603413432,0.05149651133631308,0.07471493266067768,0.027496275316782465,0.1133336283577466,0.047646442743136994,0.03236417813574073,0.023041406676402473,0.00792140549630482,0.043235827764747534,0.005620215072797274,0.044533935183136406,0.13007626381083034,0.16522842265197446,0.01560679146199348,0.11716894573025918,0.026212919119057102,0.06096679500228644,0.10776337299927764,0.3186898832832757,0.31916511424552335,0.25438162947192333
5400500,42098,8810,22465,10823,9988,17681,14429,366,2090,522,2726,5323,1002,4671,1610,393,914,269,843,393,1373,4042,8541,185,3374,1089,2372,3880,12999,10142,6267,0.20927359969594755,0.5336358021758754,0.2570905981281771,0.23725592664734665,0.4199961993443869,0.34274787400826645,0.008693999714950829,0.04964606394603069,0.012399638937716756,0.0647536700080764,0.12644306142809636,0.023801605776996533,0.11095538980474132,0.03824409710675091,0.009335360349660317,0.02171124518979524,0.006389852249513041,0.020024704261485105,0.009335360349660317,0.03261437597985652,0.09601406242576845,0.2028837474464345,0.00439450805263908,0.08014632524110409,0.02586821226661599,0.05634471946410756,0.11655851958663782,0.3905010814708003,0.30467435712569096,0.18826604181687095
5400600,29152,5733,15969,7450,6666,10725,11761,43,1796,244,2536,4245,529,3800,725,230,796,234,684,173,665,2972,4783,75,2363,850,1409,2466,9108,7573,4272,0.19665889132821077,0.5477840285400659,0.2555570801317234,0.2286635565312843,0.36789928649835346,0.40343715697036225,0.001475027442371021,0.06160812294182217,0.008369923161361141,0.08699231613611416,0.14561608122941821,0.018146267837541162,0.13035126234906697,0.024869648737650935,0.007889681668496159,0.02730515916575192,0.00802689352360044,0.02346322722283205,0.005934412733260154,0.022811470911086717,0.10194840834248078,0.164071075740944,0.002572722283205269,0.081057903402854,0.029157519209659713,0.04833287596048299,0.10529911610231009,0.388914983560357,0.3233699133182459,0.18241598701908707
5400700,42093,8918,22923,10252,10096,15685,16312,16,258,470,2472,3483,928,6181,1803,481,1704,371,1274,425,2371,3011,7173,573,4225,1352,3522,3220,11139,11183,7633,0.21186420544983728,0.5445798588838999,0.2435559356662628,0.23984985627063882,0.37262727769462856,0.3875228660347326,0.00038011070724348466,0.00612928515430119,0.011165752025277363,0.05872710426911838,0.08274534958306606,0.02204642102012211,0.14684151759199868,0.042833725322500175,0.011427078136507257,0.040481790321431114,0.0088138170242083,0.030266315064262465,0.010096690661155061,0.05632765542964389,0.07153208371938327,0.17040838144109471,0.013612714703157294,0.10037298363148267,0.032119354762074455,0.08367186943197207,0.09706103993971364,0.3357648831951771,0.3370911831198191,0.23008289374529012
5400800,67993,16388,36634,14971,16580,25799,25614,223,116,782,2742,5618,1997,8712,1868,724,1270,691,2323,780,4046,6675,17884,957,6560,1700,2325,5073,16843,17380,12309,0.2410248113776418,0.5387907578721339,0.22018443075022429,0.24384863147676966,0.3794361184239554,0.3767152500992749,0.0032797493859662023,0.0017060579765564101,0.011501183945406144,0.040327680790669625,0.0826261526921889,0.02937067051019958,0.12813083699792627,0.027473416381098053,0.01064815495712794,0.018678393364022768,0.01016281087759034,0.034165281720177076,0.011471769152706895,0.059506125630579616,0.0981718706337417,0.26302707631667965,0.014074978306590385,0.09648052005353493,0.025002573794361185,0.03419469651287633,0.09830442786551691,0.3263831024125569,0.3367890708264703,0.23852339889545587
5400900,28831,5838,16459,6534,5872,9086,13873,99,1069,614,2992,2735,1761,3145,1298,250,765,522,1344,317,2047,2429,3444,313,2061,815,811,2397,8080,7509,5007,0.20249037494363706,0.5708785682078319,0.2266310568485311,0.20366966112864626,0.3151468904998092,0.48118344837154453,0.0034338038916444107,0.03707814505220076,0.021296521105754224,0.10377718428080886,0.09486316811765114,0.06108008740591724,0.10908397211335022,0.04502098435711561,0.008671221948596996,0.02653393916270681,0.018105511428670527,0.04661648919565745,0.010995109430820991,0.07099996531511221,0.08424959245256841,0.11945475356387222,0.010856369879643439,0.07148555374423364,0.028268183552426208,0.028129444001248657,0.1042491192971774,0.3514112990910277,0.3265776540686296,0.2177619275431653
5401000,108895,21421,59591,27883,22022,41031,45842,29,2050,1074,5154,3546,3650,12028,3277,2091,4854,1343,5811,2133,7639,6139,22239,1351,9107,3127,12253,8370,28367,28815,21922,0.1967124294044722,0.5472335736259699,0.25605399696955783,0.20223150741540016,0.376794159511456,0.42097433307314386,0.0002663115845539281,0.018825474080536298,0.009862711786583406,0.04732999678589467,0.03256347858028376,0.03351852702144267,0.11045502548326369,0.030093209054593874,0.019201983562147022,0.044575049359474726,0.01233298131227329,0.05336333164975435,0.019587676201845816,0.07015014463473988,0.05637540750264016,0.2042242527205106,0.012406446576977823,0.08363102070802149,0.028715735341383903,0.11252123605307865,0.095685575142328,0.32429064636349086,0.32941216818711844,0.2506116103070627
5401100,28972,5947,15384,7641,7319,12713,8940,457,557,211,1424,2320,677,3786,864,302,457,271,777,84,1093,2942,5611,249,4554,860,1476,2708,8592,7176,4549,0.2052671544939942,0.5309954438768466,0.2637374016291592,0.2526232224216485,0.4388029821897004,0.3085737953886511,0.015773850614386305,0.01922545906392379,0.007282893828524093,0.04915090432141378,0.08007731602926964,0.02336738920336877,0.13067789589948917,0.029821897004003867,0.010423857517603203,0.015773850614386305,0.009353858898246583,0.026818997652906254,0.002899351097611487,0.037726080353444706,0.1015463205853928,0.19366975010354825,0.008594505039348336,0.15718624879193704,0.029683832666022366,0.05094574071517327,0.1176112920738328,0.37315960912052115,0.3116612377850163,0.19756786102062976
5401200,64451,14549,34811,15091,15503,26891,22057,108,2459,542,2329,2036,2355,9150,1709,828,1187,473,2072,669,5698,4733,14881,817,6852,2287,3266,5589,17164,16248,10901,0.22573738188701495,0.5401157468464415,0.23414687126654357,0.24053932444803028,0.4172316953965028,0.34222898015546693,0.0016756916106809825,0.03815301546911607,0.008409489379528633,0.03613597927107415,0.03158988999394889,0.03653938651068253,0.1419683170160277,0.02651626817272036,0.012846969015220866,0.018417092054428947,0.0073389086282602285,0.032148453864175884,0.010379978588384974,0.08840824812648368,0.07343563327178787,0.23088858202355278,0.012676296721540395,0.10631332329987123,0.03548432142247599,0.050674155560037855,0.1119995190573524,0.34395415013426317,0.32559817241793915,0.21844815839044526
5401300,24157,4516,13997,5644,4936,8922,10299,125,4356,292,579,595,361,2781,1158,143,487,192,574,196,923,2881,4328,107,1478,826,1775,2171,7150,6297,4023,0.18694374301444716,0.5794179740861862,0.23363828289936664,0.20433000786521505,0.3693339404727408,0.42633605166204414,0.0051744835865380635,0.18032040402367844,0.012087593658152916,0.02396820797284431,0.024630541871921183,0.014943908597921928,0.11512191083329884,0.04793641594568862,0.005919609222999544,0.020159788053152296,0.007948006788922466,0.023761228629382788,0.008113590263691683,0.03820838680299706,0.11926149770252929,0.17916131970029392,0.004429357950076583,0.06118309392722606,0.034192987539843525,0.0734776669288405,0.11053408685912122,0.364034417799501,0.3206048571864976,0.2048266381548801
5500100,64124,12862,31706,19556,18540,22864,22720,913,145,395,2594,11198,2200,6915,2880,641,1415,544,1308,662,1600,6036,8980,1493,6050,1677,6478,4324,18323,18328,10287,0.20058012600586364,0.4944482565030254,0.30497161749111096,0.2891273158255879,0.35655916661468406,0.354313517559728,0.014238038799825338,0.002261243840059884,0.006159940116025201,0.04045287255941613,0.1746304035930385,0.03430852722849479,0.10783793899320067,0.04491298109912045,0.009996257251575073,0.022066620921963695,0.008483563096500531,0.02039797891585054,0.01032374773875616,0.02495165616617803,0.09413012288690661,0.1400411702326742,0.023283014160064876,0.09434844987836068,0.02615245461917535,0.1010230179028133,0.08435098123366236,0.3574382583590184,0.3575357964964301,0.20067496391088915
5500104,348257,85717,186992,75548,73636,92616,182005,2012,130,1404,16290,24414,13388,30925,7667,17272,18952,4712,24528,10075,17795,39183,51178,5392,27332,11335,24273,21651,67213,85241,88435,0.24613144890124247,0.5369368024189033,0.21693174867985424,0.211441550349311,0.26594153168493384,0.5226169179657552,0.005777342594693,0.00037328754339467694,0.004031505468662511,0.046775800629994514,0.07010340064952032,0.03844287408436873,0.08879936368831065,0.022015350732361445,0.049595557303945076,0.0544195809416609,0.01353023772673629,0.07043074511065105,0.028929784613087463,0.05109732180544828,0.11251173702179712,0.14695469150655982,0.0154828187229546,0.07848227027741007,0.03254780234137433,0.06969852723706918,0.08246743353393769,0.2560105126837815,0.32467814428277597,0.3368439094995048
5500200,160858,38474,85430,36954,36678,51207,72973,844,73,726,7602,27576,8420,15704,7680,1602,9965,1378,6887,5949,6835,10989,23161,3044,13463,4341,4619,11423,38713,42651,29597,0.23917989779805793,0.5310895323825983,0.22973056981934378,0.22801477079162988,0.3183366696092206,0.45364855959914957,0.005246863693443907,0.00045381640950403464,0.004513297442464783,0.04725907321985851,0.17143070285593504,0.05234430367156125,0.09762647801166247,0.047743972945081994,0.009959094356513197,0.06194904822887267,0.00856656181228164,0.042814159071976526,0.036982929043006874,0.0424908925884942,0.06831491128821694,0.1439841350756568,0.018923522610003855,0.08369493590620299,0.026986534707630332,0.028714767061631997,0.09333736436135442,0.31632402928487385,0.3485014380964832,0.24183716825728854
5500600,43387,8769,21287,13331,12222,15959,15206,875,3,172,2034,6219,1442,6408,1360,504,1987,374,869,337,1239,3274,5144,1140,4502,1250,4254,3053,12381,12504,6680,0.20211123147486573,0.4906308341208196,0.30725793440431465,0.2816972825961694,0.36782907322469865,0.350473644179132,0.020167331228248094,6.914513563970775e-05,0.003964321110009911,0.046880401963721854,0.14333786618111416,0.033235761864152856,0.14769400972641575,0.03134579482333418,0.0116163827874709,0.045797128172033096,0.0086200935764169,0.020029040956968676,0.007767303570193837,0.0285569410191993,0.07546039136146772,0.11856085924355221,0.026275151543088945,0.10376380021665475,0.02881047318321156,0.09804780233710558,0.08819111444913051,0.35764631116760065,0.3611993760471431,0.1929631983361257
5500700,73496,16549,36674,20273,18850,25339,29307,2236,1331,417,3020,14931,2191,7516,4963,492,1699,307,1474,1009,1658,7319,9854,489,5676,1330,5584,4926,19838,20454,11729,0.2251687166648525,0.4989931424839447,0.2758381408512028,0.25647654294111244,0.34476706215304237,0.3987563949058452,0.0304234244040492,0.018109829106345923,0.005673778164798084,0.04109067160117558,0.20315391313812997,0.029811146184826384,0.10226406879285947,0.06752748448895178,0.0066942418635027754,0.02311690432132361,0.004177098073364536,0.020055513225209536,0.013728638293240449,0.02255905083269838,0.09958365081092849,0.13407532382714707,0.006653423315554588,0.07722869271797105,0.018096222923696528,0.07597692391422663,0.08650148383584737,0.34835900047412505,0.3591760760004917,0.20596343968953587
5500800,54736,12236,26312,16188,15436,18656,20644,1980,61,153,2073,9803,2656,9605,1433,1162,1558,206,1268,251,1294,5726,6970,655,3375,1164,3343,3432,14638,15075,9355,0.22354574685764397,0.4807073954983923,0.29574685764396375,0.28200818474130374,0.3408360128617363,0.37715580239695995,0.03617363344051447,0.001114440222157264,0.0027952353113124815,0.03787269804150833,0.1790960245542239,0.04852382344343759,0.17547866121017247,0.02618021046477638,0.021229172756503947,0.028463899444606842,0.0037635194387605963,0.023165741011400176,0.004585647471499562,0.023640748319204912,0.10461122478807366,0.1273384975153464,0.011966530254311604,0.06165960245542239,0.021265711780181235,0.061074978076585795,0.08075294117647058,0.3444235294117647,0.3547058823529412,0.22011764705882353
5500900,72154,20250,35385,16519,18887,23724,29543,40,1,539,2710,7925,3811,8275,2619,852,4246,725,2154,1680,2567,6182,15139,857,6654,2943,2235,3593,14656,19206,14449,0.2806497214291654,0.490409402112149,0.22894087645868558,0.2617595698090196,0.32879674030545775,0.40944368988552265,0.0005543698201069934,1.3859245502674834e-05,0.007470133325941736,0.037558555312248804,0.10983452060869807,0.052817584610693795,0.11468525653463425,0.03629736397150539,0.011808077168278959,0.05884635640435735,0.010047952989439255,0.029852814812761592,0.023283532444493722,0.0355766832053663,0.08567785569753583,0.2098151176649943,0.011877373395792333,0.09221941957479834,0.04078775951437204,0.030975413698478255,0.06922395191122072,0.28236744759556104,0.37002928483353886,0.2783793156596794
5501000,58708,14154,29329,15225,15537,20070,23101,684,204,345,2688,11875,1920,7211,1382,198,1492,524,1644,535,1373,3895,6925,962,8342,1240,5269,4342,15693,15376,9143,0.2410915037132929,0.4995741636574232,0.2593343326292839,0.2646487701846426,0.3418614158206718,0.3934898139946856,0.011650882332901819,0.003474824555426858,0.005876541527560128,0.045785923553859784,0.2022722627239899,0.032704231109899846,0.12282823465285822,0.02354023301764666,0.0033726238332084215,0.02541391292498467,0.008925529740410165,0.028002997887851742,0.009112897731143967,0.023386931934319004,0.06634530217346869,0.11795666689377939,0.016386182462356066,0.1420930707910336,0.021121482591810316,0.08974926756149076,0.09745477398213404,0.3522242671813979,0.3451093055617902,0.2052116532746779
5501001,67895,15865,34110,17920,17872,21067,28956,1593,39,200,3523,19403,2888,6979,2819,636,1193,343,1188,1534,3422,4122,8185,896,4384,1602,2946,5071,18864,17598,10497,0.23366963693939172,0.5023934015759629,0.2639369614846454,0.26322998748066867,0.3102879446203697,0.42648206789896165,0.023462699756977685,0.0005744163782310921,0.0029457250165697032,0.051888946166875324,0.28577951248250977,0.04253626923926652,0.1027910744531998,0.041519994108549965,0.009367405552691657,0.017571249723838278,0.005051918403417041,0.01749760659842404,0.022593710877089623,0.05040135503350762,0.06071139259150159,0.12055379630311511,0.01319684807423227,0.0645702923632079,0.023595257382723323,0.043390529494071725,0.0974630021141649,0.36256006150297904,0.33822794541610607,0.20174899096674995
5501300,39446,7995,19573,11878,11097,13015,15334,1050,129,144,1737,10965,686,4551,1167,253,761,287,681,109,770,2647,5172,474,4053,1068,2742,2966,12018,10783,5684,0.20268214774628607,0.49619733306292146,0.30112051919079247,0.2813213000050702,0.32994473457384776,0.38873396542108196,0.026618668559549766,0.0032702935658875426,0.003650560259595396,0.04403488313136947,0.2779749531004411,0.017390863458905847,0.11537291487096284,0.029584748770471025,0.006413831567205801,0.019292196927445115,0.007275769406276935,0.01726410789433656,0.002763271307610404,0.019520356943669825,0.06710439588297926,0.131115955990468,0.01201642752116818,0.1027480606398621,0.02707498859199919,0.06951275160979567,0.09430542749038186,0.3821182156370227,0.342850783758863,0.18072557311373247
5501301,39885,8732,20228,10925,10229,12568,17088,2286,66,843,1961,10981,1191,3908,1295,172,975,207,926,605,1351,2928,4521,355,2641,947,1726,2491,10824,11116,6722,0.21892942208850444,0.5071580794785007,0.27391249843299487,0.25646232919643974,0.3151059295474489,0.42843174125611133,0.057314779992478374,0.0016547574276043625,0.021135765325310266,0.04916635326563871,0.27531653503823494,0.029860849943587814,0.09798169737996741,0.032468346496176505,0.004312398144665915,0.024445280180518992,0.005189921022940956,0.023216748150933934,0.01516860975303999,0.033872383101416575,0.07341105678826626,0.11335088379089883,0.008900589193932556,0.06621536918641092,0.02374326187789896,0.04327441394007772,0.07996019644978011,0.34744647385484545,0.3568195679388823,0.21577376175649216
5501400,49315,11096,24202,14017,14008,17698,17609,1851,84,221,1560,11563,1397,5574,1171,491,1189,223,719,218,940,4362,7035,848,4550,1175,4144,3670,14359,13240,6950,0.22500253472574266,0.4907634593936936,0.28423400588056374,0.28405150562709114,0.3588766095508466,0.35707188482206226,0.03753421879752611,0.0017033356990773599,0.004481395113048768,0.03163337726857954,0.23447227010037514,0.028328094900131804,0.11302849031734766,0.023745310757376053,0.009956402717225997,0.0241103112643212,0.004521950724931562,0.014579742471864544,0.004420561695224577,0.01906113758491331,0.08845178951637434,0.1426543647977289,0.017195579438304777,0.09226401703335699,0.02382642198114164,0.08403122782114975,0.0960255370365525,0.3757031842800701,0.34642455323268534,0.18184672545069205
5501401,63879,16022,31786,16071,16374,19795,27710,1494,354,153,3628,14689,2581,7878,1760,1478,2268,470,1350,452,1861,5001,7706,702,5244,1771,3039,4222,16310,16685,10640,0.25081795269180795,0.49759701936473644,0.2515850279434556,0.25632837082609305,0.3098827470686767,0.4337888821052302,0.023387967876767012,0.005541727328229934,0.002395153336777345,0.05679487781587063,0.22995037492759748,0.04040451478576684,0.12332691494857465,0.027552090671425663,0.023137494325208598,0.035504625933405344,0.007357660577028444,0.021133705912741278,0.0070758778315252275,0.02913320496563816,0.07828863945897713,0.12063432426932169,0.010989527074625464,0.08209270652327055,0.027724291238122076,0.047574320199126476,0.08822115886913096,0.3408069874835447,0.34864283176964705,0.22232902187767725
5501500,112084,27308,58580,26196,26546,33888,51650,720,58,210,8025,19208,5975,12217,3409,1228,7257,879,3803,1705,8283,7735,14025,1110,8807,4046,3384,6607,26637,29343,22189,0.2436386995467685,0.522643731487099,0.23371756896613255,0.23684022697262766,0.3023446700688769,0.4608151029584954,0.006423753613361408,0.0005174690410763356,0.0018735948038970773,0.07159808714892402,0.17137147139645267,0.05330823311088113,0.10899860818671711,0.030414688983262553,0.010956068662788622,0.06474608329467185,0.007842332536312053,0.03392990971057421,0.015211805431640555,0.07389993219371185,0.06901074194354234,0.12512936726026908,0.009903286820598836,0.078574997323436,0.03609792655508369,0.030191641982798615,0.07793479286590545,0.31420449183731247,0.34612390299141266,0.26173681230536944
5501501,97233,22758,51826,22649,20314,27801,49118,244,2,162,5425,23455,3018,8803,3503,1650,3849,763,4006,4235,4583,5369,13173,747,6568,3360,4318,5836,23274,26105,19260,0.23405633889728797,0.5330083407896496,0.23293532031306244,0.208920839632635,0.2859214464225109,0.5051577139448541,0.002509436096798412,2.0569148334413213e-05,0.0016661010150874702,0.05579381485709584,0.24122468709183095,0.03103884483662954,0.09053510639391976,0.03602686330772474,0.0169695473758909,0.03958532596957823,0.00784713008957864,0.041200004113829666,0.04355517159811998,0.04713420340830788,0.05521787870373227,0.13547869550461264,0.007682576902903335,0.06754908313021299,0.0345561692018142,0.04440879125399813,0.07836186639812018,0.31250755287009063,0.3505203088284659,0.25861027190332325
5501600,72550,17035,37681,17834,16107,24712,31731,1010,115,287,2528,17615,4912,7592,2261,477,4841,439,2084,2611,1986,3980,10623,1227,4650,1591,1721,4175,18442,19852,13046,0.23480358373535493,0.5193797381116472,0.24581667815299793,0.22201240523776705,0.34062026188835287,0.4373673328738801,0.01392143349414197,0.0015851137146795315,0.003955892487939352,0.034844934527911785,0.24279807029634734,0.06770503101309441,0.10464507236388697,0.03116471399035148,0.006574776016540317,0.0667263955892488,0.0060509993108201245,0.0287250172294969,0.03598897312198484,0.027374224672639558,0.054858718125430736,0.14642315644383183,0.016912474155754652,0.06409372846312887,0.021929703652653343,0.02372157133011716,0.07520489957669098,0.33219850490858327,0.35759704584346574,0.23499954967126002
5501601,87187,19896,44584,22707,21051,29760,36376,1918,28,357,3056,13237,2640,9418,6322,1338,5266,575,2255,556,2298,6127,16683,589,7158,2579,4787,5330,21524,24250,16187,0.2281991581313728,0.5113606386273183,0.2604402032413089,0.2414465459300125,0.3413352908117036,0.4172181632582839,0.021998692465619876,0.00032114879511853833,0.004094647137761364,0.03505109706722333,0.15182309289228899,0.030279743539747897,0.10802069115808549,0.07251081009783569,0.015346324566735866,0.06039891268193653,0.006595019899755698,0.025863947606867995,0.006377097503068118,0.026357140399371468,0.07027423813183158,0.19134733389152053,0.006755594297314967,0.08209939555208919,0.029580097950382512,0.05490497436544439,0.07920821506590778,0.31986446924551576,0.3603750873073665,0.24055222838120996
5502400,66874,16631,34490,15753,16928,22905,27041,540,139,318,3057,10378,5848,7942,2668,1440,1449,425,1566,2077,2793,5629,9059,653,6133,1714,3046,5442,16382,17040,11379,0.24869156921972665,0.5157460298471753,0.23556240093309808,0.25313275712534017,0.3425097945389838,0.40435744833567605,0.00807488710111553,0.0020785357538056644,0.004755211292879146,0.04571283308909292,0.15518736728773513,0.08744803660615486,0.11876065436492508,0.0398959236773634,0.021533032269641414,0.021667613721326674,0.006355235218470557,0.023417172593235037,0.031058408350031402,0.04176511050632533,0.08417322128181356,0.13546370786852888,0.009764631994497114,0.09170978257618806,0.02563028979872596,0.04554834464814427,0.10831359592381028,0.32605537089743847,0.3391517226280278,0.22647931055072348
5502500,60937,14434,31333,15170,13657,17739,29541,652,10,160,2405,21938,2787,5745,1229,261,2925,219,1038,981,2134,3750,6607,713,4291,1470,1622,3838,15227,16151,11287,0.23686758455453993,0.5141867830710406,0.2489456323744195,0.224116710701216,0.29110392700658055,0.4847793622922034,0.010699574970871557,0.0001641039105961895,0.002625662569539032,0.03946699049838358,0.3600111590659205,0.04573575988315801,0.09427769663751087,0.02016837061227169,0.0042831120665605465,0.04800039384938543,0.00359387564205655,0.017033985919884472,0.01609859362948619,0.03501977452122684,0.061538966473571065,0.10842345373090241,0.011700608825508312,0.07041698803682492,0.02412327485763986,0.02661765429870194,0.0825323097434574,0.32744124035008493,0.3473109261768058,0.24271552372965186
5510000,67082,18819,33696,14567,19471,21484,26127,234,0,119,1731,8160,4296,8370,6150,205,816,585,1473,2370,4985,6312,9221,772,6298,1737,3248,6378,14583,15881,11421,0.2805372529143436,0.5023106049312781,0.21715214215437822,0.2902567007543007,0.3202647506037387,0.3894785486419606,0.0034882680898005425,0.0,0.0017739483020780538,0.02580423958737068,0.12164216928535225,0.06404102441787662,0.12477266628901941,0.09167884082168093,0.0030559613607226976,0.012164216928535226,0.008720670224501357,0.02195820041143675,0.035329894755672164,0.07431203601562267,0.0940937956530813,0.13745863271816583,0.011508303270624012,0.09388509585283683,0.02589368235890403,0.04841835365671864,0.1321509230673601,0.30215693181111825,0.3290512400803928,0.2366409050411288
5520000,98497,24428,48929,25140,26096,29020,43381,673,100,212,3823,24548,5041,11697,2475,920,3489,689,4190,750,4480,5817,12234,1859,8197,3609,3694,6926,23935,25347,17861,0.24800755352954912,0.4967562463831386,0.2552362000873123,0.26494207945419657,0.29462826278972964,0.4404296577560738,0.006832695412043006,0.0010152593480004467,0.002152349817760947,0.03881336487405708,0.24922586474714967,0.05117922373270252,0.11875488593561226,0.025127668863011057,0.00934038600160411,0.03542239865173558,0.006995136907723078,0.042539366681218715,0.00761444511000335,0.04548361879042001,0.059057636273185984,0.12420682863437466,0.018873671279328305,0.08322080875559662,0.036640709869336124,0.037503680315136505,0.09350740525726012,0.3231446354075254,0.3422079412439752,0.24114001809123925
5530000,74992,18464,37980,18548,19414,23301,32277,193,25,150,3020,17907,3652,8766,2045,490,1945,499,2105,854,4807,5180,11383,803,6400,1863,2905,6807,17816,19073,12832,0.24621292937913378,0.5064540217623213,0.2473330488585449,0.25888094730104544,0.3107131427352251,0.43040590996372946,0.0025736078515041605,0.00033336889268188605,0.0020002133560913164,0.04027096223597184,0.23878547045018136,0.048698527842969914,0.11689246852997653,0.02726957542137828,0.006534030296564967,0.025936099850650735,0.006654043097930446,0.028069660763814806,0.011387881374013227,0.06410017068487306,0.0690740345636868,0.15178952421591638,0.01070780883294218,0.08534243652656283,0.02484264988265415,0.03873746532963516,0.12041819983017266,0.3151712425700538,0.3374080101896405,0.22700254741013304
5540100,515625,124770,273457,117398,129613,151561,234451,48,21,2112,11368,51427,18935,45794,16817,9494,25258,7073,25043,20347,42089,46583,101883,11881,41023,17222,21207,44883,107071,126508,112393,0.24197818181818181,0.5303408484848485,0.2276809696969697,0.2513706666666667,0.29393648484848484,0.4546928484848485,9.30909090909091e-05,4.072727272727273e-05,0.004096,0.022047030303030304,0.09973721212121212,0.036722424242424244,0.08881260606060606,0.03261478787878788,0.01841260606060606,0.048985212121212124,0.013717333333333333,0.048568242424242423,0.03946084848484849,0.08162715151515151,0.09034278787878788,0.19759127272727273,0.023041939393939392,0.07955975757575758,0.03340024242424242,0.041128727272727275,0.11483286640825882,0.27394046385488224,0.3236699031610188,0.2875567665758402
5550000,41171,10426,19869,10876,11897,13653,15621,515,2,82,1624,8939,1655,4258,1061,255,590,317,1127,180,1732,4655,3953,1105,5802,1225,2094,3781,9690,9906,7368,0.25323650142090304,0.48259697359792086,0.26416652498117604,0.2889655339923733,0.33161691481868305,0.37941755118894366,0.012508804741201331,4.8577882490102254e-05,0.0019916931820941927,0.03944524058196303,0.21711884578951204,0.04019819776055962,0.1034223118214277,0.025770566660999247,0.006193680017488038,0.014330475334580166,0.007699594374681208,0.02737363678317262,0.004372009424109203,0.04206844623642855,0.113065021495713,0.0960141847416871,0.026839280075781496,0.14092443710378666,0.029753953025187633,0.05086104296713706,0.12297934623516019,0.31517319889412915,0.3221987315010571,0.2396487233696536
5555100,134211,34510,66811,32890,36090,46168,51953,1883,588,269,5275,24637,4634,15764,5322,1263,4732,796,3713,3881,5701,9735,22504,2192,10870,3451,7001,7938,32180,36469,23114,0.2571324258071246,0.49780569401911917,0.24506188017375624,0.26890493327670606,0.34399564864280874,0.3870994180804852,0.014030146560267041,0.004381161007667032,0.0020043066514667204,0.03930378284939386,0.1835691560304297,0.034527721274709225,0.11745684034840662,0.039653977691843444,0.009410555021570512,0.03525791477598707,0.005930959459358771,0.027665392553516476,0.028917152841421344,0.042477889293724064,0.07253503811163019,0.1676762709464947,0.016332491375520636,0.08099187100908271,0.02571324258071246,0.05216412961679743,0.07961805799340027,0.3227650675519804,0.36578369324279597,0.23183318121182336
5555102,51652,14328,25451,11873,14852,15945,20855,730,3,185,2379,10415,2428,5691,2994,444,1331,294,1682,199,1776,4691,7192,690,5267,1281,1980,2907,11580,13419,9418,0.27739487338341207,0.49273987454503215,0.2298652520715558,0.28753968868582047,0.3087005343452335,0.40375977696894605,0.014133044219004104,5.8081003639742894e-05,0.0035816618911174787,0.046058235886316114,0.20163788430264076,0.047006892279098586,0.11017966390459227,0.05796484163246341,0.008595988538681949,0.025768605281499265,0.005691938356694804,0.03256408270734918,0.003852706574769612,0.034383954154727794,0.0908193293580113,0.1392395260590103,0.013358630837140865,0.10197088205684195,0.024800588554170215,0.03833346240223031,0.077885542814275,0.310256135462437,0.35952738184546135,0.2523309398778266
5570100,254590,60515,132905,61170,57231,70317,127042,233,302,870,17297,43634,17818,26154,7564,5442,13615,3284,16775,8824,14730,12912,29348,4032,16748,8912,6096,17952,55698,65204,55221,0.23769590321693704,0.5220354295141207,0.24026866726894222,0.22479673200047134,0.27619702266389096,0.4990062453356377,0.0009151969833850504,0.001186220982756589,0.0034172591225107036,0.0679406103931812,0.1713892925880828,0.06998703798263875,0.1027298794139597,0.029710514945598804,0.02137554499391178,0.053478141325268076,0.01289917121646569,0.06589025491967478,0.03465964884716603,0.057857732039750184,0.05071683883891748,0.11527554106602773,0.015837228485015124,0.06578420205035547,0.03500530264346596,0.023944381161868103,0.09250032204044828,0.28699214221306196,0.33597320623470306,0.2845343295117867
5600100,54624,11754,29036,13834,14569,17808,22247,882,1574,370,5129,1670,953,5838,1332,953,1532,945,2346,136,1702,5316,8056,1740,9497,1628,3025,4896,12946,14447,10581,0.21518014059753954,0.5315612185120093,0.2532586408904511,0.2667142647920328,0.3260105448154657,0.4072751903925015,0.016146748681898068,0.028815172817809022,0.006773579379027533,0.09389645577035735,0.030572642062097248,0.017446543643819565,0.10687609841827768,0.024384885764499122,0.017446543643819565,0.028046280023432922,0.017300087873462214,0.0429481546572935,0.002489748096074985,0.031158465143526656,0.09731985940246046,0.14748096074985353,0.031854130052724076,0.1738613063854716,0.029803749267721148,0.055378588166373754,0.11420573827851645,0.3019827385117798,0.3369955679962678,0.24681595521343597
5600200,45443,8889,24613,11941,9694,13269,22480,615,6767,873,3122,1574,2102,4279,1455,570,989,554,1214,348,1126,4983,5484,335,3835,1408,3810,3921,12436,12994,7203,0.19560768435182535,0.5416235723873863,0.26276874326078825,0.213322183834694,0.2919921660101666,0.4946856501551394,0.013533437493123253,0.14891182360319521,0.019210879563409104,0.06870145016834275,0.034636797746627646,0.0462557489602359,0.09416191712695024,0.03201813260568184,0.012543185969236186,0.021763527936095768,0.012191096538520784,0.026714785555531105,0.007657945118059987,0.024778293686596394,0.10965385207842793,0.12067865237770393,0.007371872455603723,0.08439143542459784,0.03098386990295535,0.08384129568910503,0.10726596268534223,0.3402090058543525,0.3554740931225037,0.1970509383378016
5600300,63021,15408,32819,14794,14940,20399,27682,499,791,227,3792,1571,1294,7337,3119,1322,2242,835,2825,83,2224,8711,9714,682,6383,1698,7672,5195,13416,16437,12565,0.24448993192745275,0.5207629202964091,0.23474714777613812,0.23706383586423574,0.3236857555418035,0.43925040859396075,0.007917995588771997,0.012551371764967232,0.0036019739451928724,0.06017041938401485,0.024928198536995606,0.02053283826026245,0.11642151029022071,0.04949143936148268,0.02097713460592501,0.03557544310626617,0.01324955173672268,0.044826327732025835,0.0013170213103568652,0.035289824026911665,0.13822376668094763,0.15413909649164564,0.010821789562209421,0.10128369908443217,0.026943399819107917,0.1217371987115406,0.10910885682481675,0.28177178501669714,0.34522084304706696,0.26389851511141915
5600400,53153,11890,28441,12822,11754,16371,25028,526,4880,467,3405,2549,2776,6124,1957,625,1388,1218,1800,110,1839,4856,7425,838,5363,1792,3215,4663,13825,14622,8153,0.22369386488062762,0.5350779824280849,0.24122815269128742,0.2211352134404455,0.30799766711192217,0.4708671194476323,0.009895960717174948,0.09181043403006416,0.008785957518860648,0.06406035407220664,0.04795590088988392,0.05222659116136436,0.11521456926231821,0.03681824167967942,0.011758508456719281,0.02611329558068218,0.022914981280454536,0.03386450435535153,0.0020694974883825935,0.03459823528305082,0.09135890730532613,0.13969108046582507,0.015765808138769214,0.10089740936541682,0.03371399544710552,0.06048576750136399,0.11300680997503817,0.33504592492063107,0.35436104985095607,0.1975862152533747
5600500,52023,10586,28254,13183,11987,15653,24383,378,6601,764,3471,1905,1339,5556,2100,778,926,842,1439,198,1120,6529,6784,465,5267,1223,4338,4640,13677,14717,8403,0.203486919247256,0.5431059339138458,0.2534071468388982,0.23041731541818042,0.30088614651211965,0.46869653806969996,0.007266016954039559,0.1268861849566538,0.014685812044672548,0.06672048901447437,0.03661841877631048,0.02573861561232532,0.10679891586413702,0.04036676085577533,0.014954923783711051,0.017799819310689503,0.01618514887645849,0.02766084231974319,0.003806008880687388,0.021528939123080175,0.12550218172731292,0.13040385983122849,0.00893835418949311,0.10124368067969937,0.023508832631720586,0.08338619456778733,0.11197721842797499,0.33006733112918407,0.35516567319062675,0.2027897772522142
