PUMA,GISMATCH,GISJOIN,GEOID,STATEFIP,State,Name,JAN_AVG_TEMP_C,JULY_AVG_TEMP_C,AVG_TOT_PPT_MM,AVG_TOT_POP_M,AVG_TOT_PPT_M
0600105,600105,G06000105,0600105,06,California,"Alameda County (West)--San Leandro, Alameda & Oakland (Southwest) Cities PUMA",10.580899919782366,17.592435564313615,528.7271554129464,0.5287271554129465,0.5287271554129465
0600102,600102,G06000102,0600102,06,California,Alameda County (Northwest)--Oakland (Northwest) & Emeryville Cities PUMA,10.794943915473091,17.426832411024307,572.5731336805555,0.5725731336805555,0.5725731336805555
0608502,608502,G06008502,0608502,06,California,Santa Clara County (Northwest)--Sunnyvale & San Jose (North) Cities PUMA,10.203128269740514,20.14977809361049,395.3431919642857,0.39534319196428575,0.39534319196428575
0600108,600108,G06000108,0600108,06,California,"Alameda County (Southwest)--Union City, Newark & Fremont (West) Cities PUMA",10.050425653872283,19.614747420601223,420.71182914402175,0.4207118291440218,0.4207118291440218
0600107,600107,G06000107,0600107,06,California,Alameda County (Central)--Hayward City PUMA,9.821756114130435,19.351513406504754,497.5146059782609,0.49751460597826086,0.49751460597826086
0600101,600101,G06000101,0600101,06,California,Alameda County (North)--Berkeley & Albany Cities PUMA,10.374149322509766,18.04269790649414,614.5359497070312,0.6145359497070313,0.6145359497070313
0600110,600110,G06000110,0600110,06,California,"Alameda County (East)--Livermore, Pleasanton & Dublin Cities PUMA",8.987706383993459,22.21295875726744,462.1396257267442,0.4621396257267442,0.4621396257267442
0608504,608504,G06008504,0608504,06,California,Santa Clara County (North Central)--Milpitas & San Jose (Northeast) Cities PUMA,9.958450317382812,20.864230346679687,425.40234375,0.42540234375,0.42540234375
0600109,600109,G06000109,0600109,06,California,Alameda County (South Central)--Fremont City (East) PUMA,9.95933723449707,20.345687866210938,438.19482421875,0.43819482421875,0.43819482421875
0600106,600106,G06000106,0600106,06,California,"Alameda County (North Central)--Castro Valley, San Lorenzo & Ashland PUMA",9.409654235839843,19.33953399658203,605.605078125,0.605605078125,0.605605078125
0600104,600104,G06000104,0600104,06,California,Alameda County (North Central)--Oakland City (South Central) PUMA,10.326399993896484,18.020140075683592,571.547412109375,0.5715474121093751,0.5715474121093751
0600103,600103,G06000103,0600103,06,California,Alameda County (Northeast)--Oakland (East) & Piedmont Cities PUMA,9.856316884358725,18.263717651367188,624.5155843098959,0.6245155843098958,0.6245155843098958
0606103,606103,G06006103,0606103,06,California,Placer County (East/High Country Region)--Auburn & Colfax Cities PUMA,4.044983376073473,21.16324248568702,1283.5849236641222,1.2835849236641221,1.2835849236641221
0606101,606101,G06006101,0606101,06,California,Placer County (Southwest)--Roseville City PUMA,8.495054546155428,25.203089663856908,539.9731702302631,0.5399731702302631,0.5399731702302631
0606102,606102,G06006102,0606102,06,California,"Placer County (Central)--Rocklin, Lincoln Cities & Loomis Town PUMA",8.540726401589133,25.45821033824574,591.8452592329545,0.5918452592329545,0.5918452592329545
0601700,601700,G06001700,0601700,06,California,El Dorado County--El Dorado Hills PUMA,4.504652728456439,21.33586943655303,1247.2759469696969,1.2472759469696968,1.2472759469696968
0608702,608702,G06008702,0608702,06,California,Santa Cruz County (South & Coastal)--Santa Cruz City PUMA,10.31558590843564,15.719698951357888,724.0205543154761,0.7240205543154762,0.7240205543154762
0608701,608701,G06008701,0608701,06,California,Santa Cruz County (North)--Watsonville & Scotts Valley Cities PUMA,9.900791898686835,18.56678544714096,947.3810671542553,0.9473810671542553,0.9473810671542553
0604702,604702,G06004702,0604702,06,California,Merced County (Northeast)--Merced & Atwater Cities PUMA,8.316421337341994,25.78958369908708,343.13689431179773,0.3431368943117977,0.3431368943117977
0604701,604701,G06004701,0604701,06,California,Merced County (West & South)--Los Banos & Livingston Cities PUMA,8.282975146994774,25.04353699368467,304.4569904181185,0.30445699041811847,0.30445699041811847
0603300,603300,G06003300,0603300,06,California,Lake & Mendocino Counties PUMA,7.532685675216547,21.389971624850656,1266.9653524492235,1.2669653524492235,1.2669653524492235
0601500,601500,G06001500,0601500,06,California,"Del Norte, Lassen, Modoc, Plumas & Siskiyou Counties PUMA",1.0255235451668474,19.612451368457727,872.0695477075589,0.8720695477075588,0.8720695477075588
0601100,601100,G06001100,0601100,06,California,"Colusa, Glenn, Tehama & Trinity Counties PUMA",5.769844079962638,23.401932565789473,1049.2266081871346,1.0492266081871346,1.0492266081871346
0608303,608303,G06008303,0608303,06,California,Santa Barbara County--South Coast Region PUMA,12.514293964092548,18.339430588942307,456.4237530048077,0.4564237530048077,0.4564237530048077
0608302,608302,G06008302,0608302,06,California,"Santa Barbara County (North)--Lompoc, Guadalupe, Solvang & Buellton Cities PUMA",10.6757666015625,21.2253173828125,528.973671875,0.528973671875,0.528973671875
0608301,608301,G06008301,0608301,06,California,Santa Barbara County (Northwest)--Santa Maria City & Orcutt PUMA,11.85835469563802,17.681119791666667,392.79026692708334,0.39279026692708335,0.39279026692708335
0610100,610100,G06010100,0610100,06,California,Sutter & Yuba Counties--Yuba City PUMA,8.121742782278806,24.94264805169753,754.0414094650206,0.7540414094650206,0.7540414094650206
0604101,604101,G06004101,0604101,06,California,Marin County (North & West)--Novato & San Rafael (North) Cities PUMA,9.625144675925926,16.81887478298611,915.4393253504672,0.9154393253504672,0.9154393253504672
0604102,604102,G06004102,0604102,06,California,"Marin County (Southeast)--San Rafael (South), Mill Valley & Sausalito Cities PUMA",9.982530676800272,17.94127356487772,896.4747792119565,0.8964747792119565,0.8964747792119565
0605700,605700,G06005700,0605700,06,California,Nevada & Sierra Counties PUMA,2.7031421388117836,20.247101092406876,1315.9748388252149,1.3159748388252148,1.3159748388252148
0605500,605500,G06005500,0605500,06,California,Napa County--Napa City PUMA,8.769562163910308,22.605855570211038,858.4278612012987,0.8584278612012987,0.8584278612012987
0603100,603100,G06003100,0603100,06,California,Kings County--Hanford City PUMA,8.29980071773374,27.15599196519309,210.45045731707316,0.21045045731707315,0.21045045731707315
0601302,601302,G06001302,0601302,06,California,"Contra Costa County (Far Northwest)--Richmond (North), Hercules & El Cerrito Cites PUMA",9.726339721679688,18.945267740885416,583.5939453125,0.5835939453125,0.5835939453125
0601301,601301,G06001301,0601301,06,California,Contra Costa County (Far Southwest)--Richmond (Southwest) & San Pablo Cities PUMA,10.290269470214843,17.75585021972656,607.6759765625,0.6076759765624999,0.6076759765624999
0601303,601303,G06001303,0601303,06,California,"Contra Costa County (Northwest)--Concord (West), Martinez & Pleasant Hill Cities PUMA",9.277129561812789,20.374267578125,570.1421440972222,0.5701421440972222,0.5701421440972222
0601309,601309,G06001309,0601309,06,California,Contra Costa County (East)--Brentwood & Oakley Cities PUMA,8.669613792782737,23.32593500046503,366.30975632440476,0.36630975632440477,0.36630975632440477
0601305,601305,G06001305,0601305,06,California,Contra Costa County (South)--San Ramon City & Danville Town PUMA,9.00026605068109,21.94269581330128,514.1463341346154,0.5141463341346154,0.5141463341346154
0601308,601308,G06001308,0601308,06,California,Contra Costa County (Northeast)--Antioch City PUMA,8.869313557942709,22.504590715680802,413.0306454613095,0.4130306454613095,0.4130306454613095
0601306,601306,G06001306,0601306,06,California,"Contra Costa County (Central)--Concord (South), Walnut Creek (East) & Clayton Cities PUMA",8.860558902516084,21.433064180261947,505.8358800551471,0.5058358800551471,0.5058358800551471
0601304,601304,G06001304,0601304,06,California,"Contra Costa County--Walnut Creek (West), Lafayette, Orinda Cities & Moraga Town PUMA",9.111376532192889,20.085661789466595,629.7941810344828,0.6297941810344828,0.6297941810344828
0601307,601307,G06001307,0601307,06,California,Contra Costa County (North Central)--Pittsburg & Concord (North & East) Cities PUMA,8.933975219726562,21.938455200195314,443.482373046875,0.443482373046875,0.443482373046875
0607319,607319,G06007319,0607319,06,California,"San Diego County (South Central)--Lemon Grove City, La Presa & Spring Valley PUMA",12.53238032414363,23.08796105018029,370.8738356370192,0.3708738356370192,0.3708738356370192
0607322,607322,G06007322,0607322,06,California,San Diego County (South)--San Diego City (South/Otay Mesa & South Bay) PUMA,13.640280723571777,21.45328140258789,276.458740234375,0.276458740234375,0.276458740234375
0607310,607310,G06007310,0607310,06,California,San Diego County (West)--San Diego City (Southwest/Central Coastal) PUMA,13.898680419921876,20.339410400390626,259.26939453125,0.25926939453125,0.25926939453125
0607307,607307,G06007307,0607307,06,California,"San Diego County (Central)--Lakeside, Winter Gardens & Ramona PUMA",11.899903453480114,23.18880948153409,407.9175426136364,0.4079175426136364,0.4079175426136364
0607320,607320,G06007320,0607320,06,California,San Diego County (Southwest)--Sweetwater Region--Chula Vista City (East) PUMA,13.64424540201823,21.449578857421876,285.8323567708333,0.2858323567708333,0.2858323567708333
0607316,607316,G06007316,0607316,06,California,San Diego County (South Central)--San Diego City (Central/Centre City & Balboa Park) PUMA,14.096837043762207,20.91651153564453,261.22796630859375,0.26122796630859374,0.26122796630859374
0607309,607309,G06007309,0607309,06,California,San Diego County (West)--San Diego (Northwest/San Dieguito) & Encinitas Cities PUMA,13.222558063009512,21.225033967391305,312.8357676630435,0.3128357676630435,0.3128357676630435
0607304,607304,G06007304,0607304,06,California,San Diego County (Northwest)--Carlsbad City PUMA,13.04806166428786,20.716768704927883,299.03286508413464,0.2990328650841346,0.2990328650841346
0607301,607301,G06007301,0607301,06,California,San Diego County (Northwest)--Oceanside City & Camp Pendleton PUMA,13.471836159446022,21.509925426136363,345.4922940340909,0.3454922940340909,0.3454922940340909
0607313,607313,G06007313,0607313,06,California,San Diego County (Central)--El Cajon & Santee Cities PUMA,13.54074205671038,22.96130589076451,338.6429966517857,0.3386429966517857,0.3386429966517857
0607321,607321,G06007321,0607321,06,California,San Diego County (Southwest)--Chula Vista (West) & National City Cities PUMA,14.021499633789062,20.952211168077255,251.30268012152777,0.2513026801215278,0.2513026801215278
0607315,607315,G06007315,0607315,06,California,San Diego County (West Central)--San Diego City (Central/Clairemont & Kearny Mesa) PUMA,13.881800842285156,21.051058959960937,279.8945068359375,0.2798945068359375,0.2798945068359375
0607312,607312,G06007312,0607312,06,California,San Diego County (Central)--San Diego City (Central/Mira Mesa & University Heights) PUMA,13.655624389648438,21.385569763183593,306.27587890625,0.30627587890625,0.30627587890625
0607311,607311,G06007311,0607311,06,California,San Diego County (West Central)--San Diego City (Northwest/Del Mar Mesa) PUMA,13.511963980538505,20.996586390904017,296.71205357142856,0.29671205357142855,0.29671205357142855
0607306,607306,G06007306,0607306,06,California,San Diego County (Northwest)--Escondido City (East) PUMA,12.267544450431034,22.887360671470905,384.4207300646552,0.38442073006465516,0.38442073006465516
0607318,607318,G06007318,0607318,06,California,San Diego County (South)--San Diego City (Southeast/Encanto & Skyline) PUMA,13.968759155273437,21.293051147460936,275.593115234375,0.27559311523437496,0.27559311523437496
0607308,607308,G06007308,0607308,06,California,San Diego County (Central)--San Diego (Northeast/Rancho Bernardo) & Poway Cities PUMA,12.832737513950892,22.661295572916668,357.1702938988095,0.3571702938988095,0.3571702938988095
0607314,607314,G06007314,0607314,06,California,San Diego County (Central)--San Diego (East Central/Navajo) & La Mesa Cities PUMA,13.697781517392112,22.25887480236235,325.7988978794643,0.32579889787946426,0.32579889787946426
0607317,607317,G06007317,0607317,06,California,San Diego County (South Central)--San Diego City (Central/Mid-City) PUMA,13.964912414550781,21.539749145507812,289.578369140625,0.289578369140625,0.289578369140625
0607305,607305,G06007305,0607305,06,California,San Diego County (Northwest)--San Marcos & Escondido (West) Cities PUMA,13.148012049057904,22.361895392922793,356.0873161764706,0.3560873161764706,0.3560873161764706
0607303,607303,G06007303,0607303,06,California,San Diego County (Northwest)--Vista City PUMA,13.222955976213727,21.888769967215403,337.9511021205357,0.3379511021205357,0.3379511021205357
0607901,607901,G06007901,0607901,06,California,San Luis Obispo County (West)--Coastal Region PUMA,11.369059535435268,17.36978236607143,556.0777901785714,0.5560777901785714,0.5560777901785714
0607902,607902,G06007902,0607902,06,California,San Luis Obispo County (East)--Inland Region PUMA,9.231793073887163,22.90032592520704,425.23230460662523,0.42523230460662526,0.42523230460662526
0611300,611300,G06011300,0611300,06,California,"Yolo County--Davis, Woodland & West Sacramento Cities PUMA",8.525741500471106,24.372413826947238,549.2781878140704,0.5492781878140705,0.5492781878140705
0608104,608104,G06008104,0608104,06,California,San Mateo County (South & West)--San Mateo (South) & Half Moon Bay Cities PUMA,10.188047597106074,17.469310491857396,758.1318080357142,0.7581318080357142,0.7581318080357142
0608101,608101,G06008101,0608101,06,California,"San Mateo County (North Central)--Daly City, Pacifica Cities & Colma Town PUMA",10.521622877854567,15.56485337477464,669.5746694711538,0.6695746694711538,0.6695746694711538
0608501,608501,G06008501,0608501,06,California,"Santa Clara County (Northwest)--Mountain View, Palo Alto & Los Altos Cities PUMA",9.890829580801505,20.361018428096063,672.4717158564815,0.6724717158564816,0.6724717158564816
0608106,608106,G06008106,0608106,06,California,"San Mateo County (Southeast)--Menlo Park, East Palo Alto Cities & Atherton Town PUMA",10.103805541992188,20.074085998535157,660.0654296875,0.6600654296875,0.6600654296875
0608105,608105,G06008105,0608105,06,California,"San Mateo County (East Central)--Redwood City, San Carlos & Belmont Cities PUMA",10.326430100661058,19.011000413161057,523.7500751201923,0.5237500751201922,0.5237500751201922
0608103,608103,G06008103,0608103,06,California,"San Mateo County (Central)--San Mateo (North), Burlingame & Millbrae Cities PUMA",10.490350723266602,17.396787643432617,605.5493774414062,0.6055493774414062,0.6055493774414062
0608102,608102,G06008102,0608102,06,California,"San Mateo County (North Central)--South San Francisco, San Bruno & Brisbane Cities PUMA",10.68977779812283,16.488121880425346,610.1623263888889,0.6101623263888889,0.6101623263888889
0610703,610703,G06010703,0610703,06,California,"Tulare County (Outside Visalia, Tulare & Porterville Cities) PUMA",4.331953839557927,21.760395494579946,593.5425135501355,0.5935425135501354,0.5935425135501354
0610702,610702,G06010702,0610702,06,California,Tulare County (West Central)--Tulare & Porterville Cities PUMA,8.455542130903764,27.230959805575285,253.28551136363637,0.25328551136363636,0.25328551136363636
0610701,610701,G06010701,0610701,06,California,Tulare County (Northwest)--Visalia City PUMA,8.285400390625,26.802005543428308,266.9234834558824,0.26692348345588235,0.26692348345588235
0603900,603900,G06003900,0603900,06,California,Madera County--Madera City PUMA,5.627158552789322,23.24408567774936,672.6328324808184,0.6726328324808184,0.6726328324808184
0608506,608506,G06008506,0608506,06,California,"Santa Clara County (East)--Gilroy, Morgan Hill & San Jose (South) Cities PUMA",9.14648009183114,22.14446843019006,569.4298245614035,0.5694298245614035,0.5694298245614035
0608507,608507,G06008507,0608507,06,California,"Santa Clara County (Southwest)--Cupertino, Saratoga Cities & Los Gatos Town PUMA",9.545258620689655,20.731340079471984,871.1629175646551,0.8711629175646551,0.8711629175646551
0608512,608512,G06008512,0608512,06,California,Santa Clara County (Central)--San Jose City (Southwest/Almaden Valley) PUMA,9.761793009440105,20.96978759765625,633.0552734375,0.6330552734375,0.6330552734375
0608505,608505,G06008505,0608505,06,California,Santa Clara County (North Central)--San Jose City (East Central) & Alum Rock PUMA,9.86822967529297,21.078921508789062,441.130078125,0.441130078125,0.441130078125
0608513,608513,G06008513,0608513,06,California,Santa Clara County (Central)--San Jose City (Southeast/Evergreen) PUMA,9.80935033162435,21.148366292317707,474.9481608072917,0.4749481608072917,0.4749481608072917
0608508,608508,G06008508,0608508,06,California,Santa Clara County (Central)--San Jose (West Central) & Campbell Cities PUMA,10.074762344360352,20.612350463867188,466.0535888671875,0.4660535888671875,0.4660535888671875
0608514,608514,G06008514,0608514,06,California,Santa Clara County (Central)--San Jose City (East Central/East Valley) PUMA,10.139798845563616,20.726898193359375,388.4964076450893,0.3884964076450893,0.3884964076450893
0608511,608511,G06008511,0608511,06,California,Santa Clara County (Central)--San Jose City (South Central/Branham) & Cambrian Park PUMA,10.076771327427455,20.724870954241073,436.77734375,0.43677734375,0.43677734375
0608503,608503,G06008503,0608503,06,California,Santa Clara County (Northwest)--San Jose (Northwest) & Santa Clara Cities PUMA,10.217588636610243,20.34415520562066,371.72230360243054,0.3717223036024305,0.3717223036024305
0608510,608510,G06008510,0608510,06,California,Santa Clara County (Central)--San Jose City (Central) PUMA,10.127760314941407,20.625761413574217,415.983740234375,0.41598374023437495,0.41598374023437495
0608509,608509,G06008509,0608509,06,California,Santa Clara County (Central)--San Jose City (Northwest) PUMA,10.199280548095704,20.52305908203125,382.552783203125,0.38255278320312497,0.38255278320312497
0605303,605303,G06005303,0605303,06,California,Monterey (South & East) & San Benito Counties PUMA,9.21982533962518,22.05893982021162,510.3474820143885,0.5103474820143885,0.5103474820143885
0605301,605301,G06005301,0605301,06,California,"Monterey County (North Central)--Seaside, Monterey, Marina & Pacific Grove Cities PUMA",10.21850045803374,17.820383797704647,640.1581167035398,0.6401581167035398,0.6401581167035398
0605302,605302,G06005302,0605302,06,California,Monterey County (Northeast)--Salinas City PUMA,10.272032271984012,17.23810666106468,474.74345930232556,0.4747434593023256,0.4747434593023256
0607501,607501,G06007501,0607501,06,California,San Francisco County (North & West)--Richmond District PUMA,10.786199188232422,15.670700073242188,634.01650390625,0.63401650390625,0.63401650390625
0607506,607506,G06007506,0607506,06,California,San Francisco County (South Central)--Sunset District (South) PUMA,10.799449920654297,15.942249298095703,612.9237874348959,0.6129237874348958,0.6129237874348958
0607505,607505,G06007505,0607505,06,California,San Francisco County (Central)--Sunset District (North) PUMA,10.694549560546875,15.534749984741211,631.4697265625,0.6314697265625,0.6314697265625
0607504,607504,G06007504,0607504,06,California,San Francisco County (Central)--Inner Mission & Castro PUMA,10.813374519348145,16.23859977722168,635.3409423828125,0.6353409423828125,0.6353409423828125
0607502,607502,G06007502,0607502,06,California,San Francisco County (North & East)--North Beach & Chinatown PUMA,10.812862396240234,16.41207504272461,608.8433227539062,0.6088433227539063,0.6088433227539063
0607507,607507,G06007507,0607507,06,California,San Francisco County (South Central)--Bayview & Hunters Point PUMA,10.873699188232422,16.63726043701172,587.96201171875,0.58796201171875,0.58796201171875
0602300,602300,G06002300,0602300,06,California,Humboldt County PUMA,7.195531201399689,19.383363809778384,1794.670295489891,1.794670295489891,1.794670295489891
0607503,607503,G06007503,0607503,06,California,San Francisco County (Central)--South of Market & Potrero PUMA,10.92282485961914,16.494375228881836,585.61962890625,0.58561962890625,0.58561962890625
0609501,609501,G06009501,0609501,06,California,Solano County (Southwest)--Vallejo & Benicia Cities PUMA,9.015760568472055,20.27954571063702,544.9364483173077,0.5449364483173077,0.5449364483173077
0609503,609503,G06009503,0609503,06,California,Solano County (Northeast)--Vacaville & Dixon Cities PUMA,8.489462171282087,23.334843226841517,508.97415597098217,0.5089741559709822,0.5089741559709822
0609502,609502,G06009502,0609502,06,California,Solano County (Central)--Fairfield & Suisun City Cities PUMA,8.798477172851562,22.37908717564174,571.8726283482143,0.5718726283482143,0.5718726283482143
0609701,609701,G06009701,0609701,06,California,"Sonoma County (North)--Windsor Town, Healdsburg & Sonoma Cities PUMA",9.029560908564815,19.707624421296295,1119.5966435185185,1.1195966435185185,1.1195966435185185
0609702,609702,G06009702,0609702,06,California,"Sonoma County (South)--Petaluma, Rohnert Park & Cotati Cities PUMA",9.027153602013222,19.249782464443108,834.0794270833334,0.8340794270833334,0.8340794270833334
0609703,609703,G06009703,0609703,06,California,Sonoma County (Central)--Santa Rosa City PUMA,8.992281313295718,19.43231879340278,885.1603732638889,0.885160373263889,0.885160373263889
0609903,609903,G06009903,0609903,06,California,"Stanislaus County (Northeast)--Turlock, Riverbank, Oakdale & Waterford Cities PUMA",8.293709648980034,25.09375678168403,382.2223849826389,0.38222238498263894,0.38222238498263894
0609901,609901,G06009901,0609901,06,California,"Stanislaus County (Southwest)--Ceres, Patterson & Newman Cities PUMA",8.558840299907484,24.591954281455592,363.4321032072368,0.36343210320723685,0.36343210320723685
0609904,609904,G06009904,0609904,06,California,Stanislaus County (Central)--Modesto City (East) PUMA,8.305265638563368,24.83636474609375,348.862548828125,0.348862548828125,0.348862548828125
0609902,609902,G06009902,0609902,06,California,Stanislaus County (Central)--Modesto City (West) PUMA,8.3140500386556,24.60154978434245,343.1897786458333,0.34318977864583333,0.34318977864583333
0606712,606712,G06006712,0606712,06,California,"Sacramento County (Northeast)--Folsom City, Orangevale & Fair Oaks (East) PUMA",8.567928314208984,25.02268545968192,599.5895647321429,0.5995895647321429,0.5995895647321429
0606711,606711,G06006711,0606711,06,California,"Sacramento County (South)--Galt, Isleton Cities & Delta Region PUMA",8.483407900314923,23.844047132388567,475.34490067829455,0.47534490067829455,0.47534490067829455
0607704,607704,G06007704,0607704,06,California,"San Joaquin County (North)--Lodi, Ripon & Escalon Cities PUMA",8.410499382967974,23.91875097170398,406.46466884328356,0.4064646688432836,0.4064646688432836
0606705,606705,G06006705,0606705,06,California,Sacramento County (Northwest)--Sacramento City (Northwest/Natomas) PUMA,8.438676379975819,24.459545317150297,475.24539620535717,0.47524539620535716,0.47524539620535716
0606706,606706,G06006706,0606706,06,California,"Sacramento County (North)--Sacramento City (North), Antelope & Rio Linda PUMA",8.493250165666852,24.715972900390625,516.049072265625,0.516049072265625,0.516049072265625
0606702,606702,G06006702,0606702,06,California,Sacramento County (Central)--Rancho Cordova City PUMA,8.587580108642578,24.763345336914064,541.441357421875,0.5414413574218749,0.5414413574218749
0606708,606708,G06006708,0606708,06,California,"Sacramento County--Sacramento City (Southeast/Fruitridge, Avondale & Depot Park) PUMA",8.516080220540365,24.413319905598957,506.9720703125,0.5069720703125,0.5069720703125
0606704,606704,G06006704,0606704,06,California,"Sacramento County (North Central)--North Highlands, Foothill Farms & McClellan Park PUMA",8.541281960227273,24.785544655539773,527.8427734375,0.5278427734375,0.5278427734375
0606710,606710,G06006710,0606710,06,California,Sacramento County (Central)--Elk Grove City PUMA,8.425359389361214,23.822739545036764,477.2454618566176,0.47724546185661765,0.47724546185661765
0606709,606709,G06006709,0606709,06,California,"Sacramento County--Sacramento City (Southwest/Pocket, Meadowview & North Laguna) PUMA",8.419563987038352,23.9674072265625,487.25630326704544,0.48725630326704544,0.48725630326704544
0606707,606707,G06006707,0606707,06,California,Sacramento County (West)--Sacramento City (Central/Downtown & Midtown) PUMA,8.492122943584736,24.38367638221154,502.4303635817308,0.5024303635817308,0.5024303635817308
0606701,606701,G06006701,0606701,06,California,Sacramento County (North Central)--Citrus Heights City PUMA,8.536715825398764,24.973464965820312,553.752685546875,0.553752685546875,0.553752685546875
0606703,606703,G06006703,0606703,06,California,"Sacramento County (North Central)--Arden-Arcade, Carmichael & Fair Oaks (West) PUMA",8.565655178493923,24.82608879937066,538.5831163194445,0.5385831163194444,0.5385831163194444
0605914,605914,G06005914,0605914,06,California,Orange County (Northwest)--Huntington Beach City PUMA,13.54931640625,21.34015655517578,297.9355875651042,0.2979355875651042,0.2979355875651042
0605901,605901,G06005901,0605901,06,California,"Orange County (Southwest)--San Clemente, Laguna Niguel & San Juan Capistrano Cities PUMA",13.73051249186198,21.383772786458334,332.12548828125,0.33212548828125,0.33212548828125
0605903,605903,G06005903,0605903,06,California,"Orange County (West Central)--Newport Beach, Aliso Viejo & Laguna Hills Cities PUMA",13.927829908288043,21.79923812202785,321.0498046875,0.3210498046875,0.3210498046875
0605918,605918,G06005918,0605918,06,California,Orange County (Central)--Costa Mesa & Fountain Valley Cities PUMA,13.834645197941708,21.63292283278245,297.9391526442308,0.29793915264423076,0.29793915264423076
0605908,605908,G06005908,0605908,06,California,"Orange County (Northwest)--Buena Park, Cypress & Seal Beach Cities PUMA",13.746837909405048,22.184955303485577,307.25927734375,0.30725927734375,0.30725927734375
0605915,605915,G06005915,0605915,06,California,Orange County (Southeast)--Rancho Santa Margarita City (East) & Ladera Ranch PUMA,13.53139928869299,23.10932221283784,415.2099873310811,0.4152099873310811,0.4152099873310811
0605904,605904,G06005904,0605904,06,California,Orange County (Central)--Irvine City (Central) PUMA,14.093279386821546,22.434099699321546,330.5225123355263,0.3305225123355263,0.3305225123355263
0605912,605912,G06005912,0605912,06,California,"Orange County (Northwest)--Westminster, Stanton & Garden Grove (West) Cities PUMA",13.838510131835937,22.123789978027343,307.193505859375,0.30719350585937505,0.30719350585937505
0605905,605905,G06005905,0605905,06,California,"Orange County (Northeast)--Lake Forest, Irvine (North) Cities & Silverado PUMA",13.62545455129523,23.401323820415296,398.16796875,0.39816796875,0.39816796875
0605902,605902,G06005902,0605902,06,California,Orange County (South Central)--Mission Viejo & Rancho Santa Margarita (West) Cities PUMA,14.287579345703126,22.510890197753906,366.410009765625,0.366410009765625,0.366410009765625
0605917,605917,G06005917,0605917,06,California,Orange County (Central)--Santa Ana City (East) PUMA,14.140132904052734,22.609700520833332,322.4742838541667,0.3224742838541667,0.3224742838541667
0605916,605916,G06005916,0605916,06,California,Orange County (Central)--Santa Ana City (West) PUMA,14.071732838948568,22.310933430989582,315.6016031901042,0.31560160319010416,0.31560160319010416
0605906,605906,G06005906,0605906,06,California,"Orange County (North)--Yorba Linda, La Habra & Brea Cities PUMA",13.973004792865954,23.71492566560444,382.1334292763158,0.3821334292763158,0.3821334292763158
0605910,605910,G06005910,0605910,06,California,Orange County (North Central)--Anaheim City (East) PUMA,14.173941476004464,23.283865792410715,336.2938755580357,0.33629387555803575,0.33629387555803575
0605911,605911,G06005911,0605911,06,California,Orange County (Central)--Orange & Villa Park Cities PUMA,14.155110677083334,23.134533352322048,339.07318793402777,0.3390731879340278,0.3390731879340278
0605909,605909,G06005909,0605909,06,California,Orange County (North Central)--Anaheim City (West) PUMA,14.054462779651988,22.697100552645598,316.7213023792614,0.3167213023792614,0.3167213023792614
0605913,605913,G06005913,0605913,06,California,Orange County (Northwest)--Garden Grove City (East) PUMA,14.04112434387207,22.386035919189453,314.8667907714844,0.3148667907714844,0.3148667907714844
0605907,605907,G06005907,0605907,06,California,Orange County (North Central)--Fullerton & Placentia Cities PUMA,14.22809092203776,23.44066619873047,341.32275390625,0.34132275390625,0.34132275390625
0601907,601907,G06001907,0601907,06,California,"Fresno County (East)--Sanger, Reedley & Parlier Cities PUMA",2.3869476912086576,19.330024927042803,837.097701848249,0.837097701848249,0.837097701848249
0601901,601901,G06001901,0601901,06,California,"Fresno County (West)--Selma, Kerman & Coalinga Cities PUMA",8.333303725149428,26.287614913591476,269.1756919178794,0.26917569191787943,0.26917569191787943
0601902,601902,G06001902,0601902,06,California,Fresno County (North Central)--Fresno City (North) PUMA,8.46264877319336,27.196514892578126,316.9453369140625,0.3169453369140625,0.3169453369140625
0601906,601906,G06001906,0601906,06,California,Fresno County (Central)--Clovis City PUMA,8.54498291015625,27.379194471571182,325.5865885416667,0.32558658854166667,0.32558658854166667
0601904,601904,G06001904,0601904,06,California,Fresno County (Central)--Fresno City (Southwest) PUMA,8.330443382263184,27.128543853759766,294.8950500488281,0.2948950500488281,0.2948950500488281
0601903,601903,G06001903,0601903,06,California,Fresno County (Central)--Fresno City (East Central) PUMA,8.466249465942383,27.327260971069336,309.24493408203125,0.30924493408203124,0.30924493408203124
0601905,601905,G06001905,0601905,06,California,Fresno County (Central)--Fresno City (Southeast) PUMA,8.431774139404297,27.33039093017578,304.2108968098958,0.3042108968098958,0.3042108968098958
0602905,602905,G06002905,0602905,06,California,"Kern County (East)--Ridgecrest, Arvin, Tehachapi & California City Cities PUMA",7.290052893126539,26.35640923260468,263.4129849137931,0.26341298491379306,0.26341298491379306
0602901,602901,G06002901,0602901,06,California,"Kern County (West)--Delano, Wasco & Shafter Cities PUMA",8.430164131386151,26.762760146524897,201.76202671161826,0.20176202671161828,0.20176202671161828
0602903,602903,G06002903,0602903,06,California,Kern County (Central)--Bakersfield City (Northeast) PUMA,9.332705590032763,27.979112194430442,220.2019279233871,0.2202019279233871,0.2202019279233871
0602902,602902,G06002902,0602902,06,California,Kern County (Central)--Bakersfield City (West) PUMA,8.811004638671875,27.758292061941965,177.73356119791666,0.17773356119791667,0.17773356119791667
0602904,602904,G06002904,0602904,06,California,Kern County (Central)--Bakersfield City (Southeast) PUMA,8.895673249897204,27.806679173519736,177.17670641447367,0.17717670641447367,0.17717670641447367
0603726,603726,G06003726,0603726,06,California,"Los Angeles County--Calabasas, Agoura Hills, Malibu & Westlake Village Cities PUMA",13.895693824404763,21.667833600725448,453.4955357142857,0.45349553571428575,0.45349553571428575
0611106,611106,G06011106,0611106,06,California,Ventura County (South Central)--Camarillo & Moorpark Cities PUMA,13.336147502317267,19.585896120233052,360.86073225635596,0.36086073225635595,0.36086073225635595
0611103,611103,G06011103,0611103,06,California,Ventura County (Southwest)--Oxnard & Port Hueneme Cities PUMA,13.143538411458334,18.425634765625,364.28355189732144,0.3642835518973214,0.3642835518973214
0611104,611104,G06011104,0611104,06,California,Ventura County (Southwest)--San Buenaventura (Ventura) City PUMA,13.08986759185791,19.717260360717773,427.85369873046875,0.42785369873046875,0.42785369873046875
0611105,611105,G06011105,0611105,06,California,"Ventura County (North)--Santa Paula, Fillmore & Ojai Cities PUMA",8.965634390024038,22.118558443509617,546.5889423076923,0.5465889423076923,0.5465889423076923
0611102,611102,G06011102,0611102,06,California,Ventura County (Southeast)--Thousand Oaks City PUMA,13.356199951171876,22.18224853515625,416.7079296875,0.4167079296875,0.4167079296875
0611101,611101,G06011101,0611101,06,California,Ventura County (Southeast)--Simi Valley City PUMA,12.97309965245864,23.148500330307904,412.71257467830884,0.41271257467830885,0.41271257467830885
0603705,603705,G06003705,0603705,06,California,Los Angeles County (North)--LA City (Northwest/Chatsworth & Porter Ranch) PUMA,13.08996816781851,24.67632352388822,425.4190204326923,0.4254190204326923,0.4254190204326923
0600702,600702,G06000702,0600702,06,California,Butte County (Southeast)--Oroville City & Paradise Town PUMA,7.251907282000546,24.56125264396834,1212.7568231441048,1.2127568231441048,1.2127568231441048
0600701,600701,G06000701,0600701,06,California,Butte County (Northwest)--Chico City PUMA,7.3601663523706895,24.663235368399786,997.3902209051724,0.9973902209051725,0.9973902209051725
0607701,607701,G06007701,0607701,06,California,San Joaquin County (Central)--Stockton City (North) PUMA,8.460266749064127,23.623733520507812,405.7080078125,0.4057080078125,0.4057080078125
0607702,607702,G06007702,0607702,06,California,San Joaquin County (Central)--Stockton City (South) PUMA,8.443099975585938,23.76964499733665,399.32071200284093,0.3993207120028409,0.3993207120028409
0607703,607703,G06007703,0607703,06,California,"San Joaquin County (South)--Tracy, Manteca & Lathrop Cities PUMA",8.56310031838613,23.780442329302225,335.73191352739724,0.33573191352739723,0.33573191352739723
0606514,606514,G06006514,0606514,06,California,Riverside County (Northwest)--Jurupa Valley & Eastvale Cities PUMA,13.136258212002842,25.031660600142047,292.95847389914775,0.29295847389914775,0.29295847389914775
0606511,606511,G06006511,0606511,06,California,Riverside County (Northwest)--Riverside City (West) PUMA,13.056407048152042,25.272315392127403,257.9069636418269,0.2579069636418269,0.2579069636418269
0606503,606503,G06006503,0606503,06,California,Riverside County (Southwest)--Temecula City PUMA,12.512416109125665,24.34064889461436,422.71284906914894,0.42271284906914897,0.42271284906914897
0606505,606505,G06006505,0606505,06,California,"Riverside County (Southwest)--Menifee, Lake Elsinore & Canyon Lake Cities PUMA",12.419690813337054,24.941600254603795,358.72488839285717,0.35872488839285716,0.35872488839285716
0606506,606506,G06006506,0606506,06,California,Riverside County (Southwest)--Hemet City & East Hemet PUMA,11.741353352864584,25.32694950810185,345.2982494212963,0.3452982494212963,0.3452982494212963
0606504,606504,G06006504,0606504,06,California,Riverside County (Southwest)--Murrieta & Wildomar Cities PUMA,12.30912331973805,25.25776403090533,353.5546875,0.3535546875,0.3535546875
0606509,606509,G06006509,0606509,06,California,"Riverside County (West Central)--Perris City, Temescal Valley & Mead Valley PUMA",12.156369416610055,25.277163298233695,314.7567722486413,0.3147567722486413,0.3147567722486413
0606508,606508,G06006508,0606508,06,California,Riverside County (Northwest)--Moreno Valley City PUMA,11.960914894386574,25.45150191695602,273.5461154513889,0.2735461154513889,0.2735461154513889
0606512,606512,G06006512,0606512,06,California,"Riverside County (West Central)--Corona City (South), Woodcrest & Home Gardens PUMA",12.752353922526042,24.98287353515625,315.81861979166666,0.31581861979166664,0.31581861979166664
0606510,606510,G06006510,0606510,06,California,Riverside County (Northwest)--Riverside City (East) PUMA,12.566547212146578,25.28384254092262,256.95479910714283,0.2569547991071428,0.2569547991071428
0606513,606513,G06006513,0606513,06,California,Riverside County (West Central)--Corona (Northwest) & Norco Cities PUMA,13.251520792643229,24.883675130208335,301.2021158854167,0.3012021158854167,0.3012021158854167
0608900,608900,G06008900,0608900,06,California,Shasta County--Redding City PUMA,4.629897388059701,23.21912896455224,1243.9929104477612,1.2439929104477612,1.2439929104477612
0607102,607102,G06007102,0607102,06,California,San Bernardino County (West Central)--Victorville & Adelanto Cities PUMA,7.7207590738932295,26.934234619140625,163.18216959635416,0.16318216959635415,0.16318216959635415
0607103,607103,G06007103,0607103,06,California,San Bernardino County (West Central)--Hesperia City & Apple Valley Town PUMA,7.648981211136799,25.82004842952806,251.38215481505102,0.25138215481505105,0.25138215481505105
0607105,607105,G06007105,0607105,06,California,San Bernardino County (Southwest)--Redlands & Yucaipa Cities PUMA,11.041615412785458,25.048562856820915,402.49331430288464,0.40249331430288465,0.40249331430288465
0607107,607107,G06007107,0607107,06,California,San Bernardino County (Southwest)--San Bernardino City (East) PUMA,12.1918698824369,25.759061373197117,376.24887319711536,0.37624887319711536,0.37624887319711536
0607112,607112,G06007112,0607112,06,California,San Bernardino County (Southwest)--Upland & Montclair Cities PUMA,12.611289978027344,24.22025146484375,464.813623046875,0.464813623046875,0.464813623046875
0607111,607111,G06007111,0607111,06,California,San Bernardino County (Southwest)--Rancho Cucamonga City PUMA,12.517799377441406,24.452590942382812,457.9294026692708,0.4579294026692708,0.4579294026692708
0607115,607115,G06007115,0607115,06,California,San Bernardino County (Southwest)--Fontana City (West) PUMA,12.84571699662642,25.041745272549715,384.8694957386364,0.3848694957386364,0.3848694957386364
0607108,607108,G06007108,0607108,06,California,San Bernardino County (Southwest)--San Bernardino City (West) PUMA,12.410392174353966,25.66065392127404,420.44692758413464,0.42044692758413466,0.42044692758413466
0607106,607106,G06007106,0607106,06,California,"San Bernardino County (Southwest)--Colton, Loma Linda & Grand Terrace Cities PUMA",12.665183173285591,25.624365912543404,296.7254231770833,0.29672542317708334,0.29672542317708334
0607109,607109,G06007109,0607109,06,California,San Bernardino County (Southwest)--Rialto City PUMA,12.754539489746094,25.433680725097656,407.024658203125,0.407024658203125,0.407024658203125
0607110,607110,G06007110,0607110,06,California,San Bernardino County (Southwest)--Fontana City (East) PUMA,12.936599731445312,25.256948471069336,354.9343566894531,0.3549343566894531,0.3549343566894531
0607114,607114,G06007114,0607114,06,California,San Bernardino County (Southwest)--Chino & Chino Hills Cities PUMA,13.320573286576705,24.37185391512784,353.0667613636364,0.35306676136363635,0.35306676136363635
0607113,607113,G06007113,0607113,06,California,San Bernardino County (Southwest)--Ontario City PUMA,13.05117416381836,24.90777587890625,329.97658284505206,0.32997658284505205,0.32997658284505205
0603768,603768,G06003768,0603768,06,California,Los Angeles County (Southwest)--Palos Verdes Peninsula PUMA,13.616356985909599,19.565861293247767,289.5718470982143,0.28957184709821426,0.28957184709821426
0603760,603760,G06003760,0603760,06,California,"Los Angeles County--Redondo Beach, Manhattan Beach & Hermosa Beach Cities PUMA",13.940584455217634,20.666713169642858,313.36021205357144,0.31336021205357145,0.31336021205357145
0603765,603765,G06003765,0603765,06,California,Los Angeles County (Southeast)--Long Beach City (East) PUMA,13.699966430664062,21.804378933376736,301.41761610243054,0.30141761610243056,0.30141761610243056
0603769,603769,G06003769,0603769,06,California,Los Angeles County (Southeast)--Long Beach (Central) & Signal Hill Cities PUMA,13.801900227864584,21.71239980061849,304.6023763020833,0.3046023763020833,0.3046023763020833
0603766,603766,G06003766,0603766,06,California,Los Angeles County (South)--Long Beach City (Southwest & Port) PUMA,13.66012234157986,21.326731363932293,306.4119567871094,0.30641195678710936,0.30641195678710936
0603767,603767,G06003767,0603767,06,California,Los Angeles County (South)--LA City (South/San Pedro) PUMA,13.968667348225912,21.35565694173177,318.5305582682292,0.3185305582682292,0.3185305582682292
0603748,603748,G06003748,0603748,06,California,Los Angeles County--LA (Southwest/Marina del Rey & Westchester) & Culver City Cities PUMA,14.137900034586588,20.68199920654297,350.58544921875,0.35058544921875,0.35058544921875
0603728,603728,G06003728,0603728,06,California,Los Angeles County (Southwest)--Santa Monica City PUMA,14.173223495483398,20.10944938659668,362.8073425292969,0.36280734252929686,0.36280734252929686
0603727,603727,G06003727,0603727,06,California,Los Angeles County (Central)--LA City (Central/Pacific Palisades) PUMA,14.256171332465279,22.774005466037327,458.0266927083333,0.4580266927083333,0.4580266927083333
0603701,603701,G06003701,0603701,06,California,Los Angeles County (North/Unincorporated)--Castaic PUMA,8.658710680509868,25.27707648026316,397.56644736842105,0.39756644736842106,0.39756644736842106
0603761,603761,G06003761,0603761,06,California,Los Angeles County (South Central)--Torrance City PUMA,14.176099141438803,21.059844970703125,322.3331705729167,0.32233317057291666,0.32233317057291666
0603759,603759,G06003759,0603759,06,California,Los Angeles County (South Central)--Hawthorne City PUMA,14.229542323521205,21.06532723563058,330.5333775111607,0.33053337751116074,0.33053337751116074
0603749,603749,G06003749,0603749,06,California,Los Angeles County (Central)--Inglewood City PUMA,14.297760009765625,21.179519653320312,355.18984375,0.35518984375,0.35518984375
0603763,603763,G06003763,0603763,06,California,Los Angeles County (South Central)--Long Beach City (North) PUMA,14.01034927368164,22.13793182373047,311.3856608072917,0.3113856608072917,0.3113856608072917
0603762,603762,G06003762,0603762,06,California,Los Angeles County (South Central)--Carson City PUMA,14.073212623596191,21.707075119018555,315.098388671875,0.315098388671875,0.315098388671875
0603729,603729,G06003729,0603729,06,California,Los Angeles County (West Central)--LA City (West Central/Westwood & West Los Angeles) PUMA,14.361070905412946,20.935511997767858,400.84312220982144,0.40084312220982143,0.40084312220982143
0603724,603724,G06003724,0603724,06,California,Los Angeles County (Northwest)--LA City (Northwest/Encino & Tarzana) PUMA,13.733688354492188,24.298019409179688,460.3400065104167,0.4603400065104167,0.4603400065104167
0603725,603725,G06003725,0603725,06,California,"Los Angeles County--LA City (Northwest/Canoga Park, Winnetka & Woodland Hills) PUMA",13.554660034179687,24.539599609375,443.48642578125,0.44348642578124997,0.44348642578124997
0603703,603703,G06003703,0603703,06,California,Los Angeles County (North Central)--Lancaster City PUMA,7.6171202048277245,27.719166291065704,194.89354216746796,0.19489354216746796,0.19489354216746796
0603704,603704,G06003704,0603704,06,California,Los Angeles County (North Central)--Palmdale City PUMA,7.984005576685855,26.594622160259046,224.095703125,0.224095703125,0.224095703125
0603758,603758,G06003758,0603758,06,California,"Los Angeles County (South Central)--Gardena, Lawndale Cities & West Athens PUMA",14.245099067687988,21.23556137084961,330.7685546875,0.3307685546875,0.3307685546875
0603702,603702,G06003702,0603702,06,California,Los Angeles County (Northwest)--Santa Clarita City PUMA,12.046384309467516,24.638777883429277,413.80044716282896,0.41380044716282893,0.41380044716282893
0603709,603709,G06003709,0603709,06,California,Los Angeles County (Central)--San Gabriel Valley Region (North) PUMA,11.948904184194712,23.870891864483173,656.0289212740385,0.6560289212740384,0.6560289212740384
0603710,603710,G06003710,0603710,06,California,"Los Angeles County--Baldwin Park, Azusa, Duarte & Irwindale Cities PUMA",13.470753596379208,24.45524479792668,530.4031700721154,0.5304031700721153,0.5304031700721153
0603711,603711,G06003711,0603711,06,California,"Los Angeles County (East Central)--Glendora, Claremont, San Dimas & La Verne Cities PUMA",12.749805226045495,24.048759909237134,516.9168198529412,0.5169168198529412,0.5169168198529412
0603757,603757,G06003757,0603757,06,California,Los Angeles County (South Central)--Compton City & West Rancho Dominguez PUMA,14.173599243164062,22.09130859375,323.49306640625,0.32349306640625003,0.32349306640625003
0603750,603750,G06003750,0603750,06,California,Los Angeles County (South Central)--LA City (South Central/Westmont) PUMA,14.344833374023438,21.63451639811198,349.6041666666667,0.34960416666666666,0.34960416666666666
0603747,603747,G06003747,0603747,06,California,Los Angeles County (Central)--LA City (Central/West Adams & Baldwin Hills) PUMA,14.3881591796875,21.401919555664062,376.3002685546875,0.37630026855468746,0.37630026855468746
0603706,603706,G06003706,0603706,06,California,Los Angeles County (North)--LA City (North Central/Granada Hills & Sylmar) PUMA,12.650063254616477,24.549388538707387,453.78977272727275,0.4537897727272727,0.4537897727272727
0603707,603707,G06003707,0603707,06,California,Los Angeles County--LA (North Central/Arleta & Pacoima) & San Fernando Cities PUMA,12.994709777832032,24.17541961669922,437.169091796875,0.437169091796875,0.437169091796875
0603708,603708,G06003708,0603708,06,California,"Los Angeles County (North)--LA City (Northeast/Sunland, Sun Valley & Tujunga) PUMA",12.894750322614398,23.838326590401785,486.42626953125,0.48642626953125,0.48642626953125
0603719,603719,G06003719,0603719,06,California,Los Angeles County (Central)--Glendale City PUMA,13.613153631036932,23.608010031960227,492.12264737215907,0.49212264737215905,0.49212264737215905
0603717,603717,G06003717,0603717,06,California,"Los Angeles County (East Central)--Arcadia, San Gabriel & Temple City Cities PUMA",14.18974442915483,24.240509033203125,459.7159978693182,0.45971599786931816,0.45971599786931816
0603764,603764,G06003764,0603764,06,California,"Los Angeles County (South)--Lakewood, Cerritos, Artesia & Hawaiian Gardens Cities PUMA",13.940937042236328,22.484161376953125,312.4606628417969,0.31246066284179685,0.31246066284179685
0603731,603731,G06003731,0603731,06,California,Los Angeles County (Central)--West Hollywood & Beverly Hills Cities PUMA,14.506574630737305,22.190837860107422,430.2686462402344,0.43026864624023436,0.43026864624023436
0603722,603722,G06003722,0603722,06,California,Los Angeles County (Northwest)--LA City (North Central/Van Nuys & North Sherman Oaks) PUMA,13.567000071207682,24.264567057291668,420.4175618489583,0.4204175618489583,0.4204175618489583
0603718,603718,G06003718,0603718,06,California,Los Angeles County (Central)--Pasadena City PUMA,13.911799839564733,23.690198625837052,493.8709193638393,0.49387091936383926,0.49387091936383926
0603738,603738,G06003738,0603738,06,California,Los Angeles County (Central)--El Monte & South El Monte Cities PUMA,14.494524955749512,24.27851104736328,384.83477783203125,0.38483477783203124,0.38483477783203124
0603715,603715,G06003715,0603715,06,California,Los Angeles County (East Central)--West Covina City PUMA,14.142648696899414,24.730812072753906,400.0970153808594,0.4000970153808594,0.4000970153808594
0603713,603713,G06003713,0603713,06,California,Los Angeles County (East Central)--Covina & Walnut Cities PUMA,13.774949391682943,24.4104741414388,419.8850504557292,0.41988505045572916,0.41988505045572916
0603712,603712,G06003712,0603712,06,California,Los Angeles County (East Central)--Pomona City PUMA,13.20022243923611,24.239754570855034,412.33159722222223,0.41233159722222223,0.41233159722222223
0603735,603735,G06003735,0603735,06,California,"Los Angeles County--LA City (Mount Washington, Highland Park & Glassell Park) PUMA",14.255360412597657,23.57434844970703,441.322216796875,0.441322216796875,0.441322216796875
0603716,603716,G06003716,0603716,06,California,Los Angeles County (East Central)--La Puente & Industry Cities PUMA,14.40477466583252,24.746824264526367,386.80999755859375,0.38680999755859374,0.38680999755859374
0603756,603756,G06003756,0603756,06,California,Los Angeles County (Southeast)--Bellflower & Paramount Cities PUMA,14.13949966430664,22.594467163085938,326.578369140625,0.326578369140625,0.326578369140625
0603751,603751,G06003751,0603751,06,California,Los Angeles County (South Central)--LA City (South Central/Watts) PUMA,14.369136810302734,22.14954948425293,345.4963684082031,0.34549636840820314,0.34549636840820314
0603730,603730,G06003730,0603730,06,California,Los Angeles County (West Central)--LA City (Central/Hancock Park & Mid-Wilshire) PUMA,14.485314505440849,21.849613734654017,398.8980189732143,0.39889801897321425,0.39889801897321425
0603723,603723,G06003723,0603723,06,California,Los Angeles County (North)--LA City (North Central/Mission Hills & Panorama City) PUMA,13.36567143031529,24.473371233258927,411.06968470982144,0.41106968470982147,0.41106968470982147
0603720,603720,G06003720,0603720,06,California,Los Angeles County (Central)--Burbank City PUMA,13.875777350531685,23.661756727430557,439.040771484375,0.439040771484375,0.439040771484375
0603736,603736,G06003736,0603736,06,California,Los Angeles County (Central)--Alhambra & South Pasadena Cities PUMA,14.348182678222656,23.868214925130207,433.0668131510417,0.4330668131510417,0.4330668131510417
0603714,603714,G06003714,0603714,06,California,"Los Angeles County--Diamond Bar, La Habra Heights (East) Cities & Rowland Heights PUMA",13.773221697126116,24.083485194614955,410.8712681361607,0.4108712681361607,0.4108712681361607
0603746,603746,G06003746,0603746,06,California,Los Angeles County--LA City (Central/Univ. of Southern California & Exposition Park) PUMA,14.478524208068848,21.888525009155273,370.193603515625,0.370193603515625,0.370193603515625
0603721,603721,G06003721,0603721,06,California,Los Angeles County (North)--LA City (Northeast/North Hollywood & Valley Village) PUMA,13.698638916015625,23.830479431152344,424.763427734375,0.424763427734375,0.424763427734375
0603737,603737,G06003737,0603737,06,California,Los Angeles County (Central)--Monterey Park & Rosemead Cities PUMA,14.484583536783854,24.057749430338543,403.31103515625,0.40331103515625,0.40331103515625
0603754,603754,G06003754,0603754,06,California,Los Angeles County (Southeast)--La Mirada & Santa Fe Springs Cities PUMA,14.254779052734374,23.354208374023436,337.612255859375,0.337612255859375,0.337612255859375
0603755,603755,G06003755,0603755,06,California,Los Angeles County (Southeast)--Norwalk City PUMA,14.147056579589844,23.033455984933035,329.56912667410717,0.32956912667410715,0.32956912667410715
0603752,603752,G06003752,0603752,06,California,Los Angeles County (South)--South Gate & Lynwood Cities PUMA,14.27926508585612,22.493148803710938,338.6538492838542,0.33865384928385417,0.33865384928385417
0603742,603742,G06003742,0603742,06,California,"Los Angeles County (Central)--Huntington Park City, Florence-Graham & Walnut Park PUMA",14.450680541992188,22.655699157714842,356.157275390625,0.35615727539062497,0.35615727539062497
0603745,603745,G06003745,0603745,06,California,Los Angeles County (Central)--LA City (Southeast/East Vernon) PUMA,14.54889965057373,22.32677459716797,370.3616943359375,0.3703616943359375,0.3703616943359375
0603732,603732,G06003732,0603732,06,California,Los Angeles County (Central)--LA City (East Central/Hollywood) PUMA,14.454278564453125,23.047999572753906,425.596728515625,0.42559672851562497,0.42559672851562497
0603739,603739,G06003739,0603739,06,California,Los Angeles County (Southeast)--Whittier City & Hacienda Heights PUMA,14.40658460344587,24.108219691685267,369.33900669642856,0.36933900669642855,0.36933900669642855
0603753,603753,G06003753,0603753,06,California,Los Angeles County (South)--Downey City PUMA,14.25619888305664,23.090599060058594,340.22788492838544,0.34022788492838546,0.34022788492838546
0603734,603734,G06003734,0603734,06,California,"Los Angeles County--LA City (East Central/Silver Lake, Echo Park & Westlake) PUMA",14.465027945382255,23.108184814453125,409.0015345982143,0.40900153459821426,0.40900153459821426
0603733,603733,G06003733,0603733,06,California,Los Angeles County (Central)--LA City (Central/Koreatown) PUMA,14.52294921875,22.486148834228516,390.42938232421875,0.39042938232421875,0.39042938232421875
0603740,603740,G06003740,0603740,06,California,Los Angeles County (Central)--Pico Rivera & Montebello Cities PUMA,14.43595027923584,23.808048248291016,369.8562316894531,0.36985623168945314,0.36985623168945314
0603744,603744,G06003744,0603744,06,California,Los Angeles County (Central)--LA City (East Central/Central City & Boyle Heights) PUMA,14.525185721261161,22.893700735909597,387.4888392857143,0.38748883928571426,0.38748883928571426
0603741,603741,G06003741,0603741,06,California,"Los Angeles County (Central)--Bell Gardens, Bell, Maywood, Cudahy & Commerce Cities PUMA",14.391099294026693,23.038614908854168,354.4505615234375,0.3544505615234375,0.3544505615234375
0603743,603743,G06003743,0603743,06,California,Los Angeles County (Central)--East Los Angeles PUMA,14.500582377115885,23.35358174641927,380.4309895833333,0.3804309895833333,0.3804309895833333
3200101,3200101,G32000101,3200101,32,Nevada,Washoe County (South Central)--Reno City PUMA,1.4424348831176759,22.51300964355469,260.5181884765625,0.2605181884765625,0.2605181884765625
3200103,3200103,G32000103,3200103,32,Nevada,Washoe County (North)--Sparks City PUMA,-0.1291277419942317,21.010743116674597,291.861619885823,0.29186161988582304,0.29186161988582304
3200102,3200102,G32000102,3200102,32,Nevada,Washoe County (South) PUMA,0.13517627519430572,19.5842536847616,523.1727609536083,0.5231727609536083,0.5231727609536083
3200200,3200200,G32000200,3200200,32,Nevada,"Carson City, Lyon, Douglas & Storey Counties PUMA",0.7874949863978795,21.311502511160715,273.13755580357144,0.27313755580357146,0.27313755580357146
4100500,4100500,G41000500,4100500,41,Oregon,"Columbia, Lincoln, Clatsop & Tillamook Counties PUMA",4.941964238961964,16.598365763237265,2378.640415549598,2.378640415549598,2.378640415549598
4101000,4101000,G41001000,4101000,41,Oregon,Douglas County PUMA,4.334920334713654,19.056160726260728,1448.0099248927038,1.4480099248927039,1.4480099248927039
4101321,4101321,G41001321,4101321,41,Oregon,"Washington County (West)--Forest Grove, Cornelius Cities, Bethany & Oak Hills PUMA",3.8949357153664175,18.44091796875,1585.8461707746478,1.5858461707746478,1.5858461707746478
4101322,4101322,G41001322,4101322,41,Oregon,Washington County (Central)--Hillsboro City PUMA,4.930776742788462,19.81758235051082,1080.8404447115386,1.0808404447115385,1.0808404447115385
4101324,4101324,G41001324,4101324,41,Oregon,Washington County (Northeast)--Beaverton City (East & Central) & Cedar Mill PUMA,4.98336664835612,19.76025390625,1104.788845486111,1.104788845486111,1.104788845486111
4101323,4101323,G41001323,4101323,41,Oregon,Washington County (Central)--Beaverton City (West) & Aloha PUMA,5.051399654812283,19.879986233181423,1052.4557291666667,1.0524557291666667,1.0524557291666667
4101320,4101320,G41001320,4101320,41,Oregon,"Washington County (Southeast)--Tigard, Tualatin & Sherwood Cities PUMA",5.089156627655029,19.912931442260742,1103.46923828125,1.10346923828125,1.10346923828125
4100600,4100600,G41000600,4100600,41,Oregon,Linn & Benton Counties PUMA,3.486659119192478,18.342922082411505,1796.7972345132744,1.7967972345132743,1.7967972345132743
4101317,4101317,G41001317,4101317,41,Oregon,Clackamas County (South & East)--Damascus City PUMA,2.1925123347792517,17.293232762536338,1899.7859738372092,1.8997859738372092,1.8997859738372092
4101318,4101318,G41001318,4101318,41,Oregon,"Clackamas County (Northwest)--Oregon City, Milwaukie & Happy Valley Cities PUMA",5.240995655889097,20.040981126868207,1181.1187160326087,1.1811187160326087,1.1811187160326087
4101319,4101319,G41001319,4101319,41,Oregon,"Clackamas County (Northwest)--Lake Oswego, West Linn, Wilsonville & Canby Cities PUMA",5.219167981828962,20.048427036830358,1126.848423549107,1.1268484235491072,1.1268484235491072
4100902,4100902,G41000902,4100902,41,Oregon,Jackson County (Outside Medford & Central Point Cities)--Ashland City PUMA,2.937506914138794,20.054920196533203,928.47119140625,0.92847119140625,0.92847119140625
4100901,4100901,G41000901,4100901,41,Oregon,Jackson County (Central)--Medford & Central Point Cities PUMA,4.357227032001202,22.24407958984375,570.8058894230769,0.5708058894230769,0.5708058894230769
4100800,4100800,G41000800,4100800,41,Oregon,"Josephine, Coos & Curry Counties PUMA",6.131732295509364,18.612826777099887,2077.0096700796357,2.0770096700796357,2.0770096700796357
4100400,4100400,G41000400,4100400,41,Oregon,Deschutes County PUMA,-0.8188452712172514,17.074106002997336,602.7280195381883,0.6027280195381883,0.6027280195381883
4101105,4101105,G41001105,4101105,41,Oregon,Marion County (Outside Salem & Keizer Cities)--Woodburn & Silverton Cities PUMA,3.4327522337906005,18.267612727608267,1626.7883858267717,1.6267883858267718,1.6267883858267718
4101104,4101104,G41001104,4101104,41,Oregon,Marion County (West Central)--Salem City (South) & Four Corners PUMA,5.019505977630615,19.62635040283203,1126.677001953125,1.126677001953125,1.126677001953125
4101103,4101103,G41001103,4101103,41,Oregon,"Marion County (West Central)--Salem (North), Keizer Cities & Hayesville PUMA",5.191628592354911,19.891767229352677,1070.551060267857,1.0705510602678572,1.0705510602678572
4101200,4101200,G41001200,4101200,41,Oregon,Yamhill & Polk Counties PUMA,4.521570199178754,18.790915635665527,1674.0963097269625,1.6740963097269626,1.6740963097269626
4101303,4101303,G41001303,4101303,41,Oregon,Portland City (Southeast) PUMA,5.194899559020996,20.011362075805664,1147.4285888671875,1.1474285888671876,1.1474285888671876
4101305,4101305,G41001305,4101305,41,Oregon,Portland City (Central East) PUMA,5.176724910736084,20.062437057495117,1110.575439453125,1.110575439453125,1.110575439453125
4101316,4101316,G41001316,4101316,41,Oregon,Multnomah County (East)--Gresham & Troutdale Cities PUMA,3.378308402167426,18.406202528211807,2051.8155381944443,2.0518155381944445,2.0518155381944445
4101302,4101302,G41001302,4101302,41,Oregon,Portland City (East) PUMA,5.09595707484654,19.966905866350448,1137.11962890625,1.13711962890625,1.13711962890625
4101301,4101301,G41001301,4101301,41,Oregon,Portland City (North & Northeast) PUMA,5.087718486785889,20.00214958190918,1078.3046875,1.0783046875,1.0783046875
4101314,4101314,G41001314,4101314,41,Oregon,Portland City (Northwest & Southwest) PUMA,4.879193855054451,19.714466441761363,1137.2794744318182,1.1372794744318182,1.1372794744318182
4100703,4100703,G41000703,4100703,41,Oregon,Lane County (West Central)--Eugene City (West & South) PUMA,5.038949754503038,19.547339545355904,1087.189670138889,1.087189670138889,1.087189670138889
4100704,4100704,G41000704,4100704,41,Oregon,Lane County (East Central)--Eugene (Northeast) & Springfield Cities PUMA,4.946147373744419,19.462227957589285,1179.5713355654761,1.1795713355654762,1.1795713355654762
4100705,4100705,G41000705,4100705,41,Oregon,Lane County (Outside Eugene & Springfield Cities) PUMA,3.6154725191885966,18.095813916301168,1772.7557017543859,1.7727557017543858,1.7727557017543858
5311701,5311701,G53011701,5311701,53,Washington,"Snohomish County (Southwest)--Edmonds, Lynnwood & Mountlake Terrace Cities PUMA",5.317429733276367,17.67120819091797,994.31162109375,0.9943116210937499,0.9943116210937499
5311702,5311702,G53011702,5311702,53,Washington,Snohomish County (West Central)--Mukilteo & Everett (Southwest) Cities PUMA,5.121976999136118,17.484945443960335,1029.600360576923,1.029600360576923,1.029600360576923
5311703,5311703,G53011703,5311703,53,Washington,Snohomish County (Central)--Everett City (Central & East) & Eastmont PUMA,5.0746002197265625,17.545953603891228,1028.9910606971155,1.0289910606971155,1.0289910606971155
5311606,5311606,G53011606,5311606,53,Washington,"King County (Northwest)--Shoreline, Kenmore & Bothell (South) Cities PUMA",5.294999258858817,18.395470755440847,1029.8159877232142,1.0298159877232143,1.0298159877232143
5311704,5311704,G53011704,5311704,53,Washington,"Snohomish County (South Central)--Bothell (North), Mill Creek Cities & Silver Firs PUMA",5.024031388132196,18.13315140573602,1153.3151726973683,1.1533151726973683,1.1533151726973683
5311103,5311103,G53011103,5311103,53,Washington,"Clark County (Southeast)--Vancouver (East), Camas & Washougal Cities PUMA",4.700765195100204,19.55996438731318,1392.0298063858695,1.3920298063858696,1.3920298063858696
5311101,5311101,G53011101,5311101,53,Washington,Clark County (Southwest)--Vancouver City (West & Central) PUMA,4.978249740600586,19.809780883789063,1077.4994140625,1.0774994140624998,1.0774994140624998
5311104,5311104,G53011104,5311104,53,Washington,Clark County (North)--Battle Ground City & Orchards PUMA,3.794188382332785,18.633339329769736,1933.7118969298247,1.9337118969298246,1.9337118969298246
5311102,5311102,G53011102,5311102,53,Washington,Clark County (West Central)--Salmon Creek & Hazel Dell PUMA,4.804935230928309,19.512776094324447,1115.3841911764705,1.1153841911764706,1.1153841911764706
5311300,5311300,G53011300,5311300,53,Washington,Grays Harbor & Mason Counties PUMA,4.38497737549233,16.80443809597844,2559.5184494195687,2.559518449419569,2.559518449419569
5311502,5311502,G53011502,5311502,53,Washington,Pierce County (Northwest)--Peninsula Region & Tacoma City (West) PUMA,5.1046375621448865,18.35002996271307,1231.0992897727272,1.231099289772727,1.231099289772727
5311507,5311507,G53011507,5311507,53,Washington,"Pierce County (Southeast)--Graham, Elk Plain & Prairie Ridge PUMA",0.996652647506359,15.38326671511628,1767.094234496124,1.767094234496124,1.767094234496124
5311505,5311505,G53011505,5311505,53,Washington,Pierce County (North Central)--Tacoma (Port) & Bonney Lake (Northwest) Cities PUMA,4.9670391660748106,18.379834724195074,1117.471590909091,1.117471590909091,1.117471590909091
5311501,5311501,G53011501,5311501,53,Washington,Pierce County (Central)--Tacoma City (Central) PUMA,5.092958450317383,18.418240865071613,1084.1221516927083,1.0841221516927082,1.0841221516927082
5311506,5311506,G53011506,5311506,53,Washington,Pierce County (East Central)--Puyallup City & South Hill PUMA,4.8282470703125,18.292670754825366,1094.6629136029412,1.0946629136029413,1.0946629136029413
5311503,5311503,G53011503,5311503,53,Washington,Pierce County (West Central)--Lakewood City & Joint Base Lewis-McChord PUMA,4.7810618082682295,18.241830008370535,1152.434337797619,1.152434337797619,1.152434337797619
5311504,5311504,G53011504,5311504,53,Washington,"Pierce County (South Central)--Tacoma City (South), Parkland & Spanaway PUMA",4.744737148284912,18.193416595458984,1095.3994140625,1.0953994140625,1.0953994140625
5311200,5311200,G53011200,5311200,53,Washington,"Cowlitz, Pacific & Wahkiakum Counties PUMA",4.177446249525556,16.827958944838056,2192.6709857723577,2.1926709857723576,2.1926709857723576
5311402,5311402,G53011402,5311402,53,Washington,Thurston County (Outer) PUMA,4.387057477270651,18.124414633589183,1409.6002375730993,1.4096002375730994,1.4096002375730994
5311401,5311401,G53011401,5311401,53,Washington,"Thurston County (Central)--Olympia, Lacey & Tumwater Cities PUMA",4.804917471749442,18.19459206717355,1313.5489676339287,1.3135489676339287,1.3135489676339287
5311608,5311608,G53011608,5311608,53,Washington,King County (Northwest Central)--Greater Bellevue City PUMA,5.1624289119944855,18.681999655330884,1103.5875459558824,1.1035875459558824,1.1035875459558824
5311610,5311610,G53011610,5311610,53,Washington,"King County (Central)--Renton City, Fairwood, Bryn Mawr & Skyway PUMA",5.1916351318359375,18.690885271344865,1101.9271065848213,1.1019271065848213,1.1019271065848213
5311607,5311607,G53011607,5311607,53,Washington,"King County (Northwest)--Redmond, Kirkland Cities, Inglewood & Finn Hill PUMA",5.255421956380208,18.687427096896702,1090.896701388889,1.0908967013888888,1.0908967013888888
5311602,5311602,G53011602,5311602,53,Washington,Seattle City (Northeast) PUMA,5.405187129974365,18.60928726196289,980.3699951171875,0.9803699951171875,0.9803699951171875
5311604,5311604,G53011604,5311604,53,Washington,Seattle City (Southeast)--Capitol Hill PUMA,5.543659973144531,18.92012939453125,992.809375,0.992809375,0.992809375
5311609,5311609,G53011609,5311609,53,Washington,"King County (Central)--Sammamish, Issaquah, Mercer Island & Newcastle Cities PUMA",4.852144964810075,18.438238735856682,1246.1681034482758,1.2461681034482759,1.2461681034482759
5311613,5311613,G53011613,5311613,53,Washington,King County (Southwest Central)--Kent City PUMA,5.197646645938649,18.659511790556067,1113.0469898897059,1.113046989889706,1.113046989889706
5311614,5311614,G53011614,5311614,53,Washington,King County (Southwest)--Auburn City & Lakeland PUMA,4.906244738348599,18.3441056876347,1165.1274245689656,1.1651274245689656,1.1651274245689656
5311615,5311615,G53011615,5311615,53,Washington,"King County (Southeast)--Maple Valley, Covington & Enumclaw Cities PUMA",1.7575899124145509,16.200469970703125,1932.9123046875,1.9329123046874999,1.9329123046874999
5311601,5311601,G53011601,5311601,53,Washington,Seattle City (Northwest) PUMA,5.514360046386718,18.266400146484376,981.3603515625,0.9813603515625,0.9813603515625
5311603,5311603,G53011603,5311603,53,Washington,Seattle City (Downtown)--Queen Anne & Magnolia PUMA,5.67006254196167,18.629011154174805,994.5313720703125,0.9945313720703125,0.9945313720703125
5311605,5311605,G53011605,5311605,53,Washington,Seattle City (West)--Duwamish & Beacon Hill PUMA,5.623661334698017,18.811085627629208,1012.8956580528846,1.0128956580528847,1.0128956580528847
5311611,5311611,G53011611,5311611,53,Washington,"King County (West Central)--Burien, SeaTac, Tukwila Cities & White Center PUMA",5.457527705601284,18.910385131835938,1034.8307059151787,1.0348307059151787,1.0348307059151787
5311612,5311612,G53011612,5311612,53,Washington,"King County (Far Southwest)--Federal Way, Des Moines Cities & Vashon Island PUMA",5.36622570407006,18.641774823588708,1102.7245463709678,1.1027245463709678,1.1027245463709678
5311802,5311802,G53011802,5311802,53,Washington,Kitsap County (South)--Bremerton & Port Orchard Cities PUMA,4.779289508688039,18.183515877559266,1379.723733836207,1.379723733836207,1.379723733836207
5311801,5311801,G53011801,5311801,53,Washington,Kitsap County (North)--Bainbridge Island City & Silverdale PUMA,5.268911038912259,17.881437800480768,1040.1832932692307,1.0401832932692308,1.0401832932692308
0101500,101500,G01001500,0101500,01,Alabama,Tuscaloosa (Outer) & Pickens Counties--Northport City (North & West) PUMA,6.697430112317639,27.261501160477454,1440.1674403183024,1.4401674403183025,1.4401674403183025
0101400,101400,G01001400,0101400,01,Alabama,"Walker, Marion (South & West), Fayette & Lamar Counties PUMA",5.5225883396192526,26.611777119252874,1530.582327586207,1.530582327586207,1.530582327586207
0100100,100100,G01000100,0100100,01,Alabama,"Lauderdale, Colbert, Franklin & Marion (Northeast) Counties PUMA",4.634450881545608,26.161681798986486,1519.7699324324324,1.5197699324324323,1.5197699324324323
0102703,102703,G01002703,0102703,01,Alabama,"Mobile County (Outer)--Prichard City, Tillmans Corner & Saraland City PUMA",9.861814113849766,27.57924139891432,1685.8161851415093,1.6858161851415092,1.6858161851415092
0102701,102701,G01002701,0102701,01,Alabama,Mobile City (East) PUMA,10.085321177606998,27.820137355638586,1709.7873641304348,1.7097873641304349,1.7097873641304349
0102702,102702,G01002702,0102702,01,Alabama,Mobile City (West) PUMA,9.988032023111979,27.684580485026043,1720.6553385416667,1.7206553385416667,1.7206553385416667
0101600,101600,G01001600,0101600,01,Alabama,Tuscaloosa & Northport (Southeast) Cities PUMA,7.181249618530273,27.503863016764324,1383.361328125,1.383361328125,1.383361328125
0102600,102600,G01002600,0102600,01,Alabama,Baldwin County PUMA,10.020496226165255,27.57563559322034,1688.3770127118644,1.6883770127118645,1.6883770127118645
0400207,400207,G04000207,0400207,04,Arizona,Tucson City (Northwest) PUMA,11.386463512073863,31.05019864169034,281.5535333806818,0.2815535333806818,0.2815535333806818
0400209,400209,G04000209,0400209,04,Arizona,Tucson City (Southeast) PUMA,11.222429715670073,30.59069354717548,295.8949631911058,0.29589496319110575,0.29589496319110575
0400206,400206,G04000206,0400206,04,Arizona,Tucson City (Northeast) PUMA,11.28250961303711,30.79114990234375,300.2875244140625,0.3002875244140625,0.3002875244140625
0400203,400203,G04000203,0400203,04,Arizona,Pima County (North Central)--Oro Valley Town PUMA,9.306253390842015,28.04326171875,447.41710069444446,0.44741710069444446,0.44741710069444446
0400208,400208,G04000208,0400208,04,Arizona,Tucson City (South) PUMA,11.316481850363992,30.78391612659801,282.0166681463068,0.2820166681463068,0.2820166681463068
0400204,400204,G04000204,0400204,04,Arizona,Pima County (Northeast) PUMA,9.157664271763393,28.14841831752232,422.85412946428573,0.42285412946428574,0.42285412946428574
0400205,400205,G04000205,0400205,04,Arizona,Pima County (Southeast)--Tucson City (Far Southeast) & Sahuarita Town PUMA,9.392886513157896,27.618924753289473,373.1635690789474,0.3731635690789474,0.3731635690789474
0400201,400201,G04000201,0400201,04,Arizona,Pima County (West) PUMA,11.230290056038426,30.965272615507775,268.65462031107046,0.26865462031107046,0.26865462031107046
0400900,400900,G04000900,0400900,04,Arizona,Cochise & Santa Cruz Counties--Sierra Vista City PUMA,7.438832450141674,25.75277558304272,378.7968341325196,0.37879683413251963,0.37879683413251963
0400700,400700,G04000700,0400700,04,Arizona,Yuma County--Yuma City PUMA,12.349680747897331,33.64802059164733,114.23229952146171,0.11423229952146172,0.11423229952146172
0400803,400803,G04000803,0400803,04,Arizona,Pinal County (North)--Apache Junction City PUMA,10.623181031482055,31.008397470606436,342.7383199257426,0.3427383199257426,0.3427383199257426
0400805,400805,G04000805,0400805,04,Arizona,"Pinal County (Central)--Florence Town, Eloy (Northeast) & Coolidge Cities PUMA",10.5764892578125,30.85908474392361,305.7405815972222,0.3057405815972222,0.3057405815972222
0400807,400807,G04000807,0400807,04,Arizona,"Pinal County (West)--Maricopa, Casa Grande & Eloy (Southeast) Cities PUMA",11.533229222790949,32.697891971982756,212.09119073275863,0.21209119073275864,0.21209119073275864
0400202,400202,G04000202,0400202,04,Arizona,Tucson (West) & Marana Cities PUMA,11.366456873276654,31.157585592830884,282.8384650735294,0.2828384650735294,0.2828384650735294
0400800,400800,G04000800,0400800,04,Arizona,"Gila, Graham, Greenlee & Pinal (East) Counties PUMA",6.071833384264025,25.956705561631498,427.0535576428204,0.4270535576428204,0.4270535576428204
0400134,400134,G04000134,0400134,04,Arizona,Maricopa County (West) & Gila River Indian Community (Northwest) PUMA,11.78233704229798,32.88174715909091,192.20749684343434,0.19220749684343436,0.19220749684343436
0400132,400132,G04000132,0400132,04,Arizona,"Maricopa County--Goodyear, Glendale (West) & Litchfield Park (Northwest) Cities PUMA",12.450838724772135,34.02820841471354,199.89362250434027,0.19989362250434028,0.19989362250434028
0400131,400131,G04000131,0400131,04,Arizona,Maricopa County--Surprise City (Central) PUMA,12.402726606889205,33.87983287464488,208.49864612926137,0.20849864612926136,0.20849864612926136
0400130,400130,G04000130,0400130,04,Arizona,Maricopa County--El Mirage City & Sun City PUMA,12.525458840762868,33.98178280101103,208.83797679227942,0.20883797679227942,0.20883797679227942
0400129,400129,G04000129,0400129,04,Arizona,Phoenix (Far North) & Peoria (Northwest) Cities PUMA,12.083438328334264,32.725882393973215,265.74459402901783,0.26574459402901784,0.26574459402901784
0400111,400111,G04000111,0400111,04,Arizona,Maricopa County (Northeast)--Scottsdale City (Southeast) & Fountain Hills Town PUMA,10.12780866951778,30.21123215247845,381.90133351293105,0.38190133351293104,0.38190133351293104
0400107,400107,G04000107,0400107,04,Arizona,Maricopa County--Chandler City (South) PUMA,12.224463722922586,33.45711447975852,209.76249556107953,0.20976249556107954,0.20976249556107954
0400133,400133,G04000133,0400133,04,Arizona,Maricopa County--Avondale (Central) & Litchfield Park (Central) Cities PUMA,12.450438279371996,34.09355985201322,201.90114182692307,0.20190114182692306,0.20190114182692306
0400112,400112,G04000112,0400112,04,Arizona,"Maricopa County--Scottsdale (North), Phoenix (Far Northeast) Cities & Cave Creek PUMA",11.677536843039773,31.90022638494318,298.00046164772726,0.29800046164772725,0.29800046164772725
0400102,400102,G04000102,0400102,04,Arizona,Maricopa County--Mesa City (North Central) PUMA,12.540200233459473,33.50279235839844,233.62890625,0.23362890625,0.23362890625
0400101,400101,G04000101,0400101,04,Arizona,Maricopa County--Mesa City (East) PUMA,12.28696517944336,33.019775390625,248.303759765625,0.248303759765625,0.248303759765625
0400100,400100,G04000100,0400100,04,Arizona,Maricopa County--Gilbert (South) & Queen Creek Towns PUMA,12.061785125732422,33.065087890625,218.7031982421875,0.2187031982421875,0.2187031982421875
0400108,400108,G04000108,0400108,04,Arizona,Maricopa County--Tempe (South) & Chandler (Northwest) Cities PUMA,12.64291042751736,33.73058742947049,207.88658311631946,0.20788658311631947,0.20788658311631947
0400120,400120,G04000120,0400120,04,Arizona,Phoenix City--Ahwatukee & South Mountain PUMA,12.66520601160386,33.771739286534924,198.94146369485293,0.19894146369485294,0.19894146369485294
0400121,400121,G04000121,0400121,04,Arizona,Phoenix (Southwest) & Tolleson Cities PUMA,12.647641633686266,34.09364399157072,201.59282483552633,0.20159282483552632,0.20159282483552632
0400124,400124,G04000124,0400124,04,Arizona,Maricopa County--Glendale City (South) PUMA,12.685474395751953,34.107696533203125,208.15283203125,0.20815283203125,0.20815283203125
0400127,400127,G04000127,0400127,04,Arizona,Maricopa County--Peoria City (South & Central) PUMA,12.640937218299278,33.998312143179085,211.94450495793268,0.21194450495793268,0.21194450495793268
0400126,400126,G04000126,0400126,04,Arizona,Maricopa County--Glendale City (North) PUMA,12.648263113839286,33.82941327776228,216.33769880022322,0.21633769880022322,0.21633769880022322
0400128,400128,G04000128,0400128,04,Arizona,Phoenix City (North) PUMA,12.555480194091796,33.55060729980469,228.252880859375,0.228252880859375,0.228252880859375
0400110,400110,G04000110,0400110,04,Arizona,Maricopa County--Scottsdale City (Southwest) & Paradise Valley Town PUMA,12.72585678100586,33.616146087646484,221.99041748046875,0.22199041748046874,0.22199041748046874
0400109,400109,G04000109,0400109,04,Arizona,Maricopa County--Tempe City (North) PUMA,12.837588840060764,33.8406982421875,212.50826009114584,0.21250826009114585,0.21250826009114585
0400106,400106,G04000106,0400106,04,Arizona,Maricopa County--Chandler City (Northeast) PUMA,12.569862365722656,33.648101806640625,210.4662322998047,0.21046623229980468,0.21046623229980468
0400119,400119,G04000119,0400119,04,Arizona,Phoenix City (South) PUMA,12.820336081764914,33.92265458540483,201.80224609375,0.20180224609375,0.20180224609375
0400123,400123,G04000123,0400123,04,Arizona,Phoenix City--Maryvale (West) PUMA,12.680399894714355,34.1090087890625,207.82937622070312,0.20782937622070313,0.20782937622070313
0400105,400105,G04000105,0400105,04,Arizona,Maricopa County--Gilbert Town (North) PUMA,12.429197947184244,33.462364196777344,218.2941691080729,0.2182941691080729,0.2182941691080729
0400115,400115,G04000115,0400115,04,Arizona,Phoenix City (Northwest Central) PUMA,12.623075485229492,33.545875549316406,223.73838806152344,0.22373838806152344,0.22373838806152344
0400114,400114,G04000114,0400114,04,Arizona,Phoenix City (Northeast Central) PUMA,12.636609649658203,33.49527587890625,223.7244873046875,0.2237244873046875,0.2237244873046875
0400113,400113,G04000113,0400113,04,Arizona,Phoenix City (Northeast) PUMA,12.615549723307291,33.41060892740885,227.34883626302084,0.22734883626302085,0.22734883626302085
0400117,400117,G04000117,0400117,04,Arizona,Phoenix City (East) PUMA,12.810377332899305,33.73377143012153,213.62346733940973,0.21362346733940973,0.21362346733940973
0400118,400118,G04000118,0400118,04,Arizona,Phoenix City--Downtown & Sky Harbor International Airport PUMA,12.902883676382212,34.02213698167067,205.0037560096154,0.20500375600961537,0.20500375600961537
0400103,400103,G04000103,0400103,04,Arizona,Maricopa County--Mesa City (West) PUMA,12.705299377441406,33.709251403808594,217.46063232421875,0.21746063232421875,0.21746063232421875
0400104,400104,G04000104,0400104,04,Arizona,Maricopa County--Mesa City (South Central) PUMA,12.456249237060547,33.44572448730469,229.88101196289062,0.22988101196289062,0.22988101196289062
0400122,400122,G04000122,0400122,04,Arizona,Phoenix City--Maryvale (East) PUMA,12.806949615478516,34.0599250793457,206.760498046875,0.206760498046875,0.206760498046875
0400116,400116,G04000116,0400116,04,Arizona,Phoenix City (Uptown) PUMA,12.824925422668457,33.88413619995117,210.40509033203125,0.21040509033203125,0.21040509033203125
0400125,400125,G04000125,0400125,04,Arizona,Phoenix City (West) PUMA,12.745613098144531,33.900238037109375,210.87167358398438,0.21087167358398437,0.21087167358398437
0501900,501900,G05001900,0501900,05,Arkansas,South Central Arkansas PUMA,6.282668269230769,27.654371995192307,1402.3871153846153,1.4023871153846152,1.4023871153846152
0502000,502000,G05002000,0502000,05,Arkansas,Southwest Arkansas PUMA,6.165660582614366,27.710094176364365,1377.4123194221509,1.3774123194221508,1.3774123194221508
0501800,501800,G05001800,0501800,05,Arkansas,Southeast Arkansas PUMA,6.1369213943561,27.709524081074036,1395.9092805005214,1.3959092805005213,1.3959092805005213
0501700,501700,G05001700,0501700,05,Arkansas,"Jefferson, Grant & Arkansas (Northwest) Counties PUMA",5.411832439365671,27.648970965485073,1355.8464552238806,1.3558464552238807,1.3558464552238807
0501600,501600,G05001600,0501600,05,Arkansas,"Garland, Hot Spring, Clark & Montgomery Counties PUMA",4.929726677164873,27.091858029598825,1452.8979941291584,1.4528979941291584,1.4528979941291584
0501100,501100,G05001100,0501100,05,Arkansas,Faulkner & Lonoke Counties PUMA,4.497058600957104,27.495221690498155,1308.5401291512915,1.3085401291512915,1.3085401291512915
0500900,500900,G05000900,0500900,05,Arkansas,"Pulaski County (Outer)--North Little Rock, Sherwood & Jacksonville Cities PUMA",4.736118370378521,27.589725118287852,1322.6586707746478,1.3226586707746477,1.3226586707746477
0501000,501000,G05001000,0501000,05,Arkansas,Pulaski County (Central)--Little Rock City PUMA,4.817337472098214,27.69413016183036,1331.3723214285715,1.3313723214285715,1.3313723214285715
0501200,501200,G05001200,0501200,05,Arkansas,Saline County PUMA,4.855380929631295,27.248668643210433,1406.4165917266187,1.4064165917266187,1.4064165917266187
0602500,602500,G06002500,0602500,06,California,Imperial County--El Centro City PUMA,13.208788783082976,33.28239002145923,80.6948207260372,0.08069482072603719,0.08069482072603719
2200500,2200500,G22000500,2200500,22,Louisiana,North Delta Regional Planning & Development District 2--Northeast Louisiana PUMA,7.784836358232461,27.99927047307312,1468.679347826087,1.468679347826087,1.468679347826087
2200300,2200300,G22000300,2200300,22,Louisiana,Coordinating & Development Corporation 4--Northwest Louisiana PUMA,8.240354958298726,28.139376989894796,1432.2933277962347,1.4322933277962346,1.4322933277962346
2200100,2200100,G22000100,2200100,22,Louisiana,Coordinating & Development Corporation 1--Shreveport City (North) PUMA,7.721942652051694,28.42834586740654,1316.7511682242991,1.3167511682242992,1.3167511682242992
2200200,2200200,G22000200,2200200,22,Louisiana,Coordinating & Development Corporation 3--Bossier & Webster Parishes PUMA,7.650310733454014,28.280440167682926,1369.1204268292684,1.3691204268292683,1.3691204268292683
2200101,2200101,G22000101,2200101,22,Louisiana,Coordinating & Development Corporation 2--Shreveport City (South) PUMA,8.008257304152398,28.44838265196918,1351.30051369863,1.35130051369863,1.35130051369863
2200800,2200800,G22000800,2200800,22,Louisiana,Imperial Calcasieu Regional Planning & Development District 1 (North) PUMA,10.268539821794496,28.01413842944965,1593.2456088992974,1.5932456088992974,1.5932456088992974
2201600,2201600,G22001600,2201600,22,Louisiana,Capital Region Planning Commission 5--Ascension Parish PUMA,11.015781813401443,27.927411358173078,1639.2889423076922,1.6392889423076922,1.6392889423076922
2202000,2202000,G22002000,2202000,22,Louisiana,South Central Planning & Development Commission 2--Lafourche & Assumption Parishes PUMA,11.938994755018626,28.139079314983444,1648.4457018272426,1.6484457018272427,1.6484457018272427
2201400,2201400,G22001400,2201400,22,Louisiana,Capital Region Planning Commission 1--Baton Rouge Metropolitan Area (West) PUMA,10.418078020100703,27.8235194213555,1613.1240409207162,1.6131240409207162,1.6131240409207162
2201900,2201900,G22001900,2201900,22,Louisiana,South Central Planning & Development Commission 1--River Parishes PUMA,11.669389889564043,28.29709201388889,1667.0690586419753,1.6670690586419752,1.6670690586419752
2200600,2200600,G22000600,2200600,22,Louisiana,Kisatchie Delta Regional Planning & Development District 1 PUMA,8.986078277191558,28.02316101866883,1490.5935064935065,1.4905935064935065,1.4905935064935065
2202500,2202500,G22002500,2202500,22,Louisiana,"Regional Planning Commission 9--St. Bernard, Jefferson (South) & Plaquemines Parishes PUMA",12.241824494949494,28.394385258838383,1649.586113963039,1.649586113963039,1.649586113963039
2202200,2202200,G22002200,2202200,22,Louisiana,Regional Planning Commission 1--St. Tammany Parish (Northwest) PUMA,10.52514411407767,27.81085264335558,1642.959192961165,1.6429591929611649,1.6429591929611649
2202201,2202201,G22002201,2202201,22,Louisiana,Regional Planning Commission 2--St. Tammany Parish (Southeast) PUMA,10.950136021205358,27.991341727120535,1656.9966517857142,1.6569966517857142,1.6569966517857142
2202400,2202400,G22002400,2202400,22,Louisiana,Regional Planning Commission 6--New Orleans City (Northeast) PUMA,11.844085693359375,28.73722423206676,1666.515625,1.666515625,1.666515625
2200700,2200700,G22000700,2200700,22,Louisiana,Kisatchie Delta Regional Planning & Development District 2--Rapides & Vernon Parishes PUMA,9.424616552408128,28.060011831848552,1521.2821547884187,1.5212821547884188,1.5212821547884188
2201300,2201300,G22001300,2201300,22,Louisiana,"Acadiana Regional Development District 5--Iberia, St. Mary & St. Martin Parishes PUMA",11.255554041505167,27.957876594799743,1602.9278468586388,1.6029278468586388,1.6029278468586388
2202402,2202402,G22002402,2202402,22,Louisiana,Regional Planning Commission 8--New Orleans City (South) PUMA,12.118477957589286,28.797212873186385,1704.9041573660713,1.7049041573660713,1.7049041573660713
2202401,2202401,G22002401,2202401,22,Louisiana,Regional Planning Commission 7--New Orleans City (Central) PUMA,12.172222561306423,28.963667127821182,1698.712131076389,1.6987121310763889,1.6987121310763889
2201700,2201700,G22001700,2201700,22,Louisiana,Capital Region Planning Commission 6--Livingston & St. Helena Parishes PUMA,10.362948099772135,27.738972981770832,1667.6927083333333,1.6676927083333333,1.6676927083333333
2201800,2201800,G22001800,2201800,22,Louisiana,Capital Region Planning Commission 7--Tangipahoa & Washington Parishes PUMA,10.1588820499253,27.73510061317231,1659.0007470119522,1.659000747011952,1.659000747011952
2202300,2202300,G22002300,2202300,22,Louisiana,Regional Planning Commission 3--Jefferson Parish (North) PUMA,12.105817906996784,28.888294893152572,1683.3028492647059,1.6833028492647057,1.6833028492647057
2201100,2201100,G22001100,2201100,22,Louisiana,Acadiana Regional Development District 2--Acadia & Vermilion Parishes PUMA,10.861061324616392,28.120959253368262,1588.083645209581,1.588083645209581,1.588083645209581
2200900,2200900,G22000900,2200900,22,Louisiana,Imperial Calcasieu Regional Planning & Development District 2 (South) PUMA,10.935066561043124,28.222105368589745,1571.2749125874127,1.5712749125874128,1.5712749125874128
2201502,2201502,G22001502,2201502,22,Louisiana,Capital Region Planning Commission 4--East Baton Rouge Parish (North) PUMA,10.417692184448242,27.855058670043945,1639.0809326171875,1.6390809326171876,1.6390809326171876
2201500,2201500,G22001500,2201500,22,Louisiana,Capital Region Planning Commission 2--East Baton Rouge Parish (South) PUMA,10.69075927734375,27.903743489583334,1635.6158854166667,1.6356158854166667,1.6356158854166667
2201501,2201501,G22001501,2201501,22,Louisiana,Capital Region Planning Commission 3--Baton Rouge City PUMA,10.586652483258929,27.894708542596724,1646.583705357143,1.6465837053571428,1.6465837053571428
2200400,2200400,G22000400,2200400,22,Louisiana,North Delta Regional Planning & Development District 1--Ouachita Parish PUMA,7.771371023995536,28.130338396344865,1462.0571986607142,1.4620571986607143,1.4620571986607143
2201000,2201000,G22001000,2201000,22,Louisiana,Acadiana Regional Development District 1--St. Landry & Evangeline Parishes PUMA,10.423140431178435,28.108543803673665,1582.4002862595419,1.5824002862595419,1.5824002862595419
2202302,2202302,G22002302,2202302,22,Louisiana,Regional Planning Commission 5--Jefferson Parish (West Bank) PUMA,12.07802001953125,28.74255859375,1700.904375,1.7009043750000001,1.7009043750000001
2202301,2202301,G22002301,2202301,22,Louisiana,Regional Planning Commission 4--Jefferson Parish (Central) PUMA,12.158699729225852,28.973899147727273,1691.1530539772727,1.6911530539772728,1.6911530539772728
2201201,2201201,G22001201,2201201,22,Louisiana,Acadiana Regional Development District 4--Lafayette Parish (South) PUMA,10.98414794921875,27.97525146484375,1636.0440625,1.6360440625000001,1.6360440625000001
2201200,2201200,G22001200,2201200,22,Louisiana,Acadiana Regional Development District 3--Lafayette Parish (North) PUMA,10.91883050827753,28.022545224144345,1624.5879836309523,1.6245879836309522,1.6245879836309522
2202100,2202100,G22002100,2202100,22,Louisiana,South Central Planning & Development Commission 3--Terrebonne Parish PUMA,12.007271544574058,28.120418182791095,1628.781357020548,1.628781357020548,1.628781357020548
2801900,2801900,G28001900,2801900,28,Mississippi,"South Region--Pearl River, Hancock, George & Stone Counties PUMA",10.078815976251658,27.622010734416445,1667.7582891246684,1.6677582891246685,1.6677582891246685
2800700,2800700,G28000700,2800700,28,Mississippi,North Central Region PUMA,6.2650139130741715,27.01490140248494,1476.4615963855422,1.476461596385542,1.476461596385542
2801600,2801600,G28001600,2801600,28,Mississippi,Southwest Region PUMA,8.982773482868756,27.482632839721255,1576.7394018583043,1.5767394018583043,1.5767394018583043
2800800,2800800,G28000800,2800800,28,Mississippi,South Delta Region PUMA,6.6254374507097795,27.77223605086751,1428.1309148264984,1.4281309148264985,1.4281309148264985
2800400,2800400,G28000400,2800400,28,Mississippi,"Three Rivers Region--Lafayette, Monroe, Itawamba, Chickasaw & Calhoun Counties PUMA",5.480793324551841,26.968322280765506,1484.0893895348838,1.484089389534884,1.484089389534884
2800500,2800500,G28000500,2800500,28,Mississippi,"Three Rivers Region--Lee, Pontotoc & Union Counties--Tupelo City PUMA",5.228152683803013,27.05214582170759,1485.8077566964287,1.4858077566964287,1.4858077566964287
2800200,2800200,G28000200,2800200,28,Mississippi,"Northeast Region--Marshall, Alcorn, Prentiss, Tippah, Tishomingo & Benton Counties PUMA",4.454167273227226,26.516306369694618,1471.2160973084885,1.4712160973084885,1.4712160973084885
2801700,2801700,G28001700,2801700,28,Mississippi,"South Region--Jones, Wayne, Covington, Greene & Jefferson Davis Counties PUMA",8.722489901678356,27.369641627004007,1550.5522294589177,1.5505522294589178,1.5505522294589178
2801500,2801500,G28001500,2801500,28,Mississippi,"East Central Region--Lauderdale, Newton & Clarke Counties--Meridian City PUMA",7.649583805242234,27.11026488535503,1500.450351331361,1.500450351331361,1.500450351331361
2801400,2801400,G28001400,2801400,28,Mississippi,"East Central Region--Neshoba, Scott, Leake, Jasper, Smith & Kemper Counties PUMA",7.53755703252447,27.106583911092986,1496.7903752039151,1.4967903752039151,1.4967903752039151
2800600,2800600,G28000600,2800600,28,Mississippi,"Golden Triangle Region--Starkville, Columbus & West Point Cities PUMA",6.483110411212914,27.178767179319372,1468.4821116928447,1.4684821116928446,1.4684821116928446
2801800,2801800,G28001800,2801800,28,Mississippi,"South Region--Forrest, Lamar, Marion & Perry Counties--Hattiesburg City PUMA",9.375831671921365,27.552757557492583,1593.9504821958458,1.5939504821958457,1.5939504821958457
2800300,2800300,G28000300,2800300,28,Mississippi,"North Delta Region--Panola, Tate, Coahoma, Tallahatchie, Tunica & Quitman Counties PUMA",5.199842520639406,27.256905197251772,1431.1088209219859,1.4311088209219858,1.4311088209219858
2802100,2802100,G28002100,2802100,28,Mississippi,South Region--Jackson County PUMA,10.357653211046765,27.568436202469407,1722.6410714285714,1.7226410714285714,1.7226410714285714
2801100,2801100,G28001100,2801100,28,Mississippi,Central Region--Jackson City (East & Central) PUMA,8.09455961339614,27.56819242589614,1451.5834099264705,1.4515834099264704,1.4515834099264704
2801000,2801000,G28001000,2801000,28,Mississippi,Central Region--Jackson (West & South) & Clinton (South & East) Cities PUMA,8.212451641376202,27.588961087740383,1472.791766826923,1.472791766826923,1.472791766826923
2801200,2801200,G28001200,2801200,28,Mississippi,"Central Region--Hinds (West), Warren & Copiah Counties--Vicksburg City PUMA",8.26452068172089,27.628609267979453,1498.8551369863014,1.4988551369863015,1.4988551369863015
2800100,2800100,G28000100,2800100,28,Mississippi,North Delta Region--DeSoto County--Southaven City PUMA,4.524877683080808,27.249901357323232,1416.6227904040404,1.4166227904040405,1.4166227904040405
2802000,2802000,G28002000,2802000,28,Mississippi,South Region--Harrison County--Gulfport & Biloxi Cities PUMA,10.544357167119566,27.757810377038044,1718.3771739130434,1.7183771739130433,1.7183771739130433
2800900,2800900,G28000900,2800900,28,Mississippi,Central Region--Madison & Yazoo Counties PUMA,7.614637102399554,27.52606898716518,1468.760044642857,1.468760044642857,1.468760044642857
2801300,2801300,G28001300,2801300,28,Mississippi,Central Region--Rankin & Simpson Counties PUMA,8.045340702451508,27.338113719019397,1496.762661637931,1.496762661637931,1.496762661637931
3501100,3501100,G35001100,3501100,35,New Mexico,Central Southeast New Mexico PUMA,4.194877538916417,24.645626869857892,359.3832273747195,0.3593832273747195,0.3593832273747195
3501200,3501200,G35001200,3501200,35,New Mexico,Far Southeast New Mexico PUMA,5.728889659749035,26.973787403474905,353.3344835907336,0.3533344835907336,0.3533344835907336
3500900,3500900,G35000900,3500900,35,New Mexico,Southwest New Mexico PUMA,2.7924993240926357,23.259291253428994,341.4111099388057,0.3414111099388057,0.3414111099388057
3501001,3501001,G35001001,3501001,35,New Mexico,Doña Ana County (Outer) PUMA,6.116083524042509,27.15434290824916,256.97948232323233,0.2569794823232323,0.2569794823232323
3501002,3501002,G35001002,3501002,35,New Mexico,"Doña Ana County (Central)--Las Cruces, Mesilla Cities & University Park PUMA",6.240583292643229,26.89447021484375,284.8966796875,0.2848966796875,0.2848966796875
3500802,3500802,G35000802,3500802,35,New Mexico,Albuquerque City (Near Northeast Heights) PUMA,2.137274980545044,25.038862228393555,271.17010498046875,0.27117010498046873,0.27117010498046873
3500801,3500801,G35000801,3500801,35,New Mexico,Albuquerque City (Far Northeast Heights) PUMA,1.0875331030951605,22.927459716796875,372.54503038194446,0.3725450303819445,0.3725450303819445
3500804,3500804,G35000804,3500804,35,New Mexico,Albuquerque City (Central) & Bernalillo County (North Valley) PUMA,2.2036832173665366,25.32727559407552,237.0155029296875,0.2370155029296875,0.2370155029296875
3500803,3500803,G35000803,3500803,35,New Mexico,Albuquerque City (Southeast Heights) PUMA,2.055996087881235,24.894427959735577,274.80880033052887,0.27480880033052885,0.27480880033052885
3500806,3500806,G35000806,3500806,35,New Mexico,Albuquerque City (Southwest Mesa) & Bernalillo County (Southwest Mesa & South Valley) PUMA,2.1215530844295727,25.18796494427849,238.81116440716912,0.23881116440716912,0.23881116440716912
3500805,3500805,G35000805,3500805,35,New Mexico,"Albuquerque City (Northwest Mesa), Paradise Hills & Navajo Nation-Tohajiilee Chapter PUMA",1.6211362838745118,24.51447448730469,253.8312255859375,0.2538312255859375,0.2538312255859375
3500700,3500700,G35000700,3500700,35,New Mexico,"Valencia, Bernalillo (East Mountains) Counties & Isleta Pueblo PUMA",1.5820949009486607,24.064303152901786,303.60438058035714,0.30360438058035716,0.30360438058035716
4000701,4000701,G40000701,4000701,40,Oklahoma,"Carter, Garvin, Murray, Love & Pontotoc (West) Counties PUMA",4.698369646713052,28.10892139515355,971.9900431861804,0.9719900431861804,0.9719900431861804
4000602,4000602,G40000602,4000602,40,Oklahoma,"Stephens, Caddo, Comanche (North), Tillman, Jefferson & Cotton Counties PUMA",4.462453502437428,28.542527648428404,811.1920838183935,0.8111920838183935,0.8111920838183935
4000702,4000702,G40000702,4000702,40,Oklahoma,"Bryan, Pontotoc (East), Marshall, Atoka, Johnston & Coal Counties--Ada City PUMA",4.8587692840189876,28.030329064477847,1095.6880933544303,1.0956880933544304,1.0956880933544304
4000300,4000300,G40000300,4000300,40,Oklahoma,Southeast Oklahoma PUMA,4.591094700636062,27.546742487094395,1275.605825958702,1.2756058259587022,1.2756058259587022
4001002,4001002,G40001002,4001002,40,Oklahoma,Oklahoma County (Northwest)--Oklahoma City (Northwest Central) & Bethany Cities PUMA,3.42877197265625,28.15774875217014,896.1585828993055,0.8961585828993055,0.8961585828993055
4001003,4001003,G40001003,4001003,40,Oklahoma,Oklahoma County (Northeast)--Edmond & Oklahoma City (North Central) Cities PUMA,3.3876358423477564,28.093690529847755,911.5901442307693,0.9115901442307692,0.9115901442307692
4001006,4001006,G40001006,4001006,40,Oklahoma,Oklahoma County (Central)--Oklahoma City (Central) PUMA,3.4966001008686267,28.15991853412829,914.5494449013158,0.9145494449013158,0.9145494449013158
4001004,4001004,G40001004,4001004,40,Oklahoma,"Oklahoma County (East)--Midwest, Del & Oklahoma City (Northeast) Cities PUMA",3.514008955522017,27.990749289772726,932.3752130681818,0.9323752130681818,0.9323752130681818
4001001,4001001,G40001001,4001001,40,Oklahoma,Oklahoma County (Southwest)--Oklahoma City (West Central) PUMA,3.4905810356140137,28.144275665283203,912.4799194335938,0.9124799194335937,0.9124799194335937
4001005,4001005,G40001005,4001005,40,Oklahoma,Oklahoma County (Southeast)--Oklahoma City (East Central) PUMA,3.56777587890625,28.01640625,942.940546875,0.942940546875,0.942940546875
4000900,4000900,G40000900,4000900,40,Oklahoma,"Cleveland County--Norman, Oklahoma City (South) & Moore Cities PUMA",3.812493518390487,27.910856263827434,952.1895049778761,0.9521895049778761,0.9521895049778761
4000601,4000601,G40000601,4000601,40,Oklahoma,Comanche County (Central)--Lawton City PUMA,4.496580253527003,28.740028159132283,794.8483009708738,0.7948483009708738,0.7948483009708738
4000800,4000800,G40000800,4000800,40,Oklahoma,Canadian County--Oklahoma City (West) PUMA,3.1917903438495223,27.912992635350317,853.1377388535032,0.8531377388535032,0.8531377388535032
4001101,4001101,G40001101,4001101,40,Oklahoma,"Grady, McClain & Pottawatomie (South) Counties PUMA",3.859491762907609,27.953905188519023,919.6745923913044,0.9196745923913043,0.9196745923913043
4703202,4703202,G47003202,4703202,47,Tennessee,Memphis City (Central Midtown) PUMA,4.417400013316762,27.54311024058949,1405.4222301136363,1.4054222301136363,1.4054222301136363
4703203,4703203,G47003203,4703203,47,Tennessee,Memphis (North) & Bartlett (Southwest) Cities PUMA,4.3552374839782715,27.54892921447754,1393.4365234375,1.3934365234375,1.3934365234375
4703207,4703207,G47003207,4703207,47,Tennessee,Memphis City (Southeast) PUMA,4.447669102595403,27.440939096304085,1419.5459735576924,1.4195459735576923,1.4195459735576923
4703205,4703205,G47003205,4703205,47,Tennessee,"Memphis (East), Lakeland Cities & Arlington Town (South) PUMA",4.3824900965536795,27.40576368762601,1406.765877016129,1.406765877016129,1.406765877016129
4703206,4703206,G47003206,4703206,47,Tennessee,Shelby County (Southeast)--Collierville Town & Germantown City PUMA,4.412158619273793,27.317737926136363,1425.3473011363637,1.4253473011363638,1.4253473011363638
4703204,4703204,G47003204,4703204,47,Tennessee,Shelby County (North)--Bartlett (North & East) & Millington Cities PUMA,4.240735735212054,27.498311941964285,1377.560044642857,1.377560044642857,1.377560044642857
4703201,4703201,G47003201,4703201,47,Tennessee,Memphis City (Central Riverside) PUMA,4.3617401123046875,27.53536580403646,1398.9283854166667,1.3989283854166668,1.3989283854166668
4703208,4703208,G47003208,4703208,47,Tennessee,Memphis City (Southwest) PUMA,4.3830941336495535,27.436085728236606,1403.5988839285715,1.4035988839285716,1.4035988839285716
4805907,4805907,G48005907,4805907,48,Texas,Bexar County (South)--San Antonio City (Far South) PUMA,11.297890625,29.324443359375,791.762890625,0.7917628906249999,0.7917628906249999
4805908,4805908,G48005908,4805908,48,Texas,San Antonio City (West)--Between Loop TX-1604 & Loop I-410 PUMA,11.0789794921875,29.128628540039063,806.44189453125,0.80644189453125,0.80644189453125
4805914,4805914,G48005914,4805914,48,Texas,Bexar County (Northwest)--San Antonio (Far Northwest) & Helotes Cities PUMA,9.964494035050675,28.166784338048988,866.6815878378378,0.8666815878378378,0.8666815878378378
4805903,4805903,G48005903,4805903,48,Texas,San Antonio City (Southeast)--Inside Loop I-410 PUMA,11.29589913108132,29.34566151012074,798.7810724431819,0.7987810724431819,0.7987810724431819
4805906,4805906,G48005906,4805906,48,Texas,San Antonio City (Southwest)--Inside Loop I-410 PUMA,11.304989901455967,29.3495566628196,790.0104758522727,0.7900104758522728,0.7900104758522728
4805916,4805916,G48005916,4805916,48,Texas,"Bexar County (Northeast)--San Antonio (Northeast), Universal City & Converse Cities PUMA",10.715240478515625,28.949446244673297,841.8757102272727,0.8418757102272727,0.8418757102272727
4805913,4805913,G48005913,4805913,48,Texas,"San Antonio (Northeast), Kirby & Windcrest Cities PUMA",10.857691678133877,29.06383445046165,831.0893110795455,0.8310893110795455,0.8310893110795455
4805902,4805902,G48005902,4805902,48,Texas,San Antonio City (Northeast)--Inside Loop I-410 PUMA,11.032407488141741,29.173614501953125,824.1658063616071,0.8241658063616071,0.8241658063616071
4805905,4805905,G48005905,4805905,48,Texas,San Antonio City (West)--Inside Loop I-410 PUMA,11.13770000751202,29.212144118088943,804.0908954326923,0.8040908954326923,0.8040908954326923
4805915,4805915,G48005915,4805915,48,Texas,Bexar County (North)--San Antonio City (Far North) & Timberwood Park PUMA,10.055330018739443,28.371713999155407,879.7238175675676,0.8797238175675676,0.8797238175675676
4805901,4805901,G48005901,4805901,48,Texas,San Antonio City (Central) PUMA,11.229699876573351,29.294701470269096,806.9493272569445,0.8069493272569445,0.8069493272569445
4805909,4805909,G48005909,4805909,48,Texas,San Antonio (Northwest) & Leon Valley Cities PUMA,10.849988301595053,28.935621473524307,823.2740885416666,0.8232740885416666,0.8232740885416666
4805910,4805910,G48005910,4805910,48,Texas,San Antonio City (Northwest)--Between Loop TX-1604 & Loop I-410 PUMA,10.649869537353515,28.779129028320312,840.53046875,0.8405304687499999,0.8405304687499999
4805911,4805911,G48005911,4805911,48,Texas,"San Antonio City (North), Hollywood Park Town & Shavano Park City PUMA",10.599357604980469,28.787607828776043,851.2693684895834,0.8512693684895833,0.8512693684895833
4805912,4805912,G48005912,4805912,48,Texas,San Antonio City (Northeast)--Between Loop TX-1604 & Loop I-410 PUMA,10.751998901367188,28.968404916616585,845.8030348557693,0.8458030348557692,0.8458030348557692
4805904,4805904,G48005904,4805904,48,Texas,San Antonio City (Northwest)--Inside Loop I-410 PUMA,11.002816518147787,29.11583201090495,823.7267252604166,0.8237267252604167,0.8237267252604167
4800800,4800800,G48000800,4800800,48,Texas,"Texoma COG--Grayson, Cooke & Fannin Counties PUMA",5.858123075537212,28.498186091457022,1054.2337526205451,1.0542337526205452,1.0542337526205452
4806801,4806801,G48006801,4806801,48,Texas,Hidalgo County (Southeast)--Weslaco & Mercedes Cities PUMA,15.762035793728298,30.029581705729168,626.9906684027778,0.6269906684027778,0.6269906684027778
4806803,4806803,G48006803,4806803,48,Texas,"Hidalgo County (South Central)--Pharr, San Juan & Hidalgo Cities PUMA",15.704981486002604,30.312967936197918,573.8356119791666,0.5738356119791667,0.5738356119791667
4806806,4806806,G48006806,4806806,48,Texas,Hidalgo County (Southwest)--Mission City PUMA,15.622736930847168,30.438743591308594,556.1754150390625,0.5561754150390625,0.5561754150390625
4806807,4806807,G48006807,4806807,48,Texas,Hidalgo County (North & West) PUMA,15.349850741299717,30.255615234375,594.1061789772727,0.5941061789772728,0.5941061789772728
4806805,4806805,G48006805,4806805,48,Texas,Hidalgo County (Central)--McAllen City PUMA,15.665072631835937,30.36473185221354,560.2248046875,0.5602248046874999,0.5602248046874999
4806802,4806802,G48006802,4806802,48,Texas,Hidalgo County (East)--Alamo & Donna Cities PUMA,15.68985107421875,30.1372021484375,616.2712890625,0.6162712890625001,0.6162712890625001
4806804,4806804,G48006804,4806804,48,Texas,Hidalgo County (North Central)--Edinburg City PUMA,15.589183262416295,30.31225803920201,586.5055803571429,0.5865055803571428,0.5865055803571428
4804200,4804200,G48004200,4804200,48,Texas,Orange & Hardin Counties PUMA,10.70964688876652,28.295038030011014,1558.3419603524228,1.558341960352423,1.558341960352423
4803802,4803802,G48003802,4803802,48,Texas,"Heart of Texas COG--McLennan County--Waco (Outer), Hewitt & Robinson Cities PUMA",8.588534628378378,29.159243032094594,951.0650337837837,0.9510650337837837,0.9510650337837837
4803801,4803801,G48003801,4803801,48,Texas,Heart of Texas COG--McLennan County--Waco City (Central) PUMA,8.690392085484095,29.337934221540177,956.3360072544643,0.9563360072544643,0.9563360072544643
4805700,4805700,G48005700,4805700,48,Texas,Alamo Area COG (Northeast)--Guadalupe County PUMA,10.703726900540865,29.05998722956731,853.712860576923,0.8537128605769231,0.8537128605769231
4801000,4801000,G48001000,4801000,48,Texas,Ark-Tex COG (West) PUMA,6.587606043903374,28.307401504984664,1207.909509202454,1.207909509202454,1.207909509202454
4801501,4801501,G48001501,4801501,48,Texas,East Texas COG (Central)--Smith County (Outside Tyler City) PUMA,7.922262180070936,28.454967288151842,1194.0498466257668,1.1940498466257667,1.1940498466257667
4801502,4801502,G48001502,4801502,48,Texas,East Texas COG (Central)--Smith County (West)--Tyler City PUMA,8.156964209771925,28.512272004158266,1190.5442288306451,1.1905442288306451,1.1905442288306451
4801200,4801200,G48001200,4801200,48,Texas,"East Texas COG (Northeast)--Harrison, Upshur & Marion Counties PUMA",7.697612050840979,28.414307387232416,1260.90500764526,1.26090500764526,1.26090500764526
4803900,4803900,G48003900,4803900,48,Texas,Deep East Texas COG (West) & Walker County PUMA,9.668628067620057,28.497831700211865,1288.051906779661,1.288051906779661,1.288051906779661
4806500,4806500,G48006500,4806500,48,Texas,Coastal Bend COG (Northeast) PUMA,13.068089171432462,29.03033726511438,850.9752178649237,0.8509752178649237,0.8509752178649237
4803200,4803200,G48003200,4803200,48,Texas,Rio Grande COG & Permian Basin Regional Planning Commission (West) PUMA,7.534674103843312,27.335842225609756,327.82402957486136,0.32782402957486134,0.32782402957486134
4802600,4802600,G48002600,4802600,48,Texas,West Central Texas COG (Outside Taylor County) PUMA,6.658370193229766,28.625782149021862,663.7990985807442,0.6637990985807442,0.6637990985807442
4802800,4802800,G48002800,4802800,48,Texas,Concho Valley COG & Permian Basin Regional Planning Commission (East) PUMA,7.286836364275386,27.97698174405527,528.9421192159383,0.5289421192159383,0.5289421192159383
4806400,4806400,G48006400,4806400,48,Texas,South Texas Development Council (South) & Coastal Bend COG (West) PUMA,13.57854500829646,30.06779245022124,607.4044800884956,0.6074044800884956,0.6074044800884956
4803700,4803700,G48003700,4803700,48,Texas,Heart of Texas COG (Outside McLennan County) & Navarro County PUMA,8.429137323943662,28.98090465872156,1005.7881229685808,1.0057881229685808,1.0057881229685808
4802700,4802700,G48002700,4802700,48,Texas,West Central Texas COG--Taylor County--Abilene City PUMA,6.659011468654725,28.336104230182926,655.4062976371952,0.6554062976371952,0.6554062976371952
4801700,4801700,G48001700,4801700,48,Texas,"East Texas COG (Southeast)--Rusk, Cherokee & Panola Counties PUMA",8.364068882099327,28.42837461099585,1267.979901452282,1.2679799014522821,1.2679799014522821
4800900,4800900,G48000900,4800900,48,Texas,"Hunt & Rockwall Counties--Rockwall, Greenville & Dallas (Far Northeast) Cities PUMA",6.899359654017857,28.728231026785714,1100.4676785714287,1.1004676785714287,1.1004676785714287
4806200,4806200,G48006200,4806200,48,Texas,Middle Rio Grande Development Council PUMA,10.516171617768109,29.221493194379114,576.4430856067733,0.5764430856067733,0.5764430856067733
4803000,4803000,G48003000,4803000,48,Texas,Permian Basin Regional Planning Commission (Central)--Midland County--Midland City PUMA,7.125000853638549,28.426266116695803,376.0837248688811,0.37608372486888114,0.37608372486888114
4802900,4802900,G48002900,4802900,48,Texas,Concho Valley COG--Tom Green County--San Angelo City PUMA,7.387137075570913,28.259835111177885,562.7396033653846,0.5627396033653846,0.5627396033653846
4800300,4800300,G48000300,4800300,48,Texas,Panhandle Regional Planning Commission--Randall County--Amarillo City (South) PUMA,2.8363461184811283,25.903342507102273,486.22154017857144,0.48622154017857144,0.48622154017857144
4806701,4806701,G48006701,4806701,48,Texas,Cameron County (East)--Brownsville City (North) PUMA,15.868271557252799,29.333885989972014,679.8533115671642,0.6798533115671641,0.6798533115671641
4806703,4806703,G48006703,4806703,48,Texas,Cameron County (South)--Brownsville City (Central) PUMA,15.864477975027901,29.522293090820312,707.7483258928571,0.7077483258928571,0.7077483258928571
4806702,4806702,G48006702,4806702,48,Texas,Cameron County (West)--Harlingen & San Benito Cities PUMA,15.731566382236169,29.853599673411885,656.9433913934427,0.6569433913934426,0.6569433913934426
4804701,4804701,G48004701,4804701,48,Texas,"Galveston County (Central, South & East)--Galveston, Texas City & La Marque Cities PUMA",12.382627506846005,28.779739851804123,1383.1241945876288,1.383124194587629,1.383124194587629
4804702,4804702,G48004702,4804702,48,Texas,Galveston County (Northwest)--League City & Friendswood City PUMA,12.17663339468149,28.798480694110577,1465.282451923077,1.465282451923077,1.465282451923077
4803100,4803100,G48003100,4803100,48,Texas,Permian Basin Regional Planning Commission (Central)--Ector County--Odessa City PUMA,7.011435342001748,28.247980291193183,345.1750437062937,0.3451750437062937,0.3451750437062937
4805100,4805100,G48005100,4805100,48,Texas,"Capital Area COG (East)--Bastrop, Caldwell, Fayette & Lee Counties PUMA",10.456227494855968,29.044572241512345,957.8856738683128,0.9578856738683128,0.9578856738683128
4802006,4802006,G48002006,4802006,48,Texas,Denton County (North & West)--Denton City (Outer) PUMA,6.828445812887397,29.383599399535125,984.6930526859504,0.9846930526859504,0.9846930526859504
4802004,4802004,G48002004,4802004,48,Texas,"Denton County (East Central)--Frisco (West), The Colony & Little Elm Cities PUMA",7.169370314654182,29.538028492647058,996.6385569852941,0.9966385569852941,0.9966385569852941
4802003,4802003,G48002003,4802003,48,Texas,Denton County (South Central)--Flower Mound Town & Highland Village City PUMA,7.246592930385044,29.694654192243302,961.2762276785714,0.9612762276785715,0.9612762276785715
4802005,4802005,G48002005,4802005,48,Texas,Denton County (Central)--Denton (Central) & Corinth Cities PUMA,7.004619852701823,29.55894571940104,976.846875,0.976846875,0.976846875
4802002,4802002,G48002002,4802002,48,Texas,Denton County (Southeast)--Lewisville City PUMA,7.488142013549805,29.901707967122395,977.9303385416666,0.9779303385416667,0.9779303385416667
4802001,4802001,G48002001,4802001,48,Texas,Denton County (Far Southeast)--Carrollton (North) & Dallas (North) Cities PUMA,7.386199951171875,29.642459106445312,1000.0537109375,1.0000537109375,1.0000537109375
4806000,4806000,G48006000,4806000,48,Texas,Alamo Area COG (Northwest) & Blanco County PUMA,8.691662397540984,27.59613715277778,794.7034380692168,0.7947034380692167,0.7947034380692167
4804100,4804100,G48004100,4804100,48,Texas,Deep East Texas COG (East) PUMA,9.427305857340494,28.178599039713543,1472.1359049479167,1.4721359049479168,1.4721359049479168
4805500,4805500,G48005500,4805500,48,Texas,Golden Crescent Regional Planning Commission (North) & Wilson & Karnes Counties PUMA,11.746855994435817,29.036409808488614,915.602096273292,0.915602096273292,0.915602096273292
4806603,4806603,G48006603,4806603,48,Texas,Coastal Bend COG--Nueces County (Central)--Corpus Christi City (South Central) PUMA,14.025962136008523,28.983342950994317,817.4536576704545,0.8174536576704545,0.8174536576704545
4806602,4806602,G48006602,4806602,48,Texas,Coastal Bend COG--Nueces County (Central)--Corpus Christi City (North Central) PUMA,13.972857157389322,29.023173014322918,802.7007649739584,0.8027007649739584,0.8027007649739584
4806601,4806601,G48006601,4806601,48,Texas,Coastal Bend COG--Nueces County--Corpus Christi City (Outer) PUMA,13.824017128247894,29.238599455758425,782.7679073033707,0.7827679073033708,0.7827679073033708
4804000,4804000,G48004000,4804000,48,Texas,Deep East Texas COG (Central)--Angelina & Nacogdoches Counties PUMA,8.990752875610749,28.2408324002443,1352.413884364821,1.3524138843648208,1.3524138843648208
4801100,4801100,G48001100,4801100,48,Texas,Ark-Tex COG (East)--Bowie & Cass Counties PUMA,6.909807477678571,28.19417216614907,1289.9192546583852,1.289919254658385,1.289919254658385
4802101,4802101,G48002101,4802101,48,Texas,Ellis County PUMA,7.820644471703506,29.13718916730183,1009.6717797256098,1.0096717797256098,1.0096717797256098
4802200,4802200,G48002200,4802200,48,Texas,"North Central Texas COG (West)--Hood, Erath, Palo Pinto & Somervell Counties PUMA",7.155945245150862,28.812095905172413,856.1568965517241,0.8561568965517241,0.8561568965517241
4805800,4805800,G48005800,4805800,48,Texas,Alamo Area COG (Northeast)--Comal County PUMA,9.994078480113636,28.52286931818182,890.5163352272727,0.8905163352272727,0.8905163352272727
4805600,4805600,G48005600,4805600,48,Texas,Golden Crescent Regional Planning Commission (Southeast)--Victoria & Calhoun Counties PUMA,12.643153720431858,28.973134358723957,1016.6499565972222,1.0166499565972222,1.0166499565972222
4803601,4803601,G48003601,4803601,48,Texas,Brazos Valley COG (Outside Brazos County) & Milam County PUMA,9.830689829891908,28.938184243348115,1074.6768985587582,1.0746768985587583,1.0746768985587583
4805000,4805000,G48005000,4805000,48,Texas,Houston-Galveston Area Council (West) PUMA,11.653166533479139,28.743399331258413,1154.1661339165546,1.1541661339165545,1.1541661339165545
4803400,4803400,G48003400,4803400,48,Texas,"Central Texas COG (West), Burnet & Llano Counties PUMA",8.468486591533466,28.536289881993007,805.8122502497503,0.8058122502497502,0.8058122502497502
4805400,4805400,G48005400,4805400,48,Texas,Capital Area COG (Southwest)--Hays County PUMA,9.879348394438976,28.650909664124015,894.2212106299213,0.8942212106299213,0.8942212106299213
4801300,4801300,G48001300,4801300,48,Texas,"East Texas COG (Northwest)--Van Zandt, Wood, Camp & Rains Counties PUMA",7.391635113989401,28.45389311494883,1158.4561403508771,1.158456140350877,1.158456140350877
4801800,4801800,G48001800,4801800,48,Texas,East Texas COG (Southwest)--Henderson & Anderson Counties PUMA,8.47521635445442,28.563762517265193,1142.9986187845304,1.1429986187845305,1.1429986187845305
4803302,4803302,G48003302,4803302,48,Texas,El Paso City (East) PUMA,7.215224583943685,28.51349131266276,224.67313639322916,0.22467313639322917,0.22467313639322917
4803304,4803304,G48003304,4803304,48,Texas,El Paso City (Central) PUMA,7.372432708740234,28.5465571085612,229.68033854166666,0.22968033854166667,0.22968033854166667
4800600,4800600,G48000600,4800600,48,Texas,North Texas Regional Planning Commission (Outside Wichita County) & Wise County PUMA,5.728215336723254,29.02425828795644,758.7841127482383,0.7587841127482383,0.7587841127482383
4803303,4803303,G48003303,4803303,48,Texas,El Paso City (Southeast) PUMA,7.46307373046875,28.843422337582236,224.96396998355263,0.22496396998355264,0.22496396998355264
4803301,4803301,G48003301,4803301,48,Texas,El Paso County (Outside El Paso City)--Socorro & Horizon Cities PUMA,6.91311044404001,28.010316790956438,233.3766571969697,0.23337665719696968,0.23337665719696968
4803305,4803305,G48003305,4803305,48,Texas,El Paso City (North) PUMA,6.875212959621264,27.62193762737772,262.35886548913044,0.26235886548913046,0.26235886548913046
4803306,4803306,G48003306,4803306,48,Texas,El Paso City (Northwest) PUMA,6.95973269144694,27.807403564453125,244.9626261393229,0.2449626261393229,0.2449626261393229
4800400,4800400,G48000400,4800400,48,Texas,South Plains Association of Governments (Outside Lubbock County) PUMA,4.630713929521277,26.860471282928064,501.0293819655522,0.5010293819655522,0.5010293819655522
4804400,4804400,G48004400,4804400,48,Texas,Houston-Galveston Area Council--Liberty & Chambers Counties PUMA,11.31864407318811,28.609177778908794,1494.7703583061889,1.4947703583061889,1.4947703583061889
4806900,4806900,G48006900,4806900,48,Texas,Coastal Bend COG (Southeast) & Willacy County PUMA,14.423319472977244,29.510921203381795,683.1209702907712,0.6831209702907712,0.6831209702907712
4804302,4804302,G48004302,4804302,48,Texas,Jefferson County (Outside Beaumont City)--Port Arthur City PUMA,11.164579460419803,28.32666898060994,1554.4288403614457,1.5544288403614457,1.5544288403614457
4804301,4804301,G48004301,4804301,48,Texas,Jefferson County (North Central)--Beaumont City PUMA,10.97875249953497,28.371814546130953,1586.9278273809523,1.5869278273809524,1.5869278273809524
4802102,4802102,G48002102,4802102,48,Texas,Johnson County PUMA,7.750929832458496,29.153627395629883,952.5509643554688,0.9525509643554687,0.9525509643554687
4806302,4806302,G48006302,4806302,48,Texas,South Texas Development Council--Webb County (North & East)--Laredo City (Outer) PUMA,13.280536925117925,30.477223982900945,556.6244103773585,0.5566244103773584,0.5566244103773584
4806301,4806301,G48006301,4806301,48,Texas,South Texas Development Council (North)--Webb County--Laredo City (Central) PUMA,14.138300115411932,31.23082663796165,500.3648792613636,0.5003648792613636,0.5003648792613636
4802516,4802516,G48002516,4802516,48,Texas,Tarrant County (Northwest)--Fort Worth (Northwest) & Saginaw Cities PUMA,7.608183288574219,29.61196492513021,927.7113932291667,0.9277113932291666,0.9277113932291666
4802515,4802515,G48002515,4802515,48,Texas,Tarrant County (West)--Fort Worth City (West) PUMA,7.774532741970486,29.702392578125,918.9549696180555,0.9189549696180556,0.9189549696180556
4802512,4802512,G48002512,4802512,48,Texas,Fort Worth City (North Central) & Haltom City (North)--Inside Loop I-820 PUMA,7.908581901999081,29.8402099609375,936.0259076286765,0.9360259076286764,0.9360259076286764
4802511,4802511,G48002511,4802511,48,Texas,Fort Worth City (North)--East of I-35W & West of US-377 PUMA,7.658789894797585,29.722190163352273,943.5929509943181,0.9435929509943182,0.9435929509943182
4802510,4802510,G48002510,4802510,48,Texas,Tarrant County (North)--North Richland Hills (North) & Keller Cities PUMA,7.642499651227679,29.76647731236049,953.4391741071429,0.9534391741071429,0.9534391741071429
4802501,4802501,G48002501,4802501,48,Texas,"Tarrant County (Northeast)--Grapevine, Southlake & Colleyville Cities PUMA",7.628473382247122,29.85582211143092,967.2534950657895,0.9672534950657895,0.9672534950657895
4802514,4802514,G48002514,4802514,48,Texas,Tarrant County (Southwest)--Fort Worth (Southwest) & Benbrook Cities PUMA,7.670916239420573,29.42794392903646,928.22890625,0.92822890625,0.92822890625
4802509,4802509,G48002509,4802509,48,Texas,Fort Worth (Northeast) & Hurst (South) Cities--North of I-30 PUMA,7.904557880602385,29.857274105674342,956.4593955592105,0.9564593955592106,0.9564593955592106
4802502,4802502,G48002502,4802502,48,Texas,Tarrant County (East)--Euless (South & West) & Arlington (North) Cities PUMA,7.860254461115057,29.88254339044744,976.2315340909091,0.9762315340909091,0.9762315340909091
4802506,4802506,G48002506,4802506,48,Texas,Tarrant County (South Central)--Fort Worth City (Southeast)--South of I-20 PUMA,7.80439567565918,29.47480010986328,948.2723795572916,0.9482723795572916,0.9482723795572916
4802513,4802513,G48002513,4802513,48,Texas,Fort Worth City (South Central) & Edgecliff Village Town PUMA,7.82677001953125,29.6302001953125,940.64580078125,0.94064580078125,0.94064580078125
4802508,4802508,G48002508,4802508,48,Texas,"Fort Worth City (East Central)--South of I-30, East of I-35W & Inside Loop I-820 PUMA",7.939045299183238,29.72830755060369,951.2162642045455,0.9512162642045455,0.9512162642045455
4802507,4802507,G48002507,4802507,48,Texas,Tarrant County (East)--Arlington City (West)--South of I-30 & East of Loop I-820 PUMA,7.927565892537435,29.69043223063151,965.44384765625,0.96544384765625,0.96544384765625
4802503,4802503,G48002503,4802503,48,Texas,Tarrant County (East)--Arlington (East) & Grand Prairie (West Central) Cities PUMA,7.9062550862630205,29.698476155598957,980.4903428819445,0.9804903428819445,0.9804903428819445
4802505,4802505,G48002505,4802505,48,Texas,Tarrant County (Southeast)--Mansfield (North) & Arlington (Southwest) Cities PUMA,7.895462989807129,29.55077362060547,970.0842895507812,0.9700842895507813,0.9700842895507813
4802504,4802504,G48002504,4802504,48,Texas,Tarrant County (Southeast)--Arlington (Southeast) & Grand Prairie (Southwest) Cities PUMA,7.942636966705322,29.648174285888672,977.7247924804688,0.9777247924804687,0.9777247924804687
4805204,4805204,G48005204,4805204,48,Texas,Capital Area COG--Williamson County (West)--Cedar Park & Leander Cities PUMA,9.369582466457201,28.85451607082201,881.6772248641304,0.8816772248641304,0.8816772248641304
4805201,4805201,G48005201,4805201,48,Texas,Capital Area COG--Williamson County (North)--Georgetown (East) & Taylor Cities PUMA,9.519051631804436,28.99422568044355,903.5872983870968,0.9035872983870967,0.9035872983870967
4805203,4805203,G48005203,4805203,48,Texas,"Williamson County (South)--Austin City (Far North), Brushy Creek & Jollyville PUMA",9.653886795043945,28.955263137817383,892.024169921875,0.892024169921875,0.892024169921875
4805202,4805202,G48005202,4805202,48,Texas,Capital Area COG--Williamson County (Southeast)--Round Rock City PUMA,9.655905330882353,29.02542293772978,908.7826861213235,0.9087826861213235,0.9087826861213235
4804803,4804803,G48004803,4804803,48,Texas,Houston-Galveston Area Council--Brazoria County (Southwest)--Lake Jackson City PUMA,12.338683661099138,28.615453259698278,1244.0853448275861,1.2440853448275861,1.2440853448275861
4804802,4804802,G48004802,4804802,48,Texas,Houston-Galveston Area Council--Brazoria County (Central)--Alvin City PUMA,12.255359086834016,28.6967053022541,1340.0902920081967,1.3400902920081967,1.3400902920081967
4804801,4804801,G48004801,4804801,48,Texas,Houston-Galveston Area Council--Brazoria County (North)--Pearland City PUMA,12.15094706217448,28.983319091796876,1402.0419270833333,1.4020419270833333,1.4020419270833333
4800502,4800502,G48000502,4800502,48,Texas,South Plains Association of Governments--Lubbock County--Lubbock City (Outer) PUMA,4.716684364410768,26.84685029179217,475.5562876506024,0.4755562876506024,0.4755562876506024
4800501,4800501,G48000501,4800501,48,Texas,South Plains Association of Governments--Lubbock County--Lubbock City (Central) PUMA,4.809763474897905,26.968292236328125,471.5328480113636,0.47153284801136364,0.47153284801136364
4800700,4800700,G48000700,4800700,48,Texas,North Texas Regional Planning Commission--Wichita County--Wichita Falls City PUMA,5.530996627166491,29.33189584427521,736.5282956932773,0.7365282956932773,0.7365282956932773
4806100,4806100,G48006100,4806100,48,Texas,Alamo Area COG (Southwest) PUMA,11.009480146526773,29.029446680535457,730.2502713458755,0.7302502713458755,0.7302502713458755
4803502,4803502,G48003502,4803502,48,Texas,"Central Texas COG--Bell County (North, East & South)--Temple & Belton Cities PUMA",9.087589738175677,29.015994510135137,911.4086148648648,0.9114086148648648,0.9114086148648648
4803501,4803501,G48003501,4803501,48,Texas,Central Texas COG--Bell County (West)--Killeen & Harker Heights Cities PUMA,9.055729457310267,29.072367350260418,877.1246279761905,0.8771246279761905,0.8771246279761905
4802400,4802400,G48002400,4802400,48,Texas,Parker County PUMA,6.91355602193323,28.828646642080745,884.919448757764,0.8849194487577641,0.8849194487577641
4804501,4804501,G48004501,4804501,48,Texas,Houston-Galveston Area Council--Montgomery County (Northeast)--Conroe City (East) PUMA,10.643095470610119,28.728841145833332,1293.8665178571428,1.2938665178571427,1.2938665178571427
4804504,4804504,G48004504,4804504,48,Texas,Houston-Galveston Area Council--Montgomery County (Southeast) PUMA,11.32300447162829,28.91214149876645,1376.7732319078948,1.3767732319078947,1.3767732319078947
4804502,4804502,G48004502,4804502,48,Texas,Houston-Galveston Area Council--Montgomery County (West)--Conroe City (West) PUMA,10.721138218470982,28.777197265625,1262.3944196428572,1.2623944196428571,1.2623944196428571
4804503,4804503,G48004503,4804503,48,Texas,Houston-Galveston Area Council--Montgomery County (South)--The Woodlands (North) PUMA,11.149399820963541,28.9251708984375,1313.0026041666667,1.3130026041666667,1.3130026041666667
4802301,4802301,G48002301,4802301,48,Texas,Dallas County (Northeast)--Rowlett & Garland (Northeast) Cities PUMA,7.312905704273897,28.9591459386489,1024.1769301470588,1.0241769301470587,1.0241769301470587
4802308,4802308,G48002308,4802308,48,Texas,Dallas County (Northeast)--Garland (Northwest) & Richardson (East) Cities PUMA,7.410772150213068,29.22170743075284,1023.7769886363636,1.0237769886363637,1.0237769886363637
4802322,4802322,G48002322,4802322,48,Texas,"Dallas County (Northwest)--Irving (North), Coppell & Carrollton (Southwest) Cities PUMA",7.751043796539307,30.013450622558594,989.0352783203125,0.9890352783203125,0.9890352783203125
4802303,4802303,G48002303,4802303,48,Texas,Dallas County (East)--Mesquite City (Central & Southeast) PUMA,7.452766418457031,28.9478759765625,1031.3891059027778,1.0313891059027778,1.0313891059027778
4802304,4802304,G48002304,4802304,48,Texas,Dallas County (Southeast)--Dallas City (Southeast) PUMA,7.639699575063345,29.23249775654561,1017.5841427364865,1.0175841427364865,1.0175841427364865
4802321,4802321,G48002321,4802321,48,Texas,Dallas County (Northwest)--Irving (Central) & Dallas (Northwest) Cities PUMA,7.840752994312959,29.97901647231158,987.9388786764706,0.9879388786764706,0.9879388786764706
4802302,4802302,G48002302,4802302,48,Texas,Dallas County (Northeast)--Garland City (South) PUMA,7.496249389648438,29.230230712890624,1021.60048828125,1.02160048828125,1.02160048828125
4802320,4802320,G48002320,4802320,48,Texas,Dallas County (West)--Irving (South) & Grand Prairie (North) Cities PUMA,7.955824534098308,29.97992451985677,987.625244140625,0.987625244140625,0.987625244140625
4802305,4802305,G48002305,4802305,48,Texas,Dallas (East) & Mesquite (West) Cities--South of I-30 & West of I-635 PUMA,7.620909257368608,29.252391468394887,1018.6639737215909,1.0186639737215908,1.0186639737215908
4802317,4802317,G48002317,4802317,48,Texas,Dallas County (South)--DeSoto & Lancaster Cities PUMA,7.789742606026786,29.285574776785715,1013.3255208333334,1.0133255208333334,1.0133255208333334
4802310,4802310,G48002310,4802310,48,Texas,"Dallas (Far North), Carrollton (Southeast) Cities & Addison Town--North of I-635 PUMA",7.632574717203776,29.68963368733724,1007.6394856770834,1.0076394856770834,1.0076394856770834
4802309,4802309,G48002309,4802309,48,Texas,Dallas (Far North) & Richardson (Southwest) Cities PUMA,7.486355251736111,29.379930284288193,1023.9675564236111,1.023967556423611,1.023967556423611
4802307,4802307,G48002307,4802307,48,Texas,Dallas City (Northeast)--East of US-75 PUMA,7.547419738769531,29.408319091796876,1018.97548828125,1.01897548828125,1.01897548828125
4802306,4802306,G48002306,4802306,48,Texas,Dallas (Northeast) & Mesquite (North) Cities--North of I-30 & West of I-635 PUMA,7.627769470214844,29.40469970703125,1016.44375,1.01644375,1.01644375
4802314,4802314,G48002314,4802314,48,Texas,Dallas City (East Central)--South of I-30 & East of I-35E PUMA,7.77277101789202,29.497693743024552,1007.0990513392857,1.0070990513392857,1.0070990513392857
4802319,4802319,G48002319,4802319,48,Texas,Dallas County (West)--Grand Prairie (Central) & Dallas (Southwest) Cities PUMA,7.9271998087565105,29.716961669921876,996.8140625,0.9968140624999999,0.9968140624999999
4802312,4802312,G48002312,4802312,48,Texas,"Dallas (West Central), University Park Cities & Highland Park Town PUMA",7.842599868774414,29.7756290435791,1004.193359375,1.004193359375,1.004193359375
4802311,4802311,G48002311,4802311,48,Texas,Dallas City (North)--South of I-635 & West of US-75 PUMA,7.684675216674805,29.61168670654297,1011.6096801757812,1.0116096801757812,1.0116096801757812
4802316,4802316,G48002316,4802316,48,Texas,Dallas City (South Central)--North of I-20 & West of I-35E PUMA,7.849077860514323,29.472354465060764,1003.7619357638889,1.003761935763889,1.003761935763889
4802318,4802318,G48002318,4802318,48,Texas,Dallas County (Southwest)--Cedar Hill & Duncanville Cities PUMA,7.821966383192274,29.376156277126736,1004.841796875,1.004841796875,1.004841796875
4802315,4802315,G48002315,4802315,48,Texas,Dallas City (West Central)--East of Loop TX-12 & West of I-35E PUMA,7.888169860839843,29.7144287109375,998.5490234375,0.9985490234375,0.9985490234375
4802313,4802313,G48002313,4802313,48,Texas,Dallas City (Downtown)--North of I-30 PUMA,7.784014020647321,29.653714861188615,1008.2214006696429,1.0082214006696428,1.0082214006696428
4801400,4801400,G48001400,4801400,48,Texas,Kaufman County PUMA,7.431729485006893,28.85302734375,1059.9620863970588,1.0599620863970587,1.0599620863970587
4804905,4804905,G48004905,4804905,48,Texas,Fort Bend County (West & South) PUMA,11.852212934351678,28.767771251166046,1291.0311333955224,1.2910311333955224,1.2910311333955224
4804901,4804901,G48004901,4804901,48,Texas,Fort Bend County (East)--Missouri City PUMA,12.118145751953126,29.006404622395834,1364.650390625,1.364650390625,1.364650390625
4804902,4804902,G48004902,4804902,48,Texas,Fort Bend County (Northeast)--Sugar Land & Stafford Cities PUMA,12.065453024471507,29.021310245289524,1345.4206112132354,1.3454206112132354,1.3454206112132354
4804903,4804903,G48004903,4804903,48,Texas,"Fort Bend County (Central)--Rosenberg City, Pecan Grove & New Territory PUMA",11.95417646928267,28.913374467329547,1319.1837713068182,1.3191837713068182,1.3191837713068182
4804904,4804904,G48004904,4804904,48,Texas,"Fort Bend County (North)--Mission Bend (Southwest), Cinco Ranch & Four Corners PUMA",11.859928676060267,28.97397722516741,1331.3011997767858,1.3313011997767858,1.3313011997767858
4805309,4805309,G48005309,4805309,48,Texas,"Travis County (West, South & Outside Austin City) PUMA",9.860720957880435,28.953262992527176,877.0195652173913,0.8770195652173913,0.8770195652173913
4805308,4805308,G48005308,4805308,48,Texas,"Austin City (Southwest), Lost Creek & Barton Creek PUMA",10.09653517779182,29.02927353802849,901.2303538602941,0.9012303538602942,0.9012303538602942
4805305,4805305,G48005305,4805305,48,Texas,Austin City (Northwest) PUMA,9.942599487304687,29.0924853515625,876.50609375,0.87650609375,0.87650609375
4805307,4805307,G48005307,4805307,48,Texas,Austin City (South) PUMA,10.204355027940538,29.16592068142361,908.8967556423611,0.908896755642361,0.908896755642361
4805306,4805306,G48005306,4805306,48,Texas,Austin City (Central) PUMA,10.259876675075954,29.294087727864582,905.9108072916666,0.9059108072916666,0.9059108072916666
4805301,4805301,G48005301,4805301,48,Texas,"Travis County (Northeast)--Pflugerville, Manor Cities & Wells Branch PUMA",10.036999958317454,29.133988543254574,906.2684832317074,0.9062684832317074,0.9062684832317074
4805304,4805304,G48005304,4805304,48,Texas,Austin City (Southeast) PUMA,10.176888359917534,29.145853678385418,907.2284613715278,0.9072284613715278,0.9072284613715278
4805303,4805303,G48005303,4805303,48,Texas,Austin City (Northeast) PUMA,10.167072642933238,29.203713156960227,903.6770241477273,0.9036770241477272,0.9036770241477272
4805302,4805302,G48005302,4805302,48,Texas,Austin City (North) PUMA,9.92480010986328,29.068109130859376,901.387109375,0.901387109375,0.901387109375
4803602,4803602,G48003602,4803602,48,Texas,Brazos Valley COG--Brazos County--College Station & Bryan Cities PUMA,10.15331602933114,29.078450520833332,1090.7987253289473,1.0907987253289473,1.0907987253289473
4801600,4801600,G48001600,4801600,48,Texas,East Texas COG (Central)--Gregg County--Longview City PUMA,7.863314924568965,28.535486681707972,1236.248114224138,1.236248114224138,1.236248114224138
4801903,4801903,G48001903,4801903,48,Texas,Collin County (Southwest)--Plano City (Central) PUMA,7.246211581759983,29.262712266710068,1027.4990234375,1.0274990234375,1.0274990234375
4801901,4801901,G48001901,4801901,48,Texas,"Collin County (Southwest)--Dallas (North), Plano (South) & Richardson (North) Cities PUMA",7.321530151367187,29.29359130859375,1023.63828125,1.02363828125,1.02363828125
4801902,4801902,G48001902,4801902,48,Texas,Collin County (Southwest)--Plano City (West) PUMA,7.006312370300293,29.270360946655273,1019.812744140625,1.019812744140625,1.019812744140625
4801904,4801904,G48001904,4801904,48,Texas,"Collin County (South Central)--Allen, Murphy, Plano (East) & Parker Cities PUMA",7.1295725504557295,29.193288167317707,1030.6155598958333,1.0306155598958333,1.0306155598958333
4801905,4801905,G48001905,4801905,48,Texas,Collin County (Central)--McKinney City PUMA,6.900661044650608,29.1741943359375,1037.2026909722222,1.037202690972222,1.037202690972222
4801906,4801906,G48001906,4801906,48,Texas,Collin County (Northwest)--Frisco City (East) & Prosper Town PUMA,6.686478485932222,29.20688938450169,1026.800464527027,1.026800464527027,1.026800464527027
4801907,4801907,G48001907,4801907,48,Texas,Collin County (East) PUMA,6.843090464767901,28.91552497345267,1058.3423088592233,1.0583423088592232,1.0583423088592232
4804613,4804613,G48004613,4804613,48,Texas,Houston (West) & Hunters Creek Village Cities--Between Loop I-610 & Beltway TX-8 PUMA,12.104859924316406,29.1978271484375,1391.3865234375,1.3913865234375,1.3913865234375
4804611,4804611,G48004611,4804611,48,Texas,Houston City (Northwest)--Between Loop I-610 & Beltway TX-8 PUMA,11.926272305575283,29.1382363059304,1385.06640625,1.38506640625,1.38506640625
4804631,4804631,G48004631,4804631,48,Texas,Harris County (Northwest)--North of US-290 & North of FM-1960 PUMA,11.436643327985491,28.928235735212052,1314.650111607143,1.314650111607143,1.314650111607143
4804612,4804612,G48004612,4804612,48,Texas,Houston (West) & Spring Valley Village Cities--Between Loop I-610 & Beltway TX-8 PUMA,12.041422526041666,29.172977023654514,1391.3821614583333,1.3913821614583333,1.3913821614583333
4804628,4804628,G48004628,4804628,48,Texas,Harris County (Northwest)--Jersey Village City--Between Beltway TX-8 & FM-1960 PUMA,11.697406475360577,29.049037053034855,1352.7904146634614,1.3527904146634615,1.3527904146634615
4804633,4804633,G48004633,4804633,48,Texas,Harris County (Northwest)--South of US-290 & West of TX-6 PUMA,11.559828622000557,28.974199567522323,1316.8182198660713,1.3168182198660714,1.3168182198660714
4804636,4804636,G48004636,4804636,48,Texas,Houston City (West)--East of TX-6 & West of Beltway TX-8 PUMA,11.912229919433594,29.093389892578124,1358.421875,1.358421875,1.358421875
4804637,4804637,G48004637,4804637,48,Texas,"Houston City (West)--Westpark Tollway, West of Beltway TX-8 PUMA",12.0463498433431,29.140151977539062,1365.0731608072917,1.3650731608072917,1.3650731608072917
4804614,4804614,G48004614,4804614,48,Texas,"Houston City (West)--Westpark Tollway, Between Loop I-610 & Beltway TX-8 PUMA",12.162039947509765,29.23521728515625,1400.1716796875,1.4001716796875001,1.4001716796875001
4804609,4804609,G48004609,4804609,48,Texas,Houston City (North)--South of Aldine & Inside Beltway TX-8 PUMA,12.058910023082387,29.237870649857953,1416.7124467329545,1.4167124467329546,1.4167124467329546
4804629,4804629,G48004629,4804629,48,Texas,"Harris County (North)--North of FM-1960, West of I-45 & East of TX-249 PUMA",11.5561769925631,28.996988149789665,1342.3303786057693,1.3423303786057692,1.3423303786057692
4804630,4804630,G48004630,4804630,48,Texas,Harris County (Far North)--Tomball City & The Woodlands (Southwest) PUMA,11.266554514567057,28.87084197998047,1309.9379069010417,1.3099379069010417,1.3099379069010417
4804634,4804634,G48004634,4804634,48,Texas,Harris County (West)--Houston City (West)--North of US-90 & West of TX-6 PUMA,11.70656377618963,28.994062943892047,1325.5390625,1.3255390625,1.3255390625
4804615,4804615,G48004615,4804615,48,Texas,Houston (Southwest) & Bellaire (Southeast) Cities--Between Loop I-610 & Beltway TX-8 PUMA,12.147183736165365,29.214449564615887,1392.54296875,1.39254296875,1.39254296875
4804610,4804610,G48004610,4804610,48,Texas,Houston City (North)--West of Aldine & Inside Beltway TX-8 PUMA,11.85264417860243,29.155320909288193,1385.716037326389,1.3857160373263888,1.3857160373263888
4804635,4804635,G48004635,4804635,48,Texas,Houston City (West)--South of I-10 & West of TX-6 PUMA,11.818533325195313,29.006620279947917,1332.1381510416666,1.3321381510416666,1.3321381510416666
4804638,4804638,G48004638,4804638,48,Texas,Houston City (Southwest)--East of TX-6 & West of Beltway TX-8 PUMA,12.071554395887587,29.10843234592014,1368.1783854166667,1.3681783854166667,1.3681783854166667
4804604,4804604,G48004604,4804604,48,Texas,Houston City (West Central)--South of I-10 & Inside Loop I-610 PUMA,12.174861907958984,29.274486541748047,1424.8502197265625,1.4248502197265625,1.4248502197265625
4804626,4804626,G48004626,4804626,48,Texas,"Harris County (North)--Houston City (North)--I-45, Between Beltway TX-8 & FM-1960 PUMA",11.699799431694878,29.108734130859375,1367.1465928819443,1.3671465928819444,1.3671465928819444
4804627,4804627,G48004627,4804627,48,Texas,Harris County (Far North)--Spring PUMA,11.556364171645221,29.05252793255974,1362.0114889705883,1.3620114889705883,1.3620114889705883
4804632,4804632,G48004632,4804632,48,Texas,Harris County (Far Northwest)--Katy City (Northeast) PUMA,11.100391387939453,28.786697387695312,1269.742431640625,1.269742431640625,1.269742431640625
4804616,4804616,G48004616,4804616,48,Texas,Houston City (Southwest)--Between Loop I-610 & Beltway TX-8 PUMA,12.141514369419642,29.154384068080358,1392.127232142857,1.392127232142857,1.392127232142857
4804603,4804603,G48004603,4804603,48,Texas,"Houston City (South Central)--South of US-59, West of I-45 & Inside Loop I-610 PUMA",12.178099198774857,29.249744762073863,1423.5256569602273,1.4235256569602273,1.4235256569602273
4804608,4804608,G48004608,4804608,48,Texas,Houston City (North) & Aldine--Between Loop I-610 & Beltway TX-8 PUMA,11.969600132533483,29.220493861607142,1410.3477957589287,1.4103477957589288,1.4103477957589288
4804601,4804601,G48004601,4804601,48,Texas,Houston City (North Central)--North of I-10 & Inside Loop I-610 PUMA,12.153345281427557,29.269353693181817,1436.0925071022727,1.4360925071022728,1.4360925071022728
4804607,4804607,G48004607,4804607,48,Texas,Houston City (Northeast)--Between Loop I-610 & Beltway TX-8 PUMA,12.03984150133635,29.215598658511514,1443.2451685855262,1.4432451685855263,1.4432451685855263
4804619,4804619,G48004619,4804619,48,Texas,Houston (Southeast) & South Houston Cities--Inside Beltway TX-8 PUMA,12.1669189453125,29.088385009765624,1440.81806640625,1.44081806640625,1.44081806640625
4804618,4804618,G48004618,4804618,48,Texas,Houston City (Southeast)--West of Pasadena City & Outside Loop I-610 PUMA,12.168999481201173,29.167251586914062,1441.8767578125,1.4418767578125,1.4418767578125
4804602,4804602,G48004602,4804602,48,Texas,Houston City (East Central)--East of I-45 & Inside Loop I-610 PUMA,12.169110107421876,29.243170166015624,1444.66689453125,1.44466689453125,1.44466689453125
4804625,4804625,G48004625,4804625,48,Texas,"Harris County (North)--Houston (North), Humble Cities & Atascocita PUMA",11.774380770596592,29.12900057705966,1410.8893821022727,1.4108893821022728,1.4108893821022728
4804617,4804617,G48004617,4804617,48,Texas,Houston City (South)--Between Loop I-610 & Beltway TX-8 PUMA,12.165631294250488,29.110267639160156,1411.330078125,1.411330078125,1.411330078125
4804620,4804620,G48004620,4804620,48,Texas,Houston (Southeast) & Webster Cities PUMA,12.150611877441406,28.95486831665039,1462.153564453125,1.462153564453125,1.462153564453125
4804606,4804606,G48004606,4804606,48,Texas,"Houston (East), Galena Park, Jacinto Cities & Cloverleaf PUMA",12.132150014241537,29.203590393066406,1464.7177734375,1.4647177734375,1.4647177734375
4804624,4804624,G48004624,4804624,48,Texas,Harris County (Northeast)--Houston City (Far Northeast) PUMA,11.705384865785257,29.019734700520832,1444.531750801282,1.444531750801282,1.444531750801282
4804605,4804605,G48004605,4804605,48,Texas,Harris County (Southeast)--Pasadena City (North & Central)--Inside Beltway TX-8 PUMA,12.154660034179688,29.12671813964844,1466.792578125,1.4667925781250002,1.4667925781250002
4804621,4804621,G48004621,4804621,48,Texas,"Houston (Southeast), Pasadena (Southeast), La Porte (South) & Seabrook (East) Cities PUMA",12.159964310495477,28.897242495888158,1486.3315172697369,1.486331517269737,1.486331517269737
4804622,4804622,G48004622,4804622,48,Texas,"Harris County (East)--Deer Park, La Porte (North) Cities & Channelview PUMA",12.06438228062221,29.06478009905134,1497.800502232143,1.4978005022321428,1.4978005022321428
4804623,4804623,G48004623,4804623,48,Texas,Harris County (East)--Baytown City PUMA,11.993116251627605,28.975052897135416,1509.6290364583333,1.5096290364583334,1.5096290364583334
0100400,100400,G01000400,0100400,01,Alabama,DeKalb & Jackson Counties PUMA,4.030482806581439,25.14456972064394,1472.489015151515,1.472489015151515,1.472489015151515
0102500,102500,G01002500,0102500,01,Alabama,"Houston, Dale, Geneva & Henry Counties--Dothan City PUMA",9.490663703658136,27.51150344488189,1434.4990157480315,1.4344990157480315,1.4344990157480315
0101000,101000,G01001000,0101000,01,Alabama,"Talladega, Cherokee, Randolph, Cleburne & Clay Counties PUMA",5.7892241794651325,26.02884472841556,1416.156072106262,1.416156072106262,1.416156072106262
0100500,100500,G01000500,0100500,01,Alabama,Marshall & Madison (Southeast) Counties--Huntsville City (Far Southeast) PUMA,4.862865709278681,25.95625033443921,1451.5614297945206,1.4515614297945205,1.4515614297945205
0102400,102400,G01002400,0102400,01,Alabama,"Russell, Pike, Barbour, Macon & Bullock Counties PUMA",8.2608178490991,27.176947846283785,1371.7695945945945,1.3717695945945945,1.3717695945945945
0102300,102300,G01002300,0102300,01,Alabama,"Coffee, Covington, Butler & Crenshaw Counties PUMA",8.971104071392276,27.335161410696138,1491.2924288617887,1.4912924288617888,1.4912924288617888
0101900,101900,G01001900,0101900,01,Alabama,Lee County--Auburn City PUMA,7.4831288655598955,26.9250244140625,1367.1697916666667,1.3671697916666667,1.3671697916666667
0102100,102100,G01002100,0102100,01,Alabama,"Elmore, Autauga, Montgomery (Outer) & Lowndes Counties PUMA",8.035073426240299,27.366854039634145,1394.0223115299334,1.3940223115299335,1.3940223115299335
0102000,102000,G01002000,0102000,01,Alabama,Montgomery City & Pike Road Town (North) PUMA,8.358617401123047,27.77434387207031,1346.9123046875,1.3469123046875,1.3469123046875
0101100,101100,G01001100,0101100,01,Alabama,Calhoun County PUMA,5.714682334710743,26.143560740573346,1405.0240185950413,1.4050240185950413,1.4050240185950413
0100900,100900,G01000900,0100900,01,Alabama,Etowah County PUMA,5.217058128285631,26.211617443049064,1434.1144859813085,1.4341144859813084,1.4341144859813084
0100302,100302,G01000302,0100302,01,Alabama,Huntsville City (Central & South) PUMA,4.541165161132812,26.02861328125,1441.940234375,1.441940234375,1.441940234375
1202102,1202102,G12002102,1202102,12,Florida,Collier County (Southwest) PUMA,18.077495574951172,28.239603678385418,1435.9069010416667,1.4359069010416667,1.4359069010416667
1202103,1202103,G12002103,1202103,12,Florida,Collier County (East) PUMA,18.174233700631106,28.38771439841205,1442.3525326797385,1.4423525326797384,1.4423525326797384
1202101,1202101,G12002101,1202101,12,Florida,Collier County (Northwest) PUMA,18.019415283203124,28.228976440429687,1427.84951171875,1.42784951171875,1.42784951171875
1201113,1201113,G12001113,1201113,12,Florida,Broward County (Southeast)--Hollywood (South) & Pembroke Pines (East) Cities PUMA,19.802066379123264,28.57980007595486,1602.4457465277778,1.602445746527778,1.602445746527778
1201108,1201108,G12001108,1201108,12,Florida,Broward County (East Central)--Fort Lauderdale City (Central) PUMA,19.85308837890625,28.57251892089844,1619.4869140625,1.6194869140625001,1.6194869140625001
1201104,1201104,G12001104,1201104,12,Florida,Broward County--Pompano Beach (South) & Fort Lauderdale (Northeast) Cities PUMA,19.77132623845881,28.573219992897727,1551.9396306818182,1.5519396306818183,1.5519396306818183
1201103,1201103,G12001103,1201103,12,Florida,"Broward County--Deerfield, Pompano Beach (North) & Lighthouse Point Cities PUMA",19.684799194335938,28.52588653564453,1512.900146484375,1.512900146484375,1.512900146484375
1201109,1201109,G12001109,1201109,12,Florida,Broward County (Southeast)--Hollywood (North) & Dania Beach (South) Cities PUMA,19.86599900987413,28.57305230034722,1622.224392361111,1.622224392361111,1.622224392361111
1201102,1201102,G12001102,1201102,12,Florida,Broward County (North Central)--Margate & Coconut Creek Cities PUMA,19.560090498490766,28.531200062144887,1529.53125,1.52953125,1.52953125
1201107,1201107,G12001107,1201107,12,Florida,Broward County (Central)--Lauderhill & Lauderdale Lakes Cities PUMA,19.68228276570638,28.557347615559895,1577.2815755208333,1.5772815755208334,1.5772815755208334
1201110,1201110,G12001110,1201110,12,Florida,Broward County (Central)--Davie Town & Cooper City PUMA,19.64903846153846,28.565652700570915,1537.4887319711538,1.5374887319711539,1.5374887319711539
1201105,1201105,G12001105,1201105,12,Florida,"Broward County (Central)--Tamarac, Oakland Park & North Lauderdale Cities PUMA",19.651607166637074,28.555483731356535,1552.4359019886363,1.5524359019886362,1.5524359019886362
1201106,1201106,G12001106,1201106,12,Florida,Broward County (Central)--Plantation & Sunrise Cities PUMA,19.622844989483173,28.54901357797476,1537.641826923077,1.537641826923077,1.537641826923077
1201111,1201111,G12001111,1201111,12,Florida,"Broward County--Weston, Pembroke Pines (Northwest) Cities & Southwest Ranches Town PUMA",19.654298481188324,28.630062705592106,1443.9697779605262,1.4439697779605263,1.4439697779605263
1201112,1201112,G12001112,1201112,12,Florida,Broward County (South Central)--Miramar (West) & Pembroke Pines (Southwest) Cities PUMA,19.693514506022137,28.605308532714844,1492.8157552083333,1.4928157552083332,1.4928157552083332
1201101,1201101,G12001101,1201101,12,Florida,Broward County (West)--Coral Springs & Parkland Cities PUMA,18.992155423129564,28.451524720574817,1375.9238138686133,1.3759238138686132,1.3759238138686132
1201114,1201114,G12001114,1201114,12,Florida,"Broward County (Southeast)--Miramar (East), Hallandale Beach & West Park Cities PUMA",19.885009765625,28.603668212890625,1601.4908203125,1.6014908203125,1.6014908203125
1210301,1210301,G12010301,1210301,12,Florida,Pinellas County (North) PUMA,15.845638699001736,28.302322387695312,1380.6592881944443,1.3806592881944444,1.3806592881944444
1210308,1210308,G12010308,1210308,12,Florida,Pinellas County (South Central)--St. Petersburg City (West) PUMA,16.28968709309896,28.294146728515624,1319.4029947916667,1.3194029947916668,1.3194029947916668
1210305,1210305,G12010305,1210305,12,Florida,Pinellas County (West Central)--Greater Seminole City PUMA,16.167723435621994,28.310753455528847,1336.510967548077,1.3365109675480769,1.3365109675480769
1210303,1210303,G12010303,1210303,12,Florida,Pinellas County (Central)--Clearwater City (South & Central) PUMA,16.097937950721153,28.277329664963943,1367.6768329326924,1.3676768329326925,1.3676768329326925
1210302,1210302,G12010302,1210302,12,Florida,Pinellas County (North Central) PUMA,16.050584059495193,28.29431621844952,1368.6526442307693,1.3686526442307694,1.3686526442307694
1210307,1210307,G12010307,1210307,12,Florida,Pinellas County (Southeast)--St. Petersburg City (East) PUMA,16.24312973022461,28.3682804107666,1325.186279296875,1.325186279296875,1.325186279296875
1210304,1210304,G12010304,1210304,12,Florida,Pinellas County (Central)--Greater Largo City PUMA,16.13789258684431,28.33001926967076,1356.0279017857142,1.3560279017857142,1.3560279017857142
1210306,1210306,G12010306,1210306,12,Florida,Pinellas County (Central)--Greater Pinellas Park City PUMA,16.180738830566405,28.3751708984375,1336.91796875,1.33691796875,1.33691796875
1209907,1209907,G12009907,1209907,12,Florida,Palm Beach County (Southeast)--Greater Delray Beach City PUMA,19.247222900390625,28.235748291015625,1496.21728515625,1.49621728515625,1.49621728515625
1209908,1209908,G12009908,1209908,12,Florida,Palm Beach County (Southeast)--Boca Raton City & Highland Beach Town PUMA,19.481155395507812,28.40158928765191,1492.703125,1.492703125,1.492703125
1209911,1209911,G12009911,1209911,12,Florida,Palm Beach County (West)--Glades & Western Communities PUMA,17.943978974313445,27.911817146070074,1328.5307765151515,1.3285307765151515,1.3285307765151515
1209904,1209904,G12009904,1209904,12,Florida,Palm Beach County (East)--Greenacres City (North) & Palm Springs Village (North) PUMA,18.80548858642578,28.087472915649414,1549.125,1.549125,1.549125
1209909,1209909,G12009909,1209909,12,Florida,Palm Beach County (West of Boca Raton City) PUMA,19.255716177133415,28.328758826622597,1485.1015625,1.4851015625,1.4851015625
1209910,1209910,G12009910,1209910,12,Florida,Palm Beach County (Central)--Wellington Village & Agricultural Reserve PUMA,18.583011474609375,28.00224609375,1497.4665625,1.4974665625,1.4974665625
1209902,1209902,G12009902,1209902,12,Florida,Palm Beach County (Northeast)--Palm Beach Gardens & Riviera Beach Cities PUMA,18.371185302734375,27.992216110229492,1573.97021484375,1.57397021484375,1.57397021484375
1209901,1209901,G12009901,1209901,12,Florida,Palm Beach County (Northeast) PUMA,18.286249334161933,28.0288613059304,1580.7709517045455,1.5807709517045454,1.5807709517045454
1209903,1209903,G12009903,1209903,12,Florida,Palm Beach County (East)--West Palm Beach City (Southeast) & Palm Beach Town PUMA,18.765733991350448,28.08906991141183,1547.8920200892858,1.5478920200892858,1.5478920200892858
1209905,1209905,G12009905,1209905,12,Florida,"Palm Beach County (East Central)--Lake Worth City, Lantana Town & Atlantis City PUMA",18.918521457248264,28.09267849392361,1539.9098307291667,1.5399098307291668,1.5399098307291668
1209906,1209906,G12009906,1209906,12,Florida,Palm Beach County (East Central)--Greater Boynton Beach City (North) PUMA,19.05433772160457,28.117877666766827,1525.5501802884614,1.5255501802884615,1.5255501802884615
1205705,1205705,G12005705,1205705,12,Florida,Hillsborough County (North Central)--Tampa City (North) PUMA,15.516430194561298,28.063030536358173,1376.7911658653845,1.3767911658653846,1.3767911658653846
1205706,1205706,G12005706,1205706,12,Florida,Hillsborough County (Northeast) PUMA,15.77589748216712,28.065355383831523,1383.3631114130435,1.3833631114130436,1.3833631114130436
1205704,1205704,G12005704,1205704,12,Florida,Hillsborough County (North Central) PUMA,15.636900160047743,28.11239963107639,1364.9225260416667,1.3649225260416666,1.3649225260416666
1205701,1205701,G12005701,1205701,12,Florida,Hillsborough County (Central)--Tampa City (Central) PUMA,15.833348592122396,28.229471842447918,1354.442138671875,1.354442138671875,1.354442138671875
1205703,1205703,G12005703,1205703,12,Florida,Hillsborough County (Northwest) PUMA,15.794862111409506,28.2569580078125,1360.0189615885417,1.3600189615885419,1.3600189615885419
1205707,1205707,G12005707,1205707,12,Florida,Hillsborough County (Central) PUMA,15.808649133752894,28.146400734230323,1369.4105902777778,1.3694105902777778,1.3694105902777778
1205702,1205702,G12005702,1205702,12,Florida,Hillsborough County (Southwest)--Tampa City (South) PUMA,16.001143022017047,28.354081587357953,1319.7817826704545,1.3197817826704545,1.3197817826704545
1205708,1205708,G12005708,1205708,12,Florida,Hillsborough County (South County) PUMA,15.993606751223645,28.02764966114458,1370.4941641566265,1.3704941641566266,1.3704941641566266
1211704,1211704,G12011704,1211704,12,Florida,Seminole County (East) PUMA,15.127742116044207,28.144090605945124,1361.757050304878,1.361757050304878,1.361757050304878
1211702,1211702,G12011702,1211702,12,Florida,Seminole County (North Central) PUMA,15.02781867980957,28.169593811035156,1366.478515625,1.366478515625,1.366478515625
1211703,1211703,G12011703,1211703,12,Florida,Seminole County (South Central) PUMA,15.283157348632812,28.227121988932293,1368.4588216145833,1.3684588216145832,1.3684588216145832
1211701,1211701,G12011701,1211701,12,Florida,Seminole County (West) PUMA,14.970820376747533,28.119551809210527,1366.6354851973683,1.3666354851973683,1.3666354851973683
1208900,1208900,G12008900,1208900,12,Florida,Nassau & Baker Counties PUMA,11.914064551601891,27.78257943802521,1333.42450105042,1.33342450105042,1.33342450105042
1202300,1202300,G12002300,1202300,12,Florida,"Columbia, Levy, Bradford, Gilchrist, Dixie & Union Counties PUMA",12.385164677189087,27.53778189773689,1374.2694915254237,1.3742694915254237,1.3742694915254237
1200102,1200102,G12000102,1200102,12,Florida,Alachua County (Outer) PUMA,12.690649565702639,27.53528362771739,1339.5245535714287,1.3395245535714286,1.3395245535714286
1200101,1200101,G12000101,1200101,12,Florida,Alachua County (Central)--Gainesville City (Central) PUMA,12.708530591881793,27.505158797554348,1333.3406080163043,1.3333406080163042,1.3333406080163042
1210103,1210103,G12010103,1210103,12,Florida,Pasco County (Gulf Coast) PUMA,15.402017344599185,28.11510699728261,1365.998046875,1.365998046875,1.365998046875
1210102,1210102,G12010102,1210102,12,Florida,Pasco County (West Central) PUMA,15.138514927455358,27.91848842075893,1365.7291294642857,1.3657291294642857,1.3657291294642857
1210104,1210104,G12010104,1210104,12,Florida,Pasco County (South) PUMA,15.406767974028716,27.985925622888512,1377.1232052364865,1.3771232052364863,1.3771232052364863
1210101,1210101,G12010101,1210101,12,Florida,Pasco County (East Central) PUMA,15.141419293129282,27.78922470301798,1376.1084118150684,1.3761084118150684,1.3761084118150684
1207101,1207101,G12007101,1207101,12,Florida,Lee County (South & West)--Barrier Islands Region PUMA,17.935487747192383,28.499736785888672,1373.2900390625,1.3732900390625,1.3732900390625
1207105,1207105,G12007105,1207105,12,Florida,Lee County (Southeast)--Bonita Springs City & Estero (East) PUMA,17.7450390625,28.12946533203125,1446.988125,1.446988125,1.446988125
1207102,1207102,G12007102,1207102,12,Florida,Lee County (Northwest)--Cape Coral City PUMA,17.67267826625279,28.27624729701451,1420.116908482143,1.4201169084821428,1.4201169084821428
1207103,1207103,G12007103,1207103,12,Florida,Lee County (Northeast)--Lehigh Acres & North Fort Myers PUMA,17.37332298642113,28.004191080729168,1436.312779017857,1.4363127790178571,1.4363127790178571
1207104,1207104,G12007104,1207104,12,Florida,Lee County (Central)--Greater Fort Myers City PUMA,17.58049560546875,28.129658203125,1441.69859375,1.4416985937500002,1.4416985937500002
1208301,1208301,G12008301,1208301,12,Florida,Marion County (North) PUMA,13.567730978260869,27.687869395380435,1341.3032608695653,1.3413032608695652,1.3413032608695652
1208303,1208303,G12008303,1208303,12,Florida,Marion County (South Central) PUMA,13.925210886988147,27.709563156654095,1323.9789870689656,1.3239789870689656,1.3239789870689656
1208302,1208302,G12008302,1208302,12,Florida,Marion County (Central)--Ocala City PUMA,13.680993216378349,27.66947283063616,1333.6443917410713,1.3336443917410714,1.3336443917410714
1210900,1210900,G12010900,1210900,12,Florida,St. Johns County (North) PUMA,13.177155928178268,27.86680186878551,1320.835049715909,1.320835049715909,1.320835049715909
1210700,1210700,G12010700,1210700,12,Florida,Putnam & St. Johns (South) Counties PUMA,13.26833796373663,27.63015175885695,1333.1495655080214,1.3331495655080214,1.3331495655080214
1200500,1200500,G12000500,1200500,12,Florida,"Walton, Washington, Holmes & Bay Counties PUMA",10.427626953125,27.5703125,1580.628125,1.580628125,1.580628125
1203101,1203101,G12003101,1203101,12,Florida,Duval County (Outer)--Jacksonville City (North & West) PUMA,12.402271792763157,28.014360608552632,1337.5948190789475,1.3375948190789475,1.3375948190789475
1203104,1203104,G12003104,1203104,12,Florida,Duval County (East)--Jacksonville City (Beaches) PUMA,12.817804436934622,28.10257118626645,1311.743009868421,1.311743009868421,1.311743009868421
1203102,1203102,G12003102,1203102,12,Florida,Duval County (Northwest Central)--Jacksonville City (Northwest) PUMA,12.474699232313368,28.110477023654514,1334.5814887152778,1.3345814887152778,1.3345814887152778
1203103,1203103,G12003103,1203103,12,Florida,Duval County (North Central)--Jacksonville City (Arlington) PUMA,12.77405039469401,28.334584554036457,1329.3795572916667,1.3293795572916667,1.3293795572916667
1203105,1203105,G12003105,1203105,12,Florida,Duval County (Southeast)--Jacksonville City (Southeast) PUMA,12.906671796526227,28.286778041294642,1324.6658761160713,1.3246658761160712,1.3246658761160712
1203107,1203107,G12003107,1203107,12,Florida,Duval County (Southwest Central)--Jacksonville City (Southwest) PUMA,12.58510513305664,28.195892333984375,1331.31884765625,1.33131884765625,1.33131884765625
1203106,1203106,G12003106,1203106,12,Florida,Duval County (South Central)--Jacksonville City (Southeast River) PUMA,12.901067560369318,28.379599831321023,1324.7568359375,1.3247568359375,1.3247568359375
1212100,1212100,G12012100,1212100,12,Florida,"Suwannee, Taylor, Madison, Hamilton & Lafayette Counties PUMA",11.60223388671875,27.607462565104168,1378.1254528985507,1.3781254528985507,1.3781254528985507
1209702,1209702,G12009702,1209702,12,Florida,Osceola County (East) PUMA,16.070506886848342,27.789085641291468,1320.1685426540284,1.3201685426540284,1.3201685426540284
1209701,1209701,G12009701,1209701,12,Florida,Osceola County (West) PUMA,15.96697467306386,28.157863451086957,1294.421875,1.294421875,1.294421875
1203500,1203500,G12003500,1203500,12,Florida,Flagler & Volusia (North Central) Counties PUMA,13.699613320707071,27.587646484375,1327.6999684343434,1.3276999684343433,1.3276999684343433
1212703,1212703,G12012703,1212703,12,Florida,"Volusia County--Port Orange, Edgewater, New Smyrna Beach (East) & Oak Hill Cities PUMA",15.179986998092296,27.75462163880814,1332.0843931686047,1.3320843931686048,1.3320843931686048
1212702,1212702,G12012702,1212702,12,Florida,"Volusia County (Northeast)--Daytona Beach, Ormond Beach & Holly Hill Cities PUMA",14.310796828497024,27.744280133928573,1329.137183779762,1.3291371837797619,1.3291371837797619
1212704,1212704,G12012704,1212704,12,Florida,Volusia County (Southwest Central)--Deltona & Lake Helen Cities PUMA,14.816521139705882,27.93276079963235,1356.0908088235294,1.3560908088235295,1.3560908088235295
1212701,1212701,G12012701,1212701,12,Florida,"Volusia County (Central & Northwest)--DeLand, DeBary Cities & Pierson Town PUMA",14.095604907507184,27.831961094647987,1361.2945402298851,1.361294540229885,1.361294540229885
1211502,1211502,G12011502,1211502,12,Florida,Sarasota County (Central & Gulf Coast) PUMA,16.53489049275716,28.10162353515625,1346.5719401041667,1.3465719401041667,1.3465719401041667
1211503,1211503,G12011503,1211503,12,Florida,Sarasota County (East) PUMA,16.5529052734375,28.017497702205883,1390.6989889705883,1.3906989889705883,1.3906989889705883
1211501,1211501,G12011501,1211501,12,Florida,Sarasota County (North) PUMA,16.428940716911764,28.175969740923712,1319.225643382353,1.3192256433823528,1.3192256433823528
1208103,1208103,G12008103,1208103,12,Florida,Manatee County (South) PUMA,16.2470992238898,27.92589689555921,1388.91015625,1.38891015625,1.38891015625
1206100,1206100,G12006100,1206100,12,Florida,Indian River County PUMA,16.68067117339199,27.726301767293688,1367.4814927184466,1.3674814927184467,1.3674814927184467
1208102,1208102,G12008102,1208102,12,Florida,Manatee County (West Central) PUMA,16.36625269839638,28.207156532689144,1352.729646381579,1.352729646381579,1.352729646381579
1208101,1208101,G12008101,1208101,12,Florida,Manatee County (North) PUMA,16.108859922827744,27.90127489043445,1403.5863185975609,1.4035863185975608,1.4035863185975608
1209100,1209100,G12009100,1209100,12,Florida,Okaloosa County PUMA,10.27002584523168,27.649764839260058,1679.7749640804598,1.6797749640804598,1.6797749640804598
1208700,1208700,G12008700,1208700,12,Florida,Miami-Dade (South/Outside Urban Development Boundary) & Monroe Counties PUMA,19.75145666026536,28.667417728701118,1347.0897373540856,1.3470897373540855,1.3470897373540855
1200902,1200902,G12000902,1200902,12,Florida,Brevard County (East)--Beaches & Merritt Island PUMA,16.165569540895063,27.659496166087962,1330.6639660493827,1.3306639660493826,1.3306639660493826
1200901,1200901,G12000901,1200901,12,Florida,"Brevard County (Northwest)--Titusville, Rockledge & Cocoa Cities PUMA",15.768661284110916,27.83910273162412,1367.8961267605634,1.3678961267605634,1.3678961267605634
1200903,1200903,G12000903,1200903,12,Florida,Brevard County (Southwest)--Melbourne & West Melbourne Cities PUMA,16.308837890625,27.71676974826389,1368.241970486111,1.368241970486111,1.368241970486111
1200904,1200904,G12000904,1200904,12,Florida,"Brevard County (Southeast)--Palm Bay City, Grant-Valkaria & Malabar Towns PUMA",16.572029359879032,27.721939579133064,1391.3133820564517,1.3913133820564516,1.3913133820564516
1201500,1201500,G12001500,1201500,12,Florida,Charlotte County PUMA,16.948385487432066,28.011796591938406,1376.6890851449275,1.3766890851449276,1.3766890851449276
1201900,1201900,G12001900,1201900,12,Florida,Clay County PUMA,12.677694728231838,27.758146367521366,1333.3421474358975,1.3333421474358975,1.3333421474358975
1208500,1208500,G12008500,1208500,12,Florida,Martin County PUMA,17.632833016018907,27.964913504464285,1353.0884978991596,1.3530884978991595,1.3530884978991595
1209510,1209510,G12009510,1209510,12,Florida,Orange County (Northeast) PUMA,15.62219769021739,28.12497611667799,1358.8203125,1.3588203125,1.3588203125
1209509,1209509,G12009509,1209509,12,Florida,Orange County (Southeast) PUMA,15.770706702922952,28.05670166015625,1326.3177532327586,1.3263177532327586,1.3263177532327586
1209508,1209508,G12009508,1209508,12,Florida,Orange County (North Central)--Orlando City (Univ. of Central Florida) & Union Park PUMA,15.53948974609375,28.25063532049006,1360.7082741477273,1.3607082741477272,1.3607082741477272
1209504,1209504,G12009504,1209504,12,Florida,"Orange County (South Central)--Orlando City (South Central), Conway & Pine Castle PUMA",15.614407857259115,28.229349772135418,1330.2494303385417,1.3302494303385417,1.3302494303385417
1209505,1209505,G12009505,1209505,12,Florida,Orange County (Central)--Orlando City (East Downtown) & Azalea Park PUMA,15.576607444069602,28.232427423650567,1340.2502663352273,1.3402502663352271,1.3402502663352271
1209501,1209501,G12009501,1209501,12,Florida,Orange County (Northwest) PUMA,14.937812151227678,28.089280482700893,1354.5955357142857,1.3545955357142856,1.3545955357142856
1209503,1209503,G12009503,1209503,12,Florida,Orange County (Southwest)--Disney-International Drive Region PUMA,15.592094870174632,28.215766457950366,1312.1467141544117,1.3121467141544116,1.3121467141544116
1209502,1209502,G12009502,1209502,12,Florida,"Orange County (West Central)--Winter Garden, Ocoee Cities & Oakland Town PUMA",15.23526353102464,28.155972994290867,1329.466045673077,1.329466045673077,1.329466045673077
1209507,1209507,G12009507,1209507,12,Florida,"Orange County (North Central)--Orlando (North), Winter Park & Maitland Cities PUMA",15.50274912516276,28.22241719563802,1349.2893880208333,1.3492893880208332,1.3492893880208332
1209506,1209506,G12009506,1209506,12,Florida,Orange County (Central)--Orlando City (West Downtown) & Pine Hills (Southeast) PUMA,15.513919067382812,28.216229248046876,1335.2966796875,1.3352966796875,1.3352966796875
1201701,1201701,G12001701,1201701,12,Florida,Citrus County PUMA,13.98319567664195,27.5943210407839,1372.2153532608695,1.3722153532608694,1.3722153532608694
1206902,1206902,G12006902,1206902,12,Florida,Sumter (North) & Lake (North) Counties PUMA,14.096912896455224,27.67403947061567,1304.4869402985075,1.3044869402985075,1.3044869402985075
1206903,1206903,G12006903,1206903,12,Florida,Lake (South) & Sumter (South) Counties PUMA,14.719267192639803,27.82185765316612,1306.3994654605262,1.3063994654605262,1.3063994654605262
1205301,1205301,G12005301,1205301,12,Florida,Hernando County PUMA,14.50185238736347,27.616756105885923,1353.4693567961165,1.3534693567961165,1.3534693567961165
1211101,1211101,G12011101,1211101,12,Florida,St. Lucie County (North) PUMA,17.09132035956325,27.80656708866717,1357.3285015060242,1.3573285015060241,1.3573285015060241
1211102,1211102,G12011102,1211102,12,Florida,St. Lucie County (South) PUMA,17.381844656808035,27.840567452566965,1371.0164620535713,1.3710164620535714,1.3710164620535714
1210504,1210504,G12010504,1210504,12,Florida,Polk County (South) PUMA,16.173505960051546,27.972331568137886,1334.4610985824743,1.3344610985824743,1.3344610985824743
1210502,1210502,G12010502,1210502,12,Florida,Polk County (Northeast) PUMA,15.933808739505597,28.198960033815297,1310.3309235074628,1.3103309235074627,1.3103309235074627
1210503,1210503,G12010503,1210503,12,Florida,Polk County (Central) PUMA,16.124929327713815,28.13623689350329,1348.2052837171052,1.3482052837171052,1.3482052837171052
1210501,1210501,G12010501,1210501,12,Florida,Polk County (Northwest) PUMA,15.803648885091146,28.085013834635415,1350.0223958333333,1.3500223958333333,1.3500223958333333
1207301,1207301,G12007301,1207301,12,Florida,Leon County (Central)--Tallahassee City (Central) PUMA,10.670586585998535,27.78714942932129,1483.5865478515625,1.4835865478515624,1.4835865478515624
1206901,1206901,G12006901,1206901,12,Florida,Lake County (North) PUMA,14.240152110224185,27.86906101392663,1346.8426460597825,1.3468426460597824,1.3468426460597824
1206300,1206300,G12006300,1206300,12,Florida,Apalachee Region (Outside Leon County) PUMA,10.867945929982818,27.61815399484536,1480.4962729357799,1.4804962729357798,1.4804962729357798
1209300,1209300,G12009300,1209300,12,Florida,"Southeast Heartland--Highlands (South & East), Okeechobee, Hendry & Glades Counties PUMA",16.962385678860922,27.924466390251705,1262.4057167235494,1.2624057167235494,1.2624057167235494
1202700,1202700,G12002700,1202700,12,Florida,"Southwest Heartland--Highlands (Northwest), DeSoto & Hardee Counties PUMA",16.250165102293167,27.770244351393885,1338.1910971223022,1.338191097122302,1.338191097122302
1207300,1207300,G12007300,1207300,12,Florida,Leon County (Outer) PUMA,10.690236409505209,27.700211588541666,1470.4841145833334,1.4704841145833334,1.4704841145833334
1208611,1208611,G12008611,1208611,12,Florida,Miami-Dade County (Northeast Central)--Miami City (North) PUMA,20.117265065511067,28.636383056640625,1600.6695963541667,1.6006695963541668,1.6006695963541668
1208603,1208603,G12008603,1208603,12,Florida,Miami-Dade County (Northeast)--Greater North Miami Beach City (West) PUMA,20.038914998372395,28.631431579589844,1599.3727213541667,1.5993727213541666,1.5993727213541666
1208623,1208623,G12008623,1208623,12,Florida,Miami-Dade County (Southeast)--Cutler Bay Town & Palmetto Bay Village PUMA,19.82182222254136,28.409488453584558,1432.0301011029412,1.4320301011029413,1.4320301011029413
1208616,1208616,G12008616,1208616,12,Florida,"Miami-Dade County (East)--Coral Gables City, Pinecrest Village & Kendall (South) PUMA",19.925689697265625,28.523243297230113,1551.266690340909,1.551266690340909,1.551266690340909
1208614,1208614,G12008614,1208614,12,Florida,Miami-Dade County (East)--Miami City (East) & Key Biscayne Village PUMA,20.193514142717635,28.605741228376115,1518.171595982143,1.518171595982143,1.518171595982143
1208612,1208612,G12008612,1208612,12,Florida,Miami-Dade County (Northeast)--Miami Beach City & Miami Shores Village PUMA,20.1883808482777,28.6336142800071,1558.3627485795455,1.5583627485795455,1.5583627485795455
1208604,1208604,G12008604,1208604,12,Florida,Miami-Dade County (Northeast)--Aventura City & Surfside Town PUMA,20.11780039469401,28.63293202718099,1591.16455078125,1.59116455078125,1.59116455078125
1208602,1208602,G12008602,1208602,12,Florida,Miami-Dade County (North Central)--Miami Gardens City (North & West) PUMA,19.814778137207032,28.609799194335938,1597.2251953125,1.5972251953125,1.5972251953125
1208607,1208607,G12008607,1208607,12,Florida,Miami-Dade County (Northeast)--Hialeah City (North Central) PUMA,19.753082275390625,28.578033447265625,1586.62890625,1.58662890625,1.58662890625
1208609,1208609,G12008609,1208609,12,Florida,Miami-Dade County (Northeast)--Hialeah City (South Central) PUMA,19.857982635498047,28.601282755533855,1633.7438151041667,1.6337438151041668,1.6337438151041668
1208610,1208610,G12008610,1208610,12,Florida,Miami-Dade County (Central)--Miami Springs City & Miami International Airport PUMA,19.921809803355824,28.57600264115767,1638.3801491477273,1.6383801491477272,1.6383801491477272
1208606,1208606,G12008606,1208606,12,Florida,"Miami-Dade County (Northeast)--Opa-Locka City, West Little River & Westview PUMA",19.934551239013672,28.634262084960938,1616.85986328125,1.61685986328125,1.61685986328125
1208620,1208620,G12008620,1208620,12,Florida,"Miami-Dade County (East Central)--Kendall (North), Sunset & Westwood Lakes PUMA",19.78184647993608,28.447243430397727,1584.4838423295455,1.5844838423295455,1.5844838423295455
1208615,1208615,G12008615,1208615,12,Florida,Miami-Dade County (East Central)--Miami City (West) PUMA,19.993216196695965,28.58593241373698,1633.1373697916667,1.6331373697916667,1.6331373697916667
1208601,1208601,G12008601,1208601,12,Florida,Miami-Dade County (North Central)--Greater Miami Lakes Town PUMA,19.72557206587358,28.581415349786933,1528.5942826704545,1.5285942826704546,1.5285942826704546
1208608,1208608,G12008608,1208608,12,Florida,"Miami-Dade County (North Central)--Doral, Sweetwater Cities & Fontainebleau PUMA",19.65319354717548,28.495027982271633,1535.6018629807693,1.5356018629807693,1.5356018629807693
1208618,1208618,G12008618,1208618,12,Florida,Miami-Dade County (North Central)--Tamiami Trail Region (South)--Tamiami PUMA,19.525826590401785,28.360985892159597,1556.8881138392858,1.5568881138392858,1.5568881138392858
1208619,1208619,G12008619,1208619,12,Florida,Miami-Dade County (Central)--Kendale Lakes (Southwest) & Kendall West (South) PUMA,19.497132619222004,28.298749287923176,1538.5862630208333,1.5385862630208333,1.5385862630208333
1208621,1208621,G12008621,1208621,12,Florida,"Miami-Dade County (Central)--The Hammocks (West), Richmond West (West) & Country Walk PUMA",19.572845458984375,28.300254128196023,1530.4850852272727,1.5304850852272727,1.5304850852272727
1208622,1208622,G12008622,1208622,12,Florida,Miami-Dade County (Southwest)--South Miami Heights PUMA,19.642578125,28.304039849175346,1495.0370008680557,1.4950370008680556,1.4950370008680556
1208617,1208617,G12008617,1208617,12,Florida,"Miami-Dade County (East Central)--South Miami City, Westchester & Coral Terrace PUMA",19.874299621582033,28.519158935546876,1620.9126953125,1.6209126953125002,1.6209126953125002
1208605,1208605,G12008605,1208605,12,Florida,Miami-Dade County--North Miami City (Southwest) & Golden Glades (West) PUMA,19.96464102608817,28.63794163295201,1602.5643136160713,1.6025643136160714,1.6025643136160714
1208624,1208624,G12008624,1208624,12,Florida,Miami-Dade County (South)--Homestead City (North) & Florida City (North) PUMA,19.674672907049004,28.294500177556817,1460.0744850852273,1.4600744850852272,1.4600744850852272
1208613,1208613,G12008613,1208613,12,Florida,Miami-Dade County (Northeast Central)--Miami City (Downtown) PUMA,20.173011779785156,28.619211196899414,1561.947265625,1.561947265625,1.561947265625
1303700,1303700,G13003700,1303700,13,Georgia,Northeast Georgia Regional Commission (East) PUMA,6.118993189427759,26.623427353896105,1240.9338474025974,1.2409338474025975,1.2409338474025975
1301500,1301500,G13001500,1301500,13,Georgia,Middle Georgia Regional Commission (South)--Houston & Pulaski Counties PUMA,8.509669494628906,27.671280924479166,1224.6075520833333,1.2246075520833333,1.2246075520833333
1302800,1302800,G13002800,1302800,13,Georgia,Northwest Georgia Regional Commission (Northeast) PUMA,4.045782254823151,24.629625326567524,1526.2431672025723,1.5262431672025722,1.5262431672025722
1301800,1301800,G13001800,1301800,13,Georgia,River Valley Regional Commission (Outside Muscogee & Chattahoochee Counties) PUMA,8.362019288040026,27.216109434561627,1291.4056543837357,1.2914056543837358,1.2914056543837358
1304100,1304100,G13004100,1304100,13,Georgia,Central Savannah River Area Regional Commission (East Central)--Columbia County PUMA,7.2717093190839215,27.296705676663308,1174.3101058467741,1.1743101058467742,1.1743101058467742
1304200,1304200,G13004200,1304200,13,Georgia,Central Savannah River Area Regional Commission (West & Outside Richmond & Columbia) PUMA,7.637859799817639,27.350718045424404,1190.3386936339523,1.1903386936339524,1.1903386936339524
1303200,1303200,G13003200,1303200,13,Georgia,Georgia Mountains Regional Commission (North & Northwest) PUMA,3.707734375,23.5137109375,1676.9713541666667,1.6769713541666667,1.6769713541666667
1302600,1302600,G13002600,1302600,13,Georgia,"Northwest Georgia Regional Commission--Walker, Catoosa, Chattooga & Dade Counties PUMA",4.138890883501838,25.447703642003678,1431.5235906862745,1.4315235906862744,1.4315235906862744
1300900,1300900,G13000900,1300900,13,Georgia,Southwest Georgia Regional Commission (North Central)--Dougherty & Lee Counties PUMA,9.220606214217558,27.786237177958014,1282.241054389313,1.282241054389313,1.282241054389313
1300300,1300300,G13000300,1300300,13,Georgia,"Coastal Regional Commission (North)--Bulloch, Effingham & Screven Counties PUMA",9.25639064956761,27.81457903400157,1208.2309355345913,1.2082309355345913,1.2082309355345913
1301300,1301300,G13001300,1301300,13,Georgia,Heart of Georgia Altamaha Regional Commission (North & West) PUMA,8.790059549825175,27.72738540756119,1208.995957167832,1.2089959571678321,1.2089959571678321
1301100,1301100,G13001100,1301100,13,Georgia,Southwest Georgia Regional Commission (West & Central) PUMA,9.806362693285035,27.665618579692907,1354.0620674740485,1.3540620674740484,1.3540620674740484
1300500,1300500,G13000500,1300500,13,Georgia,Southern Georgia Regional Commission (East & Central) PUMA,10.547984510365099,27.757797996596533,1277.5459467821781,1.2775459467821781,1.2775459467821781
1302500,1302500,G13002500,1302500,13,Georgia,"Northwest Georgia Regional Commission (Southwest)--Floyd, Polk & Haralson Counties PUMA",5.255618933475379,26.00110233191288,1344.2318497474748,1.3442318497474748,1.3442318497474748
1302400,1302400,G13002400,1302400,13,Georgia,Atlanta Regional Commission (South Central)--Fayette County PUMA,6.115332561990489,26.212057362432066,1312.2244395380435,1.3122244395380436,1.3122244395380436
1301200,1301200,G13001200,1301200,13,Georgia,Heart of Georgia Altamaha Regional Commission (Southeast) PUMA,9.688051120923912,27.812173913043477,1220.5476086956521,1.2205476086956522,1.2205476086956522
1300200,1300200,G13000200,1300200,13,Georgia,"Coastal Regional Commission (West)--Liberty, Bryan & Long Counties PUMA",10.195949431388609,28.04209456905242,1248.6776713709678,1.2486776713709677,1.2486776713709677
1301900,1301900,G13001900,1301900,13,Georgia,Three Rivers Regional Commission (East) PUMA,6.90550048828125,26.6191845703125,1265.682421875,1.265682421875,1.265682421875
1303001,1303001,G13003001,1303001,13,Georgia,Atlanta Regional Commission (Northwest)--Cobb County (Central)--Marietta City PUMA,5.439676621380975,26.048086727366726,1343.8160615808824,1.3438160615808825,1.3438160615808825
1303005,1303005,G13003005,1303005,13,Georgia,Atlanta Regional Commission (Northwest)--Cobb County (Northeast) PUMA,5.279299545288086,26.00125732421875,1339.96826171875,1.33996826171875,1.33996826171875
1303002,1303002,G13003002,1303002,13,Georgia,Atlanta Regional Commission--Cobb County (Northwest)--Kennesaw & Acworth Cities PUMA,5.332342965262277,26.037280854724703,1334.8803013392858,1.3348803013392858,1.3348803013392858
1303003,1303003,G13003003,1303003,13,Georgia,Atlanta Regional Commission (Northwest)--Cobb County (Southwest)--Powder Springs City PUMA,5.503534731657608,26.075821586277176,1350.9897248641305,1.3509897248641305,1.3509897248641305
1303004,1303004,G13003004,1303004,13,Georgia,Atlanta Regional Commission (Northwest)--Cobb County (Southeast)--Smyrna City PUMA,5.697831404836554,26.20789377312911,1341.5466694078948,1.3415466694078948,1.3415466694078948
1304400,1304400,G13004400,1304400,13,Georgia,Atlanta Regional Commission (Southwest)--Douglas County PUMA,5.763671196831597,26.126814778645834,1360.584982638889,1.360584982638889,1.360584982638889
1303600,1303600,G13003600,1303600,13,Georgia,Northeast Georgia Regional Commission (Central)--Clarke County--Athens City PUMA,6.0803739486202115,26.541031376008064,1282.1696068548388,1.2821696068548387,1.2821696068548387
1302900,1302900,G13002900,1302900,13,Georgia,Northwest Georgia Regional Commission (East Central)--Bartow County PUMA,5.111937798394097,26.004058159722224,1310.5388020833334,1.3105388020833333,1.3105388020833333
1302200,1302200,G13002200,1302200,13,Georgia,"Three Rivers Regional Commission (Southwest)--Troup, Meriwether & Heard Counties PUMA",6.599743480413732,26.333603836561032,1326.662852112676,1.326662852112676,1.326662852112676
1301600,1301600,G13001600,1301600,13,Georgia,Middle Georgia Regional Commission (North & Outside Bibb County) PUMA,7.636445886948529,27.302800026260503,1217.3167016806722,1.217316701680672,1.217316701680672
1301700,1301700,G13001700,1301700,13,Georgia,River Valley Regional Commission (West Central)--Muscogee & Chattahoochee Counties PUMA,8.08882310655382,27.4157470703125,1315.3396701388888,1.3153396701388889,1.3153396701388889
1304006,1304006,G13004006,1304006,13,Georgia,Atlanta Regional Commission (Northeast)--Gwinnett County (Southwest)--Lilburn City PUMA,5.510683963173314,26.157705206620065,1350.7544202302631,1.350754420230263,1.350754420230263
1304001,1304001,G13004001,1304001,13,Georgia,Atlanta Regional Commission (Northeast)--Gwinnett County (West Central)--Duluth City PUMA,5.321246876436121,26.053852754480697,1363.7865349264705,1.3637865349264704,1.3637865349264704
1304005,1304005,G13004005,1304005,13,Georgia,Atlanta Regional Commission (Northeast)--Gwinnett County (South)--Snellville City PUMA,5.69371452331543,26.258865356445312,1328.10830078125,1.32810830078125,1.32810830078125
1304003,1304003,G13004003,1304003,13,Georgia,Atlanta Regional Commission--Gwinnett County (Central)--Lawrenceville City PUMA,5.474458867853338,26.03995028409091,1349.3639026988637,1.3493639026988637,1.3493639026988637
1304002,1304002,G13004002,1304002,13,Georgia,Atlanta Regional Commission (Northeast)--Gwinnett County (North)--Sugar Hill City PUMA,5.289996337890625,25.90255859375,1370.57203125,1.37057203125,1.37057203125
1304004,1304004,G13004004,1304004,13,Georgia,Atlanta Regional Commission (Northeast)--Gwinnett County (East) PUMA,5.566399966969209,26.078266816980697,1347.21875,1.34721875,1.34721875
1304500,1304500,G13004500,1304500,13,Georgia,Northwest Georgia Regional Commission (Southeast)--Paulding County PUMA,5.4847820651146675,26.081924930695564,1335.7842741935483,1.3357842741935484,1.3357842741935484
1300700,1300700,G13000700,1300700,13,Georgia,Southern Georgia Regional Commission (West) PUMA,9.958816489885075,27.573298764168765,1264.0270780856424,1.2640270780856424,1.2640270780856424
1302100,1302100,G13002100,1302100,13,Georgia,Three Rivers Regional Commission (North Central)--Coweta County PUMA,6.212533534258261,26.181200049389368,1330.0296336206898,1.3300296336206898,1.3300296336206898
1303800,1303800,G13003800,1303800,13,Georgia,Northeast Georgia Regional Commission (Northwest)--Barrow & Jackson Counties PUMA,5.885273615519206,26.303914388020832,1322.9585774739583,1.3229585774739583,1.3229585774739583
1303900,1303900,G13003900,1303900,13,Georgia,"Northeast Georgia Regional Commission (Southwest)--Walton, Morgan & Jasper Counties PUMA",6.377864990234375,26.675751953125,1248.500859375,1.248500859375,1.248500859375
1302004,1302004,G13002004,1302004,13,Georgia,Atlanta Regional Commission--DeKalb County (North)--Dunwoody City PUMA,5.478390433571556,26.19472711736506,1356.247958096591,1.356247958096591,1.356247958096591
1302003,1302003,G13002003,1302003,13,Georgia,Atlanta Regional Commission (Central)--DeKalb County (Northeast)--Tucker PUMA,5.599622514512804,26.271433512369793,1349.0250651041667,1.3490250651041666,1.3490250651041666
1302002,1302002,G13002002,1302002,13,Georgia,Atlanta Regional Commission--DeKalb County--Decatur & Avondale Estates Cities PUMA,5.770642961774554,26.373291015625,1340.3282645089287,1.3403282645089287,1.3403282645089287
1302001,1302001,G13002001,1302001,13,Georgia,Atlanta Regional Commission (Central)--DeKalb County (East Central)--Redan PUMA,5.877866109212239,26.447711520724827,1325.8579644097222,1.3258579644097221,1.3258579644097221
1301007,1301007,G13001007,1301007,13,Georgia,Atlanta Regional Commission (Central)--Fulton County (East)--Atlanta City (Southeast) PUMA,5.82560788668119,26.370276817908653,1335.8943810096155,1.3358943810096156,1.3358943810096156
1301008,1301008,G13001008,1301008,13,Georgia,Atlanta Regional Commission (Central)--DeKalb County (South) PUMA,6.051774978637695,26.521926879882812,1316.42373046875,1.3164237304687498,1.3164237304687498
1303500,1303500,G13003500,1303500,13,Georgia,Georgia Mountains Regional Commission (Southeast) PUMA,5.455563681466239,25.809097290039062,1406.9383370535713,1.4069383370535713,1.4069383370535713
1300100,1300100,G13000100,1300100,13,Georgia,Coastal Regional Commission (South)--Glynn Camden & McIntosh Counties PUMA,10.87129334566886,27.97540433114035,1286.4874559859154,1.2864874559859154,1.2864874559859154
1303102,1303102,G13003102,1303102,13,Georgia,Atlanta Regional Commission--Cherokee County (Outside Woodstock & Canton Cities) PUMA,4.960224669656636,25.68289448302469,1376.8051697530864,1.3768051697530863,1.3768051697530863
1303101,1303101,G13003101,1303101,13,Georgia,Atlanta Regional Commission--Cherokee County (Central)--Woodstock & Canton Cities PUMA,5.089676208496094,25.876552734375,1348.659375,1.348659375,1.348659375
1300800,1300800,G13000800,1300800,13,Georgia,"Southwest Georgia Regional Commission (East)--Colquitt, Thomas & Worth Counties PUMA",10.006074844306049,27.55881790758452,1303.6501334519573,1.3036501334519572,1.3036501334519572
1306001,1306001,G13006001,1306001,13,Georgia,Atlanta Regional Commission (Southeast)--Henry County (South)--McDonough City PUMA,6.308749451929209,26.531775649713012,1282.1088966836735,1.2821088966836736,1.2821088966836736
1306002,1306002,G13006002,1306002,13,Georgia,Atlanta Regional Commission (Southeast)--Henry County (North)--Stockbridge City PUMA,6.208682686941964,26.55178745814732,1302.0933035714286,1.3020933035714286,1.3020933035714286
1303300,1303300,G13003300,1303300,13,Georgia,Georgia Mountains Regional Commission (Southwest)--Forsyth County PUMA,5.053424541766827,25.69671630859375,1415.9618389423076,1.4159618389423076,1.4159618389423076
1303400,1303400,G13003400,1303400,13,Georgia,Georgia Mountains Regional Commission (South Central)--Hall County PUMA,5.213266888786765,25.610460707720588,1424.223069852941,1.424223069852941,1.424223069852941
1302700,1302700,G13002700,1302700,13,Georgia,Northwest Georgia Regional Commission (North Central)--Whitfield County PUMA,4.495884352463943,25.981112905649038,1404.3752403846154,1.4043752403846155,1.4043752403846155
1300600,1300600,G13000600,1300600,13,Georgia,Southern Georgia Regional Commission (South Central)--Lowndes County--Valdosta City PUMA,10.711759747199292,27.715626842570753,1298.894899764151,1.298894899764151,1.298894899764151
1305001,1305001,G13005001,1305001,13,Georgia,Atlanta Regional Commission (South Central)--Clayton County (South) PUMA,6.179887135823567,26.384361267089844,1314.3662109375,1.3143662109375,1.3143662109375
1305002,1305002,G13005002,1305002,13,Georgia,Atlanta Regional Commission (South Central)--Clayton County (North)--Forest Park City PUMA,6.127022121263587,26.491561226222824,1325.7488960597825,1.3257488960597825,1.3257488960597825
1304300,1304300,G13004300,1304300,13,Georgia,Atlanta & Northeast Georgia Regional Commissions--Newton & Rockdale Counties PUMA,6.241172698606928,26.59014377823795,1271.2825677710844,1.2712825677710844,1.2712825677710844
1304000,1304000,G13004000,1304000,13,Georgia,Central Savannah River Area Regional Commission (East Central)--Richmond County PUMA,7.689748844630282,27.5739316268706,1176.582636443662,1.176582636443662,1.176582636443662
1300402,1300402,G13000402,1300402,13,Georgia,Coastal Regional Commission (East)--Chatham County (East & Outside Savannah City) PUMA,10.070947126908736,27.931027499112215,1251.3163613505747,1.2513163613505747,1.2513163613505747
1300401,1300401,G13000401,1300401,13,Georgia,Coastal Regional Commission (East)--Chatham County (West Central)--Savannah City PUMA,9.959915573532516,27.976057722761823,1275.4041385135135,1.2754041385135135,1.2754041385135135
1301400,1301400,G13001400,1301400,13,Georgia,Middle Georgia Regional Commission (Central)--Bibb County--Macon City PUMA,7.838640566225405,27.49139404296875,1210.8421585648148,1.2108421585648148,1.2108421585648148
1302300,1302300,G13002300,1302300,13,Georgia,Three Rivers Regional Commission (Northwest)--Carroll County PUMA,5.687069607764175,25.8733036001933,1367.982280927835,1.367982280927835,1.367982280927835
1301001,1301001,G13001001,1301001,13,Georgia,Atlanta Regional Commission (Central)--Fulton County (North)--Sandy Springs City PUMA,5.492139180501302,26.185016208224827,1347.5707465277778,1.3475707465277778,1.3475707465277778
1301002,1301002,G13001002,1301002,13,Georgia,Atlanta Regional Commission (Central)--Fulton County (Northeast)--Johns Creek City PUMA,5.173886617024739,25.92890625,1365.7036458333334,1.3657036458333334,1.3657036458333334
1301006,1301006,G13001006,1301006,13,Georgia,Atlanta Regional Commission (Central)--Fulton County (Central)--Atlanta City (North) PUMA,5.784607478550503,26.391165597098215,1339.2198660714287,1.3392198660714287,1.3392198660714287
1301005,1301005,G13001005,1301005,13,Georgia,Atlanta Regional Commission (Central)--Fulton County (Northwest)--Roswell City PUMA,5.138203547551082,25.903724083533653,1354.6352163461538,1.354635216346154,1.354635216346154
1304600,1304600,G13004600,1304600,13,Georgia,Atlanta Regional Commission--Fulton County (Central)--Atlanta City (Central) PUMA,5.8636643545968195,26.38547842843192,1335.7236328125,1.3357236328125,1.3357236328125
1301003,1301003,G13001003,1301003,13,Georgia,Atlanta Regional Commission (Central)--Fulton County (Central)--Atlanta City (South) PUMA,5.956517999822443,26.401666814630683,1338.364346590909,1.338364346590909,1.338364346590909
1301004,1301004,G13001004,1301004,13,Georgia,Atlanta Regional Commission (Central)--Fulton County (South)--Union & Fairburn Cities PUMA,6.050046793619791,26.300965711805556,1345.1840277777778,1.3451840277777778,1.3451840277777778
3704700,3704700,G37004700,3704700,37,North Carolina,New Hanover County (South)--Wilmington City PUMA,7.848982747395834,27.058416748046874,1533.616796875,1.533616796875,1.533616796875
3704800,3704800,G37004800,3704800,37,North Carolina,Brunswick County PUMA,7.655602952453988,27.111019579179448,1451.6028565950921,1.451602856595092,1.451602856595092
4501600,4501600,G45001600,4501600,45,South Carolina,"Greenwood, Abbeville & McCormick Counties PUMA",6.291357920121174,26.91447903380102,1181.2789540816327,1.1812789540816326,1.1812789540816326
4501400,4501400,G45001400,4501400,45,South Carolina,"Beaufort & Jasper Counties--Hilton Head Island, Bluffton Towns & Beaufort City PUMA",9.73758769132653,27.902525111607144,1248.710169057377,1.248710169057377,1.248710169057377
4500800,4500800,G45000800,4500800,45,South Carolina,"Sumter, Clarendon, Williamsburg & Lee Counties--Sumter City PUMA",7.723418137122845,27.438312398976294,1267.6170528017242,1.267617052801724,1.267617052801724
4501300,4501300,G45001300,4501300,45,South Carolina,"Orangeburg, Colleton, Barnwell, Hampton, Bamberg & Allendale Counties PUMA",8.622376440602837,27.60513630319149,1235.824379432624,1.235824379432624,1.235824379432624
4501101,4501101,G45001101,4501101,45,South Carolina,Horry County (West & North)--Conway City & Red Hill PUMA,7.585691290386652,27.15420308086158,1358.1940324858756,1.3581940324858757,1.3581940324858757
4501102,4501102,G45001102,4501102,45,South Carolina,"Horry County (Southeast)--Myrtle Beach, North Myrtle Beach Cities & Socastee (East) PUMA",7.975786798650568,27.00659845525568,1359.7670454545455,1.3597670454545454,1.3597670454545454
4500900,4500900,G45000900,4500900,45,South Carolina,Florence & Darlington Counties--Florence City PUMA,7.2216796875,27.34659090909091,1243.947628458498,1.243947628458498,1.243947628458498
4500200,4500200,G45000200,4500200,45,South Carolina,Anderson County--Anderson City PUMA,5.786417503879495,26.587032788420377,1268.7281678082193,1.2687281678082192,1.2687281678082192
4501202,4501202,G45001202,4501202,45,South Carolina,Charleston (South & West) & Berkeley (South) Counties--Charleston City PUMA,9.43096792097572,27.819894475044965,1294.5872302158273,1.2945872302158272,1.2945872302158272
4501203,4501203,G45001203,4501203,45,South Carolina,Charleston (Northeast) & Berkeley (North & East) Counties--Mount Pleasant Town PUMA,8.800997220552885,27.59302509014423,1323.4978365384616,1.3234978365384615,1.3234978365384615
4501204,4501204,G45001204,4501204,45,South Carolina,"Charleston, Berkeley & Dorchester Counties--North Charleston City PUMA",9.031154378255208,27.718461100260416,1322.426953125,1.322426953125,1.322426953125
4501201,4501201,G45001201,4501201,45,South Carolina,Dorchester (North & West) & Berkeley (Southwest) Counties--Summerville Town & Ladson PUMA,8.695520803469037,27.607874319094037,1283.7184633027523,1.2837184633027523,1.2837184633027523
4500603,4500603,G45000603,4500603,45,South Carolina,Richland (North) & Fairfield Counties--Forest Acres City & Dentsville PUMA,6.667595037534916,27.302502509601954,1147.326815642458,1.147326815642458,1.147326815642458
4500605,4500605,G45000605,4500605,45,South Carolina,"Kershaw, Richland (South) & Calhoun Counties PUMA",7.253672535309164,27.421683857873667,1177.7796930604982,1.1777796930604982,1.1777796930604982
4500604,4500604,G45000604,4500604,45,South Carolina,Richland County (Central)--Columbia City PUMA,7.4913335836158605,27.73020388045401,1179.3503095518868,1.1793503095518867,1.1793503095518867
4500602,4500602,G45000602,4500602,45,South Carolina,"Lexington County (North & East)--West Columbia, Cayce Cities, Irmo Town & Seven Oaks PUMA",7.464953364158164,27.715957330197703,1195.4223533163265,1.1954223533163264,1.1954223533163264
4500601,4500601,G45000601,4500601,45,South Carolina,Lexington (South & West) & Saluda Counties--Lexington Town & Red Bank PUMA,7.020703251497733,27.2985599498057,1201.6556023316061,1.201655602331606,1.201655602331606
4500103,4500103,G45000103,4500103,45,South Carolina,Greenville County (North Central & Outside Greenville City)--Wade Hampton & Berea PUMA,5.5366103713576855,26.297868058488177,1328.0286106418919,1.328028610641892,1.328028610641892
4500105,4500105,G45000105,4500105,45,South Carolina,"Greenville (South) & Laurens Counties--Simpsonville, Laurens & Clinton Cities PUMA",5.795909249441964,26.687943638392856,1198.3833928571428,1.1983833928571428,1.1983833928571428
4500104,4500104,G45000104,4500104,45,South Carolina,Greenville County (Central)--Greenville & Mauldin Cities PUMA,5.57021050704153,26.338876824629935,1301.9440789473683,1.3019440789473684,1.3019440789473684
4501500,4501500,G45001500,4501500,45,South Carolina,Aiken & Edgefield Counties--Aiken & North Augusta Cities PUMA,7.42203188458935,27.395805716944945,1205.0831453068593,1.2050831453068593,1.2050831453068593
4702001,4702001,G47002001,4702001,47,Tennessee,Chattanooga City (South & Central) PUMA,4.4952497482299805,26.08633041381836,1429.7916259765625,1.4297916259765624,1.4297916259765624
4702002,4702002,G47002002,4702002,47,Tennessee,Hamilton County (South)--Chattanooga (North) & Red Bank Cities PUMA,4.091891818576389,25.680811564127605,1471.2647569444443,1.4712647569444444,1.4712647569444444
0500500,500500,G05000500,0500500,05,Arkansas,"Craighead (West), Greene, Randolph, Lawrence & Clay Counties PUMA",2.698040046922158,26.894098968812877,1275.0056589537223,1.2750056589537224,1.2750056589537224
0500100,500100,G05000100,0500100,05,Arkansas,Benton County PUMA,2.110309022845644,25.952846827651516,1206.7072916666666,1.2067072916666666,1.2067072916666666
0801002,801002,G08001002,0801002,08,Colorado,"Mesa (Outside Grand Junction City), Montrose, Delta, San Miguel & Ouray Counties PUMA",-3.4734725952148438,20.454829822887074,460.4705255681818,0.4604705255681818,0.4604705255681818
0800800,800800,G08000800,0800800,08,Colorado,Southeast Colorado PUMA,-3.027709530699295,20.30744728252163,425.30142582505607,0.4253014258250561,0.4253014258250561
0800900,800900,G08000900,0800900,08,Colorado,"La Plata, Montezuma, Gunnison, Archuleta, Dolores, Hinsdale & San Juan Counties PUMA",-5.369324638429752,16.98763236053719,598.3296143250689,0.5983296143250688,0.5983296143250688
0800400,800400,G08000400,0800400,08,Colorado,"Eagle, Summit, Grand & Jackson Counties PUMA",-7.915142599660729,14.524007368532654,658.071882951654,0.658071882951654,0.658071882951654
0800801,800801,G08000801,0800801,08,Colorado,"DRCOG Mountains--Jefferson (West), Boulder (West), Clear Creek & Gilpin Counties PUMA",-4.34947275325952,16.435648734995862,618.7779387417219,0.6187779387417218,0.6187779387417218
0800600,800600,G08000600,0800600,08,Colorado,"Fremont, Chaffee, Park, Lake, Huerfano, Pueblo (Southwest) & Custer Counties PUMA",-4.522008879991484,16.62615620268736,487.7118186979561,0.4877118186979561,0.4877118186979561
0800100,800100,G08000100,0800100,08,Colorado,Northeast Colorado--Eastern Plains Region PUMA,-1.698594560507338,23.50380345394737,405.23083248987854,0.4052308324898785,0.4052308324898785
0800823,800823,G08000823,0800823,08,Colorado,Douglas (Northeast) & Elbert (West) Counties--Parker Town & The Pinery PUMA,-1.0827140451591706,21.349723459404206,476.1293078271028,0.47612930782710283,0.47612930782710283
0804101,804101,G08004101,0804101,08,Colorado,El Paso (Outside Colorado Springs City) & Teller Counties--Fountain City PUMA,-2.293134293466244,19.88037109375,440.67990860849056,0.44067990860849054,0.44067990860849054
0800807,800807,G08000807,0800807,08,Colorado,Adams County (West Central)--Commerce City & Brighton Cities PUMA,-0.5853477975596553,23.42421291185462,363.9613620923913,0.3639613620923913,0.3639613620923913
0800812,800812,G08000812,0800812,08,Colorado,Denver City (Northeast) PUMA,-0.16649999289677062,23.552955364358837,386.4611058728448,0.3864611058728448,0.3864611058728448
0800813,800813,G08000813,0800813,08,Colorado,Denver City (Northwest) PUMA,0.31402498483657837,23.683425903320312,403.58953857421875,0.40358953857421875,0.40358953857421875
0800815,800815,G08000815,0800815,08,Colorado,Denver City (Southeast) PUMA,0.20368333657582602,23.470982869466145,422.8122151692708,0.4228122151692708,0.4228122151692708
0800811,800811,G08000811,0800811,08,Colorado,Arapahoe County (Southwest)--Centennial (West & Central) & Greenwood Village Cities PUMA,0.11851999759674073,23.2130126953125,437.6130859375,0.4376130859375,0.4376130859375
0800816,800816,G08000816,0800816,08,Colorado,Denver City (Southwest) PUMA,0.4183124899864197,23.367610931396484,419.1211853027344,0.4191211853027344,0.4191211853027344
0800814,800814,G08000814,0800814,08,Colorado,Denver City (South Central) PUMA,0.37449999650319415,23.738850911458332,410.7071126302083,0.4107071126302083,0.4107071126302083
0800200,800200,G08000200,0800200,08,Colorado,"Northwest Colorado--Garfield, Routt, Moffat & Rio Blanco Counties PUMA",-5.704501513716712,19.442564853076217,507.3891758494031,0.5073891758494031,0.5073891758494031
0800103,800103,G08000103,0800103,08,Colorado,Larimer County (North)--Fort Collins City PUMA,-4.451586984420029,17.349609375,519.0733969740634,0.5190733969740634,0.5190733969740634
0800102,800102,G08000102,0800102,08,Colorado,Larimer County (South)--Loveland City PUMA,-4.003530649038462,17.71654334435096,583.1790865384615,0.5831790865384615,0.5831790865384615
0800700,800700,G08000700,0800700,08,Colorado,Pueblo County (North)--Pueblo City & Pueblo West PUMA,-0.07919622171780229,23.641156546677216,338.97791402953584,0.33897791402953587,0.33897791402953587
0800822,800822,G08000822,0800822,08,Colorado,Douglas County (South)--Castle Rock Town PUMA,-1.9219203174562383,19.81878157307331,508.0844102443609,0.5080844102443609,0.5080844102443609
0800821,800821,G08000821,0800821,08,Colorado,Douglas (West) & Jefferson (Southeast) Counties--Highlands Ranch & Chatfield Park PUMA,-0.7766837558230838,21.149912241342907,492.6920924831081,0.49269209248310813,0.49269209248310813
0800300,800300,G08000300,0800300,08,Colorado,"Weld County (South Central)--Greeley, Windsor & Evans Cities PUMA",-2.593943967657574,22.55657648636123,341.44339247881356,0.34144339247881356,0.34144339247881356
0800824,800824,G08000824,0800824,08,Colorado,DRCOG East Plains--Arapahoe (East) & Adams (East) Counties--Aurora City (Northeast) PUMA,-1.7650821547910391,23.142326336596387,391.12469879518073,0.39112469879518075,0.39112469879518075
0800802,800802,G08000802,0800802,08,Colorado,Boulder (Northeast) & Weld (Southwest) Counties--Longmont City & Erie Town PUMA,-1.0921767967334692,22.973284292912137,376.00902966485506,0.37600902966485505,0.37600902966485505
0800804,800804,G08000804,0800804,08,Colorado,"Broomfield, Jefferson (Northeast), Adams (Northwest) & Boulder (Southeast) Counties PUMA",0.08309118887957405,23.051817052504596,412.4512580422794,0.4124512580422794,0.4124512580422794
0800817,800817,G08000817,0800817,08,Colorado,Jefferson County (Northeast)--Arvada City PUMA,0.3807684245862459,22.865635922080592,431.79995888157896,0.43179995888157896,0.43179995888157896
0800806,800806,G08000806,0800806,08,Colorado,Adams County (West Central)--Thornton & Federal Heights Cities PUMA,-0.20664284910474504,23.36889430454799,378.2572544642857,0.3782572544642857,0.3782572544642857
0800805,800805,G08000805,0800805,08,Colorado,Adams (West) & Jefferson (Far Northeast) Counties--Westminster & Northglenn Cities PUMA,0.11824544993313876,23.349273681640625,391.1863458806818,0.3911863458806818,0.3911863458806818
0800810,800810,G08000810,0800810,08,Colorado,Arapahoe (Northwest) & Adams (Southwest) Counties--Aurora City (Northwest) PUMA,0.13656665881474814,23.43438212076823,416.6835123697917,0.4166835123697917,0.4166835123697917
0800809,800809,G08000809,0800809,08,Colorado,Arapahoe (West) & Adams (South Central) Counties--Aurora City (North Central) PUMA,0.026240000128746034,23.33691864013672,421.9044921875,0.42190449218750004,0.42190449218750004
0801001,801001,G08001001,0801001,08,Colorado,Mesa County (Central)--Greater Grand Junction & Fruita Cities PUMA,-2.052127456665039,25.042173767089842,266.6242431640625,0.26662424316406247,0.26662424316406247
0800820,800820,G08000820,0800820,08,Colorado,"Arapahoe (West) & Jefferson (East) Counties--Littleton, Englewood Cities & Columbine PUMA",0.39087269522927026,23.36712646484375,425.3294122869318,0.42532941228693183,0.42532941228693183
0800819,800819,G08000819,0800819,08,Colorado,Jefferson County (East Central)--Lakewood City (South) & Dakota Ridge PUMA,0.08321249485015869,22.45147705078125,456.1942443847656,0.45619424438476563,0.45619424438476563
0800818,800818,G08000818,0800818,08,Colorado,"Jefferson County (East Central)--Lakewood (North), Wheat Ridge & Golden Cities PUMA",0.274619992574056,22.79586385091146,447.08893229166665,0.44708893229166663,0.44708893229166663
0804106,804106,G08004106,0804106,08,Colorado,El Paso County (North Central)--Colorado Springs City (North) & Monument Town PUMA,-2.1660282300866167,19.558625594429348,506.0892917798913,0.5060892917798913,0.5060892917798913
0804104,804104,G08004104,0804104,08,Colorado,El Paso County (Central)--Colorado Springs City (East) & Cimarron Hills PUMA,-1.2794582049051921,20.79864247639974,467.6886393229167,0.4676886393229167,0.4676886393229167
0804105,804105,G08004105,0804105,08,Colorado,El Paso County (Central)--Colorado Springs City (South) & Security-Widefield PUMA,-0.47087646933162913,22.220333323759192,419.1011603860294,0.4191011603860294,0.4191011603860294
0804103,804103,G08004103,0804103,08,Colorado,El Paso County (Central)--Colorado Springs City (Central) PUMA,-0.8574363535100763,21.489499178799715,439.41313032670456,0.43941313032670454,0.43941313032670454
0804102,804102,G08004102,0804102,08,Colorado,El Paso County (West Central)--Colorado Springs City (West) PUMA,-1.8330751419067384,19.8210693359375,494.95498046875,0.49495498046875,0.49495498046875
0800808,800808,G08000808,0800808,08,Colorado,Arapahoe County (West)--Aurora (Southwest) & Centennial (East) Cities PUMA,-0.08064999679724376,22.960609436035156,453.4490966796875,0.4534490966796875,0.4534490966796875
0800803,800803,G08000803,0800803,08,Colorado,Boulder County (Central)--Boulder City PUMA,-0.0027208353082338967,22.618677775065105,468.0343831380208,0.4680343831380208,0.4680343831380208
1600100,1600100,G16000100,1600100,16,Idaho,"Bonner, Latah, Shoshone, Boundary, Benewah & Kootenai (Southeast) Counties PUMA",-2.8706736283468715,17.70877402038207,1017.3990673886883,1.0173990673886883,1.0173990673886883
1600400,1600400,G16000400,1600400,16,Idaho,"Ada (North), Payette, Canyon (North), Gem & Washington Counties--Eagle City PUMA",-1.8772945743438612,22.55282647075178,484.8808941281139,0.48488089412811386,0.48488089412811386
1600300,1600300,G16000300,1600300,16,Idaho,Central Idaho--Lewiston City & Nez Perce Reservation PUMA,-4.989510688697643,17.230731727997288,774.7079023232152,0.7747079023232152,0.7747079023232152
1601100,1601100,G16001100,1601100,16,Idaho,"Bingham (Outside Fort Hall AIR), Madison, Jefferson, Fremont & Teton Counties PUMA",-7.0244622155817975,18.651495895737327,464.5160138248848,0.4645160138248848,0.4645160138248848
1601000,1601000,G16001000,1601000,16,Idaho,"Elmore, Jerome, Blaine, Minidoka, Gooding, Lincoln & Camas Counties PUMA",-3.9670638236767553,20.33220399737424,435.97467523493646,0.43597467523493644,0.43597467523493644
1601300,1601300,G16001300,1601300,16,Idaho,"Southeast Idaho--Pocatello, Chubbuck Cities & Fort Hall Reservation PUMA",-5.094577435832098,19.690906748054115,493.84771126760563,0.4938477112676056,0.4938477112676056
1600900,1600900,G16000900,1600900,16,Idaho,Twin Falls & Cassia Counties--Twin Falls City PUMA,-2.5234815725321806,21.138184805366006,349.6064671215881,0.3496064671215881,0.3496064671215881
1600800,1600800,G16000800,1600800,16,Idaho,Ada County (South)--Boise (South) & Kuna Cities PUMA,-0.5137287713343801,23.53139361213235,302.01105494281046,0.30201105494281044,0.30201105494281044
1600701,1600701,G16000701,1600701,16,Idaho,Ada County (Central)--Meridian (Northeast) & Boise (Far West) Cities PUMA,-0.13820000205721175,23.946243286132812,295.8789760044643,0.2958789760044643,0.2958789760044643
1600600,1600600,G16000600,1600600,16,Idaho,Canyon (East) & Ada (West) Counties--Nampa (Central & East) & Meridian (West) Cities PUMA,-0.3410332997639974,23.892578125,275.2501627604167,0.2752501627604167,0.2752501627604167
1600702,1600702,G16000702,1600702,16,Idaho,Ada County (Northeast)--Boise (North & West) & Garden City Cities PUMA,-0.33041171466603,23.63546573414522,337.6044347426471,0.33760443474264706,0.33760443474264706
1601200,1601200,G16001200,1601200,16,Idaho,Bonneville County--Idaho Falls City PUMA,-6.351173462906504,18.475268356199187,542.537855691057,0.542537855691057,0.542537855691057
1600500,1600500,G16000500,1600500,16,Idaho,Canyon (South) & Owyhee Counties--Caldwell & Nampa (South & West) Cities PUMA,-1.7113607232237775,21.50988328313253,336.2145198440822,0.3362145198440822,0.3362145198440822
1600200,1600200,G16000200,1600200,16,Idaho,"Kootenai County (Northwest)--Coeur d'Alene, Post Falls & Hayden Cities PUMA",-2.009000123002147,19.040596299499047,825.5430582061068,0.8255430582061069,0.8255430582061069
1702100,1702100,G17002100,1702100,17,Illinois,Champaign County--Champaign & Urbana Cities PUMA,-3.589724926238364,23.71322307180851,1002.0681515957447,1.0020681515957446,1.0020681515957446
1700300,1700300,G17000300,1700300,17,Illinois,"Adams, Pike, Brown, Schuyler & Mason Counties PUMA",-3.17633780420354,24.497193030973452,988.371128318584,0.9883711283185841,0.9883711283185841
1703310,1703310,G17003310,1703310,17,Illinois,"Lake County--Vernon, Moraine, West Deerfield & Libertyville (Southeast) Townships PUMA",-4.663523719424293,23.014383951822918,954.0778459821429,0.9540778459821428,0.9540778459821428
1703309,1703309,G17003309,1703309,17,Illinois,"Lake County (East Central)--Warren, Libertyville (North & East) & Shields Townships PUMA",-5.082034898840862,22.610685929008152,948.9325747282609,0.9489325747282609,0.9489325747282609
1703602,1703602,G17003602,1703602,17,Illinois,"McHenry County (Southeast)--Algonquin, McHenry & Nunda Townships PUMA",-5.868062482561384,22.465994698660715,963.9496651785714,0.9639496651785714,0.9639496651785714
1703307,1703307,G17003307,1703307,17,Illinois,"Lake County (Northeast)--Waukegan, Zion, Benton & Newport Townships PUMA",-5.197121993355129,22.26016898777174,932.0483186141304,0.9320483186141304,0.9320483186141304
1703306,1703306,G17003306,1703306,17,Illinois,"Lake County (Northwest)--Avon, Lake Villa, Antioch & Grant Townships PUMA",-5.907826741536458,22.263494873046874,946.0712890625,0.9460712890625,0.9460712890625
1703700,1703700,G17003700,1703700,17,Illinois,Kendall & Grundy Counties PUMA,-4.847011537905092,23.221831597222224,959.7140625,0.9597140624999999,0.9597140624999999
1703308,1703308,G17003308,1703308,17,Illinois,"Lake County (Southwest)--Ela, Freemont, Wauconda & Cuba Townships PUMA",-5.56065673828125,22.671575927734374,960.0479166666667,0.9600479166666667,0.9600479166666667
1702200,1702200,G17002200,1702200,17,Illinois,"Livingston, Ford, Iroquois & Vermilion Counties PUMA",-4.082311166465378,23.454167610205314,988.159923510467,0.988159923510467,0.988159923510467
1700800,1700800,G17000800,1700800,17,Illinois,South & Southeast Illinois PUMA,0.6436056883438773,25.623588230298914,1227.2259680706522,1.2272259680706523,1.2272259680706523
1700501,1700501,G17000501,1700501,17,Illinois,"Montgomery, Bond, Clinton, Fayette & Effingham Counties PUMA",-1.6256452641670893,24.948937468306287,1086.3443204868154,1.0863443204868153,1.0863443204868153
1700401,1700401,G17000401,1700401,17,Illinois,"Cass, Morgan, Scott, Greene, Macoupin, Jersey & Calhoun Counties PUMA",-2.2792003150636875,24.714730745358377,1012.6705526770294,1.0126705526770294,1.0126705526770294
1702501,1702501,G17002501,1702501,17,Illinois,"Knox, Stark, Bureau, Marshall & Woodford Counties PUMA",-4.972727171132262,23.442429233604752,961.7895026408451,0.9617895026408451,0.9617895026408451
1700900,1700900,G17000900,1700900,17,Illinois,"Jackson, Williamson, Franklin & Perry Counties PUMA",0.2277443522498721,25.553766159784224,1173.6875,1.1736875,1.1736875
1700104,1700104,G17000104,1700104,17,Illinois,"Jo Daviess, Carroll, Whiteside & Lee Counties PUMA",-6.345677262645657,22.68822414592161,969.067002118644,0.969067002118644,0.969067002118644
1700202,1700202,G17000202,1700202,17,Illinois,"Henry, Mercer, Henderson, Warren, Hancock, McDonough & Fulton Counties PUMA",-4.572869472196406,23.969129975991326,974.7228159851301,0.9747228159851301,0.9747228159851301
1702901,1702901,G17002901,1702901,17,Illinois,Winnebago (Northeast) & Boone Counties PUMA,-6.405461968315972,22.40638427734375,953.1970486111111,0.9531970486111111,0.9531970486111111
1701602,1701602,G17001602,1701602,17,Illinois,"Menard, Logan, De Witt, Piatt, Moultrie, Shelby & Christian Counties PUMA",-2.8977239678375915,24.241098312043796,1007.2436131386861,1.0072436131386862,1.0072436131386862
1700700,1700700,G17000700,1700700,17,Illinois,"Clark, Jasper, Crawford, Lawrence, Richland, Clay & Wayne Counties PUMA",-1.0348576584907427,24.970686403039384,1162.0754494863013,1.1620754494863013,1.1620754494863013
1700600,1700600,G17000600,1700600,17,Illinois,"Douglas, Edgar, Coles & Cumberland Counties PUMA",-2.4432817441819297,24.275836126321753,1072.1587990936555,1.0721587990936554,1.0721587990936554
1702400,1702400,G17002400,1702400,17,Illinois,LaSalle County PUMA,-5.022733204925115,23.21883100518433,954.1378168202765,0.9541378168202765,0.9541378168202765
1703601,1703601,G17003601,1703601,17,Illinois,"McHenry County (North, West & Central) PUMA",-6.089547762306788,22.377832556283604,956.0408266129032,0.9560408266129031,0.9560408266129031
1701001,1701001,G17001001,1701001,17,Illinois,"Monroe, Randolph, Washington, Jefferson & Marion Counties PUMA",-0.45607564125293165,25.49595905172414,1121.3226419878297,1.1213226419878297,1.1213226419878297
1702000,1702000,G17002000,1702000,17,Illinois,McLean County PUMA,-4.165416844083235,23.70253721119668,964.9195793838862,0.9649195793838863,0.9649195793838863
1700105,1700105,G17000105,1700105,17,Illinois,Rock Island County PUMA,-5.407490667895736,23.75052250657126,955.9910922897196,0.9559910922897197,0.9559910922897197
1703005,1703005,G17003005,1703005,17,Illinois,Kane County (Southeast)--Aurora Township PUMA,-5.001253568209135,23.219930795522835,959.5967548076923,0.9595967548076922,0.9595967548076922
1703007,1703007,G17003007,1703007,17,Illinois,"Kane County (East)--St. Charles, Batavia (Central) & Geneva (Central) Townships PUMA",-5.251057216099331,23.09889875139509,969.1041666666666,0.9691041666666667,0.9691041666666667
1703008,1703008,G17003008,1703008,17,Illinois,Kane County (Northeast)--Elgin (North & Central) & Dundee Townships PUMA,-5.617988987972862,22.816226356907894,983.254728618421,0.983254728618421,0.983254728618421
1703009,1703009,G17003009,1703009,17,Illinois,Kane County (West) PUMA,-5.704195853991386,22.763045873397434,963.7203525641025,0.9637203525641025,0.9637203525641025
1702700,1702700,G17002700,1702700,17,Illinois,Stephenson & Ogle Counties PUMA,-6.556388640499498,22.339984939759034,960.2132279116466,0.9602132279116466,0.9602132279116466
1702601,1702601,G17002601,1702601,17,Illinois,DeKalb County PUMA,-6.086913190569196,22.56960274832589,947.2573660714286,0.9472573660714286,0.9472573660714286
1701701,1701701,G17001701,1701701,17,Illinois,Peoria County--Peoria City PUMA,-4.552355366368448,23.734930223034276,963.597152217742,0.963597152217742,0.963597152217742
1702300,1702300,G17002300,1702300,17,Illinois,Kankakee County PUMA,-4.436811042554451,23.354026100852273,992.2147253787879,0.9922147253787879,0.9922147253787879
1703205,1703205,G17003205,1703205,17,Illinois,DuPage County (East Central)--York Township PUMA,-4.518324534098308,23.64885711669922,992.753662109375,0.992753662109375,0.992753662109375
1703207,1703207,G17003207,1703207,17,Illinois,Dupage County (Northeast)--Addison & Bloomingdale (North) Townships PUMA,-4.762843608856201,23.412673950195312,977.6934204101562,0.9776934204101563,0.9776934204101563
1703203,1703203,G17003203,1703203,17,Illinois,DuPage County (South Central)--Lisle Township PUMA,-4.706237316131592,23.4630126953125,989.8253173828125,0.9898253173828125,0.9898253173828125
1703204,1703204,G17003204,1703204,17,Illinois,DuPage County (Southeast)--Downers Grove Township PUMA,-4.519899870219984,23.665246260793584,1004.1840049342105,1.0041840049342106,1.0041840049342106
1703202,1703202,G17003202,1703202,17,Illinois,DuPage County (Central)--Milton Township PUMA,-4.862599459561435,23.377627286044035,986.9539240056819,0.9869539240056818,0.9869539240056818
1703409,1703409,G17003409,1703409,17,Illinois,Cook County (West Central)--Lyons & Stickney Townships PUMA,-4.071582569795496,24.027124741498163,998.9779411764706,0.9989779411764707,0.9989779411764707
1703209,1703209,G17003209,1703209,17,Illinois,DuPage County (Southwest)--Naperville & Winfield (South) Townships PUMA,-4.917899576822917,23.280731201171875,968.2319010416667,0.9682319010416667,0.9682319010416667
1703208,1703208,G17003208,1703208,17,Illinois,"DuPage County (Northwest)--Bloomingdale (South), Wayne & Winfield (North) Townships PUMA",-5.1135498046875,23.192808532714842,976.40703125,0.9764070312500001,0.9764070312500001
1701900,1701900,G17001900,1701900,17,Illinois,Tazewell County PUMA,-3.9209750756285247,24.03141520794173,973.688087406015,0.973688087406015,0.973688087406015
1701204,1701204,G17001204,1701204,17,Illinois,Madison County (East) PUMA,-0.8997667374149445,25.640241725470432,1104.5110887096773,1.1045110887096774,1.1045110887096774
1701205,1701205,G17001205,1701205,17,Illinois,"Madison County (West)--Granite City, Alton, Wood River Cities & Godfrey Village PUMA",-0.7108222113715278,25.839979383680557,1086.3386656746031,1.0863386656746032,1.0863386656746032
1703106,1703106,G17003106,1703106,17,Illinois,Will County (Northwest)--DuPage & Wheatland Townships PUMA,-4.656311459011501,23.396182590060764,988.7296006944445,0.9887296006944445,0.9887296006944445
1703105,1703105,G17003105,1703105,17,Illinois,Will County (Northwest Central)--Plainfield & Lockport Townships PUMA,-4.595411088731554,23.379248725043404,992.7956814236111,0.9927956814236111,0.9927956814236111
1703102,1703102,G17003102,1703102,17,Illinois,Will County (West Central)--Joliet & Troy Townships PUMA,-4.577905442979601,23.395204332139755,978.5814887152778,0.9785814887152778,0.9785814887152778
1703107,1703107,G17003107,1703107,17,Illinois,"Will County (Northeast)--Frankfort, Homer & New Lenox (North) Townships PUMA",-4.37318860567533,23.6190913273738,1005.1673677884615,1.0051673677884616,1.0051673677884616
1703108,1703108,G17003108,1703108,17,Illinois,Will County (South) PUMA,-4.471371120876736,23.44024658203125,1000.7012442129629,1.000701244212963,1.000701244212963
1701500,1701500,G17001500,1701500,17,Illinois,Macon County--Decatur City PUMA,-2.8647507001768866,24.23452470887382,996.5921285377359,0.9965921285377359,0.9965921285377359
1701104,1701104,G17001104,1701104,17,Illinois,St. Clair County (Central & Northeast) PUMA,-0.3958639238701492,26.04387927446209,1114.1526639344263,1.1141526639344264,1.1141526639344264
1701105,1701105,G17001105,1701105,17,Illinois,"St. Clair County (Northwest, Southwest & Southeast) PUMA",-0.2737343528053977,26.057306463068183,1107.1936553030303,1.1071936553030302,1.1071936553030302
1701300,1701300,G17001300,1701300,17,Illinois,Sangamon County--Springfield City PUMA,-2.836506976503314,24.276636482007575,977.7428977272727,0.9777428977272727,0.9777428977272727
1702801,1702801,G17002801,1702801,17,Illinois,Winnebago County (Southeast & West)--Rockford City PUMA,-6.564811148294589,22.420381871665395,950.3700457317074,0.9503700457317074,0.9503700457317074
1703407,1703407,G17003407,1703407,17,Illinois,"Cook County (West Central)--Proviso, Riverside & River Forest Townships PUMA",-4.124041239420573,23.92760721842448,992.8316243489584,0.9928316243489583,0.9928316243489583
1703422,1703422,G17003422,1703422,17,Illinois,"Cook County (West)--Leyden, Norwood Park (South) Townships & Chicago City--O'Hare PUMA",-4.298208236694336,23.71167246500651,979.7704264322916,0.9797704264322916,0.9797704264322916
1703521,1703521,G17003521,1703521,17,Illinois,"Chicago City (West)--Austin, Belmont Cragin & Montclare PUMA",-3.960516611735026,23.86261494954427,991.4750162760416,0.9914750162760416,0.9914750162760416
1703520,1703520,G17003520,1703520,17,Illinois,"Chicago City (Northwest)--Portage Park, Dunning & Jefferson Park PUMA",-4.065156936645508,23.765428815569198,986.4571707589286,0.9864571707589286,0.9864571707589286
1703419,1703419,G17003419,1703419,17,Illinois,Cook County (Northwest)--Elk Grove & Wheeling (Southwest) Townships PUMA,-4.776608149210612,23.332366943359375,963.02685546875,0.96302685546875,0.96302685546875
1703527,1703527,G17003527,1703527,17,Illinois,"Chicago City (Southwest)--Gage Park, Garfield Ridge & West Lawn PUMA",-3.7620571681431363,24.14044189453125,995.2596261160714,0.9952596261160714,0.9952596261160714
1703408,1703408,G17003408,1703408,17,Illinois,"Cook County (Central)--Cicero, Berwyn & Oak Park Townships PUMA",-3.900259780883789,24.03111877441406,993.8939453125,0.9938939453125,0.9938939453125
1703418,1703418,G17003418,1703418,17,Illinois,Cook County (Northwest)--Schaumburg Township (South & Central) PUMA,-5.132424831390381,23.110210418701172,972.9661865234375,0.9729661865234375,0.9729661865234375
1703420,1703420,G17003420,1703420,17,Illinois,"Cook County (North)--Maine, Norwood Park Townships & Chicago City--Edison Park PUMA",-4.352478572300503,23.568363734654017,972.0826590401786,0.9720826590401785,0.9720826590401785
1703410,1703410,G17003410,1703410,17,Illinois,"Cook County (Southwest)--Orland (West & Central), Palos & Lemont Townships PUMA",-4.30141347249349,23.77431640625,1006.2537760416667,1.0062537760416668,1.0062537760416668
1703530,1703530,G17003530,1703530,17,Illinois,"Chicago City (South)--Ashburn, Washington Heights, Morgan Park & Beverly PUMA",-3.76473331451416,24.043423970540363,998.6188151041666,0.9986188151041666,0.9986188151041666
1703523,1703523,G17003523,1703523,17,Illinois,"Chicago City (West)--North & South Lawndale, Humboldt Park, East & West Garfield Park PUMA",-3.670599937438965,23.918014526367188,999.8079833984375,0.9998079833984375,0.9998079833984375
1703522,1703522,G17003522,1703522,17,Illinois,"Chicago City (Northwest)--Logan Square, Avondale & Hermosa PUMA",-3.738719940185547,23.68293914794922,995.8296875,0.9958296875,0.9958296875
1703504,1703504,G17003504,1703504,17,Illinois,"Chicago City (Northwest)--Irving Park, Albany Park, Forest Glen & North Park PUMA",-3.8950199127197265,23.5958984375,989.07490234375,0.98907490234375,0.98907490234375
1703415,1703415,G17003415,1703415,17,Illinois,Cook County (North)--Wheeling Township (North & East) PUMA,-4.753458023071289,23.277239481608074,950.085693359375,0.950085693359375,0.950085693359375
1703401,1703401,G17003401,1703401,17,Illinois,Cook County (Northwest)--Palatine & Barrington Townships PUMA,-5.385337829589844,22.88889421735491,973.4169456845239,0.9734169456845239,0.9734169456845239
1703417,1703417,G17003417,1703417,17,Illinois,Cook County (Northwest)--Hanover & Schaumburg (Northwest) Townships PUMA,-5.351021357945034,22.98044913155692,981.8427734375,0.9818427734375,0.9818427734375
1703412,1703412,G17003412,1703412,17,Illinois,Cook County (South Central)--Bremen & Orland (East) Townships PUMA,-4.174127790662977,23.770545111762154,1008.8705512152778,1.0088705512152778,1.0088705512152778
1703411,1703411,G17003411,1703411,17,Illinois,Cook County (South Central)--Worth & Calumet Townships PUMA,-3.872699737548828,24.039754231770832,998.660546875,0.998660546875,0.998660546875
1703531,1703531,G17003531,1703531,17,Illinois,"Chicago City (South)--Auburn Gresham, Roseland, Chatham, Avalon Park & Burnside PUMA",-3.5543997628348216,23.915398733956472,1003.5421316964286,1.0035421316964286,1.0035421316964286
1703524,1703524,G17003524,1703524,17,Illinois,"Chicago City (West)--West Town, Near West Side & Lower West Side PUMA",-3.4756334092881946,23.82669915093316,1008.2213541666666,1.0082213541666667,1.0082213541666667
1703503,1703503,G17003503,1703503,17,Illinois,"Chicago City (North)--West Ridge, Lincoln Square & North Center PUMA",-3.5970331827799478,23.588297526041668,996.3744303385416,0.9963744303385417,0.9963744303385417
1703528,1703528,G17003528,1703528,17,Illinois,"Chicago City (South)--Chicago Lawn, Englewood/West Englewood & Greater Grand Crossing PUMA",-3.5030999183654785,23.963836669921875,1010.0499267578125,1.0100499267578125,1.0100499267578125
1703526,1703526,G17003526,1703526,17,Illinois,"Chicago City (Southwest)--Brighton Park, New City, Bridgeport & McKinley Park PUMA",-3.5367999606662326,24.00366719563802,1007.427734375,1.007427734375,1.007427734375
1703529,1703529,G17003529,1703529,17,Illinois,"Chicago City (South)--South Shore, Hyde Park, Woodlawn, Grand Boulevard & Douglas PUMA",-3.3249855041503906,23.797642299107142,1022.4532645089286,1.0224532645089286,1.0224532645089286
1703525,1703525,G17003525,1703525,17,Illinois,"Chicago City (Central)--Near North Side, Loop & Near South Side PUMA",-3.3373998006184897,23.684666951497395,1013.7724609375,1.0137724609375,1.0137724609375
1703502,1703502,G17003502,1703502,17,Illinois,Chicago City (North)--Lake View & Lincoln Park PUMA,-3.410550117492676,23.612674713134766,1002.1357421875,1.0021357421875,1.0021357421875
1703501,1703501,G17003501,1703501,17,Illinois,"Chicago City (North)--Edgewater, Uptown & Rogers Park PUMA",-3.481750011444092,23.49872398376465,993.701904296875,0.993701904296875,0.993701904296875
1703421,1703421,G17003421,1703421,17,Illinois,Cook County (North)--Niles & Evanston Townships PUMA,-3.8654251098632812,23.46679941813151,985.5572102864584,0.9855572102864584,0.9855572102864584
1703414,1703414,G17003414,1703414,17,Illinois,Cook County (South)--Bloom & Rich Townships PUMA,-4.312709263392857,23.5245608375186,1022.3459821428571,1.022345982142857,1.022345982142857
1703413,1703413,G17003413,1703413,17,Illinois,Cook County (Southeast)--Thornton Township PUMA,-3.9930766179011417,23.688929631159855,1007.9935396634615,1.0079935396634616,1.0079935396634616
1703532,1703532,G17003532,1703532,17,Illinois,"Chicago City (South)--South Chicago, Pullman, West Pullman, East Side & South Deering PUMA",-3.574758211771647,23.780298868815105,1000.6470540364584,1.0006470540364583,1.0006470540364583
1703416,1703416,G17003416,1703416,17,Illinois,Cook County (Northeast)--Northfield & New Trier Townships PUMA,-4.182919820149739,23.323799641927085,970.1886067708333,0.9701886067708333,0.9701886067708333
1801200,1801200,G18001200,1801200,18,Indiana,Tippecanoe County--Lafayette & West Lafayette Cities PUMA,-3.4339622579595095,23.260587302587364,1029.3629872311828,1.029362987231183,1.029362987231183
1802200,1802200,G18002200,1802200,18,Indiana,Hendricks County PUMA,-2.67435245513916,23.54207763671875,1115.78701171875,1.1157870117187498,1.1157870117187498
1803200,1803200,G18003200,1803200,18,Indiana,"Warrick, Gibson & Posey Counties PUMA",0.30843268174391525,25.526019756610577,1232.2615384615385,1.2322615384615385,1.2322615384615385
1802700,1802700,G18002700,1802700,18,Indiana,"Greene, Daviess, Owen, Orange & Martin Counties PUMA",-1.0055518872810132,24.255318249458874,1234.8359036796537,1.2348359036796537,1.2348359036796537
1800102,1800102,G18000102,1800102,18,Indiana,Lake County (Northeast)--Gary City & Griffith Town PUMA,-3.726340553977273,23.29360407049006,993.7178622159091,0.9937178622159091,0.9937178622159091
1800101,1800101,G18000101,1800101,18,Indiana,Lake County (Northwest)--Hammond & East Chicago Cities PUMA,-3.5485799153645834,23.538332112630208,988.86953125,0.98886953125,0.98886953125
1800103,1800103,G18000103,1800103,18,Indiana,Lake County (Central) PUMA,-4.054621696472168,23.237842559814453,1007.833740234375,1.007833740234375,1.007833740234375
1800104,1800104,G18000104,1800104,18,Indiana,Lake County (South) PUMA,-4.38144628552423,23.031511831974637,1016.127830615942,1.016127830615942,1.016127830615942
1802800,1802800,G18002800,1802800,18,Indiana,Monroe County--Bloomington City PUMA,-1.5156119791666667,23.911707356770833,1226.0279166666667,1.2260279166666668,1.2260279166666668
1801700,1801700,G18001700,1801700,18,Indiana,Vigo County--Terre Haute City PUMA,-1.8297266642252603,24.40297580295139,1139.4231770833333,1.1394231770833332,1.1394231770833332
1800300,1800300,G18000300,1800300,18,Indiana,LaPorte County PUMA,-4.316182542883832,22.566858440896738,1026.4089673913043,1.0264089673913042,1.0264089673913042
1801100,1801100,G18001100,1801100,18,Indiana,"Montgomery, Clinton, White, Carroll & Benton Counties PUMA",-3.63736203215843,23.06101698764535,1046.760465116279,1.046760465116279,1.046760465116279
1803300,1803300,G18003300,1803300,18,Indiana,Vanderburgh County--Evansville City PUMA,0.6152999877929688,25.66600008877841,1232.8914772727273,1.2328914772727273,1.2328914772727273
1800700,1800700,G18000700,1800700,18,Indiana,"Jasper, Starke, Fulton, Newton & Pulaski Counties PUMA",-4.298908659699675,22.858012885551947,1017.4407467532468,1.0174407467532467,1.0174407467532467
1800401,1800401,G18000401,1800401,18,Indiana,St. Joseph County (North)--South Bend City PUMA,-4.1363067626953125,22.66229248046875,1011.8232421875,1.0118232421875,1.0118232421875
1800402,1800402,G18000402,1800402,18,Indiana,St. Joseph County (Outside South Bend City)--Mishawaka City PUMA,-4.242331411324296,22.600325042126226,1009.4341299019608,1.0094341299019607,1.0094341299019607
1800200,1800200,G18000200,1800200,18,Indiana,Porter County PUMA,-4.220623980511676,22.78746619591346,1014.1328983516484,1.0141328983516484,1.0141328983516484
1801600,1801600,G18001600,1801600,18,Indiana,"Clay, Sullivan, Parke, Fountain, Vermillion & Warren Counties PUMA",-2.5322046302452716,23.86337821365248,1103.5069444444443,1.1035069444444443,1.1035069444444443
1802305,1802305,G18002305,1802305,18,Indiana,Marion County--Center Township--Indianapolis City (Central) PUMA,-2.273043632507324,24.090530395507812,1114.35791015625,1.11435791015625,1.11435791015625
1802302,1802302,G18002302,1802302,18,Indiana,Marion County--Washington Township (South & East)--Indianapolis City (North) PUMA,-2.37206372347745,23.98019964044744,1110.9057173295455,1.1109057173295456,1.1109057173295456
1802307,1802307,G18002307,1802307,18,Indiana,Marion County--Perry & Decatur (South & East) Townships--Indianapolis City (South) PUMA,-2.218362908614309,24.060056987561676,1113.914370888158,1.1139143708881578,1.1139143708881578
1802301,1802301,G18002301,1802301,18,Indiana,Marion County--Pike & Washington (Northwest) Townships--Indianapolis City (Northwest) PUMA,-2.523046620686849,23.862152099609375,1098.136328125,1.098136328125,1.098136328125
1802304,1802304,G18002304,1802304,18,Indiana,Marion County--Wayne & Decatur (Northwest) Townships--Indianapolis City (West) PUMA,-2.2891157049881783,24.106162623355264,1104.744449013158,1.104744449013158,1.104744449013158
1900100,1900100,G19000100,1900100,19,Iowa,"Sioux, Clay, Dickinson, O'Brien, Lyon, Emmet, Palo Alto & Osceola Counties PUMA",-8.863069064954189,22.576355939136125,776.0623363874346,0.7760623363874346,0.7760623363874346
1900200,1900200,G19000200,1900200,19,Iowa,"Cerro Gordo, Floyd, Kossuth, Hancock, Winnebago, Mitchell & Worth Counties PUMA",-9.132179465868795,22.151741190159573,892.1349290780142,0.8921349290780143,0.8921349290780143
1900400,1900400,G19000400,1900400,19,Iowa,"Bremer, Winneshiek, Fayette, Clayton, Allamakee, Chickasaw & Howard Counties PUMA",-8.61845539525612,21.966640826353093,957.2084407216495,0.9572084407216495,0.9572084407216495
1901300,1901300,G19001300,1901300,19,Iowa,Story & Boone Counties--Ames City PUMA,-7.039666364734299,23.16785552536232,919.085220410628,0.919085220410628,0.919085220410628
1900800,1900800,G19000800,1900800,19,Iowa,"Clinton, Muscatine, Jones & Cedar Counties PUMA",-6.355845296410183,23.046365489130434,957.9384296338673,0.9579384296338672,0.9579384296338672
1902100,1902100,G19002100,1902100,19,Iowa,Southwest Iowa--Council Bluffs City PUMA,-5.602882084453405,23.935768555854242,871.3871714456392,0.8713871714456392,0.8713871714456392
1901800,1901800,G19001800,1901800,19,Iowa,South Central Iowa PUMA,-5.604616319444444,23.70954861111111,939.9376666666667,0.9399376666666667,0.9399376666666667
1902000,1902000,G19002000,1902000,19,Iowa,Woodbury & Plymouth Counties--Sioux City PUMA,-7.457097152990798,23.183334631422547,771.8202645705521,0.7718202645705521,0.7718202645705521
1902200,1902200,G19002200,1902200,19,Iowa,"Wapello, Mahaska, Washington, Jefferson, Keokuk, Davis & Van Buren Counties PUMA",-5.107018375703376,24.012544589027332,959.3898713826367,0.9593898713826366,0.9593898713826366
1900700,1900700,G19000700,1900700,19,Iowa,"Dubuque, Buchanan, Jackson & Delaware Counties--Dubuque City PUMA",-7.646823489010989,22.28996823489011,964.1747939560439,0.9641747939560439,0.9641747939560439
1900600,1900600,G19000600,1900600,19,Iowa,"Webster, Hardin, Hamilton, Butler, Wright, Grundy, Franklin & Humboldt Counties PUMA",-8.129723385730422,22.66089278990964,909.7965361445783,0.9097965361445783,0.9097965361445783
1901600,1901600,G19001600,1901600,19,Iowa,Polk County (East)--Ankeny & Altoona Cities PUMA,-6.26311767578125,23.78212646484375,904.629375,0.904629375,0.904629375
1901500,1901500,G19001500,1901500,19,Iowa,Polk (Southwest) & Dallas (East) Counties--West Des Moines & Urbandale Cities PUMA,-6.317063022667254,23.76484099911972,888.1525638204225,0.8881525638204225,0.8881525638204225
1901700,1901700,G19001700,1901700,19,Iowa,Des Moines City PUMA,-5.955349731445312,24.11522521972656,885.45498046875,0.88545498046875,0.88545498046875
1901900,1901900,G19001900,1901900,19,Iowa,"Northwest Central Iowa--Storm Lake, Denison & Cherokee Region PUMA",-7.566253573481365,22.998489306026137,827.9554695062924,0.8279554695062924,0.8279554695062924
1901400,1901400,G19001400,1901400,19,Iowa,"Warren, Jasper, Marion, Dallas (West) & Madison Counties PUMA",-6.069949988162879,23.750012946851324,912.5179332386364,0.9125179332386364,0.9125179332386364
1902300,1902300,G19002300,1902300,19,Iowa,"Des Moines, Lee, Henry & Louisa Counties PUMA",-4.499885559082031,24.279462541852677,964.8099888392857,0.9648099888392857,0.9648099888392857
1901200,1901200,G19001200,1901200,19,Iowa,"Marshall, Benton, Poweshiek, Tama & Iowa Counties PUMA",-6.980402127118178,23.070092429577464,937.1006822183099,0.9371006822183099,0.9371006822183099
1901100,1901100,G19001100,1901100,19,Iowa,Johnson County--Iowa City PUMA,-6.024186134338379,23.483600616455078,947.6397705078125,0.9476397705078125,0.9476397705078125
1900500,1900500,G19000500,1900500,19,Iowa,Black Hawk County--Waterloo & Cedar Falls Cities PUMA,-7.868108678747107,22.67220504195602,947.5832609953703,0.9475832609953703,0.9475832609953703
1900900,1900900,G19000900,1900900,19,Iowa,Scott County--Davenport City PUMA,-5.750534921322229,23.47140330188679,957.9239386792453,0.9579239386792453,0.9579239386792453
1901000,1901000,G19001000,1901000,19,Iowa,Linn County--Cedar Rapids City PUMA,-7.00301522919626,22.779988606770832,970.6633522727273,0.9706633522727273,0.9706633522727273
2001200,2001200,G20001200,2001200,20,Kansas,"Southwest Kansas--Dodge City, Garden City & Liberal City PUMA",0.15965318857260932,26.160918394471025,513.8804492291334,0.5138804492291335,0.5138804492291335
2001500,2001500,G20001500,2001500,20,Kansas,Southeast Kansas PUMA,0.6804435063334344,26.555912469660193,1126.3929611650485,1.1263929611650485,1.1263929611650485
2000802,2000802,G20000802,2000802,20,Kansas,"Shawnee (Outside Topeka City), Osage, Jackson, Brown & Wabaunsee Counties PUMA",-1.9778030318052031,25.752493456535532,936.1922588832488,0.9361922588832488,0.9361922588832488
2000100,2000100,G20000100,2000100,20,Kansas,Northwest Kansas PUMA,-1.4505111497563745,25.468042478751464,561.255715123095,0.561255715123095,0.561255715123095
2000300,2000300,G20000300,2000300,20,Kansas,"Riley, Geary & Pottawatomie Counties--Manhattan City PUMA",-2.0541349898937136,25.901815724927324,867.8197674418604,0.8678197674418604,0.8678197674418604
2000200,2000200,G20000200,2000200,20,Kansas,North Central Kansas--Salina City PUMA,-2.074602059702345,26.101705237515226,778.963915956151,0.778963915956151,0.778963915956151
2001400,2001400,G20001400,2001400,20,Kansas,East Central Kansas PUMA,-0.6227598934074415,26.149832105719238,1056.3275563258233,1.0563275563258232,1.0563275563258232
2001100,2001100,G20001100,2001100,20,Kansas,South Central Kansas PUMA,0.4121173553836259,26.944413967917676,728.4766949152543,0.7284766949152542,0.7284766949152542
2000900,2000900,G20000900,2000900,20,Kansas,Flint Hills Region--Emporia City PUMA,-0.38284510369868746,26.372266450845665,960.8750880902044,0.9608750880902044,0.9608750880902044
2001000,2001000,G20001000,2001000,20,Kansas,Central Kansas--Hutchinson City PUMA,-0.2895104500555223,26.740013860887096,774.0561995967741,0.7740561995967742,0.7740561995967742
2000400,2000400,G20000400,2000400,20,Kansas,Northeast Kansas PUMA,-2.2302650649540707,25.692059167867434,970.4814481268012,0.9704814481268011,0.9704814481268011
2000801,2000801,G20000801,2000801,20,Kansas,Shawnee County (Central)--Topeka City PUMA,-1.4940588334027458,26.173492431640625,952.9790326286765,0.9529790326286764,0.9529790326286764
2000700,2000700,G20000700,2000700,20,Kansas,Douglas County--Lawrence City PUMA,-1.4875637622589761,26.059211893284573,989.5741356382979,0.9895741356382979,0.9895741356382979
2000500,2000500,G20000500,2000500,20,Kansas,Wyandotte County--Kansas City PUMA,-1.463731719226372,26.094393102134145,1039.8769054878048,1.0398769054878048,1.0398769054878048
2001302,2001302,G20001302,2001302,20,Kansas,Sedgwick (Northeast) & Butler (North & East) Counties--Wichita City (Northeast) PUMA,-0.06641717314195003,26.62862016450991,931.1485407488987,0.9311485407488986,0.9311485407488986
2001304,2001304,G20001304,2001304,20,Kansas,Sedgwick (South) & Butler (Southwest) Counties--Wichita (South) & Derby Cities PUMA,0.3091207956303062,26.981148956828033,907.9232297687861,0.907923229768786,0.907923229768786
2001301,2001301,G20001301,2001301,20,Kansas,Sedgwick (Northwest) & Harvey Counties--Wichita (Northwest) & Newton Cities PUMA,-0.11771741067209551,26.840807711693547,851.1390120967742,0.8511390120967742,0.8511390120967742
2001303,2001303,G20001303,2001303,20,Kansas,Sedgwick County (Central)--Wichita City (Central) PUMA,0.2985083262125651,27.11961619059245,891.6346842447916,0.8916346842447916,0.8916346842447916
2000602,2000602,G20000602,2000602,20,Kansas,"Johnson County (Northeast)--Overland Park (North), Prairie Village & Merriam Cities PUMA",-1.3207214900425501,25.990447998046875,1052.790736607143,1.052790736607143,1.052790736607143
2000604,2000604,G20000604,2000604,20,Kansas,Johnson County (Southeast)--Blue Valley Region PUMA,-1.2993050575256349,25.939959716796874,1056.28330078125,1.05628330078125,1.05628330078125
2000603,2000603,G20000603,2000603,20,Kansas,"Johnson County (Southwest)--Olathe, Gardner, Spring Hill & Edgerton Cities PUMA",-1.3406618209112258,25.964701334635418,1028.5379464285713,1.0285379464285713,1.0285379464285713
2000601,2000601,G20000601,2000601,20,Kansas,"Johnson County (Northwest)--Shawnee, Lenexa & De Soto Cities PUMA",-1.4601545622854522,25.98574181758996,1028.6979166666667,1.0286979166666668,1.0286979166666668
2100100,2100100,G21000100,2100100,21,Kentucky,Purchase Area Development District PUMA,2.14175305065808,26.19113791525901,1327.6970720720722,1.3276970720720722,1.3276970720720722
2100200,2100200,G21000200,2100200,21,Kentucky,Pennyrile Area Development District (North) PUMA,1.7173055013020833,25.87172031641604,1281.7759241854637,1.2817759241854638,1.2817759241854638
2101500,2101500,G21001500,2101500,21,Kentucky,Green River Area Development District (Northeast)--Daviess & Hancock Counties PUMA,1.0955365677954445,25.565794179137324,1260.0162852112676,1.2600162852112675,1.2600162852112675
2100300,2100300,G21000300,2100300,21,Kentucky,Pennyrile Area Development District (South) PUMA,2.1126019413140673,25.98932694966814,1327.396662979351,1.327396662979351,1.327396662979351
2101400,2101400,G21001400,2101400,21,Kentucky,Green River Area Development District (Southwest) PUMA,1.1825688229331488,25.648482001582277,1249.8818037974684,1.2498818037974684,1.2498818037974684
2600100,2600100,G26000100,2600100,26,Michigan,Western Upper Peninsula PUMA,-9.990018108146874,18.496526283706253,815.8844163312249,0.8158844163312249,0.8158844163312249
2600801,2600801,G26000801,2600801,26,Michigan,Ottawa County (West) PUMA,-3.770729328023976,21.70709228515625,964.127963362069,0.964127963362069,0.964127963362069
2600802,2600802,G26000802,2600802,26,Michigan,Ottawa County (East) PUMA,-4.428575564653445,21.663121932592148,983.7740384615385,0.9837740384615384,0.9837740384615384
2600700,2600700,G26000700,2600700,26,Michigan,Muskegon County PUMA,-4.396936668539947,21.21473549896816,936.006633254717,0.936006633254717,0.936006633254717
2602400,2602400,G26002400,2602400,26,Michigan,Berrien County PUMA,-3.8571514423076922,22.38799015925481,1002.5487379807693,1.0025487379807692,1.0025487379807692
2601001,2601001,G26001001,2601001,26,Michigan,Kent County (Southwest) PUMA,-4.56495099748884,21.75156773158482,983.1004464285714,0.9831004464285714,0.9831004464285714
2600600,2600600,G26000600,2600600,26,Michigan,"Newaygo, Mason, Oceana & Lake Counties PUMA",-5.433349609375,20.574451364672747,929.7498658798283,0.9297498658798283,0.9297498658798283
2702100,2702100,G27002100,2702100,27,Minnesota,Southwest Minnesota PUMA,-9.60037781762295,22.125770326060753,779.7233606557377,0.7797233606557377,0.7797233606557377
2701700,2701700,G27001700,2701700,27,Minnesota,Carver & Scott (West) Counties PUMA,-9.949238725142045,22.39097567471591,817.7895596590909,0.8177895596590908,0.8177895596590908
2701600,2701600,G27001600,2701600,27,Minnesota,"Scott County (East)--Shakopee, Savage & Prior Lake Cities PUMA",-9.6785836055361,22.327925057246766,840.0280845905172,0.8400280845905173,0.8400280845905173
2701900,2701900,G27001900,2701900,27,Minnesota,"Kandiyohi, McLeod, Meeker, Renville & Sibley Counties PUMA",-10.712111956222467,21.984561421622615,761.5773678414097,0.7615773678414097,0.7615773678414097
2702400,2702400,G27002400,2702400,27,Minnesota,"Mower, Steele, Freeborn & Dodge Counties PUMA",-9.858403973568594,21.631512631094104,896.3520408163265,0.8963520408163265,0.8963520408163265
2700900,2700900,G27000900,2700900,27,Minnesota,Stearns County--St. Cloud City PUMA,-11.352118549822064,21.572302115769574,736.7849755338078,0.7367849755338078,0.7367849755338078
2700700,2700700,G27000700,2700700,27,Minnesota,"Crow Wing, Morrison, Todd & Wadena Counties PUMA",-12.464676111205723,20.660115005534742,722.0925579019074,0.7220925579019074,0.7220925579019074
2701201,2701201,G27001201,2701201,27,Minnesota,"Washington County (North)--Oakdale, Forest Lake, Stillwater & Hugo Cities PUMA",-9.690536256820437,22.196004231770832,854.1952504960317,0.8541952504960317,0.8541952504960317
2700600,2700600,G27000600,2700600,27,Minnesota,"Chisago, Isanti, Pine, Mille Lacs & Kanabec Counties PUMA",-11.613635647681452,20.577871551961145,800.6467192082112,0.8006467192082112,0.8006467192082112
2702000,2702000,G27002000,2702000,27,Minnesota,"Brown, Lyon, Redwood, Chippewa, Yellow Medicine, Lac qui Parle & Lincoln Counties PUMA",-10.259320853960396,22.070458608360838,716.5946782178218,0.7165946782178217,0.7165946782178217
2700800,2700800,G27000800,2700800,27,Minnesota,West Central Minnesota PUMA,-12.148477740986019,21.362436189293597,666.2561626195732,0.6662561626195732,0.6662561626195732
2700100,2700100,G27000100,2700100,27,Minnesota,"Clay, Polk, Roseau, Pennington, Marshall, Norman, Kittson & Red Lake Counties PUMA",-14.674510770631068,20.03713887203344,609.4056769147788,0.6094056769147789,0.6094056769147789
2700200,2700200,G27000200,2700200,27,Minnesota,"Beltrami, Becker, Hubbard, Clearwater, Mahnomen & Lake of the Woods Counties PUMA",-14.29716598731884,19.700663496376812,653.3776811594203,0.6533776811594203,0.6533776811594203
2702300,2702300,G27002300,2702300,27,Minnesota,"Rice, Goodhue & Le Sueur Counties PUMA",-9.831554324127907,21.841261752816134,856.5043604651163,0.8565043604651162,0.8565043604651162
2700400,2700400,G27000400,2700400,27,Minnesota,"St. Louis (North), Koochiching, Lake & Cook Counties--Hibbing & Cloquet Cities PUMA",-14.211197134340969,18.46293389739016,726.9664256198347,0.7269664256198347,0.7269664256198347
2701301,2701301,G27001301,2701301,27,Minnesota,"Ramsey County (North)--Shoreview, White Bear Lake & New Brighton Cities PUMA",-9.41809336344401,22.66980489095052,858.3506401909722,0.8583506401909722,0.8583506401909722
2701302,2701302,G27001302,2701302,27,Minnesota,"Ramsey County (Central & Far Southeast)--Maplewood, Roseville & North St. Paul Cities PUMA",-9.323875427246094,22.787614822387695,868.0186767578125,0.8680186767578125,0.8680186767578125
2701303,2701303,G27001303,2701303,27,Minnesota,Ramsey County (Southeast)--St. Paul City (East) PUMA,-9.234492710658483,22.863599504743302,868.2331194196429,0.8682331194196429,0.8682331194196429
2701304,2701304,G27001304,2701304,27,Minnesota,Ramsey County (Southwest)--St. Paul City (West) PUMA,-9.186322138859676,22.98363788311298,861.0710637019231,0.8610710637019231,0.8610710637019231
2702600,2702600,G27002600,2702600,27,Minnesota,"Winona, Wabasha, Fillmore & Houston Counties--Winona City PUMA",-9.213184958208583,21.748050773453095,914.0289421157685,0.9140289421157685,0.9140289421157685
2702200,2702200,G27002200,2702200,27,Minnesota,"Blue Earth, Nicollet & Waseca Counties--Mankato City PUMA",-9.790378736413043,22.131327841938404,840.6198369565218,0.8406198369565218,0.8406198369565218
2701102,2701102,G27001102,2701102,27,Minnesota,"Anoka County (Southwest)--Coon Rapids, Fridley & Columbia Heights Cities PUMA",-9.52836693657769,22.589277479383682,840.2190755208334,0.8402190755208334,0.8402190755208334
2701103,2701103,G27001103,2701103,27,Minnesota,"Anoka County (East)--Blaine, Lino Lakes & Ham Lake Cities PUMA",-9.796430871841755,22.21761760305851,826.0975731382979,0.8260975731382979,0.8260975731382979
2701101,2701101,G27001101,2701101,27,Minnesota,"Anoka County (Northwest)--Andover, Ramsey, Anoka & East Bethel Cities PUMA",-10.08448486328125,21.984297318892047,830.8069602272727,0.8308069602272727,0.8308069602272727
2702500,2702500,G27002500,2702500,27,Minnesota,Olmsted County--Rochester City PUMA,-9.718301237915917,21.48201790130396,884.324190647482,0.884324190647482,0.884324190647482
2701202,2701202,G27001202,2701202,27,Minnesota,Washington County (South)--Woodbury & Cottage Grove Cities PUMA,-9.436776968149038,22.5068844526242,862.4330929487179,0.862433092948718,0.862433092948718
2700500,2700500,G27000500,2700500,27,Minnesota,"St. Louis County (Southeast)--Duluth, Hermantown & Proctor Cities PUMA",-11.343570963541667,18.92669677734375,785.4737847222223,0.7854737847222223,0.7854737847222223
2701503,2701503,G27001503,2701503,27,Minnesota,Dakota County (West)--Burnsville & Apple Valley Cities PUMA,-9.414246503044577,22.60806992474724,867.9573184742648,0.8679573184742647,0.8679573184742647
2701501,2701501,G27001501,2701501,27,Minnesota,"Dakota County (North)--Eagan, Inver Grove Heights & South St. Paul Cities PUMA",-9.228727167302912,22.8646933815696,863.5470525568181,0.8635470525568182,0.8635470525568182
2701502,2701502,G27001502,2701502,27,Minnesota,"Dakota County (South)--Lakeville, Hastings, Rosemount & Farmington Cities PUMA",-9.597925489193925,22.184465354848133,853.1534754672897,0.8531534754672897,0.8531534754672897
2701800,2701800,G27001800,2701800,27,Minnesota,Wright County PUMA,-10.498321146904667,22.025727477254748,784.8325751582279,0.7848325751582279,0.7848325751582279
2701000,2701000,G27001000,2701000,27,Minnesota,Sherburne & Benton Counties PUMA,-11.071890419407895,21.482687859786186,766.1702302631579,0.7661702302631579,0.7661702302631579
2700300,2700300,G27000300,2700300,27,Minnesota,"Itasca, Carlton (South), Cass & Aitkin Counties--Grand Rapids City PUMA",-13.215651983134281,19.601256102727564,723.7440284054229,0.723744028405423,0.723744028405423
2701408,2701408,G27001408,2701408,27,Minnesota,"Hennepin County--Edina, St. Louis Park & Hopkins Cities PUMA",-9.423055013020834,22.92709011501736,850.3677300347222,0.8503677300347222,0.8503677300347222
2701407,2701407,G27001407,2701407,27,Minnesota,Hennepin County--Minneapolis City (Southwest) PUMA,-9.20245430686257,23.046572598544035,853.0981889204545,0.8530981889204545,0.8530981889204545
2701404,2701404,G27001404,2701404,27,Minnesota,"Hennepin County--Brooklyn Center, Golden Valley, New Hope & Robbinsdale Cities PUMA",-9.405749729701451,22.888155255998885,848.0612444196429,0.8480612444196429,0.8480612444196429
2701409,2701409,G27001409,2701409,27,Minnesota,Hennepin County--Eden Prairie & Minnetonka Cities PUMA,-9.570810953776041,22.80468241373698,839.1236979166666,0.8391236979166666,0.8391236979166666
2701406,2701406,G27001406,2701406,27,Minnesota,Hennepin County--Minneapolis City (Southeast) PUMA,-9.138625144958496,23.0847110748291,852.74365234375,0.85274365234375,0.85274365234375
2701405,2701405,G27001405,2701405,27,Minnesota,Hennepin County--Minneapolis (North) & St. Anthony Cities PUMA,-9.248266220092773,22.98772430419922,853.427734375,0.853427734375,0.853427734375
2701403,2701403,G27001403,2701403,27,Minnesota,"Hennepin County--Brooklyn Park, Maple Grove (East) & Osseo Cities PUMA",-9.627631187438965,22.59630012512207,834.0035400390625,0.8340035400390625,0.8340035400390625
2701402,2701402,G27001402,2701402,27,Minnesota,"Hennepin County--Plymouth, Maple Grove (West) & Medicine Lake Cities PUMA",-9.760324096679687,22.630255126953124,833.7396484375,0.8337396484375,0.8337396484375
2701410,2701410,G27001410,2701410,27,Minnesota,Hennepin County--Bloomington & Richfield Cities PUMA,-9.214710436369243,23.030577007092926,858.2520045230264,0.8582520045230264,0.8582520045230264
2701401,2701401,G27001401,2701401,27,Minnesota,"Hennepin County (West)--Champlin, Rogers Cities & Lake Minnetonka PUMA",-10.006696701049805,22.41501235961914,814.9608764648438,0.8149608764648437,0.8149608764648437
2902800,2902800,G29002800,2902800,29,Missouri,Jasper & Newton Counties PUMA,1.120913589209841,26.07132118626645,1195.1694078947369,1.1951694078947368,1.1951694078947368
2900100,2900100,G29000100,2900100,29,Missouri,Northwest Missouri PUMA,-4.055239214740377,24.57399164244186,982.046511627907,0.982046511627907,0.982046511627907
2900200,2900200,G29000200,2900200,29,Missouri,"Buchanan, Andrew & DeKalb Counties PUMA",-3.2806427001953127,25.032340494791665,972.832421875,0.9728324218750001,0.9728324218750001
2900800,2900800,G29000800,2900800,29,Missouri,"Johnson, Lafayette, Ray, Clinton & Caldwell Counties PUMA",-2.376655889714806,25.230736119538836,1050.906917475728,1.050906917475728,1.050906917475728
2902300,2902300,G29002300,2902300,29,Missouri,"Dunklin, Stoddard, New Madrid, Pemiscot & Mississippi Counties PUMA",2.1369962444092705,26.753652125929367,1282.8336431226767,1.2828336431226768,1.2828336431226768
2901500,2901500,G29001500,2901500,29,Missouri,"Phelps, Crawford, Dent, Gasconade & Maries Counties PUMA",-0.3393744810379763,25.03982146836007,1154.045008912656,1.154045008912656,1.154045008912656
2900300,2900300,G29000300,2900300,29,Missouri,Northeast Missouri PUMA,-3.270067211065312,24.74607977057771,1015.0144427402863,1.0150144427402863,1.0150144427402863
2902500,2902500,G29002500,2902500,29,Missouri,"Howell, Texas, Wright, Douglas, Oregon, Ozark & Shannon Counties PUMA",0.8513922312903026,25.299291217137895,1201.6382688492063,1.2016382688492062,1.2016382688492062
2900903,2900903,G29000903,2900903,29,Missouri,Platte County PUMA,-2.1806675593058267,25.73907470703125,1015.3765462239584,1.0153765462239583,1.0153765462239583
2901200,2901200,G29001200,2901200,29,Missouri,"Lawrence, Henry, Vernon, Cedar, Barton, St. Clair & Dade Counties PUMA",0.05639680859893758,25.96315778552457,1141.808681938911,1.1418086819389108,1.1418086819389108
2900500,2900500,G29000500,2900500,29,Missouri,"Cole, Callaway, Moniteau & Osage Counties PUMA",-1.012945483104292,25.398336314006023,1106.7917168674699,1.10679171686747,1.10679171686747
2902700,2902700,G29002700,2902700,29,Missouri,"Taney, Barry, Stone & McDonald Counties PUMA",1.4203494023617511,25.58013437860023,1179.3436059907833,1.1793436059907834,1.1793436059907834
2902100,2902100,G29002100,2902100,29,Missouri,"St. Francois, Washington, Perry & Ste. Genevieve Counties PUMA",0.009065755839383335,25.244959677419356,1131.6387251861042,1.1316387251861042,1.1316387251861042
2900700,2900700,G29000700,2900700,29,Missouri,"Pettis, Randolph, Saline, Cooper, Howard, Carroll & Chariton Counties PUMA",-2.0632966113028908,25.319303133074936,1054.392764857881,1.054392764857881,1.054392764857881
2900600,2900600,G29000600,2900600,29,Missouri,Boone County PUMA,-1.486376316427327,25.49441813736511,1084.873089028777,1.084873089028777,1.084873089028777
2901100,2901100,G29001100,2901100,29,Missouri,Cass & Bates Counties PUMA,-0.9574852946838598,25.891631314404123,1087.00145609319,1.08700145609319,1.08700145609319
2902200,2902200,G29002200,2902200,29,Missouri,"Cape Girardeau, Scott & Bollinger Counties PUMA",0.9408051909872405,25.96573076611159,1245.538062283737,1.2455380622837369,1.2455380622837369
2902400,2902400,G29002400,2902400,29,Missouri,"Butler, Ripley, Wayne, Madison, Iron, Reynolds & Carter Counties PUMA",0.857674537821019,25.667384370844413,1229.3302859042553,1.2293302859042554,1.2293302859042554
2901400,2901400,G29001400,2901400,29,Missouri,"Pulaski, Camden, Miller & Morgan Counties PUMA",-0.15865368313259548,25.46678783275463,1139.6402633101852,1.1396402633101852,1.1396402633101852
2901300,2901300,G29001300,2901300,29,Missouri,"Laclede, Polk, Benton, Dallas & Hickory Counties PUMA",0.022910418235167887,25.526596325069832,1142.6871508379888,1.1426871508379888,1.1426871508379888
2900400,2900400,G29000400,2900400,29,Missouri,"Lincoln, Warren, Audrain, Pike & Montgomery Counties PUMA",-1.6979640124012547,25.178224471421935,1051.9273931226767,1.0519273931226767,1.0519273931226767
2902001,2902001,G29002001,2902001,29,Missouri,Jefferson County (North) PUMA,-0.2601448256393959,26.111119763604528,1098.6980064655172,1.0986980064655172,1.0986980064655172
2902002,2902002,G29002002,2902002,29,Missouri,Jefferson County (South) PUMA,-0.2519761144587424,25.67292934181416,1094.2952848451328,1.0942952848451328,1.0942952848451328
2901901,2901901,G29001901,2901901,29,Missouri,St. Louis City (North) PUMA,-0.33535715511866976,26.288683210100448,1091.3733956473213,1.0913733956473213,1.0913733956473213
2901902,2901902,G29001902,2901902,29,Missouri,St. Louis City (South) PUMA,-0.28241816433993255,26.304310191761363,1099.4289772727273,1.0994289772727273,1.0994289772727273
2902601,2902601,G29002601,2902601,29,Missouri,"Christian, Greene (Outside Springfield City) & Webster Counties PUMA",0.47214037962634153,25.340254761153197,1165.412457912458,1.165412457912458,1.165412457912458
2902602,2902602,G29002602,2902602,29,Missouri,Greene County--Springfield City (North) PUMA,0.49478891160753036,25.44245288990162,1175.6843171296296,1.1756843171296296,1.1756843171296296
2902603,2902603,G29002603,2902603,29,Missouri,Greene County--Springfield City (South) PUMA,0.5599870374125819,25.42881135017641,1172.6761592741937,1.1726761592741937,1.1726761592741937
2901005,2901005,G29001005,2901005,29,Missouri,Jackson County--Kansas City (South) PUMA,-1.2323707739512126,26.06255594889323,1060.1588541666667,1.0601588541666667,1.0601588541666667
2901001,2901001,G29001001,2901001,29,Missouri,Jackson County--Kansas City (Central) PUMA,-1.3036681088534268,26.20071688565341,1058.5837180397727,1.0585837180397728,1.0585837180397728
2901004,2901004,G29001004,2901004,29,Missouri,Jackson County (South Central) PUMA,-1.4287448751515355,25.833523454337286,1076.6070851293102,1.0766070851293101,1.0766070851293101
2901002,2901002,G29001002,2901002,29,Missouri,Jackson County (North Central) PUMA,-1.4152135848999023,26.01016790216619,1077.0219282670455,1.0770219282670455,1.0770219282670455
2901003,2901003,G29001003,2901003,29,Missouri,Jackson County (East) PUMA,-1.7925352208754595,25.570621266084558,1075.834903492647,1.075834903492647,1.075834903492647
2901703,2901703,G29001703,2901703,29,Missouri,St. Charles County (Northeast) PUMA,-0.7764949475304556,25.838114075741526,1071.6794226694915,1.0716794226694915,1.0716794226694915
2901702,2901702,G29001702,2901702,29,Missouri,St. Charles County (Northwest) PUMA,-0.7928406000137329,25.651729583740234,1076.1474609375,1.0761474609375,1.0761474609375
2901701,2901701,G29001701,2901701,29,Missouri,St. Charles County (South) PUMA,-0.6575429098946708,25.745474679129465,1095.8617466517858,1.0958617466517857,1.0958617466517857
2901600,2901600,G29001600,2901600,29,Missouri,Franklin County PUMA,-0.6442294699608246,25.37844901553468,1109.962789017341,1.1099627890173411,1.1099627890173411
2901801,2901801,G29001801,2901801,29,Missouri,St. Louis County (Northeast) PUMA,-0.48549520401727586,26.151131766183035,1077.0305989583333,1.0770305989583333,1.0770305989583333
2901807,2901807,G29001807,2901807,29,Missouri,St. Louis County (Inner Ring South) PUMA,-0.25549333890279136,26.350325520833334,1101.2731770833334,1.1012731770833335,1.1012731770833335
2901808,2901808,G29001808,2901808,29,Missouri,St. Louis County (South) PUMA,-0.27961461136980753,26.181887742949694,1097.1216653963415,1.0971216653963416,1.0971216653963416
2901802,2901802,G29001802,2901802,29,Missouri,St. Louis County (Northwest) PUMA,-0.5178904760451544,26.177926199776785,1078.3424479166667,1.0783424479166668,1.0783424479166668
2901804,2901804,G29001804,2901804,29,Missouri,St. Louis County (West) PUMA,-0.3844060319842714,26.103837446732953,1089.3686079545455,1.0893686079545455,1.0893686079545455
2901803,2901803,G29001803,2901803,29,Missouri,St. Louis County (Inner Ring North) PUMA,-0.2099249760309855,26.51984151204427,1080.5281575520833,1.0805281575520833,1.0805281575520833
2901805,2901805,G29001805,2901805,29,Missouri,St. Louis County (Central) PUMA,-0.24260588253245635,26.431870404411764,1095.5356158088234,1.0955356158088234,1.0955356158088234
2901806,2901806,G29001806,2901806,29,Missouri,St. Louis County (Central West) PUMA,-0.31712499260902405,26.233642578125,1099.9482421875,1.0999482421875,1.0999482421875
2900901,2900901,G29000901,2900901,29,Missouri,Clay County (Northeast) PUMA,-2.260609394795186,25.476145151499157,1044.5915329391892,1.0445915329391893,1.0445915329391893
2900902,2900902,G29000902,2900902,29,Missouri,"Kansas City (North Central), Gladstone City & North Kansas City PUMA",-1.7257733662923178,25.938134765625,1046.5417317708334,1.0465417317708334,1.0465417317708334
3000500,3000500,G30000500,3000500,30,Montana,South Central Montana--Bozeman City PUMA,-5.089588458151118,17.48489887026239,592.2866861030126,0.5922866861030126,0.5922866861030126
3000200,3000200,G30000200,3000200,30,Montana,West Montana--Missoula City PUMA,-4.3147195883962945,17.27042980028874,843.9273941289701,0.8439273941289701,0.8439273941289701
3000300,3000300,G30000300,3000300,30,Montana,Southwest Montana--Butte-Silver Bow & Helena City PUMA,-5.901429348532086,16.26662566575734,564.83352818914,0.56483352818914,0.56483352818914
3000600,3000600,G30000600,3000600,30,Montana,East Montana (Outside Billings City) PUMA,-7.222034602378732,21.41639896222015,377.9171641791045,0.3779171641791045,0.3779171641791045
3000400,3000400,G30000400,3000400,30,Montana,North Central Montana--Great Falls City PUMA,-5.7079548232035195,19.197799973521263,405.21077073488675,0.40521077073488676,0.40521077073488676
3000100,3000100,G30000100,3000100,30,Montana,Northwest Montana--Kalispell City PUMA,-5.481569207870568,16.1482572885519,854.3102840666381,0.8543102840666381,0.8543102840666381
3000700,3000700,G30000700,3000700,30,Montana,Billings City PUMA,-3.225810402318051,22.330346358449834,371.1603361430921,0.3711603361430921,0.3711603361430921
3100400,3100400,G31000400,3100400,31,Nebraska,Southwest Nebraska PUMA,-2.9164170318910854,23.838166728832526,550.9330473703842,0.5509330473703842,0.5509330473703842
3100200,3100200,G31000200,3100200,31,Nebraska,Northeast Nebraska PUMA,-5.752288381035825,23.58635367990654,727.5861370716511,0.7275861370716511,0.7275861370716511
3100500,3100500,G31000500,3100500,31,Nebraska,South Central Nebraska PUMA,-3.480578364158163,24.45838018595596,670.5723684210526,0.6705723684210526,0.6705723684210526
3100802,3100802,G31000802,3100802,31,Nebraska,Lancaster County--Lincoln City (South) PUMA,-4.071979522705078,24.71943525834517,807.3625710227273,0.8073625710227272,0.8073625710227272
3100801,3100801,G31000801,3100801,31,Nebraska,Lancaster County--Lincoln City (North) PUMA,-4.501870654878163,24.65977550688244,785.2279575892857,0.7852279575892857,0.7852279575892857
3100100,3100100,G31000100,3100100,31,Nebraska,North Central & Northwest Nebraska PUMA,-3.7200268751398835,22.98773395534915,522.3229073410922,0.5223229073410922,0.5223229073410922
3100600,3100600,G31000600,3100600,31,Nebraska,Southeast Nebraska PUMA,-4.040432732461024,24.661104537861917,787.5231997030438,0.7875231997030439,0.7875231997030439
3100701,3100701,G31000701,3100701,31,Nebraska,"Dodge, Cass, Saunders & Washington Counties PUMA",-5.1087382092453915,24.326495895737327,801.5642281105991,0.801564228110599,0.801564228110599
3100300,3100300,G31000300,3100300,31,Nebraska,Central Nebraska PUMA,-4.2848747474851585,23.557336329155675,663.1399241424803,0.6631399241424802,0.6631399241424802
3100903,3100903,G31000903,3100903,31,Nebraska,Douglas County--Omaha City (Northeast) PUMA,-5.050605773925781,24.580032348632812,830.9893120659722,0.8309893120659722,0.8309893120659722
3100904,3100904,G31000904,3100904,31,Nebraska,Douglas County--Omaha City (Southeast) PUMA,-4.92087459564209,24.643224716186523,829.8095703125,0.8298095703125,0.8298095703125
3100901,3100901,G31000901,3100901,31,Nebraska,Douglas County--Omaha City (Northwest) PUMA,-5.001560813502262,24.47451942845395,821.8083881578947,0.8218083881578947,0.8218083881578947
3100902,3100902,G31000902,3100902,31,Nebraska,Douglas County--Omaha City (Southwest) PUMA,-4.932518731980097,24.54878162202381,821.127697172619,0.821127697172619,0.821127697172619
3100702,3100702,G31000702,3100702,31,Nebraska,Sarpy County--Bellevue City PUMA,-4.877024332682292,24.60421475497159,824.3718631628788,0.8243718631628788,0.8243718631628788
3200404,3200404,G32000404,3200404,32,Nevada,"Clark County (East)--Mesquite City, Sunrise Manor (North), Moapa Valley & Nellis AFB PUMA",8.677575272120787,32.84930488500702,153.30351343047752,0.15330351343047752,0.15330351343047752
3200412,3200412,G32000412,3200412,32,Nevada,Clark County (South)--Henderson (East) & Boulder Cities PUMA,8.174071124780959,31.13663432754089,166.7073598130841,0.1667073598130841,0.1667073598130841
3200402,3200402,G32000402,3200402,32,Nevada,Clark County (North)--Las Vegas (Northeast) & North Las Vegas (Outer) Cities PUMA,6.425760416666667,29.357744791666665,177.20435416666666,0.17720435416666666,0.17720435416666666
3200408,3200408,G32000408,3200408,32,Nevada,Clark County (Central)--Spring Valley & Summerlin South PUMA,7.429869278617527,30.949876868206523,165.88383152173913,0.16588383152173913,0.16588383152173913
3200407,3200407,G32000407,3200407,32,Nevada,Clark County (West)--Las Vegas City (Southwest) PUMA,4.486548045324901,25.803824611441797,271.7858796296296,0.27178587962962963,0.27178587962962963
3200403,3200403,G32000403,3200403,32,Nevada,Clark County (Central)--Greater North Las Vegas City PUMA,8.820389597039474,33.01231625205592,112.48067434210526,0.11248067434210526,0.11248067434210526
3200410,3200410,G32000410,3200410,32,Nevada,"Clark County (Central)--Whitney, Sunrise Manor (South) & Paradise (Northeast) PUMA",9.463778177897135,34.004055447048614,112.81934950086806,0.11281934950086805,0.11281934950086805
3200411,3200411,G32000411,3200411,32,Nevada,Clark County (Central)--Henderson City (West) PUMA,8.653525034586588,32.69791920979818,132.9827880859375,0.1329827880859375,0.1329827880859375
3200413,3200413,G32000413,3200413,32,Nevada,Clark County (Central)--Paradise (South) & Enterprise PUMA,8.81794902256557,33.08600507463728,120.83263288225446,0.12083263288225446,0.12083263288225446
3200401,3200401,G32000401,3200401,32,Nevada,Clark County (Northwest Central)--Northwest Las Vegas Valley PUMA,8.07219989483173,31.87683574969952,123.01910869891827,0.12301910869891827,0.12301910869891827
3200405,3200405,G32000405,3200405,32,Nevada,Las Vegas City (Southeast) PUMA,9.191533406575521,33.57791646321615,109.18152872721355,0.10918152872721355,0.10918152872721355
3200409,3200409,G32000409,3200409,32,Nevada,Clark County (Central)--Paradise (Northwest) & Winchester PUMA,9.106637001037598,33.482872009277344,115.05775451660156,0.11505775451660157,0.11505775451660157
3200406,3200406,G32000406,3200406,32,Nevada,Las Vegas City (South Central) PUMA,8.753322177463108,32.905554877387154,116.30391438802083,0.11630391438802083,0.11630391438802083
3500200,3500200,G35000200,3500200,35,New Mexico,"San Juan County (Northeast)--Farmington, Bloomfield & Aztec Cities PUMA",-1.3066123928792677,23.381560607103523,283.1094266244493,0.2831094266244493,0.2831094266244493
3800100,3800100,G38000100,3800100,38,North Dakota,West North Dakota--Minot City PUMA,-10.959333451394944,20.54660799912816,440.7831734960767,0.4407831734960767,0.4407831734960767
3800200,3800200,G38000200,3800200,38,North Dakota,East Central North Dakota--Jamestown City PUMA,-13.259991935483871,20.471048387096776,530.5923225806451,0.5305923225806451,0.5305923225806451
3800300,3800300,G38000300,3800300,38,North Dakota,South Central North Dakota--Bismarck City PUMA,-11.452973277589395,20.970479153822442,498.3042540073983,0.4983042540073983,0.4983042540073983
3800400,3800400,G38000400,3800400,38,North Dakota,Northeast North Dakota--Grand Forks City PUMA,-14.645373233215548,19.918833738221437,546.766968492344,0.546766968492344,0.546766968492344
3800500,3800500,G38000500,3800500,38,North Dakota,Cass County--Fargo City PUMA,-13.320513314260563,21.1300478653169,591.8764964788733,0.5918764964788733,0.5918764964788733
4000100,4000100,G40000100,4000100,40,Oklahoma,Northeast Oklahoma PUMA,2.060988221299475,26.847227130452342,1135.5553311793215,1.1355553311793214,1.1355553311793214
4001400,4001400,G40001400,4001400,40,Oklahoma,"Garfield, Kay & Noble Counties--Enid City PUMA",2.020028971009335,27.77826238082627,898.9347854872881,0.8989347854872881,0.8989347854872881
4001204,4001204,G40001204,4001204,40,Oklahoma,"Tulsa (West), Creek (Northeast) & Osage (Southeast) Counties--Tulsa City (West) PUMA",3.041483809308308,27.675193724593495,1035.087461890244,1.035087461890244,1.035087461890244
4001203,4001203,G40001203,4001203,40,Oklahoma,Tulsa County (North)--Tulsa (North) & Owasso Cities PUMA,2.678690410795666,27.739222935267858,1045.0343191964287,1.0450343191964286,1.0450343191964286
4001301,4001301,G40001301,4001301,40,Oklahoma,Rogers (Central) & Wagoner (West) Counties--Claremore City PUMA,2.7354038783482144,27.49111627072704,1081.6132015306123,1.0816132015306124,1.0816132015306124
4001201,4001201,G40001201,4001201,40,Oklahoma,Tulsa County (Central)--Tulsa City (Central) PUMA,2.9917125701904297,27.832117080688477,1057.851806640625,1.057851806640625,1.057851806640625
4001202,4001202,G40001202,4001202,40,Oklahoma,Tulsa County (Southeast)--Tulsa (Southeast) & Broken Arrow (West) Cities PUMA,3.0006933212280273,27.72199821472168,1066.7080078125,1.0667080078125,1.0667080078125
4001601,4001601,G40001601,4001601,40,Oklahoma,"Washington, Osage (North & West), Pawnee & Creek (Northwest) Counties PUMA",2.1523261248746657,27.262679645721924,999.5965909090909,0.9995965909090909,0.9995965909090909
4100100,4100100,G41000100,4100100,41,Oregon,"Umatilla, Union, Baker & Wallowa Counties PUMA",-1.5364203301291568,19.192133684679334,625.4889548693586,0.6254889548693586,0.6254889548693586
4600400,4600400,G46000400,4600400,46,South Dakota,Jackrabbit Region PUMA,-8.615171432495117,22.93874740600586,627.8204345703125,0.6278204345703124,0.6278204345703124
4600300,4600300,G46000300,4600300,46,South Dakota,Northeast South Dakota PUMA,-10.849302157473309,21.83082462188612,575.5532918149466,0.5755532918149466,0.5755532918149466
4600200,4600200,G46000200,4600200,46,South Dakota,Lakota Region PUMA,-6.4202367026355995,23.27459087328113,513.0086420932009,0.513008642093201,0.513008642093201
4600100,4600100,G46000100,4600100,46,South Dakota,West South Dakota--Rapid City PUMA,-5.928565989440835,21.949695675872093,468.0027787277702,0.4680027787277702,0.4680027787277702
4600500,4600500,G46000500,4600500,46,South Dakota,Southeast South Dakota (Outside Sioux Falls City) PUMA,-8.147840637789905,23.011377685879946,703.7551159618008,0.7037551159618008,0.7037551159618008
4600600,4600600,G46000600,4600600,46,South Dakota,Sioux Falls City PUMA,-8.906332397460938,22.69529052734375,719.358984375,0.719358984375,0.719358984375
4700400,4700400,G47000400,4700400,47,Tennessee,"Robertson, Dickson, Cheatham & Hickman Counties PUMA",2.777059276201572,25.462053979349417,1364.1186951754387,1.3641186951754387,1.3641186951754387
4700200,4700200,G47000200,4700200,47,Tennessee,"Land Between the Lakes--Weakley, Henry, Carroll, Humphreys, Benton & Houston Counties PUMA",2.829218062143477,25.958418588789684,1398.1458333333333,1.3981458333333332,1.3981458333333332
4700100,4700100,G47000100,4700100,47,Tennessee,"Northwest Tennessee--Gibson, Dyer, Obion, Crockett & Lake Counties PUMA",2.8081912741420756,26.502896012931036,1345.9086538461538,1.3459086538461538,1.3459086538461538
4700300,4700300,G47000300,4700300,47,Tennessee,Montgomery & Stewart Counties--Clarksville City PUMA,2.525810452455974,25.89410231785221,1352.4444924033148,1.3524444924033148,1.3524444924033148
4702600,4702600,G47002600,4702600,47,Tennessee,Williamson County--Franklin & Brentwood Cities PUMA,3.0614613124302457,25.599801199776785,1372.4888392857142,1.3724888392857142,1.3724888392857142
4702504,4702504,G47002504,4702504,47,Tennessee,Nashville-Davidson (Southeast) PUMA,3.115519905090332,26.042379760742186,1336.7052734375,1.3367052734375,1.3367052734375
4702503,4702503,G47002503,4702503,47,Tennessee,Nashville-Davidson (Central) PUMA,3.2526334126790366,26.2496337890625,1339.4022135416667,1.3394022135416668,1.3394022135416668
4702505,4702505,G47002505,4702505,47,Tennessee,Nashville-Davidson (Southwest) PUMA,3.0049294864430145,25.7974458582261,1341.7120863970588,1.3417120863970589,1.3417120863970589
4702502,4702502,G47002502,4702502,47,Tennessee,Nashville-Davidson (North) PUMA,2.8432019551595054,25.89423116048177,1334.0764973958333,1.3340764973958332,1.3340764973958332
4913001,4913001,G49013001,4913001,49,Utah,Southeast Utah & Uintah Basin Region PUMA,-3.2361270102747377,22.66145018985928,334.32700469064105,0.334327004690641,0.334327004690641
4921001,4921001,G49021001,4921001,49,Utah,Southwest & South Central Utah (Outside Washington County)--Cedar City PUMA,-1.7335134721278866,22.58967470405589,337.78990393945276,0.33778990393945274,0.33778990393945274
4905001,4905001,G49005001,4905001,49,Utah,"Cache, Summit, Morgan & Rich Counties PUMA",-5.598901978929385,17.780609339407746,641.6353929384966,0.6416353929384966,0.6416353929384966
4953001,4953001,G49053001,4953001,49,Utah,Washington County--St. George City PUMA,2.5563155979786103,25.30002038455704,390.33153822815535,0.39033153822815536,0.39033153822815536
4903001,4903001,G49003001,4903001,49,Utah,Tooele & Box Elder Counties PUMA,-2.621705090618337,24.23590751599147,310.0515991471215,0.31005159914712155,0.31005159914712155
4911001,4911001,G49011001,4911001,49,Utah,"Davis County (North)--Layton, Clearfield, Kaysville, Syracuse & Clinton Cities PUMA",-1.4794574313693576,25.47509991681134,470.47815393518516,0.47047815393518516,0.47047815393518516
4911002,4911002,G49011002,4911002,49,Utah,"Davis County (South)--Bountiful, Farmington & North Salt Lake Cities PUMA",-2.2405060276840674,22.813010475852273,718.5872395833334,0.7185872395833334,0.7185872395833334
4949004,4949004,G49049004,4949004,49,Utah,"Utah County (East)--Spanish Fork, Springville, Lehi (Northeast) & Highland Cities PUMA",-3.7848686952471233,19.74576482413703,634.918410041841,0.6349184100418409,0.6349184100418409
4949001,4949001,G49049001,4949001,49,Utah,"Utah County (West)--Saratoga Springs, Payson & Lehi (Southwest) Cities PUMA",-1.8574976487593218,23.44967928799716,414.76864346590907,0.4147686434659091,0.4147686434659091
4949002,4949002,G49049002,4949002,49,Utah,"Utah County (Central)--Orem, Pleasant Grove, American Fork & Lindon Cities PUMA",-1.3826420432642887,24.1625044973273,446.4332339638158,0.4464332339638158,0.4464332339638158
4949003,4949003,G49049003,4949003,49,Utah,Utah County (Central)--Provo City PUMA,-1.6211822734159582,23.652329388786764,519.9964384191177,0.5199964384191177,0.5199964384191177
4957001,4957001,G49057001,4957001,49,Utah,"Weber County (West)--Roy, North Ogden, Ogden (Northwest) & West Haven Cities PUMA",-2.138807773590088,24.712890625,466.25152587890625,0.4662515258789062,0.4662515258789062
4957002,4957002,G49057002,4957002,49,Utah,Weber County (East)--Ogden (Southeast) & South Ogden Cities PUMA,-4.264497603493175,19.846818595096984,805.7244971264367,0.8057244971264368,0.8057244971264368
4935004,4935004,G49035004,4935004,49,Utah,"Salt Lake County--West Valley City (East), Taylorsville & Murray (West) Cities PUMA",-0.6952363794500177,26.355973677201703,414.4202325994318,0.41442023259943184,0.41442023259943184
4935007,4935007,G49035007,4935007,49,Utah,"Salt Lake County--West Jordan (East), South Jordan (East) & Riverton Cities PUMA",-0.7040070806230817,25.68546404157366,443.37649972098217,0.44337649972098214,0.44337649972098214
4935003,4935003,G49035003,4935003,49,Utah,"Salt Lake County--West Valley City (Central), Salt Lake City (South Central) & Kearns PUMA",-0.6678875088691711,26.116548538208008,437.8609619140625,0.4378609619140625,0.4378609619140625
4935009,4935009,G49035009,4935009,49,Utah,Salt Lake County (South & East Central)--Draper (Northwest) & Sandy (South) Cities PUMA,-1.3678748607635498,24.076778411865234,571.8397827148438,0.5718397827148437,0.5718397827148437
4935005,4935005,G49035005,4935005,49,Utah,"Salt Lake County (East Central)--Murray (East), Holladay Cities & Millcreek PUMA",-2.6452000266627262,21.66846345600329,721.7490748355264,0.7217490748355263,0.7217490748355263
4935002,4935002,G49035002,4935002,49,Utah,Salt Lake County (Northeast)--Salt Lake City (East) PUMA,-2.79892828525641,21.355377979767628,738.7572115384615,0.7387572115384615,0.7387572115384615
4935001,4935001,G49035001,4935001,49,Utah,"Salt Lake County (Northwest)--Salt Lake City (West), West Valley City (West) & Magna PUMA",-1.1047907228823062,25.47620307074653,463.9458912037037,0.4639458912037037,0.4639458912037037
4935006,4935006,G49035006,4935006,49,Utah,"Salt Lake County--West Jordan (West), Herriman & South Jordan (West) Cities PUMA",-1.5727207578461746,23.520901384024786,531.2878502155172,0.5312878502155172,0.5312878502155172
4935008,4935008,G49035008,4935008,49,Utah,"Salt Lake County (Southeast)--Sandy (North), Cottonwood Heights & Midvale Cities PUMA",-3.791806128717238,19.534412014868952,898.2026839717741,0.8982026839717742,0.8982026839717742
5310703,5310703,G53010703,5310703,53,Washington,"Walla Walla, Benton (Outer) & Franklin (Outer) Counties PUMA",0.8291072868691002,22.575712735992692,288.6689631546894,0.2886689631546894,0.2886689631546894
5310701,5310701,G53010701,5310701,53,Washington,"Benton & Franklin Counties--Pasco, Richland (North) & West Richland Cities PUMA",1.3857860565185547,23.75933159722222,202.96695963541666,0.20296695963541667,0.20296695963541667
5310901,5310901,G53010901,5310901,53,Washington,Yakima County (Central)--Greater Yakima City PUMA,-0.45752002716064455,21.71215576171875,233.88337890625,0.23388337890625,0.23388337890625
5310702,5310702,G53010702,5310702,53,Washington,Benton County (East Central)--Kennewick & Richland (South) Cities PUMA,1.22974853515625,23.319810267857143,216.09803292410714,0.21609803292410715,0.21609803292410715
5310504,5310504,G53010504,5310504,53,Washington,Spokane County (Outer)--Cheney City PUMA,-1.5965551403985507,19.832792685688407,533.9572463768116,0.5339572463768115,0.5339572463768115
5310503,5310503,G53010503,5310503,53,Washington,Spokane County (East Central)--Greater Spokane Valley City PUMA,-1.304268717765808,20.142269134521484,552.2056274414062,0.5522056274414062,0.5522056274414062
5310502,5310502,G53010502,5310502,53,Washington,Spokane County (South Central)--Spokane City (South) PUMA,-1.3740392412458147,20.433927263532365,467.25449916294644,0.4672544991629464,0.4672544991629464
5310501,5310501,G53010501,5310501,53,Washington,Spokane County (North Central)--Spokane City (North) PUMA,-0.8979705922743854,20.7331937902114,449.19163602941177,0.44919163602941176,0.44919163602941176
5310600,5310600,G53010600,5310600,53,Washington,"Whitman, Asotin, Adams, Lincoln, Columbia & Garfield Counties PUMA",-0.5725878861288559,20.755313842848373,421.3298802946593,0.4213298802946593,0.4213298802946593
5550000,5550000,G55050000,5550000,55,Wisconsin,Walworth County PUMA,-6.375166933760684,22.080526759481838,936.7190170940171,0.9367190170940171,0.9367190170940171
5501300,5501300,G55001300,5501300,55,Wisconsin,"Marinette, Oconto, Door & Florence Counties PUMA",-9.006139659348813,19.912390341305866,802.990695224719,0.802990695224719,0.802990695224719
5501400,5501400,G55001400,5501400,55,Wisconsin,East Central Wisconsin PUMA,-8.722174597002262,21.06152785633484,854.2723416289592,0.8542723416289593,0.8542723416289593
5500600,5500600,G55000600,5500600,55,Wisconsin,"Oneida, Lincoln, Vilas, Langlade & Forest Counties PUMA",-11.002190024165785,19.05982272907839,825.8740730932203,0.8258740730932204,0.8258740730932204
5501500,5501500,G55001500,5501500,55,Wisconsin,Outagamie County PUMA,-8.132158551897321,21.432584247891864,839.6814856150794,0.8396814856150794,0.8396814856150794
5501001,5501001,G55001001,5501001,55,Wisconsin,Dodge & Jefferson Counties PUMA,-7.381735777243589,21.807384672619047,907.4010989010989,0.9074010989010989,0.9074010989010989
5530000,5530000,G55030000,5530000,55,Wisconsin,Racine County PUMA,-5.930580913156703,22.048384072124094,902.3665081521739,0.9023665081521739,0.9023665081521739
5501601,5501601,G55001601,5501601,55,Wisconsin,"Central Sands--Wood, Portage, Juneau & Adams Counties PUMA",-9.00602269091297,21.1988787862628,876.570819112628,0.876570819112628,0.876570819112628
5555103,5555103,G55055103,5555103,55,Wisconsin,Eau Claire & Chippewa (South) Counties PUMA,-10.206080878831418,21.133186661877396,846.4760536398468,0.8464760536398468,0.8464760536398468
5500700,5500700,G55000700,5500700,55,Wisconsin,West Central Wisconsin--Northern Mississippi Region PUMA,-9.163510931587039,21.55104918105487,915.2738292336802,0.9152738292336802,0.9152738292336802
5510000,5510000,G55010000,5510000,55,Wisconsin,Kenosha County PUMA,-5.8141061106035785,22.085065287928426,918.6743951612904,0.9186743951612903,0.9186743951612903
5501600,5501600,G55001600,5501600,55,Wisconsin,Marathon County PUMA,-10.226248076467803,20.200639204545453,840.7265151515152,0.8407265151515152,0.8407265151515152
5555101,5555101,G55055101,5555101,55,Wisconsin,"Barron, Polk, Clark & Chippewa (North) Counties PUMA",-10.63163403821481,20.726049876282993,843.7196664222874,0.8437196664222875,0.8437196664222875
5500101,5500101,G55000101,5500101,55,Wisconsin,Madison City (Central) PUMA,-7.368431091308594,22.08942119891827,968.8659104567307,0.9688659104567308,0.9688659104567308
5500102,5500102,G55000102,5500102,55,Wisconsin,Dane County (East) PUMA,-7.335130479600695,22.083882649739582,949.7916666666666,0.9497916666666666,0.9497916666666666
5500103,5500103,G55000103,5500103,55,Wisconsin,Dane County (West) PUMA,-7.484929051892511,22.01063274515086,960.653286637931,0.960653286637931,0.960653286637931
5500900,5500900,G55000900,5500900,55,Wisconsin,La Crosse County PUMA,-8.518801653826678,22.11999737774884,925.9501591435185,0.9259501591435185,0.9259501591435185
5500100,5500100,G55000100,5500100,55,Wisconsin,Northwest Wisconsin PUMA,-11.253032802795031,19.55021761526517,843.4529679272379,0.8434529679272379,0.8434529679272379
5540701,5540701,G55040701,5540701,55,Wisconsin,Milwaukee County (West) PUMA,-5.915480840773809,22.299175444103422,897.0505952380952,0.8970505952380952,0.8970505952380952
5541002,5541002,G55041002,5541002,55,Wisconsin,Milwaukee City (North Central) PUMA,-5.472266727023655,22.386276245117188,877.2618815104166,0.8772618815104166,0.8772618815104166
5541003,5541003,G55041003,5541003,55,Wisconsin,Milwaukee City (Central) PUMA,-5.1678570338657925,22.25752694266183,872.4786551339286,0.8724786551339285,0.8724786551339285
5541004,5541004,G55041004,5541004,55,Wisconsin,Milwaukee City (South Central) PUMA,-5.443256923130581,22.398555210658483,891.1107700892857,0.8911107700892856,0.8911107700892856
5541001,5541001,G55041001,5541001,55,Wisconsin,Milwaukee City (North) PUMA,-5.909622779259315,22.19116915189303,879.3811598557693,0.8793811598557693,0.8793811598557693
5541005,5541005,G55041005,5541005,55,Wisconsin,Milwaukee City (South) PUMA,-5.424939473470052,22.33040771484375,894.4080729166667,0.8944080729166667,0.8944080729166667
5540101,5540101,G55040101,5540101,55,Wisconsin,Milwaukee County (Northeast) PUMA,-5.256779479980469,22.134379069010418,872.9049479166666,0.8729049479166666,0.8729049479166666
5540301,5540301,G55040301,5540301,55,Wisconsin,Milwaukee County (South) PUMA,-5.602366765340169,22.22577667236328,899.48486328125,0.89948486328125,0.89948486328125
5501401,5501401,G55001401,5501401,55,Wisconsin,Fond du Lac & Calumet Counties PUMA,-7.782213988733906,21.534456310354077,837.6715396995709,0.8376715396995709,0.8376715396995709
5502400,5502400,G55002400,5502400,55,Wisconsin,Rock County PUMA,-6.788569697627315,22.250025318287037,948.9480324074074,0.9489480324074073,0.9489480324074073
5520000,5520000,G55020000,5520000,55,Wisconsin,Washington & Ozaukee Counties PUMA,-6.9161529541015625,21.26199618252841,878.773496685606,0.878773496685606,0.878773496685606
5501301,5501301,G55001301,5501301,55,Wisconsin,Manitowoc & Kewaunee Counties PUMA,-7.437446238463407,20.819119626376295,810.6857189119171,0.8106857189119171,0.8106857189119171
5500800,5500800,G55000800,5500800,55,Wisconsin,"Grant, Green, Iowa, Richland & Lafayette Counties PUMA",-7.646996577809798,22.080514341678676,961.6648955331412,0.9616648955331413,0.9616648955331413
5555102,5555102,G55055102,5555102,55,Wisconsin,St. Croix & Dunn Counties PUMA,-10.219776500355113,21.32393339082792,861.1792816558442,0.8611792816558442,0.8611792816558442
5500200,5500200,G55000200,5500200,55,Wisconsin,Green Bay City PUMA,-7.838894798642113,20.799114408947172,815.8774181547619,0.8158774181547619,0.8158774181547619
5500300,5500300,G55000300,5500300,55,Wisconsin,Outer Green Bay City PUMA,-7.9236201916710804,21.050971596927965,813.3982388771186,0.8133982388771186,0.8133982388771186
5502500,5502500,G55002500,5502500,55,Wisconsin,Sheboygan County PUMA,-6.927921035914745,21.188123388197816,845.7930066747573,0.8457930066747573,0.8457930066747573
5501000,5501000,G55001000,5501000,55,Wisconsin,Sauk & Columbia Counties PUMA,-7.851911956188726,21.741739111008986,942.5556576797386,0.9425556576797386,0.9425556576797386
5501501,5501501,G55001501,5501501,55,Wisconsin,Winnebago County PUMA,-7.802097574869792,21.806111653645832,836.7837239583333,0.8367837239583333,0.8367837239583333
5570301,5570301,G55070301,5570301,55,Wisconsin,Waukesha County (Central) PUMA,-6.834863999310662,21.647144990808822,900.2836626838235,0.9002836626838235,0.9002836626838235
5570101,5570101,G55070101,5570101,55,Wisconsin,Waukesha County (West) PUMA,-6.889311179136619,21.78923778044872,913.2710336538462,0.9132710336538462,0.9132710336538462
5570201,5570201,G55070201,5570201,55,Wisconsin,Waukesha County (East) PUMA,-6.498433430989583,21.89437527126736,896.4776475694445,0.8964776475694445,0.8964776475694445
5600100,5600100,G56000100,5600100,56,Wyoming,"Sheridan, Park, Teton, Lincoln & Big Horn Counties PUMA",-7.1627875,16.797290625,582.913,0.582913,0.582913
5600200,5600200,G56000200,5600200,56,Wyoming,"Campbell, Goshen, Platte, Johnson, Washakie, Weston, Crook & Niobrara Counties PUMA",-4.35502856243935,21.376040529475983,401.91521106259097,0.401915211062591,0.401915211062591
5600400,5600400,G56000400,5600400,56,Wyoming,"Natrona, Carbon & Converse Counties PUMA",-5.0445950559779,19.807125498504487,384.6274094383516,0.3846274094383516,0.3846274094383516
5600300,5600300,G56000300,5600300,56,Wyoming,Laramie & Albany Counties PUMA,-4.386635976976365,18.880634932762835,409.38961898940505,0.40938961898940507,0.40938961898940507
5600500,5600500,G56000500,5600500,56,Wyoming,"Sweetwater, Fremont, Uinta, Sublette & Hot Springs Counties--Wind River Reservation PUMA",-6.974043396733565,18.271090390129018,347.18116424329304,0.34718116424329304,0.34718116424329304
0900102,900102,G09000102,0900102,09,Connecticut,Stamford & Greenwich Towns PUMA,-0.8477838897705078,23.7812841796875,1259.42609375,1.2594260937500001,1.2594260937500001
0900101,900101,G09000101,0900101,09,Connecticut,"Fairfield, New Canaan, Wilton, Weston & Easton Towns PUMA",-1.6666221618652344,23.281463623046875,1284.2490234375,1.2842490234375,1.2842490234375
0900100,900100,G09000100,0900100,09,Connecticut,"Danbury, Ridgefield, Bethel, Brookfield, New Fairfield, Redding & Sherman Towns PUMA",-2.9533419799804688,22.501044921875,1291.336484375,1.2913364843750001,1.2913364843750001
0900103,900103,G09000103,0900103,09,Connecticut,"Norwalk, Westport & Darien Towns PUMA",-0.6461714789980934,23.83336675734747,1250.245349702381,1.2502453497023809,1.2502453497023809
0900105,900105,G09000105,0900105,09,Connecticut,"Stratford, Shelton, Trumbull, Newtown & Monroe Towns PUMA",-2.145442780994234,22.961251395089285,1301.3861607142858,1.3013861607142858,1.3013861607142858
0900104,900104,G09000104,0900104,09,Connecticut,Bridgeport Town PUMA,-0.8928332858615451,23.58304172092014,1259.1494140625,1.2591494140625,1.2591494140625
0900300,900300,G09000300,0900300,09,Connecticut,Hartford County (North) PUMA,-3.5347218232996322,22.620054357192096,1258.6176470588234,1.2586176470588235,1.2586176470588235
0900303,900303,G09000303,0900303,09,Connecticut,"West Hartford, Farmington, Simsbury, Bloomfield, Avon & Canton Towns PUMA",-3.1451025009155273,22.74791564941406,1310.55810546875,1.31055810546875,1.31055810546875
0900304,900304,G09000304,0900304,09,Connecticut,"Bristol, Southington & Burlington Towns PUMA",-3.093653542654855,22.478674752371653,1333.5343191964287,1.3335343191964286,1.3335343191964286
0900302,900302,G09000302,0900302,09,Connecticut,Hartford Town PUMA,-2.3610997200012207,23.424211502075195,1259.7373046875,1.2597373046875,1.2597373046875
0900301,900301,G09000301,0900301,09,Connecticut,Manchester & East Hartford Towns PUMA,-2.6190118228687957,22.9586576573989,1220.5011488970588,1.2205011488970587,1.2205011488970587
0900306,900306,G09000306,0900306,09,Connecticut,"Glastonbury, Newington, Wethersfield, Rocky Hill & Marlborough Towns PUMA",-2.5784001069910385,22.75128173828125,1264.8260569852941,1.264826056985294,1.264826056985294
0900305,900305,G09000305,0900305,09,Connecticut,"New Britain, Berlin & Plainville Towns PUMA",-2.468257703279194,23.04660997892681,1297.994449013158,1.2979944490131579,1.2979944490131579
0900700,900700,G09000700,0900700,09,Connecticut,Middlesex County PUMA,-1.9862669164484197,22.767006613991477,1306.2514204545455,1.3062514204545455,1.3062514204545455
0900500,900500,G09000500,0900500,09,Connecticut,Litchfield County PUMA,-4.268949425738791,21.508762525475543,1294.7697860054348,1.2947697860054348,1.2947697860054348
0901300,901300,G09001300,0901300,09,Connecticut,Tolland County PUMA,-3.2879021827210773,21.93809736535904,1256.715425531915,1.2567154255319148,1.2567154255319148
0901500,901500,G09001500,0901500,09,Connecticut,Windham County PUMA,-2.9805990683065877,21.97658229518581,1269.7835022522522,1.2697835022522521,1.2697835022522521
0901100,901100,G09001100,0901100,09,Connecticut,New London County (North) PUMA,-2.2386509704589845,22.48185546875,1281.638984375,1.281638984375,1.281638984375
0901101,901101,G09001101,0901101,09,Connecticut,New London County (South) PUMA,-1.0853535107203893,22.537100655691965,1253.1595982142858,1.2531595982142858,1.2531595982142858
0900903,900903,G09000903,0900903,09,Connecticut,"Hamden, Ansonia, Seymour, Derby, Woodbridge & Bethany Towns PUMA",-2.1586355393932712,22.96783644153226,1316.0066784274193,1.3160066784274194,1.3160066784274194
0900902,900902,G09000902,0900902,09,Connecticut,"Meriden, Wallingford & North Haven Towns PUMA",-2.144533316294352,23.074234008789062,1295.5922037760417,1.2955922037760417,1.2955922037760417
0900901,900901,G09000901,0900901,09,Connecticut,Waterbury Town PUMA,-3.1037333806355796,22.296783447265625,1346.185546875,1.346185546875,1.346185546875
0900900,900900,G09000900,0900900,09,Connecticut,New Haven County (Northwest) PUMA,-2.8253921807981004,22.52652755438113,1322.2549019607843,1.3222549019607843,1.3222549019607843
0900904,900904,G09000904,0900904,09,Connecticut,"West Haven, Milford & Orange Towns PUMA",-1.044657958181281,23.49066162109375,1272.8701685855262,1.2728701685855262,1.2728701685855262
0900905,900905,G09000905,0900905,09,Connecticut,New Haven Town PUMA,-1.1192100524902344,23.451579284667968,1270.276953125,1.270276953125,1.270276953125
0900906,900906,G09000906,0900906,09,Connecticut,"East Haven, Branford, Guilford, Madison & North Branford Towns PUMA",-1.2895750045776366,23.171087646484374,1281.267578125,1.281267578125,1.281267578125
1000200,1000200,G10000200,1000200,10,Delaware,Kent County--Dover City PUMA,1.5767469323199728,25.204587720788044,1201.225,1.201225,1.201225
1000101,1000101,G10000101,1000101,10,Delaware,New Castle County (East Central)--Wilmington City PUMA,0.5944817716425116,25.12849842418324,1220.4572088068182,1.2204572088068182,1.2204572088068182
1000104,1000104,G10000104,1000104,10,Delaware,"New Castle County (South)--Middletown Town, Bear & Glasgow PUMA",0.9355031847953796,25.108749389648438,1202.7698974609375,1.2027698974609375,1.2027698974609375
1000102,1000102,G10000102,1000102,10,Delaware,New Castle County (North)--Hockessin PUMA,0.24488147099812826,24.8060144495081,1227.6945891203704,1.2276945891203703,1.2276945891203703
1000103,1000103,G10000103,1000103,10,Delaware,New Castle County (West Central)--Newark City & Brookside PUMA,0.4603825859401537,24.95656154466712,1218.6467391304348,1.2186467391304348,1.2186467391304348
1000300,1000300,G10000300,1000300,10,Delaware,Sussex County PUMA,2.335912407769097,25.440587022569446,1201.0114583333334,1.2010114583333333,1.2010114583333333
1100105,1100105,G11000105,1100105,11,District of Columbia,District of Columbia (Central) PUMA,2.1276199340820314,26.318280029296876,1156.951953125,1.156951953125,1.156951953125
1100104,1100104,G11000104,1100104,11,District of Columbia,District of Columbia (East) PUMA,2.079209899902344,26.251589965820312,1151.7591796875,1.1517591796875,1.1517591796875
1100103,1100103,G11000103,1100103,11,District of Columbia,District of Columbia (Northeast) PUMA,1.9533832867940266,26.16039784749349,1157.5997721354167,1.1575997721354168,1.1575997721354168
1100102,1100102,G11000102,1100102,11,District of Columbia,District of Columbia (North) PUMA,1.6516332626342773,25.849899291992188,1166.5508626302083,1.1665508626302084,1.1665508626302084
1100101,1100101,G11000101,1100101,11,District of Columbia,District of Columbia (West) PUMA,1.769955529106988,25.92612033420139,1168.794704861111,1.1687947048611111,1.1687947048611111
1802000,1802000,G18002000,1802000,18,Indiana,Delaware County--Muncie City PUMA,-3.2693458557128907,23.051089477539062,1067.0505859375,1.0670505859375001,1.0670505859375001
1802500,1802500,G18002500,1802500,18,Indiana,Hancock & Shelby Counties PUMA,-2.3789155921157525,23.579505141900512,1138.0646258503402,1.1380646258503402,1.1380646258503402
1801900,1801900,G18001900,1801900,18,Indiana,Madison County--Anderson City PUMA,-3.0967011885209517,23.17421930486506,1087.857421875,1.087857421875,1.087857421875
1802600,1802600,G18002600,1802600,18,Indiana,"Wayne, Fayette, Rush & Union Counties PUMA",-2.720421669042506,22.983484060278435,1122.0970082938388,1.1220970082938388,1.1220970082938388
1801001,1801001,G18001001,1801001,18,Indiana,Allen County (Central)--Fort Wayne City (South) PUMA,-3.7852249145507812,23.072419738769533,987.1099609375,0.9871099609375,0.9871099609375
1801002,1801002,G18001002,1801002,18,Indiana,Allen County (Central)--Fort Wayne City (North) PUMA,-3.860438802967901,23.01178509256114,979.2618036684783,0.9792618036684783,0.9792618036684783
1801003,1801003,G18001003,1801003,18,Indiana,Allen County (Outside Fort Wayne City) PUMA,-3.884199175918311,22.99886496025219,977.5126781798245,0.9775126781798246,0.9775126781798246
1803600,1803600,G18003600,1803600,18,Indiana,Clark County--Jeffersonville City PUMA,0.43042768915015533,24.94727444935994,1272.3915662650602,1.2723915662650602,1.2723915662650602
1803100,1803100,G18003100,1803100,18,Indiana,"Dearborn, Franklin, Ripley, Switzerland & Ohio Counties PUMA",-1.2319616061538012,23.770469551655783,1180.266791044776,1.180266791044776,1.180266791044776
1800900,1800900,G18000900,1800900,18,Indiana,"Huntington, Whitley, Adams & Wells Counties PUMA",-3.7645621870475385,23.027126945583976,1010.198178088803,1.010198178088803,1.010198178088803
1803000,1803000,G18003000,1803000,18,Indiana,"Jefferson, Jennings, Decatur & Scott Counties PUMA",-0.9681919274953851,23.89259872758439,1220.149920886076,1.220149920886076,1.220149920886076
1801500,1801500,G18001500,1801500,18,Indiana,"Henry, Randolph, Jay & Blackford Counties PUMA",-3.3764314720098922,22.86033399842626,1063.2387589928057,1.0632387589928058,1.0632387589928058
1800600,1800600,G18000600,1800600,18,Indiana,"Noble, DeKalb, LaGrange & Steuben Counties PUMA",-4.3548126759882955,22.484713173586574,958.297703180212,0.958297703180212,0.958297703180212
2100600,2100600,G21000600,2100600,21,Kentucky,Lake Cumberland Area Development District (West) PUMA,1.749163632465498,24.670028454156093,1358.1657677664975,1.3581657677664976,1.3581657677664976
2101100,2101100,G21001100,2101100,21,Kentucky,Big Sandy Area Development District PUMA,1.1950545110622375,23.949577096463585,1228.1992296918768,1.2281992296918767,1.2281992296918767
2100700,2100700,G21000700,2100700,21,Kentucky,Lake Cumberland Area Development District (East) PUMA,1.7127625356496,24.230735699610726,1366.631704152249,1.366631704152249,1.366631704152249
2102000,2102000,G21002000,2102000,21,Kentucky,Bluegrass Area Development District (West) PUMA,0.4739078868519176,24.569226444128788,1275.1273674242425,1.2751273674242425,1.2751273674242425
2101200,2101200,G21001200,2101200,21,Kentucky,Lincoln Trail Area Development District (East) PUMA,1.182943822638306,24.775570064045937,1304.5212014134277,1.3045212014134278,1.3045212014134278
2100900,2100900,G21000900,2100900,21,Kentucky,Cumberland Valley Area Development District (South) PUMA,1.7014349168346774,23.57227507560484,1380.6975806451612,1.3806975806451611,1.3806975806451611
2101000,2101000,G21001000,2101000,21,Kentucky,Kentucky River Area Development District PUMA,1.2805997614274944,23.66922586006031,1284.0512609649122,1.2840512609649122,1.2840512609649122
2102800,2102800,G21002800,2102800,21,Kentucky,FIVCO Area Development District PUMA,0.24853027758955146,23.906618702168366,1187.404974489796,1.1874049744897959,1.1874049744897959
2101800,2101800,G21001800,2101800,21,Kentucky,KIPDA Area Development District (Northeast) PUMA,-0.010125448012493066,24.54918061205621,1271.4147559171597,1.2714147559171598,1.2714147559171598
2102300,2102300,G21002300,2102300,21,Kentucky,Bluegrass Area Development District (Northeast) PUMA,0.19238167682676824,24.35085430582061,1248.425572519084,1.248425572519084,1.248425572519084
2102700,2102700,G21002700,2102700,21,Kentucky,Buffalo Trace & Gateway Area Development Districts PUMA,0.1694033632184019,24.11855855507426,1242.2200495049506,1.2422200495049505,1.2422200495049505
2100800,2100800,G21000800,2100800,21,Kentucky,Cumberland Valley Area Development District (North) PUMA,1.2748383721944803,23.954789518900345,1332.3654424398626,1.3323654424398625,1.3323654424398625
2102600,2102600,G21002600,2102600,21,Kentucky,Northern Kentucky Area Development District (Southeast) PUMA,-0.12629960477352142,24.459440231323242,1205.926025390625,1.205926025390625,1.205926025390625
2101600,2101600,G21001600,2101600,21,Kentucky,KIPDA Area Development District (Southeast) PUMA,0.8444028200803103,25.11714652534965,1275.7932692307693,1.2757932692307692,1.2757932692307692
2102100,2102100,G21002100,2102100,21,Kentucky,Bluegrass Area Development District (South) PUMA,1.0609671698676215,24.41889105902778,1304.7094618055555,1.3047094618055555,1.3047094618055555
2102500,2102500,G21002500,2102500,21,Kentucky,Northern Kentucky Area Development District (Northwest)--Boone County PUMA,-0.49391549209068564,24.438910122575432,1179.586880387931,1.179586880387931,1.179586880387931
2102200,2102200,G21002200,2102200,21,Kentucky,Bluegrass Area Development District (Southeast) PUMA,0.7830125655250988,24.130194302262932,1280.1271551724137,1.2801271551724138,1.2801271551724138
2101901,2101901,G21001901,2101901,21,Kentucky,Bluegrass Area Development District (Central)--Lexington-Fayette County (Central) PUMA,0.4498499870300293,24.48652038574219,1276.2373046875,1.2762373046875,1.2762373046875
2101902,2101902,G21001902,2101902,21,Kentucky,Bluegrass Area Development District (Central)--Lexington-Fayette County (Outer) PUMA,0.47933651152111234,24.448916480654763,1272.2030009920634,1.2722030009920633,1.2722030009920633
2102400,2102400,G21002400,2102400,21,Kentucky,Northern Kentucky Area Development District (North Central)--Kenton County PUMA,-0.46046582663931496,24.495446181878812,1176.9565548780488,1.1769565548780487,1.1769565548780487
2101704,2101704,G21001704,2101704,21,Kentucky,KIPDA Area Development District (West)--Louisville/Jefferson County (Southeast) PUMA,0.881953511919294,25.288467407226562,1280.189453125,1.280189453125,1.280189453125
2101705,2101705,G21001705,2101705,21,Kentucky,KIPDA Area Development District (West)--Louisville/Jefferson County (South Central) PUMA,1.2481374740600586,25.6068115234375,1268.933837890625,1.268933837890625,1.268933837890625
2101703,2101703,G21001703,2101703,21,Kentucky,KIPDA Area Development District (West)--Louisville/Jefferson County (Northeast) PUMA,0.8251700401306152,25.31122283935547,1288.32841796875,1.28832841796875,1.28832841796875
2101702,2101702,G21001702,2101702,21,Kentucky,KIPDA Area Development District (West)--Louisville/Jefferson County (North Central) PUMA,1.3420999844868977,25.8282470703125,1258.85791015625,1.25885791015625,1.25885791015625
2101701,2101701,G21001701,2101701,21,Kentucky,KIPDA Area Development District (West)--Louisville/Jefferson County (Northwest) PUMA,1.4820383512056792,26.018399752103367,1243.6307842548076,1.2436307842548076,1.2436307842548076
2101706,2101706,G21001706,2101706,21,Kentucky,KIPDA Area Development District (West)--Louisville/Jefferson County (Southwest) PUMA,1.3355172255943561,25.71721359779095,1247.4929956896551,1.2474929956896552,1.2474929956896552
2300500,2300500,G23000500,2300500,23,Maine,"Coastal Maine Region--Hancock, Knox, Waldo & Lincoln Counties PUMA",-6.236661962059002,19.43906345042579,1235.4629742962056,1.2354629742962056,1.2354629742962056
2300400,2300400,G23000400,2300400,23,Maine,Kennebec County PUMA,-7.315651745053392,20.476415279522612,1187.4267430904522,1.1874267430904522,1.1874267430904522
2300100,2300100,G23000100,2300100,23,Maine,Northeast Maine--Aroostook & Washington Counties PUMA,-10.601759383378017,18.699400971849865,1154.6649678111587,1.1546649678111587,1.1546649678111587
2300200,2300200,G23000200,2300200,23,Maine,"Northwest Maine--Oxford, Somerset, Franklin & Piscataquis Counties PUMA",-10.592152222161333,18.566882329570365,1190.2270933800964,1.1902270933800965,1.1902270933800965
2300700,2300700,G23000700,2300700,23,Maine,Sagadahoc & Cumberland (North) Counties--Bath City & Brunswick PUMA,-5.9764182350852275,20.373928740530303,1252.155487804878,1.252155487804878,1.252155487804878
2301000,2301000,G23001000,2301000,23,Maine,"Cumberland County (Southeast)--Portland, South Portland & Westbrook Cities PUMA",-4.891383666992187,20.38169189453125,1254.811875,1.2548118750000001,1.2548118750000001
2300800,2300800,G23000800,2300800,23,Maine,South Maine--York (West) & Cumberland (West) Counties PUMA,-6.064615885416667,20.794337417140152,1261.1917613636363,1.2611917613636363,1.2611917613636363
2300900,2300900,G23000900,2300900,23,Maine,Cumberland (Outside Portland) & York (East) Counties--Biddeford & Saco Cities PUMA,-5.398432249663978,20.610787340389784,1258.2669690860216,1.2582669690860215,1.2582669690860215
2300600,2300600,G23000600,2300600,23,Maine,Androscoggin County PUMA,-7.043745369746767,20.53966864224138,1245.5164331896551,1.245516433189655,1.245516433189655
2300300,2300300,G23000300,2300300,23,Maine,Penobscot County PUMA,-9.366331792318634,19.693289918207682,1162.356952347084,1.162356952347084,1.162356952347084
2401500,2401500,G24001500,2401500,24,Maryland,St. Mary's & Calvert Counties PUMA,2.553203667534722,25.742854817708334,1177.4020833333334,1.1774020833333334,1.1774020833333334
2401204,2401204,G24001204,2401204,24,Maryland,"Anne Arundel County (Southeast)--Annapolis City, Parole, Annapolis Neck & Edgewater PUMA",1.7707748413085938,25.74268047626202,1185.307842548077,1.185307842548077,1.185307842548077
2401202,2401202,G24001202,2401202,24,Maryland,"Anne Arundel County (North)--Glen Burnie, Pasadena, Ferndale & Brooklyn Park PUMA",1.7863733927408854,26.11749267578125,1193.1884114583333,1.1931884114583333,1.1931884114583333
2401203,2401203,G24001203,2401203,24,Maryland,"Anne Arundel County (Central)--Severna Park, Arnold & Lake Shore PUMA",1.9763870239257812,26.10159965183424,1201.0965523097825,1.2010965523097825,1.2010965523097825
2401201,2401201,G24001201,2401201,24,Maryland,"Anne Arundel County (Northwest)--Severn, Odenton, Crofton, Maryland City & Fort Meade PUMA",1.2134869483209425,25.493516491305442,1189.1151713709678,1.1891151713709678,1.1891151713709678
2401400,2401400,G24001400,2401400,24,Maryland,"Wicomico, Worcester & Somerset Counties--Salisbury City PUMA",3.037435531616211,25.72330093383789,1185.81396484375,1.18581396484375,1.18581396484375
2400200,2400200,G24000200,2400200,24,Maryland,Washington County--Hagerstown City PUMA,-0.23747670071796306,24.057325640928397,1065.6670964805826,1.0656670964805826,1.0656670964805826
2400100,2400100,G24000100,2400100,24,Maryland,Allegany & Garrett Counties--Cumberland City PUMA,-2.376658170417165,21.460136158044257,1163.8523474880383,1.1638523474880382,1.1638523474880382
2401300,2401300,G24001300,2401300,24,Maryland,"Queen Anne's, Talbot, Caroline, Dorchester & Kent Counties PUMA",2.148214910448212,25.813803761275775,1195.5812661082475,1.1955812661082474,1.1955812661082474
2400601,2400601,G24000601,2400601,24,Maryland,"Harford County (North & West)--Bel Air Town, Fallston & Jarrettsville PUMA",0.3847514320822323,24.765716552734375,1232.1174172794117,1.2321174172794118,1.2321174172794118
2400602,2400602,G24000602,2400602,24,Maryland,Harford County (South & East)--Aberdeen & Havre de Grace Cities PUMA,1.3063618796212333,25.617579868861608,1227.475818452381,1.227475818452381,1.227475818452381
2400400,2400400,G24000400,2400400,24,Maryland,Carroll County PUMA,-0.010448942793176529,24.454618413397608,1164.7058676861702,1.1647058676861701,1.1647058676861701
2401600,2401600,G24001600,2401600,24,Maryland,Charles County--La Plata Town & Waldorf PUMA,2.112239621720224,25.655393204599058,1156.4254864386792,1.1564254864386792,1.1564254864386792
2400301,2400301,G24000301,2400301,24,Maryland,Frederick County (Outside Greater Frederick City) PUMA,-0.02322046775517501,24.32887087844488,1146.720964566929,1.1467209645669292,1.1467209645669292
2400302,2400302,G24000302,2400302,24,Maryland,Frederick County (Central)--Greater Frederick City PUMA,0.200117860521589,24.63320050920759,1138.912388392857,1.1389123883928571,1.1389123883928571
2400902,2400902,G24000902,2400902,24,Maryland,"Howard County (East)--Columbia (East), Ellicott City (Southeast) & Elkridge PUMA",0.9716908714988015,25.25516856800426,1193.949307528409,1.193949307528409,1.193949307528409
2400901,2400901,G24000901,2400901,24,Maryland,Howard County (West)--Columbia (West) & Ellicott City (Northwest) PUMA,0.5826851053440825,24.7673651512633,1179.209025930851,1.1792090259308512,1.1792090259308512
2401106,2401106,G24001106,2401106,24,Maryland,"Prince George's County (South)--Clinton, Fort Washington (South), Rosaryville & Croom PUMA",1.9179888124819156,25.7322998046875,1167.3815104166667,1.1673815104166667,1.1673815104166667
2401107,2401107,G24001107,2401107,24,Maryland,"Prince George's County (Southwest)--Oxon Hill, Hillcrest Heights & Temple Hills PUMA",1.933800037090595,26.055936373197117,1153.6159104567307,1.1536159104567307,1.1536159104567307
2401104,2401104,G24001104,2401104,24,Maryland,"Prince George's County (Central)--Seat Pleasant City, Capitol Heights Town & Landover PUMA",1.6999198913574218,25.8327392578125,1159.16728515625,1.15916728515625,1.15916728515625
2401103,2401103,G24001103,2401103,24,Maryland,Prince George's County (Northwest)--New Carrollton & Hyattsville (Southeast) Cities PUMA,1.6582220925225153,25.86144341362847,1162.3518880208333,1.1623518880208332,1.1623518880208332
2401101,2401101,G24001101,2401101,24,Maryland,Prince George's County (Northwest)--College Park City & Langley Park PUMA,1.412377781338162,25.63925509982639,1165.0694444444443,1.1650694444444443,1.1650694444444443
2401105,2401105,G24001105,2401105,24,Maryland,"Prince George's County (East)--Bowie City, Kettering, Largo, Mitchellville & Lanham PUMA",1.4752418764175907,25.563263923891128,1169.0126008064517,1.1690126008064516,1.1690126008064516
2401102,2401102,G24001102,2401102,24,Maryland,"Prince George's County (North)--Laurel, Greenbelt (North & East) Cities & Beltsville PUMA",1.128772648898038,25.344365900213067,1176.3599964488637,1.1763599964488638,1.1763599964488638
2400700,2400700,G24000700,2400700,24,Maryland,Cecil County PUMA,0.47780516208746493,24.85365491035657,1218.5106169871794,1.2185106169871796,1.2185106169871796
2400803,2400803,G24000803,2400803,24,Maryland,"Baltimore City--Frankford, Belair-Edison & Loch Raven PUMA",1.4258199691772462,25.845059204101563,1230.9404296875,1.2309404296875,1.2309404296875
2400802,2400802,G24000802,2400802,24,Maryland,"Baltimore City--Guilford, Roland Park & Druid Lake PUMA",1.2735874652862549,25.676462173461914,1219.6265869140625,1.2196265869140626,1.2196265869140626
2400801,2400801,G24000801,2400801,24,Maryland,"Baltimore City--Sandtown-Winchester, Ashburton & Mount Washington PUMA",1.1154999732971191,25.501188278198242,1208.51171875,1.20851171875,1.20851171875
2400804,2400804,G24000804,2400804,24,Maryland,"Baltimore City--Inner Harbor, Canton & Bayview PUMA",1.8066712788173132,26.207301548549108,1210.2811104910713,1.2102811104910713,1.2102811104910713
2400805,2400805,G24000805,2400805,24,Maryland,"Baltimore City--Irvington, Ten Hills & Cherry Hill PUMA",1.704316775004069,26.0972162882487,1196.8916829427083,1.1968916829427083,1.1968916829427083
2401006,2401006,G24001006,2401006,24,Maryland,"Montgomery County (East)--Fairland, Calverton, White Oak & Burtonsville PUMA",0.9923234827378217,25.193535299862134,1167.3414522058824,1.1673414522058825,1.1673414522058825
2401002,2401002,G24001002,2401002,24,Maryland,Montgomery County (West Central)--Germantown & Montgomery Village PUMA,0.6078749895095825,24.66659927368164,1159.469970703125,1.159469970703125,1.159469970703125
2401003,2401003,G24001003,2401003,24,Maryland,"Montgomery County (Central)--Rockville, Gaithersburg Cities & North Potomac PUMA",0.8883499503135681,24.9655818939209,1149.9713134765625,1.1499713134765626,1.1499713134765626
2401005,2401005,G24001005,2401005,24,Maryland,"Montgomery County (East Central)--Wheaton, Aspen Hill & Glenmont PUMA",1.0416299819946289,25.173930358886718,1158.08916015625,1.15808916015625,1.15808916015625
2401001,2401001,G24001001,2401001,24,Maryland,"Montgomery County (North & West)--Olney, Damascus, Clarksburg & Darnestown PUMA",0.6611297195022171,24.7971851245777,1155.9157516891892,1.1559157516891891,1.1559157516891891
2401004,2401004,G24001004,2401004,24,Maryland,"Montgomery County (South)--Bethesda, Potomac & North Bethesda PUMA",1.3295954790982334,25.45204578746449,1159.7375710227273,1.1597375710227273,1.1597375710227273
2401007,2401007,G24001007,2401007,24,Maryland,Montgomery County (Southeast)--Takoma Park City & Silver Spring PUMA,1.3222285679408483,25.52360098702567,1167.0921456473213,1.1670921456473213,1.1670921456473213
2400507,2400507,G24000507,2400507,24,Maryland,"Baltimore County--Catonsville, Woodlawn & Arbutus PUMA",1.1677533467610677,25.528920491536457,1197.029296875,1.197029296875,1.197029296875
2400506,2400506,G24000506,2400506,24,Maryland,"Baltimore County--Dundalk, Essex & Edgemere PUMA",1.938646023090069,26.263873760516827,1214.577899639423,1.2145778996394232,1.2145778996394232
2400505,2400505,G24000505,2400505,24,Maryland,"Baltimore County--Perry Hall, Middle River & Rosedale PUMA",1.6374250650405884,26.012699127197266,1236.130615234375,1.236130615234375,1.236130615234375
2400504,2400504,G24000504,2400504,24,Maryland,"Baltimore County--Towson (East & Central), Parkville & Carney PUMA",1.0512799263000487,25.447940063476562,1244.62939453125,1.24462939453125,1.24462939453125
2400502,2400502,G24000502,2400502,24,Maryland,"Baltimore County--Randallstown (East), Owings Mills, Milford Mill & Reisterstown PUMA",0.5113922632657565,24.89098416841947,1201.9888070913462,1.2019888070913463,1.2019888070913463
2400503,2400503,G24000503,2400503,24,Maryland,"Baltimore County--Pikesville (South), Lochearn, Cockeysville & Mays Chapel PUMA",0.8325888845655653,25.19512261284722,1224.484592013889,1.224484592013889,1.224484592013889
2400501,2400501,G24000501,2400501,24,Maryland,Baltimore County (Outer) PUMA,0.7054629516601563,25.01736328125,1219.20125,1.21920125,1.21920125
2504800,2504800,G25004800,2504800,25,Massachusetts,"Barnstable (East), Dukes & Nantucket Counties--Outer Cape Cod Towns PUMA",0.15838532347779175,21.626988977819057,1192.8710664335665,1.1928710664335664,1.1928710664335664
2504000,2504000,G25004000,2504000,25,Massachusetts,"Plymouth & Norfolk Counties--Brockton City, Stoughton & Avon Towns PUMA",-2.140976400936351,22.786953196806067,1279.9820772058824,1.2799820772058825,1.2799820772058825
2504901,2504901,G25004901,2504901,25,Massachusetts,Plymouth & Bristol Counties (Outside Brockton City) PUMA,-1.962205774643842,22.787775376263788,1291.4878216911766,1.2914878216911765,1.2914878216911765
2504902,2504902,G25004902,2504902,25,Massachusetts,Plymouth County (Central) PUMA,-1.5978422303130662,22.751415307971016,1303.6681385869565,1.3036681385869564,1.3036681385869564
2503900,2503900,G25003900,2503900,25,Massachusetts,"Weymouth Town, Braintree Town Cities, Hingham, Hull & Cohasset Towns PUMA",-1.5969777990270544,22.641325774016202,1287.9574819711538,1.287957481971154,1.287957481971154
2504301,2504301,G25004301,2504301,25,Massachusetts,Bristol (Outside New Bedford City) & Plymouth (South) Counties PUMA,-0.9015176507491099,22.603419822982595,1287.7242879746836,1.2877242879746837,1.2877242879746837
2504903,2504903,G25004903,2504903,25,Massachusetts,"Plymouth County (East)--Plymouth, Marshfield, Scituate, Duxbury & Kingston Towns PUMA",-1.1205508583470394,22.449668482730264,1294.9188596491229,1.2949188596491228,1.2949188596491228
2504700,2504700,G25004700,2504700,25,Massachusetts,Barnstable County (West)--Inner Cape Cod Towns & Barnstable Town City PUMA,-0.43678134982868777,22.07974708686441,1255.5673993644068,1.2555673993644068,1.2555673993644068
2500100,2500100,G25000100,2500100,25,Massachusetts,Berkshire County--Pittsfield City PUMA,-5.845990498860677,20.112462361653645,1297.63330078125,1.29763330078125,1.29763330078125
2500504,2500504,G25000504,2500504,25,Massachusetts,"Middlesex County (South)--Framingham Town, Marlborough City & Natick Town PUMA",-3.0234759521484373,22.60971923828125,1220.889609375,1.220889609375,1.220889609375
2503400,2503400,G25003400,2503400,25,Massachusetts,Middlesex (Southeast) & Norfolk (Northeast) Counties--Newton City & Brookline Town PUMA,-2.3768198013305666,22.90081024169922,1231.08125,1.23108125,1.23108125
2500505,2500505,G25000505,2500505,25,Massachusetts,"Middlesex County--Watertown Town City, Arlington, Belmont & Winchester Towns PUMA",-2.4990997314453125,22.83892144097222,1234.9267578125,1.2349267578125,1.2349267578125
2500503,2500503,G25000503,2500503,25,Massachusetts,"Middlesex County--Waltham City, Lexington, Burlington, Bedford & Lincoln Towns PUMA",-2.92073974609375,22.7036083984375,1221.440546875,1.221440546875,1.221440546875
2503500,2503500,G25003500,2503500,25,Massachusetts,Norfolk (Northeast) & Middlesex (Southeast) Counties (West of Boston City) PUMA,-2.6095823400160847,22.760889389935663,1227.0853630514705,1.2270853630514704,1.2270853630514704
2500506,2500506,G25000506,2500506,25,Massachusetts,Middlesex County (East)--Cambridge City PUMA,-2.078057016645159,22.979570661272323,1236.456333705357,1.2364563337053571,1.2364563337053571
2500508,2500508,G25000508,2500508,25,Massachusetts,Middlesex County (East)--Malden & Medford Cities PUMA,-2.0584998660617404,22.79953172471788,1237.8956163194443,1.2378956163194443,1.2378956163194443
2501000,2501000,G25001000,2501000,25,Massachusetts,"Peabody City, Danvers, Reading, North Reading & Lynnfield Towns PUMA",-2.552595311945135,22.502975463867188,1228.8650568181818,1.2288650568181818,1.2288650568181818
2502400,2502400,G25002400,2502400,25,Massachusetts,"Middlesex (Far Southwest), Norfolk (Northwest) & Worcester (Far East) Counties PUMA",-2.872976902553013,22.549891880580358,1237.3953125,1.2373953125000001,1.2373953125000001
2500507,2500507,G25000507,2500507,25,Massachusetts,Middlesex County (East)--Somerville & Everett Cities PUMA,-1.8485832214355469,22.973597208658855,1236.0919596354167,1.2360919596354167,1.2360919596354167
2502800,2502800,G25002800,2502800,25,Massachusetts,"Woburn, Melrose Cities, Saugus, Wakefield & Stoneham Towns PUMA",-2.4106419211939762,22.665114553351152,1237.7772409539473,1.2377772409539474,1.2377772409539474
2501400,2501400,G25001400,2501400,25,Massachusetts,Middlesex (West Central) & Worcester (East) Counties PUMA,-3.4022045135498047,22.561541239420574,1216.3701171875,1.2163701171875,1.2163701171875
2501300,2501300,G25001300,2501300,25,Massachusetts,"Billerica, Andover, Tewksbury & Wilmington Towns PUMA",-3.2418800354003907,22.598994954427084,1216.902734375,1.2169027343749999,1.2169027343749999
2500502,2500502,G25000502,2500502,25,Massachusetts,Middlesex County (Far Northeast)--Lowell City PUMA,-3.7077999114990234,22.569417317708332,1206.3335774739583,1.2063335774739583,1.2063335774739583
2500501,2500501,G25000501,2500501,25,Massachusetts,Middlesex County (Outside Lowell City) PUMA,-3.939749977805398,22.432012384588067,1197.0641867897727,1.1970641867897727,1.1970641867897727
2500400,2500400,G25000400,2500400,25,Massachusetts,"Worcester & Middlesex Counties (Outside Leominster, Fitchburg & Gardner Cities) PUMA",-4.967224542025862,21.44555495689655,1214.7991379310345,1.2147991379310346,1.2147991379310346
2504303,2504303,G25004303,2504303,25,Massachusetts,"Bristol County--Taunton City, Mansfield, Norton, Raynam, Dighton & Berkley Towns PUMA",-1.8131339840772676,22.86625410870808,1295.0001905487804,1.2950001905487805,1.2950001905487805
2504200,2504200,G25004200,2504200,25,Massachusetts,"Attleboro City, North Attleborough, Swansea, Seekonk, Rehoboth & Plainville Towns PUMA",-1.6933814600894326,22.995995772512334,1288.2774465460527,1.2882774465460527,1.2882774465460527
2504302,2504302,G25004302,2504302,25,Massachusetts,Bristol County (Central)--Fall River City & Somerset Town PUMA,-1.1020799636840821,23.179519653320312,1290.8021484375,1.2908021484374999,1.2908021484374999
2504500,2504500,G25004500,2504500,25,Massachusetts,Bristol County (South)--New Bedford City & Fairhaven Town PUMA,-0.7211142267499652,22.402134486607142,1291.228236607143,1.2912282366071428,1.2912282366071428
2503303,2503303,G25003303,2503303,25,Massachusetts,Boston City--Dorchester & South Boston PUMA,-1.6401599884033202,22.951638793945314,1237.941796875,1.237941796875,1.237941796875
2503306,2503306,G25003306,2503306,25,Massachusetts,"Suffolk County (North)--Revere, Chelsea & Winthrop Town Cities PUMA",-1.5724214826311385,22.663622174944198,1232.615931919643,1.2326159319196428,1.2326159319196428
2503302,2503302,G25003302,2503302,25,Massachusetts,"Boston City--Back Bay, Beacon Hill, Charlestown, East Boston, Central & South End PUMA",-1.589557102748326,22.91280038016183,1227.3328683035713,1.2273328683035714,1.2273328683035714
2503304,2503304,G25003304,2503304,25,Massachusetts,Boston City--Mattapan & Roxbury PUMA,-1.9103142874581474,23.032758440290177,1244.287388392857,1.2442873883928571,1.2442873883928571
2503301,2503301,G25003301,2503301,25,Massachusetts,"Boston City--Allston, Brighton & Fenway PUMA",-2.0607832272847495,22.987215677897137,1235.4853515625,1.2354853515625,1.2354853515625
2503305,2503305,G25003305,2503305,25,Massachusetts,"Boston City--Hyde Park, Jamaica Plain, Roslindale & West Roxbury PUMA",-2.104360008239746,22.973329162597658,1245.6701171875,1.2456701171875,1.2456701171875
2500304,2500304,G25000304,2500304,25,Massachusetts,Worcester County (South) PUMA,-3.361572265625,21.95945980674342,1262.684416118421,1.262684416118421,1.262684416118421
2500301,2500301,G25000301,2500301,25,Massachusetts,"Worcester County (Northeast)--Leominster, Fitchburg & Gardner Cities PUMA",-4.925656440930489,21.370477138421474,1214.6644631410256,1.2146644631410257,1.2146644631410257
2500302,2500302,G25000302,2500302,25,Massachusetts,Worcester County (West Central) PUMA,-4.465655756931679,21.513664694393384,1230.1969975490197,1.2301969975490197,1.2301969975490197
2500303,2500303,G25000303,2500303,25,Massachusetts,Worcester County (East Central) PUMA,-3.452123006184896,22.296139448116985,1227.2986778846155,1.2272986778846156,1.2272986778846156
2500300,2500300,G25000300,2500300,25,Massachusetts,Worcester County (Central)--Worcester City PUMA,-3.878226470947266,21.90580037434896,1232.8946614583333,1.2328946614583334,1.2328946614583334
2500200,2500200,G25000200,2500200,25,Massachusetts,Franklin & Hampshire (North) Counties PUMA,-5.536795310603762,20.762081405491504,1289.9249089805826,1.2899249089805827,1.2899249089805827
2501900,2501900,G25001900,2501900,25,Massachusetts,Hampden County (Central)--Springfield City PUMA,-3.567115490253155,22.838468111478367,1210.0727163461538,1.2100727163461538,1.2100727163461538
2501901,2501901,G25001901,2501901,25,Massachusetts,Hampden County (West of Springfield City)--Westfield & Holyoke Cities PUMA,-3.840537261962891,22.559249877929688,1243.12373046875,1.24312373046875,1.24312373046875
2501902,2501902,G25001902,2501902,25,Massachusetts,Hampden County (East of Springfield City)--Chicopee City PUMA,-3.7192557839786304,22.559686997357538,1211.5921415441176,1.2115921415441175,1.2115921415441175
2501600,2501600,G25001600,2501600,25,Massachusetts,Hampden (West & East) & Hampshire (South) Counties--Northampton City PUMA,-4.675660851883562,21.51041610926798,1268.9523758561643,1.2689523758561643,1.2689523758561643
2500704,2500704,G25000704,2500704,25,Massachusetts,"Essex County (South)--Lynn City, Swampscott & Nahant Towns PUMA",-1.7531200408935548,22.25388946533203,1213.61328125,1.21361328125,1.21361328125
2500703,2500703,G25000703,2500703,25,Massachusetts,"Essex County (East)--Salem, Beverly, Gloucester & Newburyport Cities PUMA",-2.3398284912109375,21.59873550657242,1223.6602182539682,1.2236602182539682,1.2236602182539682
2500702,2500702,G25000702,2500702,25,Massachusetts,Essex County (Central)--Amesbury Town City PUMA,-3.00585205078125,22.27021484375,1225.62625,1.22562625,1.22562625
2500701,2500701,G25000701,2500701,25,Massachusetts,"Essex County (Northwest)--Lawrence, Haverhill & Methuen Town Cities PUMA",-3.5375289916992188,22.450795491536457,1206.7275390625,1.2067275390625,1.2067275390625
2503602,2503602,G25003602,2503602,25,Massachusetts,"Norfolk County (Central)--Randolph, Norwood, Dedham, Canton & Holbrook Towns PUMA",-2.229959716796875,22.8396435546875,1259.615,1.259615,1.259615
2503603,2503603,G25003603,2503603,25,Massachusetts,Norfolk County (Northeast)--Quincy City & Milton Town PUMA,-1.7999384953425481,22.973430926983173,1264.6694711538462,1.2646694711538462,1.2646694711538462
2503601,2503601,G25003601,2503601,25,Massachusetts,Norfolk County (Southwest)--Greater Franklin Town City PUMA,-2.423614501953125,22.63749434308308,1269.6560594512196,1.2696560594512196,1.2696560594512196
2602500,2602500,G26002500,2602500,26,Michigan,Lenawee & Hillsdale Counties PUMA,-4.5841798710643795,22.12119103912124,924.4270441729324,0.9244270441729324,0.9244270441729324
2601600,2601600,G26001600,2601600,26,Michigan,"Tuscola, Sanilac & Huron Counties PUMA",-5.371976374624248,21.149772200651302,825.1152973790323,0.8251152973790323,0.8251152973790323
2602000,2602000,G26002000,2602000,26,Michigan,Calhoun & Barry Counties PUMA,-4.654171199235232,21.907061741824894,965.346782700422,0.965346782700422,0.965346782700422
2600300,2600300,G26000300,2600300,26,Michigan,Northeast Lower Peninsula PUMA,-7.2921310328025895,19.767421214323466,813.194708994709,0.813194708994709,0.813194708994709
2601200,2601200,G26001200,2601200,26,Michigan,"Isabella, Gratiot & Clare Counties PUMA",-6.044552209242335,20.95944501768868,873.7731918238994,0.8737731918238995,0.8737731918238995
2601500,2601500,G26001500,2601500,26,Michigan,Saginaw County PUMA,-5.224955480238971,21.746467141544116,841.0500919117648,0.8410500919117647,0.8410500919117647
2602102,2602102,G26002102,2602102,26,Michigan,Kalamazoo County (Central)--Kalamazoo & Portage Cities Area PUMA,-4.34853278266059,22.169886271158855,988.4166666666666,0.9884166666666666,0.9884166666666666
2602600,2602600,G26002600,2602600,26,Michigan,Jackson County PUMA,-4.825065104166667,21.78347439236111,907.9396412037037,0.9079396412037036,0.9079396412037036
2601400,2601400,G26001400,2601400,26,Michigan,Bay & Midland Counties PUMA,-5.390728877140925,21.585411658653847,834.6871995192307,0.8346871995192308,0.8346871995192308
2601300,2601300,G26001300,2601300,26,Michigan,"Iosco, Gladwin, Roscommon, Ogemaw & Arenac Counties PUMA",-6.767120046713917,20.289924291237114,821.7465206185567,0.8217465206185567,0.8217465206185567
2603211,2603211,G26003211,2603211,26,Michigan,Detroit City (South Central & Southeast) PUMA,-3.379482905069987,23.315773010253906,899.873046875,0.899873046875,0.899873046875
2603212,2603212,G26003212,2603212,26,Michigan,Detroit City (Southwest) PUMA,-3.420281843705611,23.32684326171875,896.2134232954545,0.8962134232954545,0.8962134232954545
2603207,2603207,G26003207,2603207,26,Michigan,Wayne County (Southeast)--Downriver Area (North) PUMA,-3.385569352370042,23.34068180964543,909.0782752403846,0.9090782752403846,0.9090782752403846
2603206,2603206,G26003206,2603206,26,Michigan,Wayne County (Southeast)--Downriver Area (South) PUMA,-3.4192452864213423,23.21617265181108,901.4048828125,0.9014048828125,0.9014048828125
2603203,2603203,G26003203,2603203,26,Michigan,Wayne County (Central)--Dearborn & Dearborn Heights Cities PUMA,-3.498158847584444,23.27468692555147,886.0550321691177,0.8860550321691176,0.8860550321691176
2603205,2603205,G26003205,2603205,26,Michigan,Wayne County (Southwest) PUMA,-3.776091182933134,22.881455365349264,884.9415211397059,0.8849415211397058,0.8849415211397058
2603210,2603210,G26003210,2603210,26,Michigan,Detroit City (Northeast) PUMA,-3.452161348783053,23.304415189302883,876.3866436298077,0.8763866436298078,0.8763866436298078
2603201,2603201,G26003201,2603201,26,Michigan,Wayne County (Northwest) PUMA,-4.0719737391318045,22.714698053175404,869.3645413306451,0.8693645413306451,0.8693645413306451
2603208,2603208,G26003208,2603208,26,Michigan,Detroit City (Northwest) PUMA,-3.573407309395926,23.235953194754465,870.7437918526786,0.8707437918526786,0.8707437918526786
2603209,2603209,G26003209,2603209,26,Michigan,Detroit City (North Central) PUMA,-3.578411102294922,23.21179877387153,870.6922200520834,0.8706922200520834,0.8706922200520834
2603204,2603204,G26003204,2603204,26,Michigan,"Wayne County (Central)--Westland, Garden City, Inkster & Wayne Cities PUMA",-3.684528350830078,23.095371791294642,875.0329241071429,0.8750329241071428,0.8750329241071428
2603202,2603202,G26003202,2603202,26,Michigan,Wayne County (North Central)--Livonia City & Redford Charter Township PUMA,-3.811926778157552,23.05599365234375,859.869140625,0.859869140625,0.859869140625
2603300,2603300,G26003300,2603300,26,Michigan,Monroe County PUMA,-3.8123025645380433,22.772280485733695,880.4737723214286,0.8804737723214285,0.8804737723214285
2602800,2602800,G26002800,2602800,26,Michigan,Livingston County PUMA,-4.9453779296875,21.77125,856.241125,0.856241125,0.856241125
2602901,2602901,G26002901,2602901,26,Michigan,Oakland County (West) PUMA,-5.083983898162842,21.708473205566406,852.9137573242188,0.8529137573242187,0.8529137573242187
2601900,2601900,G26001900,2601900,26,Michigan,Eaton & Clinton Counties PUMA,-5.061908224354619,21.657961107336956,897.4520380434783,0.8974520380434783,0.8974520380434783
2603100,2603100,G26003100,2603100,26,Michigan,St. Clair County PUMA,-4.638142650912267,21.76182944730202,857.7503955696203,0.8577503955696203,0.8577503955696203
2603004,2603004,G26003004,2603004,26,Michigan,Macomb County (Southeast)--Mount Clemens & Fraser Area PUMA,-3.6048281533377513,22.974199567522323,870.0501534598214,0.8700501534598214,0.8700501534598214
2603213,2603213,G26003213,2603213,26,Michigan,Wayne County (Northeast)--I-94 Corridor PUMA,-3.4516648685230926,23.22804888556985,885.6436121323529,0.8856436121323529,0.8856436121323529
2603001,2603001,G26003001,2603001,26,Michigan,Macomb County (North) PUMA,-4.4529893057686945,22.252964564732142,860.2215401785714,0.8602215401785714,0.8602215401785714
2603005,2603005,G26003005,2603005,26,Michigan,"Macomb County (Southeast)--St. Clair Shores, Roseville & Eastpointe Area PUMA",-3.468822055392795,23.095589531792534,879.8639322916666,0.8798639322916666,0.8798639322916666
2603002,2603002,G26003002,2603002,26,Michigan,Macomb County (Central) PUMA,-4.039838578965929,22.786622789171005,868.9058702256945,0.8689058702256944,0.8689058702256944
2603006,2603006,G26003006,2603006,26,Michigan,Macomb County (Southwest)--Warren & Center Line Cities PUMA,-3.512608210245768,23.285675048828125,867.9991861979166,0.8679991861979166,0.8679991861979166
2603003,2603003,G26003003,2603003,26,Michigan,Macomb County (Southwest)--Sterling Heights City PUMA,-3.763016700744629,23.102091471354168,866.707763671875,0.866707763671875,0.866707763671875
2601801,2601801,G26001801,2601801,26,Michigan,Ingham County (South & East) PUMA,-4.944473409207068,21.58922313084112,881.8476927570093,0.8818476927570094,0.8818476927570094
2601802,2601802,G26001802,2601802,26,Michigan,Ingham County (Northwest) PUMA,-5.0938000149197045,21.53484429253472,884.3171115451389,0.8843171115451389,0.8843171115451389
2602701,2602701,G26002701,2602701,26,Michigan,"Washtenaw County (West, Northeast & Southeast) PUMA",-4.551628500728284,22.069671113612287,882.2415254237288,0.8822415254237288,0.8822415254237288
2602703,2602703,G26002703,2602703,26,Michigan,"Washtenaw County (East Central, Outside Ann Arbor City) PUMA",-4.283296585083008,22.359012603759766,893.3609008789062,0.8933609008789063,0.8933609008789063
2602702,2602702,G26002702,2602702,26,Michigan,Washtenaw County (East Central)--Ann Arbor City Area PUMA,-4.438114166259766,22.15199933733259,905.3703962053571,0.9053703962053571,0.9053703962053571
2601701,2601701,G26001701,2601701,26,Michigan,Genesee (East) & Lapeer Counties PUMA,-5.190082023156941,21.48519374784185,838.2373964088398,0.8382373964088398,0.8382373964088398
2601704,2601704,G26001704,2601704,26,Michigan,Genesee (West) & Shiawassee Counties PUMA,-5.093556213378906,21.65703430175781,847.6685546875,0.8476685546875,0.8476685546875
2601702,2601702,G26001702,2601702,26,Michigan,"Genesee County (Central, Outside Flint City) PUMA",-5.08727502822876,21.730323791503906,838.2922973632812,0.8382922973632813,0.8382922973632813
2601703,2601703,G26001703,2601703,26,Michigan,Genesee County (Central)--Flint City Area PUMA,-5.080406697591146,21.734651692708333,838.2195963541667,0.8382195963541667,0.8382195963541667
2602906,2602906,G26002906,2602906,26,Michigan,Oakland County (Central)--Birmingham & Bloomfield Area PUMA,-4.530749981219952,22.33484590970553,848.0687349759615,0.8480687349759616,0.8480687349759616
2602904,2602904,G26002904,2602904,26,Michigan,Oakland County (Central) PUMA,-4.9159861477938565,21.968726418235086,847.6273970170455,0.8476273970170455,0.8476273970170455
2602907,2602907,G26002907,2602907,26,Michigan,Oakland County (South Central)--Farmington & Southfield Area PUMA,-4.220506191253662,22.64049530029297,851.0938110351562,0.8510938110351562,0.8510938110351562
2602908,2602908,G26002908,2602908,26,Michigan,Oakland County (Southeast) PUMA,-3.7317333221435547,23.111033121744793,859.7434895833334,0.8597434895833334,0.8597434895833334
2602905,2602905,G26002905,2602905,26,Michigan,Oakland County (Southwest) PUMA,-4.762494659423828,22.0585693359375,855.65400390625,0.8556540039062499,0.8556540039062499
2602903,2602903,G26002903,2602903,26,Michigan,Oakland County (East Central)--Troy & Rochester Area PUMA,-4.268459320068359,22.616841125488282,857.48232421875,0.85748232421875,0.85748232421875
2602902,2602902,G26002902,2602902,26,Michigan,Oakland County (Northeast) PUMA,-5.029657897949218,21.8163623046875,859.579921875,0.859579921875,0.859579921875
3300300,3300300,G33000300,3300300,33,New Hampshire,"Strafford Region--Strafford, Rockingham (Northern) & Carroll (Southeastern) Counties PUMA",-5.359888502388946,21.417528893336776,1199.4810175619834,1.1994810175619834,1.1994810175619834
3300200,3300200,G33000200,3300200,33,New Hampshire,"Lakes Region--Belknap, Carroll & Merrimack (Northern) Counties PUMA",-7.313218533635854,19.929152437312876,1284.9934505988024,1.2849934505988023,1.2849934505988023
3300700,3300700,G33000700,3300700,33,New Hampshire,Outer Manchester City PUMA,-4.999882175611413,21.712100883152175,1171.423777173913,1.171423777173913,1.171423777173913
3301000,3301000,G33001000,3301000,33,New Hampshire,Seacoast Region--Rockingham County (Southern)--Portsmouth City PUMA,-3.964798990885417,21.8870849609375,1210.9840277777778,1.2109840277777777,1.2109840277777777
3300500,3300500,G33000500,3300500,33,New Hampshire,Southwestern New Hampshire--Cheshire & Sullivan Counties PUMA,-6.239977088341346,20.630237755408654,1205.4574519230769,1.205457451923077,1.205457451923077
3300100,3300100,G33000100,3300100,33,New Hampshire,Northern New Hampshire--Grafton & Coos Counties PUMA,-9.41921571243641,18.528013717296513,1268.0541302765648,1.2680541302765649,1.2680541302765649
3300400,3300400,G33000400,3300400,33,New Hampshire,Central New Hampshire--Merrimack County (Central)--Concord City PUMA,-6.041747216464711,20.991993183992346,1201.0291241496598,1.2010291241496598,1.2010291241496598
3300800,3300800,G33000800,3300800,33,New Hampshire,Manchester City PUMA,-4.623378753662109,22.152677263532365,1111.281459263393,1.1112814592633928,1.1112814592633928
3300600,3300600,G33000600,3300600,33,New Hampshire,Hillsborough County (Western) PUMA,-5.36117578125,21.13885546875,1233.43375,1.2334337499999999,1.2334337499999999
3300900,3300900,G33000900,3300900,33,New Hampshire,Hillsborough County (Southeastern)--Greater Nashua City PUMA,-4.202319844563802,22.343302408854168,1178.1795572916667,1.1781795572916667,1.1781795572916667
3401301,3401301,G34001301,3401301,34,New Jersey,Essex County (Southeast)--Newark City (North & East) PUMA,0.1373636397448453,25.16591852361506,1247.4898792613637,1.2474898792613638,1.2474898792613638
3401302,3401302,G34001302,3401302,34,New Jersey,Essex County (Southeast)--Newark City (Southwest) PUMA,-0.0243666668732961,25.014383951822918,1247.7418619791667,1.2477418619791667,1.2477418619791667
3401402,3401402,G34001402,3401402,34,New Jersey,Essex County (South Central)--East Orange City PUMA,-0.5610249638557434,24.533172607421875,1259.18505859375,1.25918505859375,1.25918505859375
3401403,3401403,G34001403,3401403,34,New Jersey,Essex County (Northwest) PUMA,-1.0547285761151994,24.115020751953125,1282.9214564732142,1.2829214564732143,1.2829214564732143
3401401,3401401,G34001401,3401401,34,New Jersey,Essex County (Northeast) PUMA,-0.36301428931100027,24.794342041015625,1267.3999720982142,1.2673999720982143,1.2673999720982143
3401404,3401404,G34001404,3401404,34,New Jersey,Essex County (Southwest) PUMA,-0.9740070615495954,24.11739240373884,1273.798549107143,1.2737985491071429,1.2737985491071429
3400701,3400701,G34000701,3400701,34,New Jersey,"Hudson County (North)--West New York, Secaucus & Guttenberg Towns PUMA",0.4210714272090367,25.38228498186384,1245.5259486607142,1.2455259486607142,1.2455259486607142
3400702,3400702,G34000702,3400702,34,New Jersey,Hudson County (Northeast)--Union City & Hoboken Cities PUMA,0.5401500463485718,25.447423934936523,1245.021728515625,1.245021728515625,1.245021728515625
3400601,3400601,G34000601,3400601,34,New Jersey,Hudson County (Central)--Jersey City (North) PUMA,0.5263499617576599,25.483726501464844,1243.6356201171875,1.2436356201171874,1.2436356201171874
3400602,3400602,G34000602,3400602,34,New Jersey,Hudson County (Central)--Jersey City (South) PUMA,0.5149399757385253,25.454159545898438,1242.007421875,1.2420074218750001,1.2420074218750001
3400703,3400703,G34000703,3400703,34,New Jersey,"Hudson County (South & West)--Bayonne City, Kearney & Harrison Towns PUMA",0.3521845890925481,25.33899630033053,1243.5394381009614,1.2435394381009615,1.2435394381009615
3402500,3402500,G34002500,3402500,34,New Jersey,Salem & Cumberland (North) Counties--Bridgeton City PUMA,1.0305040147569444,25.26950165719697,1202.1859217171718,1.2021859217171718,1.2021859217171718
3401105,3401105,G34001105,3401105,34,New Jersey,Monmouth County (Northwest)--Keansburg Borough PUMA,0.34904707179350014,24.5103364832261,1225.3015854779412,1.2253015854779412,1.2253015854779412
3401101,3401101,G34001101,3401101,34,New Jersey,Monmouth County (Southeast)--Tinton Falls Borough (South) PUMA,0.48329443401760525,24.154571533203125,1228.4012586805557,1.2284012586805557,1.2284012586805557
3401104,3401104,G34001104,3401104,34,New Jersey,Monmouth County (Northeast)--Red Bank & Tinton Falls (North) Boroughs PUMA,0.6464317928661,24.36025723544034,1212.736328125,1.212736328125,1.212736328125
3401103,3401103,G34001103,3401103,34,New Jersey,"Monmouth County (East Central)--Long Branch, Asbury Park Cities & Eatontown Borough PUMA",0.6427249908447266,24.223848978678387,1228.3280436197917,1.2283280436197916,1.2283280436197916
3401102,3401102,G34001102,3401102,34,New Jersey,Monmouth County (Southwest)--Freehold Borough PUMA,0.08325116578922716,24.365248569222384,1225.8285792151162,1.2258285792151162,1.2258285792151162
3401106,3401106,G34001106,3401106,34,New Jersey,Monmouth County (Central) PUMA,0.16995999472481862,24.214957101004465,1237.5534598214285,1.2375534598214286,1.2375534598214286
3400101,3400101,G34000101,3400101,34,New Jersey,Atlantic County (East)--Atlantic City & Ventnor City PUMA,1.2335418878599655,24.501402389171513,1186.936409883721,1.186936409883721,1.186936409883721
3402600,3402600,G34002600,3402600,34,New Jersey,Cape May & Atlantic (South Central) Counties--Ocean City & Somers Point City PUMA,1.675565577265042,24.72346519356343,1174.5825559701493,1.1745825559701493,1.1745825559701493
3400102,3400102,G34000102,3400102,34,New Jersey,Atlantic County (Outside Somers Point City)--Pleasantville City & Hammonton Town PUMA,0.9102228482564291,24.678736368815105,1217.5601399739583,1.2175601399739582,1.2175601399739582
3402202,3402202,G34002202,3402202,34,New Jersey,Gloucester County (South & West)--Glassboro Borough PUMA,0.9239031076431274,25.30535888671875,1215.7899169921875,1.2157899169921875,1.2157899169921875
3402201,3402201,G34002201,3402201,34,New Jersey,Gloucester County (Northeast)--Woodbury City PUMA,1.0177135467529297,25.62526356090199,1215.0421697443182,1.2150421697443183,1.2150421697443183
3400503,3400503,G34000503,3400503,34,New Jersey,"Passaic County (North)--Ringwood, Wanaque & Pompton Lakes Boroughs PUMA",-2.3930658480016196,22.78474091320503,1301.3298399390244,1.3013298399390243,1.3013298399390243
3401503,3401503,G34001503,3401503,34,New Jersey,Morris County (East)--Lincoln Park Borough PUMA,-1.5096037938044622,23.54456505408654,1281.3578725961538,1.2813578725961539,1.2813578725961539
3400502,3400502,G34000502,3400502,34,New Jersey,Passaic County (Central)--Hawthorne Borough & Clifton City (Northwest) PUMA,-1.119712471961975,24.052961349487305,1287.802490234375,1.287802490234375,1.287802490234375
3400400,3400400,G34000400,3400400,34,New Jersey,Passaic County (Southeast)--Paterson City PUMA,-0.7284714153834752,24.453356061662948,1282.7064732142858,1.2827064732142859,1.2827064732142859
3400501,3400501,G34000501,3400501,34,New Jersey,Passaic County (South)--Passaic & Clifton (Southeast) Cities PUMA,-0.381074994802475,24.793899536132812,1276.01318359375,1.27601318359375,1.27601318359375
3402001,3402001,G34002001,3402001,34,New Jersey,Burlington County (North)--Burlington City PUMA,0.5777458349863688,25.12268320719401,1217.488525390625,1.217488525390625,1.217488525390625
3402003,3402003,G34002003,3402003,34,New Jersey,Burlington County (South & East) PUMA,0.5392051414207176,24.62462384259259,1218.9340277777778,1.2189340277777778,1.2189340277777778
3402002,3402002,G34002002,3402002,34,New Jersey,Burlington County (West Central) PUMA,0.7401500066121419,25.10524698893229,1219.563671875,1.219563671875,1.219563671875
3401002,3401002,G34001002,3401002,34,New Jersey,Somerset County (South) PUMA,-0.6180861900592672,24.10017342403017,1240.7389547413793,1.2407389547413794,1.2407389547413794
3401001,3401001,G34001001,3401001,34,New Jersey,Somerset County (North & West) PUMA,-1.1838891402534817,23.595671280570652,1251.577785326087,1.251577785326087,1.251577785326087
3401502,3401502,G34001502,3401502,34,New Jersey,Morris County (West) PUMA,-2.3277279166288154,22.32535286836846,1321.3311228197674,1.3213311228197675,1.3213311228197675
3401003,3401003,G34001003,3401003,34,New Jersey,Somerset County (Central)--North Plainfield & Somerville Boroughs PUMA,-0.8893799781799316,23.909779357910157,1238.213671875,1.238213671875,1.238213671875
3400800,3400800,G34000800,3400800,34,New Jersey,Hunterdon County PUMA,-1.4533301989237468,23.3745600382487,1275.7351888020833,1.2757351888020834,1.2757351888020834
3401700,3401700,G34001700,3401700,34,New Jersey,Warren County PUMA,-2.3093310827496407,22.63622766253592,1274.2735272988505,1.2742735272988506,1.2742735272988506
3401600,3401600,G34001600,3401600,34,New Jersey,Sussex County PUMA,-3.1966890607561385,22.075816563197545,1246.263671875,1.246263671875,1.246263671875
3401501,3401501,G34001501,3401501,34,New Jersey,Morris County (North)--Dover Town & Kinnelon Borough PUMA,-2.48291861044394,22.464827254011823,1308.7465160472973,1.3087465160472973,1.3087465160472973
3401504,3401504,G34001504,3401504,34,New Jersey,"Morris County (South)--Morristown Town, Madison & Florham Park Boroughs PUMA",-1.3198217309039573,23.608231254245926,1273.916355298913,1.273916355298913,1.273916355298913
3402101,3402101,G34002101,3402101,34,New Jersey,Camden County (North)--Camden & Gloucester Cities PUMA,1.1997083028157551,26.000233968098957,1225.0409342447917,1.2250409342447917,1.2250409342447917
3402103,3402103,G34002103,3402103,34,New Jersey,Camden County (South & West)--Bellmawr & Pine Hill Boroughs PUMA,0.7699027591281467,25.045752631293404,1218.5487196180557,1.2185487196180556,1.2185487196180556
3402102,3402102,G34002102,3402102,34,New Jersey,Camden County (Central)--Lindenwold & Collingswood Boroughs PUMA,0.9622999600001744,25.51454816545759,1218.9681919642858,1.2189681919642859,1.2189681919642859
3402104,3402104,G34002104,3402104,34,New Jersey,Camden County (East Central)--Haddonfield Borough PUMA,0.9872375130653381,25.57438850402832,1221.5738525390625,1.2215738525390625,1.2215738525390625
3400905,3400905,G34000905,3400905,34,New Jersey,Middlesex County (Northeast)--Carteret Borough PUMA,0.13864998817443847,24.99241943359375,1239.49794921875,1.23949794921875,1.23949794921875
3400907,3400907,G34000907,3400907,34,New Jersey,Middlesex County (East Central)--Perth Amboy City & Sayreville Borough PUMA,0.11443076683924748,24.793677696814903,1237.4852764423076,1.2374852764423077,1.2374852764423077
3400901,3400901,G34000901,3400901,34,New Jersey,Middlesex County (Southeast) PUMA,-0.009370371147438331,24.499907316984952,1227.7758969907406,1.2277758969907406,1.2277758969907406
3400904,3400904,G34000904,3400904,34,New Jersey,Middlesex County (North Central)--Metuchen Borough PUMA,-0.11307499806086223,24.675608317057293,1243.62158203125,1.24362158203125,1.24362158203125
3400906,3400906,G34000906,3400906,34,New Jersey,"Middlesex County (Central)--New Brunswick City, South River & Highland Park Boroughs PUMA",-0.25262854780469624,24.462158203125,1240.0931919642858,1.2400931919642857,1.2400931919642857
3400902,3400902,G34000902,3400902,34,New Jersey,Middlesex County (Southwest) PUMA,-0.24627391151759936,24.363721764605977,1233.8586107336957,1.2338586107336957,1.2338586107336957
3400903,3400903,G34000903,3400903,34,New Jersey,Middlesex County (Northwest)--South Plainfield & Middlesex Boroughs PUMA,-0.38088570322309223,24.426068987165177,1242.02734375,1.24202734375,1.24202734375
3401201,3401201,G34001201,3401201,34,New Jersey,Ocean County (South) PUMA,0.7853422567877971,24.367758307658452,1214.0487455985915,1.2140487455985915,1.2140487455985915
3401205,3401205,G34001205,3401205,34,New Jersey,Ocean County (Northeast)--Point Pleasant Borough PUMA,0.6077764735502356,24.164141486672793,1241.1371783088234,1.2411371783088234,1.2411371783088234
3401202,3401202,G34001202,3401202,34,New Jersey,Ocean County (Central)--Beachwood Borough PUMA,0.5937115229093112,24.242234450120193,1256.2081580528845,1.2562081580528845,1.2562081580528845
3401204,3401204,G34001204,3401204,34,New Jersey,Ocean County (Northwest) PUMA,0.21477399826049803,24.366533203125,1232.607109375,1.232607109375,1.232607109375
3401203,3401203,G34001203,3401203,34,New Jersey,Ocean County (North Central) PUMA,0.35549410651711855,24.183482450597428,1251.9656479779412,1.2519656479779413,1.2519656479779413
3402400,3402400,G34002400,3402400,34,New Jersey,Cumberland County (South)--Vineland & Millville Cities PUMA,1.161359551247586,24.89155218574438,1196.1987359550562,1.1961987359550563,1.1961987359550563
3401800,3401800,G34001800,3401800,34,New Jersey,Union County (Northeast)--Elizabeth City PUMA,0.31007498502731323,25.266437530517578,1238.998046875,1.238998046875,1.238998046875
3401904,3401904,G34001904,3401904,34,New Jersey,"Union County (Southeast)--Linden, Rahway Cities & Roselle Borough (South) PUMA",0.06576923223642203,24.99132831280048,1243.1482872596155,1.2431482872596156,1.2431482872596156
3401901,3401901,G34001901,3401901,34,New Jersey,Union County (North Central)--Roselle Park Borough PUMA,-0.06987142988613673,24.94297136579241,1246.766322544643,1.2467663225446428,1.2467663225446428
3401903,3401903,G34001903,3401903,34,New Jersey,Union County (Southwest)--Plainfield City & Westfield Town (South) PUMA,-0.43271668752034503,24.459698994954426,1253.0491536458333,1.2530491536458332,1.2530491536458332
3401902,3401902,G34001902,3401902,34,New Jersey,Union County (Northwest)--Summit City & Westfield Town (North) PUMA,-0.7324213981628418,24.21431405203683,1260.8881138392858,1.2608881138392858,1.2608881138392858
3402303,3402303,G34002303,3402303,34,New Jersey,Mercer County (South) PUMA,0.09132499694824218,24.588833618164063,1210.24794921875,1.21024794921875,1.21024794921875
3402301,3402301,G34002301,3402301,34,New Jersey,Mercer County (West Central)--Trenton City PUMA,-0.030890909108248623,24.57602483575994,1222.0609907670455,1.2220609907670454,1.2220609907670454
3402302,3402302,G34002302,3402302,34,New Jersey,Mercer County (North)--Princeton Borough PUMA,-0.3477894632439864,24.25756193462171,1232.102384868421,1.232102384868421,1.232102384868421
3400304,3400304,G34000304,3400304,34,New Jersey,"Bergen County (West Central)--Fair Lawn Borough, Garfield City & Lodi Borough PUMA",-0.5076428481510707,24.655042375837052,1264.378208705357,1.2643782087053572,1.2643782087053572
3400302,3400302,G34000302,3400302,34,New Jersey,"Bergen County (Southwest)--Rutherford, North Arlington & Hasbrouck Heights Boroughs PUMA",0.12334165970484416,25.22931671142578,1251.9754231770833,1.2519754231770832,1.2519754231770832
3400307,3400307,G34000307,3400307,34,New Jersey,"Bergen County (North Central)--Bergenfield, Paramus, Dumont & New Milford Boroughs PUMA",-0.32027997970581057,24.752218627929686,1239.8904296875,1.2398904296875,1.2398904296875
3400301,3400301,G34000301,3400301,34,New Jersey,Bergen County (South Central)--Hackensack & Englewood (West) Cities PUMA,-0.061671435832977295,24.906356811523438,1240.4497767857142,1.2404497767857143,1.2404497767857143
3400303,3400303,G34000303,3400303,34,New Jersey,"Bergen County (Southeast)--Fort Lee, Cliffside Park & Palisades Park Boroughs PUMA",0.3023875057697296,25.186250686645508,1243.3280029296875,1.2433280029296876,1.2433280029296876
3400305,3400305,G34000305,3400305,34,New Jersey,"Bergen County (East)--Tenafly, Park Ridge & Cresskill Boroughs PUMA",-0.5475299835205079,24.409750366210936,1241.6494140625,1.2416494140625,1.2416494140625
3400308,3400308,G34000308,3400308,34,New Jersey,"Bergen County (Central)--Ridgewood Village, Glen Rock & Westwood Boroughs PUMA",-0.9671285493033273,24.131421770368302,1254.9188058035713,1.2549188058035714,1.2549188058035714
3400306,3400306,G34000306,3400306,34,New Jersey,"Bergen County (Northwest)--Ramsey, Oakland & Franklin Lakes Boroughs PUMA",-1.5666226473721592,23.54630071466619,1277.1437322443182,1.2771437322443182,1.2771437322443182
3600200,3600200,G36000200,3600200,36,New York,"Clinton, Franklin, Essex & Hamilton Counties PUMA",-8.867307730056533,19.08214248324958,1164.2105318257957,1.1642105318257956,1.1642105318257956
3602701,3602701,G36002701,3602701,36,New York,Sullivan & Ulster (West) Counties PUMA,-5.101682686511381,20.44702751253858,1321.557388117284,1.321557388117284,1.321557388117284
3602702,3602702,G36002702,3602702,36,New York,Ulster County (East) PUMA,-3.538149152483259,22.510101318359375,1250.25,1.25025,1.25025
3602401,3602401,G36002401,3602401,36,New York,Chemung (South) & Steuben (East) Counties--Greater Elmira & Greater Corning Cities PUMA,-4.809552081219562,20.716238839285715,945.9209618506494,0.9459209618506494,0.9459209618506494
3602402,3602402,G36002402,3602402,36,New York,"Steuben (North & West), Schuyler & Chemung (North) Counties PUMA",-5.148898349719101,20.338853471734552,944.857970505618,0.944857970505618,0.944857970505618
3603810,3603810,G36003810,3603810,36,New York,"NYC-Manhattan Community District 1 & 2--Battery Park City, Greenwich Village & Soho PUMA",0.6388000011444092,25.488058471679686,1240.31357421875,1.24031357421875,1.24031357421875
3603807,3603807,G36003807,3603807,36,New York,"NYC-Manhattan Community District 4 & 5--Chelsea, Clinton & Midtown Business District PUMA",0.6101333300272623,25.467300415039062,1244.77392578125,1.24477392578125,1.24477392578125
3603806,3603806,G36003806,3603806,36,New York,NYC-Manhattan Community District 7--Upper West Side & West Side PUMA,0.6058250069618225,25.444900512695312,1244.392822265625,1.244392822265625,1.244392822265625
3603802,3603802,G36003802,3603802,36,New York,"NYC-Manhattan Community District 9--Hamilton Heights, Manhattanville & West Harlem PUMA",0.5126000046730042,25.323749542236328,1243.1788330078125,1.2431788330078124,1.2431788330078124
3603801,3603801,G36003801,3603801,36,New York,"NYC-Manhattan Community District 12--Washington Heights, Inwood & Marble Hill PUMA",0.3475250005722046,25.111499786376953,1241.9708251953125,1.2419708251953125,1.2419708251953125
3603803,3603803,G36003803,3603803,36,New York,NYC-Manhattan Community District 10--Central Harlem PUMA,0.5534999966621399,25.33527374267578,1241.5089111328125,1.2415089111328126,1.2415089111328126
3603809,3603809,G36003809,3603809,36,New York,NYC-Manhattan Community District 3--Chinatown & Lower East Side PUMA,0.6662750244140625,25.540149688720703,1243.5634765625,1.2435634765625,1.2435634765625
3603805,3603805,G36003805,3603805,36,New York,NYC-Manhattan Community District 8--Upper East Side PUMA,0.6339333057403564,25.434031168619793,1242.4833984375,1.2424833984375,1.2424833984375
3603804,3603804,G36003804,3603804,36,New York,NYC-Manhattan Community District 11--East Harlem PUMA,0.5534999966621399,25.33527374267578,1241.5089111328125,1.2415089111328126,1.2415089111328126
3603808,3603808,G36003808,3603808,36,New York,"NYC-Manhattan Community District 6--Murray Hill, Gramercy & Stuyvesant Town PUMA",0.6701000531514486,25.530665079752605,1243.9375813802083,1.2439375813802083,1.2439375813802083
3603901,3603901,G36003901,3603901,36,New York,"NYC-Staten Island Community District 3--Tottenville, Great Kills & Annadale PUMA",0.5234454328363592,24.99253429066051,1227.7127130681818,1.2277127130681817,1.2277127130681817
3603902,3603902,G36003902,3603902,36,New York,NYC-Staten Island Community District 2--New Springville & South Beach PUMA,0.55011536524846,25.09254572941707,1228.6302584134614,1.2286302584134614,1.2286302584134614
3603903,3603903,G36003903,3603903,36,New York,"NYC-Staten Island Community District 1--Port Richmond, Stapleton & Mariner's Harbor PUMA",0.5184500217437744,25.236785888671875,1233.294921875,1.233294921875,1.233294921875
3602500,3602500,G36002500,3602500,36,New York,Cattaraugus & Allegany Counties PUMA,-5.389402573529412,19.655160845588235,1116.5701470588235,1.1165701470588236,1.1165701470588236
3600905,3600905,G36000905,3600905,36,New York,Monroe County (North & West) PUMA,-3.605659702845982,21.945408412388392,849.1688058035714,0.8491688058035715,0.8491688058035715
3600904,3600904,G36000904,3600904,36,New York,Monroe County (Central)--Greece & Gates Towns PUMA,-3.437845230102539,21.971023559570312,870.041015625,0.870041015625,0.870041015625
3600903,3600903,G36000903,3600903,36,New York,Monroe County (Central)--Rochester City (West) PUMA,-3.5720928737095425,21.943627493722097,882.4346400669643,0.8824346400669644,0.8824346400669644
3600902,3600902,G36000902,3600902,36,New York,Monroe County (Central)--Rochester City (East) PUMA,-3.480108781294389,21.962170687588777,891.8287464488636,0.8918287464488637,0.8918287464488637
3600901,3600901,G36000901,3600901,36,New York,Monroe County (East) PUMA,-3.516820068359375,21.9104345703125,910.874453125,0.9108744531249999,0.9108744531249999
3600906,3600906,G36000906,3600906,36,New York,Monroe County (South) PUMA,-3.8007439901662425,21.856362986010176,889.5319767441861,0.889531976744186,0.889531976744186
3603202,3603202,G36003202,3603202,36,New York,Nassau County (Northeast)--Oyster Bay Town (North) & Glen Cove City PUMA,0.36617142813546316,24.154051281156995,1201.571986607143,1.2015719866071428,1.2015719866071428
3603208,3603208,G36003208,3603208,36,New York,Nassau County (Southeast)--Oyster Bay Town (South) PUMA,0.5334642614637103,24.131299700055802,1139.2716238839287,1.1392716238839287,1.1392716238839287
3603201,3603201,G36003201,3603201,36,New York,Nassau County (Northwest)--North Hempstead Town (North) PUMA,0.6171470529892865,24.455381505629596,1207.1184512867646,1.2071184512867645,1.2071184512867645
3603210,3603210,G36003210,3603210,36,New York,Nassau County (South Central)--Hempstead Town (Southeast) PUMA,0.7114562392234802,24.220306396484375,1165.35498046875,1.16535498046875,1.16535498046875
3603212,3603212,G36003212,3603212,36,New York,Nassau County (Southwest)--Hempstead Town (Southwest) & Long Beach City PUMA,0.7670599460601807,24.32563018798828,1181.701953125,1.1817019531250001,1.1817019531250001
3603209,3603209,G36003209,3603209,36,New York,Nassau County (Central)--Hempstead Town (East Central) PUMA,0.5866333643595377,24.23199971516927,1151.1184895833333,1.1511184895833333,1.1511184895833333
3603206,3603206,G36003206,3603206,36,New York,Nassau County (Central)--Hempstead Town (North Central)--Meadowbrook Corridor PUMA,0.6220428603036063,24.305742536272323,1175.650669642857,1.175650669642857,1.175650669642857
3603203,3603203,G36003203,3603203,36,New York,Nassau County (East Central)--Oyster Bay Town (Central) PUMA,0.46424286706107004,24.172855922154017,1163.191127232143,1.163191127232143,1.163191127232143
3603204,3603204,G36003204,3603204,36,New York,Nassau County (West Central)--North Hempstead Town (South) PUMA,0.6095999717712403,24.329440307617187,1188.605859375,1.188605859375,1.188605859375
3603207,3603207,G36003207,3603207,36,New York,Nassau County (Central)--Hempstead Town (Northeast) PUMA,0.5244499842325846,24.275665283203125,1164.0157877604167,1.1640157877604167,1.1640157877604167
3603211,3603211,G36003211,3603211,36,New York,Nassau County (West Central)--Hempstead Town (West Central) PUMA,0.6914999485015869,24.369525909423828,1183.101318359375,1.183101318359375,1.183101318359375
3603205,3603205,G36003205,3603205,36,New York,Nassau County (West Central)--Hempstead Town (Northwest) PUMA,0.6762444708082411,24.456153021918404,1187.792209201389,1.1877922092013888,1.1877922092013888
3600403,3600403,G36000403,3600403,36,New York,"Otsego, Schoharie, Oneida (South) & Herkimer (South) Counties PUMA",-6.227977362204724,19.86650954519357,1146.1135170603675,1.1461135170603676,1.1461135170603676
3600401,3600401,G36000401,3600401,36,New York,Herkimer (North & Central) & Oneida (Outer) Counties PUMA,-7.694178589987098,19.581195796301607,1300.9827981651376,1.3009827981651376,1.3009827981651376
3600704,3600704,G36000704,3600704,36,New York,Cayuga & Onondaga (South) Counties PUMA,-4.960584792415653,21.17595625345686,1071.032217920354,1.071032217920354,1.071032217920354
3600702,3600702,G36000702,3600702,36,New York,Onondaga County (North) PUMA,-4.8545032369679415,21.646393874595905,1137.115301724138,1.137115301724138,1.137115301724138
3600703,3600703,G36000703,3600703,36,New York,Onondaga County (Central)--Syracuse City (Outer) PUMA,-4.875443070023148,21.57548240379051,1103.209273726852,1.103209273726852,1.103209273726852
3600701,3600701,G36000701,3600701,36,New York,Onondaga County (Central)--Syracuse City PUMA,-4.740729904174804,21.822738647460938,1077.04375,1.07704375,1.07704375
3602100,3602100,G36002100,3602100,36,New York,Columbia & Greene Counties PUMA,-5.03615323671571,20.905155642023345,1206.1714494163425,1.2061714494163425,1.2061714494163425
3602801,3602801,G36002801,3602801,36,New York,Dutchess County (North & East) PUMA,-3.7966676599839153,22.126938763786764,1215.0680147058824,1.2150680147058823,1.2150680147058823
3602802,3602802,G36002802,3602802,36,New York,Dutchess County (Southwest) PUMA,-3.08194316517223,22.912471424449574,1193.5854936079545,1.1935854936079544,1.1935854936079544
3601700,3601700,G36001700,3601700,36,New York,Schenectady County--Schenectady City PUMA,-5.5234555844907405,21.54794650607639,1067.6459056712963,1.0676459056712964,1.0676459056712964
3601400,3601400,G36001400,3601400,36,New York,Ontario & Yates Counties PUMA,-4.33718650928442,21.422585012832126,908.9895078502416,0.9089895078502416,0.9089895078502416
3602203,3602203,G36002203,3602203,36,New York,"Chenango, Delaware & Broome (East) Counties PUMA",-5.956218428401105,19.603190104166668,1191.1416917670683,1.1911416917670683,1.1911416917670683
3601802,3601802,G36001802,3601802,36,New York,Saratoga County (Outer) PUMA,-6.274274886793392,21.03199019705414,1181.2369625796177,1.1812369625796177,1.1812369625796177
3601801,3601801,G36001801,3601801,36,New York,Saratoga County (South & Central) PUMA,-4.899312973022461,22.36565246582031,1112.41826171875,1.1124182617187501,1.1124182617187501
3602002,3602002,G36002002,3602002,36,New York,Albany County (Outside Albany City) PUMA,-5.2606956080386515,21.37684176260965,1065.260896381579,1.065260896381579,1.065260896381579
3602001,3602001,G36002001,3602001,36,New York,Albany County (East Central)--Albany City PUMA,-4.496472445401278,22.586072054776277,1046.706143465909,1.046706143465909,1.046706143465909
3602202,3602202,G36002202,3602202,36,New York,Broome (Outer West) & Tioga Counties PUMA,-5.14251708984375,20.588969122503222,1085.7488724226805,1.0857488724226805,1.0857488724226805
3602201,3602201,G36002201,3602201,36,New York,Broome County (West Central)--Greater Binghamton City & Greater Johnson City Village PUMA,-4.874618893577939,20.69948468889509,1073.3080357142858,1.0733080357142857,1.0733080357142857
3603706,3603706,G36003706,3603706,36,New York,"NYC-Bronx Community District 7--Bedford Park, Fordham North & Norwood PUMA",0.35519999265670776,25.096149444580078,1242.4700927734375,1.2424700927734376,1.2424700927734376
3603702,3603702,G36003702,3603702,36,New York,"NYC-Bronx Community District 12--Wakefield, Williamsbridge & Woodlawn PUMA",0.3004999841962542,24.937327793666295,1243.2818080357142,1.2432818080357142,1.2432818080357142
3603705,3603705,G36003705,3603705,36,New York,"NYC-Bronx Community District 3 & 6--Belmont, Crotona Park East & East Tremont PUMA",0.4818750023841858,25.182373046875,1240.2425537109375,1.2402425537109374,1.2402425537109374
3603708,3603708,G36003708,3603708,36,New York,"NYC-Bronx Community District 4--Concourse, Highbridge & Mount Eden PUMA",0.5561000108718872,25.27069854736328,1239.6986083984375,1.2396986083984376,1.2396986083984376
3603704,3603704,G36003704,3603704,36,New York,"NYC-Bronx Community District 11--Pelham Parkway, Morris Park & Laconia PUMA",0.5983999967575073,25.16997528076172,1238.154541015625,1.238154541015625,1.238154541015625
3603710,3603710,G36003710,3603710,36,New York,"NYC-Bronx Community District 1 & 2--Hunts Point, Longwood & Melrose PUMA",0.6485249996185303,25.331924438476562,1237.6851806640625,1.2376851806640625,1.2376851806640625
3603709,3603709,G36003709,3603709,36,New York,"NYC-Bronx Community District 9--Castle Hill, Clason Point & Parkchester PUMA",0.7532749772071838,25.27134895324707,1232.95556640625,1.23295556640625,1.23295556640625
3603701,3603701,G36003701,3603701,36,New York,"NYC-Bronx Community District 8--Riverdale, Fieldston & Kingsbridge PUMA",0.24369998772939047,25.011266072591145,1242.90771484375,1.24290771484375,1.24290771484375
3603703,3603703,G36003703,3603703,36,New York,"NYC-Bronx Community District 10--Co-op City, Pelham Bay & Schuylerville PUMA",0.7199999690055847,24.958887100219727,1230.6920166015625,1.2306920166015625,1.2306920166015625
3603707,3603707,G36003707,3603707,36,New York,"NYC-Bronx Community District 5--Morris Heights, Fordham South & Mount Hope PUMA",0.4221666653951009,25.154332478841145,1241.5462239583333,1.2415462239583333,1.2415462239583333
3601207,3601207,G36001207,3601207,36,New York,Erie County (South) PUMA,-4.468429807632688,20.601161411830358,1157.9263392857142,1.1579263392857142,1.1579263392857142
3601206,3601206,G36001206,3601206,36,New York,Erie County (West Central)--Buffalo City (West) PUMA,-3.608487367630005,21.808300018310547,1022.6834716796875,1.0226834716796875,1.0226834716796875
3601201,3601201,G36001201,3601201,36,New York,Erie County (Northwest) PUMA,-3.6436188220977783,22.09423828125,971.5422526041667,0.9715422526041667,0.9715422526041667
3601204,3601204,G36001204,3601204,36,New York,Erie County (Central) PUMA,-3.7184367932771383,21.62676359477796,1046.0928248355262,1.0460928248355263,1.0460928248355263
3601205,3601205,G36001205,3601205,36,New York,Erie County (West Central)--Buffalo City (East) PUMA,-3.6277999877929688,21.771799260919746,1029.4486860795455,1.0294486860795455,1.0294486860795455
3601202,3601202,G36001202,3601202,36,New York,Erie County (North Central) PUMA,-3.672260030110677,22.034552001953124,989.4317708333333,0.9894317708333333,0.9894317708333333
3601203,3601203,G36001203,3601203,36,New York,Erie County (Northeast) PUMA,-4.004458957248264,21.46582935474537,1033.4263599537037,1.0334263599537037,1.0334263599537037
3601600,3601600,G36001600,3601600,36,New York,Fulton & Montgomery Counties PUMA,-6.811141475554435,20.422145392305108,1202.7631048387098,1.2027631048387097,1.2027631048387097
3604013,3604013,G36004013,3604013,36,New York,NYC-Brooklyn Community District 10--Bay Ridge & Dyker Heights PUMA,0.6992500424385071,24.987499237060547,1227.4134521484375,1.2274134521484374,1.2274134521484374
3604012,3604012,G36004012,3604012,36,New York,NYC-Brooklyn Community District 7--Sunset Park & Windsor Terrace PUMA,0.6390666564305624,25.20936330159505,1232.3550618489583,1.2323550618489583,1.2323550618489583
3604005,3604005,G36004005,3604005,36,New York,"NYC-Brooklyn Community District 6--Park Slope, Carroll Gardens & Red Hook PUMA",0.6217999855677286,25.400800069173176,1237.6995442708333,1.2376995442708332,1.2376995442708332
3604018,3604018,G36004018,3604018,36,New York,NYC-Brooklyn Community District 13--Brighton Beach & Coney Island PUMA,0.7971999645233154,24.803749084472656,1221.220458984375,1.221220458984375,1.221220458984375
3604004,3604004,G36004004,3604004,36,New York,NYC-Brooklyn Community District 2--Brooklyn Heights & Fort Greene PUMA,0.641450047492981,25.430274963378906,1238.9156494140625,1.2389156494140625,1.2389156494140625
3604009,3604009,G36004009,3604009,36,New York,NYC-Brooklyn Community District 18--Canarsie & Flatlands PUMA,0.7610221438937717,24.787755330403645,1212.4020182291667,1.2124020182291668,1.2124020182291668
3604016,3604016,G36004016,3604016,36,New York,"NYC-Brooklyn Community District 15--Sheepshead Bay, Gerritsen Beach & Homecrest PUMA",0.7577499151229858,24.844398498535156,1219.876953125,1.219876953125,1.219876953125
3604017,3604017,G36004017,3604017,36,New York,NYC-Brooklyn Community District 11--Bensonhurst & Bath Beach PUMA,0.7221499681472778,24.941373825073242,1224.3310546875,1.2243310546875,1.2243310546875
3604008,3604008,G36004008,3604008,36,New York,NYC-Brooklyn Community District 5--East New York & Starrett City PUMA,0.7180999517440796,24.98110008239746,1221.31201171875,1.22131201171875,1.22131201171875
3604014,3604014,G36004014,3604014,36,New York,"NYC-Brooklyn Community District 12--Borough Park, Kensington & Ocean Parkway PUMA",0.6261999607086182,25.19795036315918,1231.3851318359375,1.2313851318359375,1.2313851318359375
3604006,3604006,G36004006,3604006,36,New York,NYC-Brooklyn Community District 8--Crown Heights North & Prospect Heights PUMA,0.632599949836731,25.18579864501953,1231.838134765625,1.231838134765625,1.231838134765625
3604015,3604015,G36004015,3604015,36,New York,NYC-Brooklyn Community District 14--Flatbush & Midwood PUMA,0.6297999620437622,25.133800506591797,1230.3172607421875,1.2303172607421875,1.2303172607421875
3604011,3604011,G36004011,3604011,36,New York,"NYC-Brooklyn Community District 9--Crown Heights South, Prospect Lefferts & Wingate PUMA",0.632599949836731,25.18579864501953,1231.838134765625,1.231838134765625,1.231838134765625
3604001,3604001,G36004001,3604001,36,New York,NYC-Brooklyn Community District 1--Greenpoint & Williamsburg PUMA,0.7005749344825745,25.437875747680664,1241.6181640625,1.2416181640625,1.2416181640625
3604007,3604007,G36004007,3604007,36,New York,NYC-Brooklyn Community District 16--Brownsville & Ocean Hill PUMA,0.7221499681472778,25.03369903564453,1222.7880859375,1.2227880859375,1.2227880859375
3604003,3604003,G36004003,3604003,36,New York,NYC-Brooklyn Community District 3--Bedford-Stuyvesant PUMA,0.6749749779701233,25.306949615478516,1236.240234375,1.236240234375,1.236240234375
3604010,3604010,G36004010,3604010,36,New York,"NYC-Brooklyn Community District 17--East Flatbush, Farragut & Rugby PUMA",0.6699999570846558,25.082799911499023,1227.513916015625,1.227513916015625,1.227513916015625
3604002,3604002,G36004002,3604002,36,New York,NYC-Brooklyn Community District 4--Bushwick PUMA,0.7077000141143799,25.333999633789062,1236.7545572916667,1.2367545572916667,1.2367545572916667
3601500,3601500,G36001500,3601500,36,New York,Madison & Cortland Counties PUMA,-5.877762806566456,20.358909381592827,1164.2386603375528,1.1642386603375527,1.1642386603375527
3600500,3600500,G36000500,3600500,36,New York,Jefferson & Lewis Counties PUMA,-7.60409688949585,20.157611846923828,1181.9202544031311,1.181920254403131,1.181920254403131
3601000,3601000,G36001000,3601000,36,New York,Genesee & Orleans Counties PUMA,-3.9537461862056213,21.68497191660503,911.9556213017752,0.9119556213017752,0.9119556213017752
3602903,3602903,G36002903,3602903,36,New York,Orange County (Southeast) PUMA,-2.816854053073459,22.757527669270832,1256.943359375,1.256943359375,1.256943359375
3602902,3602902,G36002902,3602902,36,New York,Orange County (Northwest) PUMA,-3.4078828742705194,22.418159944465362,1190.526731927711,1.1905267319277109,1.1905267319277109
3602901,3602901,G36002901,3602901,36,New York,Orange County (Northeast)--Greater Newburgh City PUMA,-3.01279049827939,23.004079182942707,1195.858165922619,1.195858165922619,1.195858165922619
3601101,3601101,G36001101,3601101,36,New York,Niagara County (Southwest)--Greater Niagara Falls & North Tonawanda Area PUMA,-3.6616158736379525,22.19191541169819,937.256681743421,0.937256681743421,0.937256681743421
3601102,3601102,G36001102,3601102,36,New York,Niagara County (North & East) PUMA,-3.350802788367638,22.15331561748798,904.5957782451923,0.9045957782451922,0.9045957782451922
3603101,3603101,G36003101,3603101,36,New York,Putnam County PUMA,-2.93920845820986,22.67358187971444,1273.3255657327586,1.2733255657327587,1.2733255657327587
3601300,3601300,G36001300,3601300,36,New York,Livingston & Wyoming Counties PUMA,-5.0830703125,20.5444140625,993.8325625,0.9938325625,0.9938325625
3601900,3601900,G36001900,3601900,36,New York,Rensselaer County--Troy City PUMA,-5.252782485064338,21.286814970128678,1151.6678538602941,1.1516678538602942,1.1516678538602942
3600402,3600402,G36000402,3600402,36,New York,Oneida County (Central)--Greater Utica & Rome Cities PUMA,-5.870264389935662,21.300318100873163,1223.9280790441176,1.2239280790441176,1.2239280790441176
3600800,3600800,G36000800,3600800,36,New York,Wayne & Seneca Counties PUMA,-3.996369861421131,21.83711635044643,952.7733630952381,0.9527733630952381,0.9527733630952381
3603305,3603305,G36003305,3603305,36,New York,Suffolk County (East) PUMA,-0.09972936388046022,22.880111452132937,1200.913070436508,1.2009130704365079,1.2009130704365079
3603301,3603301,G36003301,3603301,36,New York,Suffolk County (Northwest)--Huntington Town (North) PUMA,0.13013333744472927,24.070515950520832,1193.8248697916667,1.1938248697916667,1.1938248697916667
3603303,3603303,G36003303,3603303,36,New York,Suffolk County (Northwest)--Smithtown Town PUMA,0.060864708002875835,23.983416389016543,1204.9034926470588,1.2049034926470588,1.2049034926470588
3603304,3603304,G36003304,3603304,36,New York,Suffolk County (North Central)--Brookhaven Town (North) PUMA,-0.0036318166689439254,23.778786399147727,1196.4391867897727,1.1964391867897728,1.1964391867897728
3603306,3603306,G36003306,3603306,36,New York,Suffolk County (South Central)--Brookhaven Town (South) PUMA,-0.15774041033805686,23.437141580784573,1185.9247007978724,1.1859247007978724,1.1859247007978724
3603311,3603311,G36003311,3603311,36,New York,Suffolk County (Southwest)--Islip Town (South) PUMA,0.22540476208641416,23.686148507254465,1182.1729910714287,1.1821729910714287,1.1821729910714287
3603312,3603312,G36003312,3603312,36,New York,Suffolk County (Southwest)--Babylon Town (Southeast) PUMA,0.37927499413490295,23.879064559936523,1156.79931640625,1.15679931640625,1.15679931640625
3603302,3603302,G36003302,3603302,36,New York,Suffolk County (Northwest)--Huntington Town (South) PUMA,0.31658237120684457,24.133785472196692,1175.9547334558824,1.1759547334558824,1.1759547334558824
3603307,3603307,G36003307,3603307,36,New York,Suffolk County (Central)--Brookhaven Town (Central) PUMA,-0.07767856972558158,23.695829119001115,1205.5630580357142,1.2055630580357142,1.2055630580357142
3603309,3603309,G36003309,3603309,36,New York,Suffolk County (Central)--Islip Town (East) PUMA,0.00615000393655565,23.74184841579861,1214.6185980902778,1.2146185980902777,1.2146185980902777
3603313,3603313,G36003313,3603313,36,New York,Suffolk County (West Central)--Babylon Town (Northwest) PUMA,0.3474272814663974,24.113935990767047,1156.0302734375,1.1560302734375,1.1560302734375
3603308,3603308,G36003308,3603308,36,New York,Suffolk County (Central)--Brookhaven Town (West Central) PUMA,-0.000575001041094462,23.879781087239582,1215.7666015625,1.2157666015625,1.2157666015625
3603310,3603310,G36003310,3603310,36,New York,Suffolk County (Central)--Islip Town (Northwest) PUMA,0.09019999504089356,23.928251647949217,1208.01044921875,1.20801044921875,1.20801044921875
3603002,3603002,G36003002,3603002,36,New York,"Rockland County (South)--Orangetown, Clarkstown (South) & Ramapo (Southeast) Towns PUMA",-1.2923149108886718,23.739764404296874,1259.94375,1.25994375,1.25994375
3603003,3603003,G36003003,3603003,36,New York,"Rockland County (West)--Spring Valley, Suffern Villages & Monsey PUMA",-1.99576659429641,23.15486072358631,1291.751674107143,1.2917516741071429,1.2917516741071429
3603001,3603001,G36003001,3603001,36,New York,Rockland County (North)--New City & Congers PUMA,-1.8326915105183919,23.4016596476237,1283.8064778645833,1.2838064778645832,1.2838064778645832
3600300,3600300,G36000300,3600300,36,New York,Warren & Washington Counties PUMA,-7.019365683369253,20.338270867007903,1152.2697557471265,1.1522697557471264,1.1522697557471264
3600600,3600600,G36000600,3600600,36,New York,Oswego County PUMA,-5.597136448246772,20.98276115023474,1239.8744131455398,1.23987441314554,1.23987441314554
3603103,3603103,G36003103,3603103,36,New York,Westchester County (Northeast) PUMA,-2.0162137787917565,23.24390911233836,1257.1290409482758,1.2571290409482758,1.2571290409482758
3603104,3603104,G36003104,3603104,36,New York,Westchester County (Southeast) PUMA,-0.3390000207083566,24.085885184151785,1247.169224330357,1.2471692243303572,1.2471692243303572
3603106,3603106,G36003106,3603106,36,New York,Westchester County (Southwest)--Yonkers City PUMA,-0.31717779901292587,24.438032362196182,1253.7524956597222,1.2537524956597221,1.2537524956597221
3603105,3603105,G36003105,3603105,36,New York,Westchester County (Central)--White Plains City PUMA,-0.7110882366404814,24.05726354262408,1253.6946231617646,1.2536946231617647,1.2536946231617647
3603102,3603102,G36003102,3603102,36,New York,Westchester County (Northwest) PUMA,-1.4842033386230469,23.69031182650862,1255.680765086207,1.255680765086207,1.255680765086207
3603107,3603107,G36003107,3603107,36,New York,Westchester County (South Central)--New Rochelle & Mount Vernon Cities PUMA,0.09892725944519043,24.54949951171875,1248.1022727272727,1.2481022727272728,1.2481022727272728
3600100,3600100,G36000100,3600100,36,New York,St. Lawrence County PUMA,-8.595707740134689,20.240987564981097,1085.305056710775,1.085305056710775,1.085305056710775
3602300,3602300,G36002300,3602300,36,New York,Tompkins County PUMA,-5.153407016647196,20.761837397780372,1033.2808119158879,1.0332808119158878,1.0332808119158878
3602600,3602600,G36002600,3602600,36,New York,Chautauqua County PUMA,-4.417791088981808,20.489321999706572,1201.8436766431926,1.2018436766431926,1.2018436766431926
3604110,3604110,G36004110,3604110,36,New York,"NYC-Queens Community District 5--Ridgewood, Glendale & Middle Village PUMA",0.7163570949009487,25.164372035435267,1229.0867745535713,1.2290867745535714,1.2290867745535714
3604108,3604108,G36004108,3604108,36,New York,NYC-Queens Community District 6--Forest Hills & Rego Park PUMA,0.7438750267028809,25.133699417114258,1225.36328125,1.22536328125,1.22536328125
3604109,3604109,G36004109,3604109,36,New York,NYC-Queens Community District 2--Sunnyside & Woodside PUMA,0.7140999436378479,25.38242530822754,1239.5751953125,1.2395751953125,1.2395751953125
3604107,3604107,G36004107,3604107,36,New York,NYC-Queens Community District 4--Elmhurst & South Corona PUMA,0.7438750267028809,25.133699417114258,1225.36328125,1.22536328125,1.22536328125
3604102,3604102,G36004102,3604102,36,New York,NYC-Queens Community District 3--Jackson Heights & North Corona PUMA,0.7552999258041382,25.310298919677734,1233.2998046875,1.2332998046875,1.2332998046875
3604101,3604101,G36004101,3604101,36,New York,NYC-Queens Community District 1--Astoria & Long Island City PUMA,0.6820000012715658,25.393399556477863,1239.5899251302083,1.2395899251302083,1.2395899251302083
3604111,3604111,G36004111,3604111,36,New York,NYC-Queens Community District 9--Richmond Hill & Woodhaven PUMA,0.7323999404907227,24.907839965820312,1212.0578125,1.2120578124999999,1.2120578124999999
3604106,3604106,G36004106,3604106,36,New York,"NYC-Queens Community District 8--Briarwood, Fresh Meadows & Hillcrest PUMA",0.7591666380564371,24.9138666788737,1207.6798502604167,1.2076798502604167,1.2076798502604167
3604112,3604112,G36004112,3604112,36,New York,"NYC-Queens Community District 12--Jamaica, Hollis & St. Albans PUMA",0.745900011062622,24.7072998046875,1196.116796875,1.1961167968750002,1.1961167968750002
3604113,3604113,G36004113,3604113,36,New York,NYC-Queens Community District 10--Howard Beach & Ozone Park PUMA,0.7542499701182047,24.77966562906901,1202.3142903645833,1.2023142903645831,1.2023142903645831
3604105,3604105,G36004105,3604105,36,New York,"NYC-Queens Community District 13--Queens Village, Cambria Heights & Rosedale PUMA",0.7406363053755327,24.585446444424715,1190.8034446022727,1.1908034446022728,1.1908034446022728
3604104,3604104,G36004104,3604104,36,New York,"NYC-Queens Community District 11--Bayside, Douglaston & Little Neck PUMA",0.7488166491190592,24.82066599527995,1206.9938151041667,1.2069938151041668,1.2069938151041668
3604103,3604103,G36004103,3604103,36,New York,"NYC-Queens Community District 7--Flushing, Murray Hill & Whitestone PUMA",0.7960832913716634,25.100631713867188,1222.3379720052083,1.2223379720052083,1.2223379720052083
3604114,3604114,G36004114,3604114,36,New York,"NYC-Queens Community District 14--Far Rockaway, Breezy Point & Broad Channel PUMA",0.8156909075650302,24.48264659534801,1194.6448863636363,1.1946448863636363,1.1946448863636363
3702600,3702600,G37002600,3702600,37,North Carolina,"Rutherford, Cleveland (West) & Polk Counties--Shelby City PUMA",4.369212877428209,25.231088999155407,1376.591722972973,1.376591722972973,1.376591722972973
3705200,3705200,G37005200,3705200,37,North Carolina,"Hoke, Richmond & Scotland Counties PUMA",5.877038466191925,27.067473555033185,1206.525857300885,1.206525857300885,1.206525857300885
3701900,3701900,G37001900,3701900,37,North Carolina,"Davie, Yadkin & Iredell (North) Counties PUMA",3.628863525390625,25.22112358940972,1197.8456597222223,1.1978456597222222,1.1978456597222222
3703400,3703400,G37003400,3703400,37,North Carolina,Rowan County PUMA,4.197814354529748,25.768582857572117,1149.962665264423,1.149962665264423,1.149962665264423
3702900,3702900,G37002900,3702900,37,North Carolina,Iredell (South)--Mooresville Town & Statesville City PUMA,4.112774222237723,25.58377685546875,1180.3926339285715,1.1803926339285715,1.1803926339285715
3700400,3700400,G37000400,3700400,37,North Carolina,"Granville, Person & Caswell Counties PUMA",3.8264019499099793,25.804372026105966,1190.0365226337449,1.1900365226337448,1.1900365226337448
3700800,3700800,G37000800,3700800,37,North Carolina,South & West Albemarle Sound & Northern Outer Banks Regions PUMA,6.327314770706301,26.67352007113821,1343.157418699187,1.343157418699187,1.343157418699187
3700100,3700100,G37000100,3700100,37,North Carolina,"Boone High Country--Watauga, Ashe, Yancey, Avery & Mitchell Counties PUMA",0.5387915895696271,20.85032380756579,1395.5255482456141,1.3955255482456141,1.3955255482456141
3701100,3701100,G37001100,3701100,37,North Carolina,Johnston County PUMA,5.4123527018229165,26.756871744791667,1241.3070833333334,1.2413070833333333,1.2413070833333333
3701000,3701000,G37001000,3701000,37,North Carolina,Wilson & Greene Counties--Wilson City PUMA,5.745530496432087,26.939556932824804,1267.1802411417323,1.2671802411417323,1.2671802411417323
3700600,3700600,G37000600,3700600,37,North Carolina,"Halifax, Hertford, Northampton & Warren (East) Counties PUMA",4.647142961032484,26.313651690729483,1237.5896656534953,1.2375896656534953,1.2375896656534953
3704300,3704300,G37004300,3704300,37,North Carolina,Craven County PUMA,7.0382220928485575,26.971673427483974,1407.663561698718,1.407663561698718,1.407663561698718
3700700,3700700,G37000700,3700700,37,North Carolina,Northeast Albemarle Sound Region PUMA,5.60757999292156,26.580182990771814,1286.9211409395973,1.2869211409395973,1.2869211409395973
3702300,3702300,G37002300,3702300,37,North Carolina,"Haywood, Madison, Swain, Graham & Jackson (North) Counties PUMA",1.6994433323981353,21.24895869302486,1520.0348756906078,1.520034875690608,1.520034875690608
3703800,3703800,G37003800,3703800,37,North Carolina,Harnett County PUMA,5.465857995074728,26.802577275815217,1216.639945652174,1.216639945652174,1.216639945652174
3700200,3700200,G37000200,3700200,37,North Carolina,"Wilkesboro High Country--Surry, Wilkes & Alleghany Counties PUMA",2.5018538590315935,23.706083304716117,1315.7179487179487,1.3157179487179487,1.3157179487179487
3704400,3704400,G37004400,3704400,37,North Carolina,"Carteret, Beaufort & Pamlico Counties PUMA",7.129141258182669,26.916181226620946,1424.4771303258146,1.4244771303258146,1.4244771303258146
3702800,3702800,G37002800,3702800,37,North Carolina,Catawba County--Hickory City PUMA,4.215731991038603,25.511569393382352,1230.1699448529412,1.230169944852941,1.230169944852941
3700900,3700900,G37000900,3700900,37,North Carolina,Nash & Edgecombe Counties--Rocky Mount City PUMA,5.10703319340796,26.62666647232587,1222.6252332089553,1.2226252332089553,1.2226252332089553
3703900,3703900,G37003900,3703900,37,North Carolina,Sampson & Duplin Counties PUMA,6.33129134639617,26.9349609375,1315.2515120967741,1.315251512096774,1.315251512096774
3703700,3703700,G37003700,3703700,37,North Carolina,Moore & Montgomery Counties PUMA,5.248634620949074,26.614838776765048,1208.8467881944443,1.2088467881944442,1.2088467881944442
3705300,3705300,G37005300,3705300,37,North Carolina,Union (East) & Anson Counties--Monroe City PUMA,5.769113469251337,26.89743482620321,1181.7533422459894,1.1817533422459894,1.1817533422459894
3701301,3701301,G37001301,3701301,37,North Carolina,Durham County (South)--Durham City (South) PUMA,4.532099914550781,26.3881201171875,1210.470625,1.210470625,1.210470625
3701302,3701302,G37001302,3701302,37,North Carolina,Durham County (North)--Durham City (North) PUMA,4.285006103515625,26.0584228515625,1202.29078125,1.20229078125,1.20229078125
3704200,3704200,G37004200,3704200,37,North Carolina,Pitt County--Greenville City PUMA,6.03705908203125,26.972779296875,1306.23075,1.3062307499999999,1.3062307499999999
3702700,3702700,G37002700,3702700,37,North Carolina,Lincoln & Cleveland (East) Counties PUMA,4.449182754907852,25.657675196981838,1241.0106837606838,1.2410106837606838,1.2410106837606838
3700500,3700500,G37000500,3700500,37,North Carolina,"Franklin, Vance & Warren (West) Counties PUMA",4.256784292367788,26.204224974244507,1193.5674793956043,1.1935674793956044,1.1935674793956044
3704000,3704000,G37004000,3704000,37,North Carolina,Wayne County PUMA,6.00836181640625,27.02547354068396,1278.9746462264152,1.278974646226415,1.278974646226415
3701704,3701704,G37001704,3701704,37,North Carolina,Guilford County (South)--High Point City PUMA,4.189197621446975,25.89381960605053,1177.482463430851,1.1774824634308512,1.1774824634308512
3701702,3701702,G37001702,3701702,37,North Carolina,Greensboro City (South) PUMA,4.088705274793837,25.823616875542534,1165.195529513889,1.165195529513889,1.165195529513889
3701701,3701701,G37001701,3701701,37,North Carolina,Greensboro City (North) PUMA,3.9813435077667236,25.785924911499023,1159.80810546875,1.15980810546875,1.15980810546875
3701703,3701703,G37001703,3701703,37,North Carolina,Guilford County (North)--Summerfield Town PUMA,4.005207443237305,25.82378234863281,1170.173828125,1.170173828125,1.170173828125
3701600,3701600,G37001600,3701600,37,North Carolina,Alamance County--Burlington City PUMA,4.226097800514915,26.07985895330256,1181.5569957386363,1.1815569957386363,1.1815569957386363
3701400,3701400,G37001400,3701400,37,North Carolina,Orange County--Chapel Hill Town PUMA,4.28822265625,26.00361328125,1198.308125,1.198308125,1.198308125
3701802,3701802,G37001802,3701802,37,North Carolina,Winston-Salem City (South) PUMA,3.866947671641474,25.573826002038043,1164.8068953804348,1.1648068953804347,1.1648068953804347
3701801,3701801,G37001801,3701801,37,North Carolina,Winston-Salem City (North) PUMA,3.7767286754789806,25.482767740885418,1168.7236793154761,1.168723679315476,1.168723679315476
3701803,3701803,G37001803,3701803,37,North Carolina,Forsyth County (Outside Winston-Salem City)--Kernersville Town & Clemmons Village PUMA,3.751235734170942,25.47560780083955,1174.2495335820895,1.1742495335820895,1.1742495335820895
3703600,3703600,G37003600,3703600,37,North Carolina,Randolph County PUMA,4.497686476934524,26.019376793686224,1181.3170705782313,1.1813170705782314,1.1813170705782314
3704100,3704100,G37004100,3704100,37,North Carolina,"Lenoir, Onslow (North) & Jones Counties PUMA",6.672852075400472,26.91358037355567,1390.1377363445379,1.390137736344538,1.390137736344538
3702000,3702000,G37002000,3702000,37,North Carolina,Caldwell & Alexander Counties PUMA,3.426232278758082,24.54955886314655,1337.1335129310344,1.3371335129310344,1.3371335129310344
3702100,3702100,G37002100,3702100,37,North Carolina,Burke & McDowell Counties PUMA,3.260717571111015,24.02466494734116,1379.3731008287293,1.3793731008287293,1.3793731008287293
3701500,3701500,G37001500,3701500,37,North Carolina,Chatham & Lee Counties PUMA,4.826751708984375,26.29140896267361,1199.9381944444444,1.1999381944444445,1.1999381944444445
3703300,3703300,G37003300,3703300,37,North Carolina,Stanley & Cabarrus (East) Counties PUMA,5.012638279649078,26.448408283171105,1191.8163422131147,1.1918163422131147,1.1918163422131147
3703500,3703500,G37003500,3703500,37,North Carolina,Davidson County PUMA,4.197882025091498,25.79399150126689,1163.9077984234234,1.1639077984234234,1.1639077984234234
3703106,3703106,G37003106,3703106,37,North Carolina,"Mecklenburg County (North)--Huntersville, Cornelius & Davidson Towns PUMA",4.839838364545037,26.213393267463236,1146.3569623161766,1.1463569623161767,1.1463569623161767
3703002,3703002,G37003002,3703002,37,North Carolina,Gaston County (Southeast)--Gastonia & Belmont Cities PUMA,5.115939004080636,26.34179905482701,1120.63818359375,1.12063818359375,1.12063818359375
3703001,3703001,G37003001,3703001,37,North Carolina,Gaston County (Northwest)--Mount Holly City PUMA,4.8680083786231885,26.122900036798008,1157.0489130434783,1.1570489130434782,1.1570489130434782
3703200,3703200,G37003200,3703200,37,North Carolina,"Cabarrus County (West)--Concord, Kannapolis Cities & Harrisburg Town PUMA",4.775609493255615,26.277847290039062,1188.09423828125,1.18809423828125,1.18809423828125
3702201,3702201,G37002201,3702201,37,North Carolina,Buncombe County (Southeast)--Asheville City PUMA,2.639672299648853,22.716246259973403,1281.391954787234,1.2813919547872339,1.2813919547872339
3702202,3702202,G37002202,3702202,37,North Carolina,Buncombe County (Northwest) PUMA,2.087825169073087,21.96002254307827,1241.3971962616822,1.241397196261682,1.241397196261682
3704500,3704500,G37004500,3704500,37,North Carolina,Onslow County (South)--Jacksonville City PUMA,7.23887148770419,26.819341486150567,1485.8312322443182,1.4858312322443183,1.4858312322443183
3700300,3700300,G37000300,3700300,37,North Carolina,Rockingham & Stokes Counties PUMA,3.393654563210227,25.269001190675134,1207.8662266042782,1.2078662266042781,1.2078662266042781
3703108,3703108,G37003108,3703108,37,North Carolina,Mecklenburg County (South)--Matthews Town (South) PUMA,5.394925011528863,26.580156114366318,1133.8172743055557,1.1338172743055557,1.1338172743055557
3703105,3703105,G37003105,3703105,37,North Carolina,Charlotte City (Southwest) PUMA,5.356349945068359,26.577898297991073,1134.0567801339287,1.1340567801339287,1.1340567801339287
3703104,3703104,G37003104,3703104,37,North Carolina,Charlotte City (South) PUMA,5.407983144124349,26.587882147894966,1141.8793402777778,1.1418793402777778,1.1418793402777778
3703102,3703102,G37003102,3703102,37,North Carolina,Charlotte City (Northwest) PUMA,5.132440185546875,26.416351318359375,1138.753515625,1.1387535156250002,1.1387535156250002
3703107,3703107,G37003107,3703107,37,North Carolina,Mecklenburg County (East)--Mint Hill & Matthews (North) Towns PUMA,5.198686270878233,26.493490284886853,1169.1272898706898,1.1691272898706897,1.1691272898706897
3703101,3703101,G37003101,3703101,37,North Carolina,Charlotte City (Central) PUMA,5.251283009847005,26.502182006835938,1147.874755859375,1.147874755859375,1.147874755859375
3703103,3703103,G37003103,3703103,37,North Carolina,Charlotte City (Northeast) PUMA,5.019673156738281,26.392759195963542,1172.1200520833333,1.1721200520833333,1.1721200520833333
3705400,3705400,G37005400,3705400,37,North Carolina,Union County (West)--Indian Trail & Stallings Towns PUMA,5.517072041829427,26.620647854275173,1137.609375,1.137609375,1.137609375
3701205,3701205,G37001205,3701205,37,North Carolina,Wake County (Southeast)--Garner (South) & Fuquay-Varina Towns PUMA,5.086394500732422,26.389187622070313,1220.0734375,1.2200734375,1.2200734375
3701201,3701201,G37001201,3701201,37,North Carolina,Raleigh City (South & Central) PUMA,4.953988075256348,26.3453311920166,1219.415771484375,1.219415771484375,1.219415771484375
3701207,3701207,G37001207,3701207,37,North Carolina,Wake County (West Central)--Cary Town PUMA,5.005526090923109,26.373490182976973,1219.806332236842,1.219806332236842,1.219806332236842
3701208,3701208,G37001208,3701208,37,North Carolina,Wake County (Southwest)--Apex & Holly Springs Towns PUMA,4.955817086356027,26.356733049665177,1207.9041294642857,1.2079041294642856,1.2079041294642856
3701204,3701204,G37001204,3701204,37,North Carolina,"Wake County (East)--Raleigh City (East), Knightdale & Garner (North) Towns PUMA",4.941788760098544,26.401980313387785,1225.132901278409,1.225132901278409,1.225132901278409
3701202,3701202,G37001202,3701202,37,North Carolina,Raleigh City (North) PUMA,4.822100022259881,26.315497903262866,1215.4221047794117,1.2154221047794118,1.2154221047794118
3701203,3701203,G37001203,3701203,37,North Carolina,"Wake County (Northeast)--Raleigh City (Northeast), Wake Forest & Rolesville Towns PUMA",4.717815399169922,26.28418438251202,1211.6346905048076,1.2116346905048077,1.2116346905048077
3701206,3701206,G37001206,3701206,37,North Carolina,Wake County (Northwest)--Raleigh City (Northwest) & Morrisville Town PUMA,4.654887501786395,26.321128286966463,1210.1720655487804,1.2101720655487804,1.2101720655487804
3705001,3705001,G37005001,3705001,37,North Carolina,Cumberland County (Central)--Fayetteville City (Central & East) PUMA,6.042610592312283,27.277779473198784,1219.783203125,1.219783203125,1.219783203125
3705003,3705003,G37005003,3705003,37,North Carolina,Cumberland County (West)--Fayetteville City (West) PUMA,6.065764396421371,27.246792700982862,1219.301537298387,1.219301537298387,1.219301537298387
3705002,3705002,G37005002,3705002,37,North Carolina,Cumberland County (East)--Hope Mills & Spring Lake Towns PUMA,6.174209166910047,27.202600211740656,1230.5105140186915,1.2305105140186916,1.2305105140186916
3904500,3904500,G39004500,3904500,39,Ohio,"Darke, Shelby & Preble Counties PUMA",-3.0025935352296758,22.934676779840224,1048.5199718045112,1.0485199718045113,1.0485199718045113
3903000,3903000,G39003000,3903000,39,Ohio,Tuscarawas & Harrison Counties PUMA,-2.3207835950349507,22.717855674342104,1061.2753289473685,1.0612753289473684,1.0612753289473684
3902400,3902400,G39002400,3902400,39,Ohio,Hancock & Putnam Counties PUMA,-3.498734559064136,23.128400073625656,959.140297774869,0.9591402977748691,0.9591402977748691
3905200,3905200,G39005200,3905200,39,Ohio,"Highland, Clinton & Adams Counties PUMA",-1.1142352605270127,23.506057997881356,1148.4245762711864,1.1484245762711864,1.1484245762711864
3905600,3905600,G39005600,3905600,39,Ohio,Clermont County (West) PUMA,-0.5516147052540499,24.43525785558364,1169.2475873161766,1.1692475873161765,1.1692475873161765
3905700,3905700,G39005700,3905700,39,Ohio,Clermont (East) & Brown Counties PUMA,-0.7472156524658203,23.950277709960936,1183.73359375,1.18373359375,1.18373359375
3901300,3901300,G39001300,3901300,39,Ohio,Ashtabula County PUMA,-3.33561642964681,21.578060574001736,1111.3305121527778,1.111330512152778,1.111330512152778
3903600,3903600,G39003600,3903600,39,Ohio,"Washington, Morgan, Noble & Monroe Counties PUMA",-1.353801759899172,23.046172487090455,1116.315705128205,1.116315705128205,1.116315705128205
3903400,3903400,G39003400,3903400,39,Ohio,Columbiana County PUMA,-2.8323343741793594,22.378155363707982,1034.610294117647,1.0346102941176472,1.0346102941176472
3901400,3901400,G39001400,3901400,39,Ohio,Trumbull (Outside Warren City) & Mahoning (Outside Youngstown City) Counties PUMA,-3.3242964311079546,21.912558815696023,1053.5461647727273,1.0535461647727273,1.0535461647727273
3904300,3904300,G39004300,3904300,39,Ohio,Clark County PUMA,-2.5861129760742188,23.008453369140625,1053.231212797619,1.053231212797619,1.053231212797619
3905000,3905000,G39005000,3905000,39,Ohio,"Athens, Gallia & Meigs Counties PUMA",-0.6032418481709725,23.565413822766246,1113.9451714801444,1.1139451714801445,1.1139451714801445
3900700,3900700,G39000700,3900700,39,Ohio,Erie & Sandusky Counties PUMA,-3.246032310637417,23.20071431343129,959.9841680463576,0.9599841680463576,0.9599841680463576
3900100,3900100,G39000100,3900100,39,Ohio,"Defiance, Williams, Henry & Paulding Counties PUMA",-4.023066533076299,22.92813387784091,938.5771103896104,0.9385771103896104,0.9385771103896104
3901900,3901900,G39001900,3901900,39,Ohio,Medina County PUMA,-3.162905606356534,22.577830921519887,1021.0020419034091,1.0210020419034092,1.0210020419034092
3902800,3902800,G39002800,3902800,39,Ohio,"Marion, Knox & Morrow Counties PUMA",-3.28171126173419,22.539444633152176,1046.1305583003953,1.0461305583003953,1.0461305583003953
3902200,3902200,G39002200,3902200,39,Ohio,Richland County PUMA,-3.536917724609375,22.2709765625,1045.807265625,1.045807265625,1.045807265625
3904800,3904800,G39004800,3904800,39,Ohio,Ross & Fayette Counties PUMA,-1.537340099684858,23.279447841183575,1066.3491092995168,1.0663491092995168,1.0663491092995168
3900200,3900200,G39000200,3900200,39,Ohio,"Wood (South), Fulton & Lucas (Southwest) Counties--Bowling Green City PUMA",-3.7961080799932065,22.99487835427989,912.2642663043479,0.9122642663043479,0.9122642663043479
3902300,3902300,G39002300,3902300,39,Ohio,"Seneca, Crawford & Wyandot Counties PUMA",-3.4111185225229415,22.91040814112103,996.3244047619048,0.9963244047619049,0.9963244047619049
3902900,3902900,G39002900,3902900,39,Ohio,"Holmes, Guernsey & Coshocton Counties PUMA",-2.4129564292114694,22.64626036066308,1053.5316980286739,1.053531698028674,1.053531698028674
3902700,3902700,G39002700,3902700,39,Ohio,"Logan, Champaign & Hardin Counties PUMA",-3.2072362899780273,22.892972946166992,1037.658935546875,1.037658935546875,1.037658935546875
3904900,3904900,G39004900,3904900,39,Ohio,"Jackson, Hocking, Pike & Vinton Counties PUMA",-1.0001527774407997,23.48776870632764,1107.3775232919254,1.1073775232919254,1.1073775232919254
3903300,3903300,G39003300,3903300,39,Ohio,Stark County (East) & Carroll County--Alliance City PUMA,-2.752651438993566,22.575780531939337,1051.5335477941176,1.0515335477941177,1.0515335477941177
3901200,3901200,G39001200,3901200,39,Ohio,Geauga & Lake (South) Counties PUMA,-3.6360321044921875,21.703394571940105,1140.5556640625,1.1405556640625,1.1405556640625
3901100,3901100,G39001100,3901100,39,Ohio,"Lake County (East)--Mentor, Painesville Cities & Madison Village PUMA",-2.4682255336216516,22.159776088169643,1092.23203125,1.09223203125,1.09223203125
3901000,3901000,G39001000,3901000,39,Ohio,"Lake County (West)--Eastlake, Wickliffe, Willoughby & Willowick Cities PUMA",-2.449784851074219,22.352154541015626,1112.5072265625,1.1125072265625,1.1125072265625
3902100,3902100,G39002100,3902100,39,Ohio,Huron & Ashland Counties PUMA,-3.3968898692029588,22.474196413730052,1021.1707114361702,1.0211707114361703,1.0211707114361703
3902500,3902500,G39002500,3902500,39,Ohio,Allen County PUMA,-3.392531077067057,23.093119303385418,995.430419921875,0.995430419921875,0.995430419921875
3905100,3905100,G39005100,3905100,39,Ohio,Scioto & Lawrence Counties PUMA,0.023402951621069697,24.12733316656404,1144.3392857142858,1.1443392857142858,1.1443392857142858
3900500,3900500,G39000500,3900500,39,Ohio,Toledo City (East) PUMA,-3.452685764857701,23.280114310128347,902.5167410714286,0.9025167410714285,0.9025167410714285
3900600,3900600,G39000600,3900600,39,Ohio,"Ottawa, Wood (Northeast) & Lucas (East) Counties--Oregon City PUMA",-3.323432730025604,23.356929490546218,904.9638506355932,0.9049638506355931,0.9049638506355931
3900400,3900400,G39000400,3900400,39,Ohio,Toledo City (West) PUMA,-3.5285811651320684,23.18002464657738,898.992931547619,0.8989929315476191,0.8989929315476191
3900300,3900300,G39000300,3900300,39,Ohio,"Lucas (West) & Wood (North Central) Counties--Perrysburg, Sylvania & Maumee Cities PUMA",-3.7224905831473216,23.023335774739582,893.7406994047619,0.893740699404762,0.893740699404762
3902600,3902600,G39002600,3902600,39,Ohio,"Auglaize, Mercer & Van Wert Counties PUMA",-3.4697058726165255,23.11314883474576,1006.9069782838983,1.0069069782838982,1.0069069782838982
3901700,3901700,G39001700,3901700,39,Ohio,Portage County PUMA,-3.276048109266493,22.177128092447916,1046.6677951388888,1.0466677951388887,1.0466677951388887
3903500,3903500,G39003500,3903500,39,Ohio,Belmont & Jefferson Counties PUMA,-1.8140042212701613,22.777960664482528,1084.9314516129032,1.0849314516129032,1.0849314516129032
3905506,3905506,G39005506,3905506,39,Ohio,"Hamilton County (North Central)--Sharonville, Blue Ash, Springdale & Reading Cities PUMA",-0.5815187692642212,24.430706024169922,1138.796630859375,1.138796630859375,1.138796630859375
3905502,3905502,G39005502,3905502,39,Ohio,"Hamilton County (Central)--Forest Park City, White Oak, Bridgetown & Finneytown PUMA",-0.7031110657585992,24.440066867404514,1160.5043402777778,1.160504340277778,1.160504340277778
3905503,3905503,G39005503,3905503,39,Ohio,Cincinnati City (West) PUMA,-0.6373865763346355,24.457305908203125,1186.5173177083334,1.1865173177083335,1.1865173177083335
3905504,3905504,G39005504,3905504,39,Ohio,Cincinnati City (Central) PUMA,-0.46066922407883865,24.508328951322117,1160.6006610576924,1.1606006610576924,1.1606006610576924
3905505,3905505,G39005505,3905505,39,Ohio,Cincinnati (East) & Norwood Cities PUMA,-0.47060768420879656,24.494713416466347,1159.413311298077,1.159413311298077,1.159413311298077
3905507,3905507,G39005507,3905507,39,Ohio,"Hamilton County (East)--Loveland, Montgomery Cities & Forestville PUMA",-0.5481399536132813,24.42856689453125,1162.82046875,1.16282046875,1.16282046875
3905501,3905501,G39005501,3905501,39,Ohio,Hamilton County (West)--Mack & Dent PUMA,-0.6837944454616971,24.405763414171005,1170.937282986111,1.170937282986111,1.170937282986111
3904604,3904604,G39004604,3904604,39,Ohio,Montgomery County (Southeast)--Kettering & Centerville Cities PUMA,-1.7757058985093062,23.78031113568474,1070.3042279411766,1.0703042279411765,1.0703042279411765
3904603,3904603,G39004603,3904603,39,Ohio,Montgomery County (East Central)--Dayton & Riverside Cities PUMA,-1.7690142676943825,23.973494756789435,1061.118861607143,1.061118861607143,1.061118861607143
3904602,3904602,G39004602,3904602,39,Ohio,"Montgomery County (Northeast)--Huber Heights, Trotwood, Vandalia & Englewood Cities PUMA",-1.9863345806415265,23.805753267728367,1051.8580228365386,1.0518580228365386,1.0518580228365386
3904601,3904601,G39004601,3904601,39,Ohio,Montgomery County (West)--Miamisburg & West Carrollton Cities PUMA,-1.9680048207767675,23.68674356429303,1063.9969262295083,1.0639969262295084,1.0639969262295084
3902000,3902000,G39002000,3902000,39,Ohio,Wayne County PUMA,-3.165821216724537,22.34528492115162,1025.4825665509259,1.025482566550926,1.025482566550926
3904105,3904105,G39004105,3904105,39,Ohio,Columbus City (Central) PUMA,-1.6957554287380643,23.88787841796875,1045.038845486111,1.045038845486111,1.045038845486111
3904104,3904104,G39004104,3904104,39,Ohio,"Columbus (Northwest), Upper Arlington & Grandview Heights Cities PUMA",-1.7824331919352214,23.81671651204427,1039.0890299479167,1.0390890299479167,1.0390890299479167
3904106,3904106,G39004106,3904106,39,Ohio,Columbus City (Northeast) PUMA,-1.8282999038696288,23.745819091796875,1057.9046875,1.0579046875,1.0579046875
3904102,3904102,G39004102,3904102,39,Ohio,"Columbus (North), Westerville & Worthington Cities PUMA",-1.9583365700461648,23.63789228959517,1055.5784801136363,1.0555784801136363,1.0555784801136363
3904110,3904110,G39004110,3904110,39,Ohio,Columbus City (West) PUMA,-1.6715460557204027,23.8795166015625,1043.5512319711538,1.0435512319711537,1.0435512319711537
3904107,3904107,G39004107,3904107,39,Ohio,"Columbus (East), Whitehall & Bexley Cities PUMA",-1.6261643001011439,23.871656145368302,1060.6439732142858,1.0606439732142858,1.0606439732142858
3904103,3904103,G39004103,3904103,39,Ohio,"Columbus (Far Northwest), Dublin & Hilliard (North) Cities PUMA",-2.05817140851702,23.550707135881698,1035.3436104910713,1.0353436104910714,1.0353436104910714
3904108,3904108,G39004108,3904108,39,Ohio,Columbus (Southeast) & Reynoldsburg Cities PUMA,-1.680174986521403,23.770980834960938,1068.5250651041667,1.0685250651041667,1.0685250651041667
3904101,3904101,G39004101,3904101,39,Ohio,"Columbus (Far Northeast), Gahanna & New Albany Cities PUMA",-2.203141864977385,23.311512194181745,1077.1557360197369,1.0771557360197368,1.0771557360197368
3904111,3904111,G39004111,3904111,39,Ohio,Columbus (Far West) & Hilliard (South) Cities PUMA,-2.027724947248186,23.513133457728795,1035.8837193080358,1.0358837193080357,1.0358837193080357
3904109,3904109,G39004109,3904109,39,Ohio,"Franklin County (South)--Columbus (South), Grove Cities & Groveport Village PUMA",-1.5517455592299954,23.90606689453125,1053.0803740530303,1.0530803740530303,1.0530803740530303
3901500,3901500,G39001500,3901500,39,Ohio,"Mahoning County (Northeast)--Youngstown City, Boardman & Austintown PUMA",-3.219017701990464,21.990045884076288,1038.8080193014705,1.0388080193014706,1.0388080193014706
3900903,3900903,G39000903,3900903,39,Ohio,"Cuyahoga County (South)--Broadview Heights, North Royalton & Strongsville Cities PUMA",-2.793845610185103,22.800241643732246,1054.048916903409,1.054048916903409,1.054048916903409
3900910,3900910,G39000910,3900910,39,Ohio,"Cuyahoga County (East)--Lyndhurst, Mayfield Heights, Shaker Heights & Solon Cities PUMA",-3.090637445449829,22.28046226501465,1096.703369140625,1.096703369140625,1.096703369140625
3900907,3900907,G39000907,3900907,39,Ohio,"Cuyahoga County (Southeast)--Bedford, Garfield Heights & Maple Heights Cities PUMA",-2.772973713121916,22.664852744654606,1061.2247121710527,1.0612247121710527,1.0612247121710527
3900904,3900904,G39000904,3900904,39,Ohio,"Cuyahoga County (South Central)--Brooklyn, Parma, Parma Heights & Seven Hills Cities PUMA",-2.773630582369291,22.78955312875601,1056.9412560096155,1.0569412560096154,1.0569412560096154
3900909,3900909,G39000909,3900909,39,Ohio,"Cuyahoga County (Northeast)--Euclid, Cleveland Heights & South Euclid Cities PUMA",-2.4132299423217773,22.535690307617188,1056.9279296875,1.0569279296875,1.0569279296875
3900908,3900908,G39000908,3900908,39,Ohio,Cleveland City (East) & Bratenahl Village PUMA,-2.3120643070765903,22.710954938616073,1028.699428013393,1.028699428013393,1.028699428013393
3900905,3900905,G39000905,3900905,39,Ohio,Cleveland City (West) PUMA,-2.2163333892822266,23.016001383463543,1017.5240071614584,1.0175240071614584,1.0175240071614584
3900902,3900902,G39000902,3900902,39,Ohio,"Cuyahoga County (West)--Berea, Brook Park, Lakewood & Rocky River Cities PUMA",-2.29249996609158,23.014811197916668,1016.1494140625,1.0161494140625,1.0161494140625
3900901,3900901,G39000901,3900901,39,Ohio,"Cuyahoga County--Olmsted Township, Bay Village, North Olmsted & Westlake Cities PUMA",-2.3171066284179687,23.082659912109374,1012.3825520833333,1.0123825520833334,1.0123825520833334
3900906,3900906,G39000906,3900906,39,Ohio,Cleveland City (Central) PUMA,-2.096307607797476,22.966444749098557,1011.6472355769231,1.011647235576923,1.011647235576923
3903700,3903700,G39003700,3903700,39,Ohio,Muskingum & Perry Counties PUMA,-1.9755733882155373,22.730048919392523,1064.2335718457944,1.0642335718457943,1.0642335718457943
3904700,3904700,G39004700,3904700,39,Ohio,Greene County PUMA,-1.9764542177499058,23.338134765625,1068.8648343373493,1.0688648343373492,1.0688648343373492
3903900,3903900,G39003900,3903900,39,Ohio,Fairfield County PUMA,-1.9468302100595802,23.156410294349747,1068.6982323232323,1.0686982323232324,1.0686982323232324
3904400,3904400,G39004400,3904400,39,Ohio,Miami County PUMA,-2.5499999264636672,23.354415709713855,1045.3532567771085,1.0453532567771084,1.0453532567771084
3900802,3900802,G39000802,3900802,39,Ohio,"Lorain County (South)--Avon, Avon Lake & North Ridgeville Cities PUMA",-2.824274419428228,22.88712386246566,1014.6236263736264,1.0146236263736264,1.0146236263736264
3900801,3900801,G39000801,3900801,39,Ohio,Lorain County (North)--Elyria & Lorain Cities PUMA,-2.520231767134233,23.11522743918679,994.5559303977273,0.9945559303977273,0.9945559303977273
3904200,3904200,G39004200,3904200,39,Ohio,"Pickaway, Union & Madison Counties PUMA",-2.2139747256324407,23.279150211767398,1040.194826007326,1.040194826007326,1.040194826007326
3905401,3905401,G39005401,3905401,39,Ohio,Butler County (Southeast)--Monroe City & Beckett Ridge PUMA,-0.8690874576568604,24.211382548014324,1106.0931803385417,1.1060931803385416,1.1060931803385416
3905402,3905402,G39005402,3905402,39,Ohio,Butler County (South Central)--Hamilton & Fairfield Cities PUMA,-0.809079933166504,24.314324951171876,1109.775,1.1097750000000002,1.1097750000000002
3905403,3905403,G39005403,3905403,39,Ohio,"Butler County (North & West)--Middletown, Oxford & Trenton Cities PUMA",-1.369776596257716,23.842571494020063,1106.3571566358025,1.1063571566358026,1.1063571566358026
3905301,3905301,G39005301,3905301,39,Ohio,Warren County (East)--Lebanon & Springboro (East) Cities PUMA,-1.3255294351016773,23.79604923023897,1110.2279411764705,1.1102279411764704,1.1102279411764704
3905302,3905302,G39005302,3905302,39,Ohio,"Warren County (West)--Mason, Franklin & Springboro (West) Cities PUMA",-1.157141323747306,24.026948073814655,1099.6720770474137,1.0996720770474138,1.0996720770474138
3903800,3903800,G39003800,3903800,39,Ohio,Licking County PUMA,-2.6474402128760492,22.68490190648321,1074.225629664179,1.074225629664179,1.074225629664179
3901600,3901600,G39001600,3901600,39,Ohio,Trumbull County (South Central)--Warren & Niles Cities PUMA,-3.2249832153320312,21.994832356770832,1044.7529947916667,1.0447529947916667,1.0447529947916667
3903200,3903200,G39003200,3903200,39,Ohio,Stark County (Central)--Canton & North Canton Cities PUMA,-2.8470600128173826,22.63926544189453,1046.8435546875,1.0468435546875001,1.0468435546875001
3903100,3903100,G39003100,3903100,39,Ohio,Stark County (West)--Massillon City PUMA,-2.7902145385742188,22.63043409778226,1038.7638608870968,1.0387638608870968,1.0387638608870968
3901804,3901804,G39001804,3901804,39,Ohio,Summit County (Central)--Akron (West) & Cuyahoga Falls (West) Cities PUMA,-2.6681116889504826,22.97361127068015,991.75,0.99175,0.99175
3901803,3901803,G39001803,3901803,39,Ohio,Summit County (Central)--Akron City (East) PUMA,-2.9011332194010415,22.737709045410156,990.0665690104166,0.9900665690104167,0.9900665690104167
3901805,3901805,G39001805,3901805,39,Ohio,"Summit County (South)--Barberton, Green & New Franklin Cities PUMA",-2.9232027390423942,22.678477567784928,1009.6758961397059,1.0096758961397059,1.0096758961397059
3901802,3901802,G39001802,3901802,39,Ohio,"Summit County (East Central)--Cuyahoga Falls (Southeast), Stow & Tallmadge Cities PUMA",-2.9771135503595527,22.644479924982246,1009.5262784090909,1.0095262784090908,1.0095262784090908
3901801,3901801,G39001801,3901801,39,Ohio,"Summit County (North & Northwest)--Hudson, Twinsburg & Macedonia Cities PUMA",-2.926122029622396,22.649593777126736,1033.0551215277778,1.033055121527778,1.033055121527778
3904000,3904000,G39004000,3904000,39,Ohio,Delaware County PUMA,-2.529001077016195,23.169400533040363,1046.7000325520833,1.0467000325520832,1.0467000325520832
4201400,4201400,G42001400,4201400,42,Pennsylvania,Mercer County PUMA,-3.622927367232228,21.465059935591604,1112.4472805343512,1.1124472805343513,1.1124472805343513
4200200,4200200,G42000200,4200200,42,Pennsylvania,Crawford & Warren Counties PUMA,-4.496235463811063,20.477384720725574,1187.3449173850574,1.1873449173850574,1.1873449173850574
4201100,4201100,G42001100,4201100,42,Pennsylvania,"Mifflin, Union, Snyder & Juniata Counties PUMA",-2.681737318688396,22.444923975134408,1134.1935483870968,1.1341935483870969,1.1341935483870969
4202200,4202200,G42002200,4202200,42,Pennsylvania,Blair & Huntingdon Counties--Altoona City PUMA,-2.7145491890285327,22.02947909590127,1076.7060688405797,1.0767060688405798,1.0767060688405798
4201900,4201900,G42001900,4201900,42,Pennsylvania,Indiana & Armstrong Counties PUMA,-2.8923713997618794,21.62664544092466,1171.9285102739725,1.1719285102739725,1.1719285102739725
4200500,4200500,G42000500,4200500,42,Pennsylvania,"Pike, Wayne & Susquehanna Counties PUMA",-4.9774631730045185,20.58729762801205,1192.0054969879518,1.1920054969879519,1.1920054969879519
4200300,4200300,G42000300,4200300,42,Pennsylvania,"Clearfield, McKean, Elk, Potter & Cameron Counties PUMA",-4.967424011230468,19.882801513671875,1146.2184375,1.1462184375,1.1462184375
4201501,4201501,G42001501,4201501,42,Pennsylvania,Lawrence & Beaver (North) Counties--New Castle City PUMA,-2.918338649875515,22.028974931318682,1057.5352850274726,1.0575352850274726,1.0575352850274726
4203800,4203800,G42003800,4203800,42,Pennsylvania,"Somerset, Bedford & Fulton Counties PUMA",-2.702332841589096,21.45865192819149,1112.222340425532,1.1122223404255318,1.1122223404255318
4202701,4202701,G42002701,4202701,42,Pennsylvania,Berks County (Northwest)--Wyomissing Borough PUMA,-1.640319092632973,23.41706576412671,1246.1078767123288,1.2461078767123288,1.2461078767123288
4202702,4202702,G42002702,4202702,42,Pennsylvania,Berks County (Southwest)--Reading City PUMA,-1.0760355303364415,23.702959614415324,1237.5452368951612,1.2375452368951612,1.2375452368951612
4202703,4202703,G42002703,4202703,42,Pennsylvania,Berks County (East) PUMA,-1.6545260747273762,23.41809844970703,1260.1019694010417,1.2601019694010418,1.2601019694010418
4200900,4200900,G42000900,4200900,42,Pennsylvania,Lycoming & Clinton Counties PUMA,-4.073026877551822,21.276740146042712,1121.727936557789,1.121727936557789,1.121727936557789
4203001,4203001,G42003001,4203001,42,Pennsylvania,Bucks County (North) PUMA,-1.4386999947684151,23.5311767578125,1271.2466517857142,1.2712466517857142,1.2712466517857142
4203002,4203002,G42003002,4203002,42,Pennsylvania,Bucks County (Central) PUMA,-0.600440434047154,24.243772960844495,1249.591331845238,1.249591331845238,1.249591331845238
4203003,4203003,G42003003,4203003,42,Pennsylvania,Bucks County (Southeast)--Levittown PUMA,0.0877079963684082,24.72216796875,1229.291953125,1.229291953125,1.229291953125
4203004,4203004,G42003004,4203004,42,Pennsylvania,Bucks County (Southwest) PUMA,0.15668517571908455,24.85862449363426,1242.409866898148,1.242409866898148,1.242409866898148
4202302,4202302,G42002302,4202302,42,Pennsylvania,Cumberland County (East) PUMA,-1.2299676782944624,23.95847455193015,1151.719669117647,1.151719669117647,1.151719669117647
4202301,4202301,G42002301,4202301,42,Pennsylvania,Cumberland (West) & Perry Counties--Carlisle Borough PUMA,-1.7112937492410136,23.186457658678755,1157.6005505181347,1.1576005505181346,1.1576005505181346
4202500,4202500,G42002500,4202500,42,Pennsylvania,Lebanon County PUMA,-1.7107755220853365,23.202826084234776,1219.61328125,1.21961328125,1.21961328125
4200400,4200400,G42000400,4200400,42,Pennsylvania,"Bradford, Tioga & Sullivan Counties PUMA",-4.933967969526591,20.399571322067594,1053.5479622266403,1.0535479622266402,1.0535479622266402
4200803,4200803,G42000803,4200803,42,Pennsylvania,Columbia & Luzerne (West) Counties--Bloomsburg Town & Berwick Borough PUMA,-3.494598037895115,21.821679126257184,1177.8941271551723,1.1778941271551724,1.1778941271551724
4200801,4200801,G42000801,4200801,42,Pennsylvania,Luzerne County (East)--Kingston Borough PUMA,-3.8651958264802633,21.46156712582237,1196.3006784539473,1.1963006784539474,1.1963006784539474
4200802,4200802,G42000802,4200802,42,Pennsylvania,Luzerne County (South Central)--Wilkes-Barre & Hazleton Cities PUMA,-3.524867131159856,21.80345740685096,1198.5739182692307,1.1985739182692308,1.1985739182692308
4201000,4201000,G42001000,4201000,42,Pennsylvania,Northumberland & Montour Counties PUMA,-2.775633826622596,22.488592998798076,1151.7649038461539,1.151764903846154,1.151764903846154
4203603,4203603,G42003603,4203603,42,Pennsylvania,York County (South) PUMA,-0.3732490539550781,23.951881691261573,1173.2612847222222,1.1732612847222221,1.1732612847222221
4203601,4203601,G42003601,4203601,42,Pennsylvania,York County (Central)--York City & Shiloh PUMA,-0.6631214278084892,23.865868704659597,1143.757533482143,1.1437575334821428,1.1437575334821428
4203602,4203602,G42003602,4203602,42,Pennsylvania,York County (North)--Weigelstown PUMA,-0.992036247253418,23.89962158203125,1139.13359375,1.13913359375,1.13913359375
4202003,4202003,G42002003,4202003,42,Pennsylvania,Westmoreland County (East) PUMA,-2.557802725529325,21.643979279891305,1227.148097826087,1.227148097826087,1.227148097826087
4202002,4202002,G42002002,4202002,42,Pennsylvania,Westmoreland County (Southwest)--Greensburg City PUMA,-1.764188422531378,22.483386430584016,1111.322105532787,1.1113221055327869,1.1113221055327869
4202001,4202001,G42002001,4202001,42,Pennsylvania,Westmoreland County (Northwest)--Murrysville Municipality & New Kensington City PUMA,-2.065718358876754,22.486858757174744,1108.0609056122448,1.1080609056122448,1.1080609056122448
4201300,4201300,G42001300,4201300,42,Pennsylvania,"Venango, Jefferson, Clarion & Forest Counties PUMA",-4.089776611328125,20.723921342329547,1176.8344460227272,1.1768344460227271,1.1768344460227271
4203900,4203900,G42003900,4203900,42,Pennsylvania,Fayette County PUMA,-2.089990721158455,21.807781944976995,1207.098255368098,1.207098255368098,1.207098255368098
4203106,4203106,G42003106,4203106,42,Pennsylvania,Montgomery County (South Central) PUMA,0.17810869216918945,25.03427787449049,1237.3487601902175,1.2373487601902176,1.2373487601902176
4203103,4203103,G42003103,4203103,42,Pennsylvania,Montgomery County (Southwest)--King of Prussia & Ardmore (East) PUMA,-0.14176666736602783,24.8479741414388,1226.2337239583333,1.2262337239583332,1.2262337239583332
4203102,4203102,G42003102,4203102,42,Pennsylvania,Montgomery County (Northeast)--Lansdale Borough PUMA,-1.1690352944766773,23.875034107881433,1242.3786764705883,1.2423786764705882,1.2423786764705882
4203105,4203105,G42003105,4203105,42,Pennsylvania,"Montgomery County (Southeast)--Willow Grove, Horsham & Montgomeryville PUMA",-0.45054582754770917,24.45886739095052,1240.3684895833333,1.2403684895833333,1.2403684895833333
4203101,4203101,G42003101,4203101,42,Pennsylvania,Montgomery County (Northwest)--Pottstown Borough PUMA,-0.9340605880274917,24.113958185369317,1225.3181818181818,1.2253181818181818,1.2253181818181818
4203104,4203104,G42003104,4203104,42,Pennsylvania,Montgomery County (Central)--Norristown Borough PUMA,-0.48395495414733886,24.542134094238282,1225.78076171875,1.22578076171875,1.22578076171875
4202600,4202600,G42002600,4202600,42,Pennsylvania,Schuylkill County PUMA,-3.0466339111328127,22.210617065429688,1284.89853515625,1.28489853515625,1.28489853515625
4204002,4204002,G42004002,4204002,42,Pennsylvania,Washington (South) & Greene Counties PUMA,-1.6812025982400645,22.380856721297555,1100.8890964673913,1.1008890964673912,1.1008890964673912
4202402,4202402,G42002402,4202402,42,Pennsylvania,Dauphin County (Outer)--Hershey PUMA,-2.0640531767398937,23.00732421875,1213.5748279816514,1.2135748279816514,1.2135748279816514
4202401,4202401,G42002401,4202401,42,Pennsylvania,Dauphin County (Central)--Harrisburg City & Colonial Park PUMA,-1.3605218140975288,23.809756071671195,1165.2603600543478,1.1652603600543479,1.1652603600543479
4202100,4202100,G42002100,4202100,42,Pennsylvania,Cambria County PUMA,-3.641738552517361,20.71102249710648,1182.869212962963,1.182869212962963,1.182869212962963
4202902,4202902,G42002902,4202902,42,Pennsylvania,Northampton County (North) PUMA,-2.035856434996699,22.935732559419016,1288.3827024647887,1.2883827024647887,1.2883827024647887
4202901,4202901,G42002901,4202901,42,Pennsylvania,Northampton (South) & Lehigh (East) Counties--Bethlehem (East) & Easton Cities PUMA,-1.5531222025553386,23.54803692853009,1263.7456597222222,1.263745659722222,1.263745659722222
4200702,4200702,G42000702,4200702,42,Pennsylvania,Lackawanna (Outside Greater Scranton City) & Wyoming Counties PUMA,-4.403267366340361,21.002717902861445,1164.6160579819277,1.1646160579819278,1.1646160579819278
4202802,4202802,G42002802,4202802,42,Pennsylvania,Lehigh County (South--Outside Allentown & Bethlehem Cities)--Emmaus Borough PUMA,-1.5913584639386433,23.432900033346037,1268.8730945121952,1.268873094512195,1.268873094512195
4202801,4202801,G42002801,4202801,42,Pennsylvania,Carbon & Lehigh (North) Counties PUMA,-2.980781846374046,22.128475742485687,1315.820610687023,1.315820610687023,1.315820610687023
4202803,4202803,G42002803,4202803,42,Pennsylvania,Allentown City PUMA,-1.5090699195861816,23.585968017578125,1259.6017578125,1.2596017578125,1.2596017578125
4200600,4200600,G42000600,4200600,42,Pennsylvania,Monroe County PUMA,-3.6428166746183206,21.43751863668893,1342.5656011450383,1.3425656011450382,1.3425656011450382
4203303,4203303,G42003303,4203303,42,Pennsylvania,Delaware County (Southeast)--Chester City PUMA,1.1707667032877604,25.891532389322915,1211.1731770833333,1.2111731770833332,1.2111731770833332
4203304,4203304,G42003304,4203304,42,Pennsylvania,Delaware County (West) PUMA,0.05590416491031647,24.794339497884113,1234.321533203125,1.234321533203125,1.234321533203125
4203302,4203302,G42003302,4203302,42,Pennsylvania,"Delaware County (East)--Yeadon, Darby, Lansdowne Boroughs & Drexel Hill PUMA",0.883430004119873,25.760659790039064,1222.08271484375,1.2220827148437499,1.2220827148437499
4203301,4203301,G42003301,4203301,42,Pennsylvania,Delaware County (North)--Broomall & Ardmore (West) PUMA,-0.06855624914169312,24.850709915161133,1232.787353515625,1.232787353515625,1.232787353515625
4201200,4201200,G42001200,4201200,42,Pennsylvania,Centre County PUMA,-3.6275817042562215,21.377288956447963,1109.837669683258,1.109837669683258,1.109837669683258
4203201,4203201,G42003201,4203201,42,Pennsylvania,Philadelphia City (Far Northeast) PUMA,0.589972669428045,25.27438077059659,1235.8441051136363,1.2358441051136362,1.2358441051136362
4203203,4203203,G42003203,4203203,42,Pennsylvania,Philadelphia City (Near Northeast-East) PUMA,1.0223499536514282,25.771574020385742,1230.128173828125,1.230128173828125,1.230128173828125
4203205,4203205,G42003205,4203205,42,Pennsylvania,Philadelphia City (East) PUMA,1.080662488937378,25.897886276245117,1231.6046142578125,1.2316046142578125,1.2316046142578125
4203209,4203209,G42003209,4203209,42,Pennsylvania,Philadelphia City (Center City) PUMA,1.244339942932129,26.123876953125,1228.09140625,1.2280914062500001,1.2280914062500001
4203211,4203211,G42003211,4203211,42,Pennsylvania,Philadelphia City (Southeast) PUMA,1.2530124187469482,26.14252281188965,1222.6112060546875,1.2226112060546874,1.2226112060546874
4203210,4203210,G42003210,4203210,42,Pennsylvania,Philadelphia City (Southwest) PUMA,1.252499989100865,26.13612801688058,1222.258091517857,1.2222580915178571,1.2222580915178571
4203207,4203207,G42003207,4203207,42,Pennsylvania,Philadelphia City (Central) PUMA,1.054628508431571,25.90205819266183,1232.206752232143,1.232206752232143,1.232206752232143
4203208,4203208,G42003208,4203208,42,Pennsylvania,Philadelphia City (West) PUMA,0.872237503528595,25.760486602783203,1230.942138671875,1.230942138671875,1.230942138671875
4203202,4203202,G42003202,4203202,42,Pennsylvania,Philadelphia City (Near Northeast-West) PUMA,0.7617599964141846,25.4993408203125,1234.18984375,1.2341898437499998,1.2341898437499998
4203204,4203204,G42003204,4203204,42,Pennsylvania,Philadelphia City (North) PUMA,0.6933000087738037,25.501998901367188,1233.5501708984375,1.2335501708984375,1.2335501708984375
4203206,4203206,G42003206,4203206,42,Pennsylvania,Philadelphia City (Northwest) PUMA,0.5129749774932861,25.381338119506836,1232.587646484375,1.232587646484375,1.232587646484375
4201600,4201600,G42001600,4201600,42,Pennsylvania,Butler County PUMA,-3.0417004147091427,21.70501708984375,1092.9194467905406,1.0929194467905405,1.0929194467905405
4200102,4200102,G42000102,4200102,42,Pennsylvania,Erie County (Outer) PUMA,-3.837785890116494,21.075521796412723,1179.1298076923076,1.1791298076923076,1.1791298076923076
4200101,4200101,G42000101,4200101,42,Pennsylvania,"Erie City, Lawrence Park Township & Wesleyville Borough PUMA",-2.856089782714844,21.726560974121092,1066.880859375,1.066880859375,1.066880859375
4200701,4200701,G42000701,4200701,42,Pennsylvania,"Lackawanna County--Scranton City, Dunmore, Old Forge, Taylor & Moosic Boroughs PUMA",-3.749566396077474,21.72466532389323,1114.2789713541667,1.1142789713541668,1.1142789713541668
4203701,4203701,G42003701,4203701,42,Pennsylvania,Adams & Franklin (Southeast) Counties PUMA,-1.0612122582607582,23.63420129994877,1160.6102715163934,1.1606102715163933,1.1606102715163933
4203702,4203702,G42003702,4203702,42,Pennsylvania,Franklin County (Outside Washington Township & Waynesboro Borough) PUMA,-1.0958426920572917,23.431564127604165,1114.6905208333333,1.1146905208333333,1.1146905208333333
4201502,4201502,G42001502,4201502,42,Pennsylvania,Beaver County (South) PUMA,-2.0157658168247767,22.731241280691965,1033.8758928571428,1.0338758928571428,1.0338758928571428
4204001,4204001,G42004001,4204001,42,Pennsylvania,Washington County (North)--Washington City PUMA,-1.9707646089441635,22.460918351715687,1056.1104473039215,1.0561104473039216,1.0561104473039216
4203404,4203404,G42003404,4203404,42,Pennsylvania,Chester County (South) PUMA,-0.5527783471184808,23.98896748310811,1248.6078969594594,1.2486078969594594,1.2486078969594594
4203402,4203402,G42003402,4203402,42,Pennsylvania,Chester County (East Central)--West Chester Borough PUMA,-0.7358387362572455,24.087307837701612,1242.2128276209678,1.2422128276209679,1.2422128276209679
4203403,4203403,G42003403,4203403,42,Pennsylvania,Chester County (West Central)--Coatesville City PUMA,-0.943661616398738,23.723496657151443,1256.1692457932693,1.2561692457932694,1.2561692457932694
4203401,4203401,G42003401,4203401,42,Pennsylvania,Chester County (North)--Phoenixville Borough PUMA,-0.8300222608778212,24.035484483506945,1231.1322916666666,1.2311322916666665,1.2311322916666665
4203503,4203503,G42003503,4203503,42,Pennsylvania,Lancaster County (East)--Ephrata Borough PUMA,-0.7945282112838875,23.848127837873932,1204.6858974358975,1.2046858974358974,1.2046858974358974
4203504,4203504,G42003504,4203504,42,Pennsylvania,Lancaster County (Southwest)--Columbia Borough PUMA,-0.7160133948692908,24.019075833834133,1141.6864483173076,1.1416864483173077,1.1416864483173077
4203501,4203501,G42003501,4203501,42,Pennsylvania,"Lancaster County--Lancaster City, East Lampeter, Lancaster & West Lampeter Townships PUMA",-0.7063578555458471,24.06846859580592,1150.8117804276317,1.1508117804276317,1.1508117804276317
4203502,4203502,G42003502,4203502,42,Pennsylvania,Lancaster County (Northwest)--Elizabethtown Borough PUMA,-1.0485736779999315,23.76598692776864,1154.1563870614036,1.1541563870614036,1.1541563870614036
4201804,4201804,G42001804,4201804,42,Pennsylvania,"Allegheny County (East)--Monroeville Municipality, Plum & Wilkinsburg Boroughs PUMA",-1.8077373504638672,22.9131596883138,1079.5865071614583,1.0795865071614583,1.0795865071614583
4201701,4201701,G42001701,4201701,42,Pennsylvania,Pittsburgh City (North) PUMA,-1.5619427817208427,23.199656895228795,1047.050571986607,1.047050571986607,1.047050571986607
4201802,4201802,G42001802,4201802,42,Pennsylvania,Allegheny County (North)--Franklin Park Borough & Allison Park PUMA,-2.0830819702148435,22.6995361328125,1068.899375,1.068899375,1.068899375
4201803,4201803,G42001803,4201803,42,Pennsylvania,Allegheny County (North Central) PUMA,-1.7510855538504464,23.03969464983259,1042.5978422619048,1.0425978422619049,1.0425978422619049
4201702,4201702,G42001702,4201702,42,Pennsylvania,Pittsburgh City (South) PUMA,-1.5524500211079915,23.181498209635418,1043.695556640625,1.043695556640625,1.043695556640625
4201806,4201806,G42001806,4201806,42,Pennsylvania,Allegheny County (South Central)--Baldwin & Whitehall Boroughs PUMA,-1.6757583618164062,23.0456059773763,1053.9556477864583,1.0539556477864582,1.0539556477864582
4201805,4201805,G42001805,4201805,42,Pennsylvania,"Allegheny County (Southeast)--West Mifflin Borough, McKeesport City & Munhall Borough PUMA",-1.5569641930716378,22.997338431222097,1058.641392299107,1.0586413922991071,1.0586413922991071
4201807,4201807,G42001807,4201807,42,Pennsylvania,Allegheny County (South)--Bethel Park Municipality & Jefferson Hills Borough PUMA,-1.6852295487015336,22.92449273003472,1054.0479600694443,1.0540479600694443,1.0540479600694443
4201801,4201801,G42001801,4201801,42,Pennsylvania,Allegheny County (West) PUMA,-1.7320888307359483,22.980877346462673,1028.9625651041667,1.0289625651041667,1.0289625651041667
4400300,4400300,G44000300,4400300,44,Rhode Island,Southeast Rhode Island--Newport & Bristol Counties--Newport City PUMA,-0.7231073732729312,22.672874168113427,1249.8877314814815,1.2498877314814816,1.2498877314814816
4400101,4400101,G44000101,4400101,44,Rhode Island,Northwest Rhode Island--Providence County (West & Central)--Woonsocket City PUMA,-2.564894011526397,22.176199248342805,1303.0471117424242,1.3030471117424243,1.3030471117424243
4400102,4400102,G44000102,4400102,44,Rhode Island,Northeast Rhode Island--Providence County--Pawtucket & Central Falls Cities PUMA,-2.0685199737548827,22.7801025390625,1290.13681640625,1.29013681640625,1.29013681640625
4400104,4400104,G44000104,4400104,44,Rhode Island,Providence County (Southeast)--Cranston & East Providence Cities PUMA,-1.4703625440597534,23.139787673950195,1283.619140625,1.283619140625,1.283619140625
4400103,4400103,G44000103,4400103,44,Rhode Island,Providence City PUMA,-1.4841776953803167,23.19198777940538,1285.2662760416667,1.2852662760416667,1.2852662760416667
4400201,4400201,G44000201,4400201,44,Rhode Island,Central Rhode Island--Kent County--Warwick City PUMA,-1.917362297905816,22.59349907769097,1277.739236111111,1.277739236111111,1.277739236111111
4400400,4400400,G44000400,4400400,44,Rhode Island,South Rhode Island--Washington County PUMA,-1.0776362419128418,22.304489135742188,1257.83193359375,1.25783193359375,1.25783193359375
4500502,4500502,G45000502,4500502,45,South Carolina,York County (East)--Rock Hill City & Fort Mill Town PUMA,5.419238620334202,26.57968478732639,1134.091796875,1.134091796875,1.134091796875
4700900,4700900,G47000900,4700900,47,Tennessee,"Campbell, Claiborne, Scott, Morgan & Hancock Counties PUMA",1.9753768920898438,23.926083984375,1450.17,1.4501700000000002,1.4501700000000002
4700800,4700800,G47000800,4700800,47,Tennessee,"Cumberland, White, Fentress & Van Buren Counties PUMA",2.1087478726927995,23.85800438596491,1503.0222039473683,1.5030222039473684,1.5030222039473684
4701601,4701601,G47001601,4701601,47,Tennessee,"Anderson, Union & Knox (North) Counties--Oak Ridge (East) & Clinton Cities PUMA",2.5634908965139678,24.651197028882574,1460.2917850378788,1.4602917850378787,1.4602917850378787
4701500,4701500,G47001500,4701500,47,Tennessee,Sevier & Jefferson Counties PUMA,2.5876910729322606,23.819485053330837,1390.339258982036,1.390339258982036,1.390339258982036
4701400,4701400,G47001400,4701400,47,Tennessee,"Hamblen, Cocke & Grainger Counties PUMA",2.69954762560256,24.152403486535903,1260.069065824468,1.260069065824468,1.260069065824468
4700600,4700600,G47000600,4700600,47,Tennessee,"Warren, Macon, Smith, DeKalb, Cannon & Trousdale Counties PUMA",3.060630989074707,25.306059265136717,1410.2224609375,1.4102224609375,1.4102224609375
4701700,4701700,G47001700,4701700,47,Tennessee,Blount County PUMA,2.953515625,24.21459073153409,1487.9740056818182,1.4879740056818183,1.4879740056818183
4701300,4701300,G47001300,4701300,47,Tennessee,Washington County--Johnson City PUMA,2.438132023465806,23.725345335144926,1191.9320652173913,1.1919320652173913,1.1919320652173913
4701200,4701200,G47001200,4701200,47,Tennessee,"Greene, Carter, Unicoi & Johnson Counties PUMA",1.6756795247395833,22.612339564732142,1244.0998086734694,1.2440998086734694,1.2440998086734694
4700700,4700700,G47000700,4700700,47,Tennessee,"Putnam, Overton, Jackson, Clay & Pickett Counties PUMA",2.364316926969515,24.681034541630243,1431.8347902097903,1.4318347902097903,1.4318347902097903
4701000,4701000,G47001000,4701000,47,Tennessee,Hawkins & Sullivan (Northwest) Counties--Kingsport City PUMA,2.3543106882195723,24.22373775013706,1181.1970942982457,1.1811970942982457,1.1811970942982457
4701800,4701800,G47001800,4701800,47,Tennessee,"Roane, Loudon & Monroe Counties--Oak Ridge City (West) PUMA",3.170574951171875,24.85178426106771,1524.7954427083334,1.5247954427083334,1.5247954427083334
4701602,4701602,G47001602,4701602,47,Tennessee,Knox County (East) PUMA,3.086756692003848,25.232873717350746,1336.9612873134329,1.336961287313433,1.336961287313433
4701604,4701604,G47001604,4701604,47,Tennessee,Knox County (West)--Farragut Town PUMA,3.2914358285757213,25.57799353966346,1406.5598958333333,1.4065598958333332,1.4065598958333332
4701603,4701603,G47001603,4701603,47,Tennessee,Knoxville City PUMA,3.1939706802368164,25.404001871744793,1368.10791015625,1.36810791015625,1.36810791015625
4701100,4701100,G47001100,4701100,47,Tennessee,Sullivan County (Southeast)--Bristol City PUMA,2.069133363921067,23.587158203125,1217.6930675287356,1.2176930675287356,1.2176930675287356
5000100,5000100,G50000100,5000100,50,Vermont,"Northwest Vermont--Chittenden, Franklin & Grand Isle Counties--Burlington City PUMA",-8.198813493002946,20.558409617003367,1118.1059553872053,1.1181059553872053,1.1181059553872053
5000400,5000400,G50000400,5000400,50,Vermont,"Southwest Vermont--Rutland, Bennington & Addison Counties PUMA",-7.262587952563425,19.645778276955603,1230.9516384778012,1.2309516384778012,1.2309516384778012
5000200,5000200,G50000200,5000200,50,Vermont,"Northeast Vermont--Washington, Caledonia, Orleans, Lamoille & Essex Counties PUMA",-9.724415980462357,18.86451354081424,1215.6285801963993,1.2156285801963993,1.2156285801963993
5000300,5000300,G50000300,5000300,50,Vermont,"Southeast Vermont--Windsor, Windham & Orange Counties PUMA",-7.629673975305499,19.336844450101832,1217.628182281059,1.217628182281059,1.217628182281059
5151090,5151090,G51051090,5151090,51,Virginia,Thomas Jefferson Planning District Commission (North) PUMA,1.444848364526099,24.143103966346153,1240.572029532967,1.240572029532967,1.240572029532967
5151010,5151010,G51051010,5151010,51,Virginia,LENOWISCO & Cumberland Plateau Planning District Commissions PUMA,0.9042972880975042,22.62227355647208,1257.1971235194585,1.2571971235194586,1.2571971235194586
5151087,5151087,G51051087,5151087,51,Virginia,Rappahannock-Rapidan Regional Commission PUMA,1.1369481100316061,24.42804042022792,1158.2040598290598,1.1582040598290597,1.1582040598290597
5151080,5151080,G51051080,5151080,51,Virginia,Central Shenandoah Planning District Commission (Southwest) PUMA,-0.3670454758864183,22.09904275412088,1127.255151098901,1.127255151098901,1.127255151098901
5151125,5151125,G51051125,5151125,51,Virginia,"Middle Peninsula, Northern Neck & Accomack-Northampton Planning District Commissions PUMA",3.6903716400786712,26.118445763221153,1191.529173951049,1.191529173951049,1.191529173951049
5151105,5151105,G51051105,5151105,51,Virginia,Southside Planning District Commission & Commonwealth Regional Council PUMA,3.1110474222524154,25.54097552460749,1165.936820652174,1.165936820652174,1.165936820652174
5151120,5151120,G51051120,5151120,51,Virginia,George Washington Regional Commission (South) PUMA,2.2707954714651066,25.505263803251122,1137.2019338565021,1.137201933856502,1.137201933856502
5151245,5151245,G51051245,5151245,51,Virginia,"Manassas, Manassas Park Cities & Prince William County (Central)--Buckhall & Sudley PUMA",1.1048529007855583,25.18661678538603,1118.1698069852941,1.1181698069852941,1.1181698069852941
5151084,5151084,G51051084,5151084,51,Virginia,Northern Shenandoah Valley Regional Commission (North) PUMA,-0.057446919954740085,23.672998046875,1038.9474759615384,1.0389474759615385,1.0389474759615385
5151145,5151145,G51051145,5151145,51,Virginia,"Isle of Wight, Southampton Counties, Suffolk & Franklin Cities PUMA",4.566996256510417,26.39041261750508,1270.27337398374,1.27027337398374,1.27027337398374
5151110,5151110,G51051110,5151110,51,Virginia,Central Shenandoah Planning District Commission (Northeast) PUMA,-0.15925144443850545,22.619435327292898,1077.5094304733727,1.0775094304733728,1.0775094304733728
5151135,5151135,G51051135,5151135,51,Virginia,Crater Planning District Commission PUMA,3.8865555245535712,26.242642299107143,1221.4345535714285,1.2214345535714286,1.2214345535714286
5159303,5159303,G51059303,5159303,51,Virginia,Fairfax County (Central) & Fairfax City--Burke PUMA,1.2881866455078126,25.31008504231771,1160.2989583333333,1.1602989583333334,1.1602989583333334
5151089,5151089,G51051089,5151089,51,Virginia,Thomas Jefferson Planning District Commission (South & East) PUMA,1.9006770905994235,24.617204938616073,1185.907738095238,1.185907738095238,1.185907738095238
5151045,5151045,G51051045,5151045,51,Virginia,Roanoke Valley-Alleghany Regional Commission (Outside Roanoke & Salem Cities) PUMA,1.2283180147058823,23.405209099264706,1159.8385294117647,1.1598385294117648,1.1598385294117648
5151044,5151044,G51051044,5151044,51,Virginia,"Roanoke Valley-Alleghany Regional Commission (Roanoke, Salem Cities & Vinton Town) PUMA",2.341719627380371,24.56743927001953,1144.02578125,1.1440257812499999,1.1440257812499999
5151097,5151097,G51051097,5151097,51,Virginia,West Piedmont Planning District Commission PUMA,2.7172390291060524,24.64825790229885,1229.1930675287356,1.2291930675287355,1.2291930675287355
5151085,5151085,G51051085,5151085,51,Virginia,Northern Shenandoah Valley Regional Commission (South) PUMA,-0.03202549149008358,22.99471267999387,1080.0798100490197,1.0800798100490197,1.0800798100490197
5151020,5151020,G51051020,5151020,51,Virginia,Mount Rogers Planning District Commission PUMA,0.5463278589811927,21.932905581720977,1206.3163187372709,1.206316318737271,1.206316318737271
5151040,5151040,G51051040,5151040,51,Virginia,New River Valley Planning District Commission PUMA,0.4727597394992505,22.294532691420663,1120.4651752767527,1.1204651752767527,1.1204651752767527
5151186,5151186,G51051186,5151186,51,Virginia,Hampton City PUMA,5.0455579255756575,26.830519826788652,1252.5433799342106,1.2525433799342107,1.2525433799342107
5151175,5151175,G51051175,5151175,51,Virginia,Newport News City PUMA,4.822353998819987,26.844685872395832,1252.2864583333333,1.2522864583333333,1.2522864583333333
5159308,5159308,G51059308,5159308,51,Virginia,Fairfax County (Northeast)--McLean & Idylwood PUMA,1.3155899047851562,25.3994140625,1157.3802734375,1.1573802734374998,1.1573802734374998
5159301,5159301,G51059301,5159301,51,Virginia,"Fairfax County (East Central)--Annandale, West Falls Church & Bailey's Crossroads PUMA",1.669555452134874,25.742611355251736,1167.8046875,1.1678046875,1.1678046875
5151155,5151155,G51051155,5151155,51,Virginia,Portsmouth & Norfolk (Southwest) Cities PUMA,5.272500038146973,26.806154251098633,1279.70751953125,1.27970751953125,1.27970751953125
5151115,5151115,G51051115,5151115,51,Virginia,George Washington Regional Commission (North) PUMA,1.7123982906341553,25.379962921142578,1124.6923828125,1.1246923828125,1.1246923828125
5151206,5151206,G51051206,5151206,51,Virginia,"James City, York Counties, Williamsburg & Poquoson Cities PUMA",4.426407075264085,26.571414571412852,1249.5194762323943,1.2495194762323942,1.2495194762323942
5151255,5151255,G51051255,5151255,51,Virginia,Alexandria City PUMA,2.1157665252685547,26.287633260091145,1154.0591634114583,1.1540591634114583,1.1540591634114583
5151096,5151096,G51051096,5151096,51,Virginia,Virginia's Region 2000 (South)--Campbell County & Lynchburg City PUMA,2.432098125589305,24.79258780643858,1143.9634967672414,1.1439634967672414,1.1439634967672414
5151244,5151244,G51051244,5151244,51,Virginia,Prince William County (North & West)--Linton Hall & Gainesville PUMA,1.1135015336294023,25.030358692956348,1126.6334325396826,1.1266334325396827,1.1266334325396827
5151246,5151246,G51051246,5151246,51,Virginia,"Prince William County (Southeast)--Dale City, Lake Ridge & Woodbridge PUMA",1.5774284090314592,25.511186872209823,1131.709681919643,1.1317096819196428,1.1317096819196428
5151215,5151215,G51051215,5151215,51,Virginia,"Hanover, Powhatan, Goochland, New Kent, King William & Charles City Counties PUMA",3.0384707931826367,25.761988922910664,1169.1205871757925,1.1691205871757924,1.1691205871757924
5151235,5151235,G51051235,5151235,51,Virginia,Richmond City PUMA,3.2114554511176214,25.961483425564236,1171.765407986111,1.171765407986111,1.171765407986111
5151224,5151224,G51051224,5151224,51,Virginia,"Henrico County (South & East)--Highland Springs, East Highland Park & Glen Allen PUMA",3.4411586125691733,26.13470458984375,1180.16796875,1.18016796875,1.18016796875
5151165,5151165,G51051165,5151165,51,Virginia,Virginia Beach City (Central) PUMA,5.430466334025065,26.740956624348957,1269.4703776041667,1.2694703776041667,1.2694703776041667
5151167,5151167,G51051167,5151167,51,Virginia,Virginia Beach City (South) PUMA,5.5709381103515625,26.699786846454327,1244.9615384615386,1.2449615384615387,1.2449615384615387
5151164,5151164,G51051164,5151164,51,Virginia,Virginia Beach City (North) PUMA,5.413957141694569,26.647132510230655,1255.8872767857142,1.2558872767857143,1.2558872767857143
5151095,5151095,G51051095,5151095,51,Virginia,"Virginia's Region 2000 (North)--Bedford, Amherst, Appomattox Counties & Bedford City PUMA",2.0688175402189555,24.3511962890625,1197.0634251644738,1.1970634251644738,1.1970634251644738
5104102,5104102,G51004102,5104102,51,Virginia,Chesterfield County (Central)--Chester & Rockwood PUMA,3.273096951571378,26.00174227627841,1185.8948863636363,1.1858948863636363,1.1858948863636363
5104101,5104101,G51004101,5104101,51,Virginia,Chesterfield County (East)--James River Region PUMA,3.368160594593395,26.079907966382574,1186.4720643939395,1.1864720643939395,1.1864720643939395
5104103,5104103,G51004103,5104103,51,Virginia,Chesterfield County (West)--Brandermill & Woodlake PUMA,3.155898030598958,25.890380859375,1177.0518229166667,1.1770518229166667,1.1770518229166667
5151225,5151225,G51051225,5151225,51,Virginia,"Henrico County (West)--Tuckahoe, Short Pump & Wyndham PUMA",2.8334049043201266,25.572207496279763,1153.4481026785713,1.1534481026785712,1.1534481026785712
5151154,5151154,G51051154,5151154,51,Virginia,Norfolk City (Northeast) PUMA,5.340432484944661,26.843758477105034,1275.6041666666667,1.2756041666666667,1.2756041666666667
5155002,5155002,G51055002,5155002,51,Virginia,Chesapeake City (South & West) PUMA,5.2471365121694715,26.67450420673077,1291.5883413461538,1.2915883413461537,1.2915883413461537
5155001,5155001,G51055001,5155001,51,Virginia,Chesapeake City (Northeast) PUMA,5.331557137625558,26.722981770833332,1274.4481956845239,1.274448195684524,1.274448195684524
5110703,5110703,G51010703,5110703,51,Virginia,Loudoun County (West & South)--Leesburg Town PUMA,0.4990412670633067,24.58841605808424,1113.8371263586957,1.1138371263586957,1.1138371263586957
5110702,5110702,G51010702,5110702,51,Virginia,Loudoun County (East Central)--Ashburn (Southwest/Belmont Ridge) & Dulles Airport PUMA,0.8758399963378907,25.083099365234375,1133.09990234375,1.13309990234375,1.13309990234375
5110701,5110701,G51010701,5110701,51,Virginia,Loudoun County (Northeast)--Sterling & Ashburn (Northeast/Ashburn Village) PUMA,0.9267428943089077,25.175691877092635,1140.796107700893,1.1407961077008928,1.1407961077008928
5159307,5159307,G51059307,5159307,51,Virginia,Fairfax County (Northwest)--Reston (North) & Franklin Farm PUMA,0.9928666432698567,25.03714599609375,1143.09453125,1.14309453125,1.14309453125
5101302,5101302,G51001302,5101302,51,Virginia,Arlington County (South) PUMA,2.0141427176339284,26.170301164899552,1160.02099609375,1.16002099609375,1.16002099609375
5101301,5101301,G51001301,5101301,51,Virginia,Arlington County (North) PUMA,1.7081999778747559,25.807947794596355,1171.334716796875,1.171334716796875,1.171334716796875
5159309,5159309,G51059309,5159309,51,Virginia,Fairfax County (West Central)--Centreville (North & West) & Chantilly (South & West) PUMA,0.9733176511876723,25.043033375459558,1131.0305606617646,1.1310305606617646,1.1310305606617646
5159306,5159306,G51059306,5159306,51,Virginia,"Fairfax County (South Central)--Springfield (South), West Springfield & Franconia PUMA",1.8221599578857421,25.93114013671875,1158.72216796875,1.15872216796875,1.15872216796875
5159305,5159305,G51059305,5159305,51,Virginia,"Fairfax County (North Central)--Vienna Town, Oakton & Fair Oaks (East) PUMA",1.1323768909160907,25.12322998046875,1154.0192307692307,1.1540192307692307,1.1540192307692307
5159304,5159304,G51059304,5159304,51,Virginia,Fairfax County (Southwest)--Centreville (Southeast) & Lorton PUMA,1.539487038889239,25.612686649445564,1146.636466733871,1.1466364667338709,1.1466364667338709
5159302,5159302,G51059302,5159302,51,Virginia,"Fairfax County (Southeast)--Woodlawn, Rose Hill & Mount Vernon PUMA",2.2167445288764105,26.36675347222222,1153.009006076389,1.153009006076389,1.153009006076389
5401300,5401300,G54001300,5401300,54,West Virginia,"Logan, Mingo, Wyoming & McDowell Counties PUMA",0.7730396314599048,23.143843727550287,1240.3344109195402,1.2403344109195402,1.2403344109195402
5400100,5400100,G54000100,5400100,54,West Virginia,"Ohio, Marshall, Hancock & Brooke Counties PUMA",-1.6853930066515517,22.65862652972028,1105.0832604895104,1.1050832604895104,1.1050832604895104
5401100,5401100,G54001100,5401100,54,West Virginia,"Greenbrier, Nicholas, Summers, Monroe & Pocahontas Counties PUMA",-1.5218671003312412,20.903000239714085,1278.077580195258,1.278077580195258,1.278077580195258
5400500,5400500,G54000500,5400500,54,West Virginia,"Randolph, Upshur, Barbour, Lewis, Hardy, Grant, Pendleton & Tucker Counties PUMA",-1.9287513633827111,20.90841112012987,1256.2175324675325,1.2562175324675324,1.2562175324675324
5400400,5400400,G54000400,5400400,54,West Virginia,"Berkeley, Jefferson, Mineral, Hampshire & Morgan Counties PUMA",-0.6418646328691123,23.291278872282607,1033.1214673913043,1.0331214673913043,1.0331214673913043
5400300,5400300,G54000300,5400300,54,West Virginia,Monongalia & Preston Counties--Morgantown City PUMA,-1.8075010880180027,21.655216382897418,1292.348930027174,1.292348930027174,1.292348930027174
5400600,5400600,G54000600,5400600,54,West Virginia,"Jackson, Wetzel, Roane, Braxton, Ritchie, Tyler, Gilmer & Calhoun Counties PUMA",-0.4917863456636014,22.987932124789207,1224.379110455312,1.224379110455312,1.224379110455312
5400900,5400900,G54000900,5400900,54,West Virginia,"Putnam, Boone & Lincoln Counties PUMA",0.7935042161207932,23.827478966346153,1211.9466346153847,1.2119466346153847,1.2119466346153847
5400800,5400800,G54000800,5400800,54,West Virginia,"Cabell, Wayne & Mason Counties--Huntington City PUMA",0.5309424767127404,24.004372785931174,1167.6678896761134,1.1676678896761135,1.1676678896761135
5401000,5401000,G54001000,5401000,54,West Virginia,Kanawha & Clay Counties--Charleston City PUMA,0.48691854169291837,23.394925025201612,1236.765120967742,1.236765120967742,1.236765120967742
5400700,5400700,G54000700,5400700,54,West Virginia,"Wood, Pleasants & Wirt Counties PUMA",-0.6006202214880835,23.30822908425633,1166.059533227848,1.166059533227848,1.166059533227848
5401200,5401200,G54001200,5401200,54,West Virginia,"Raleigh, Mercer & Fayette Counties PUMA",-0.22910462370597912,21.931643648413313,1214.5863003095976,1.2145863003095976,1.2145863003095976
5400200,5400200,G54000200,5400200,54,West Virginia,"Harrison, Marion, Taylor & Doddridge Counties PUMA",-0.8682108646681329,22.7741924894958,1240.9427521008404,1.2409427521008405,1.2409427521008405
0600300,600300,G06000300,0600300,06,California,"Alpine, Amador, Calaveras, Inyo, Mariposa, Mono & Tuolumne Counties PUMA",4.085669772388645,23.511939303638645,489.67314930991216,0.4896731493099122,0.4896731493099122
0607302,607302,G06007302,0607302,06,California,"San Diego County (North & East)--Fallbrook, Alpine & Valley Center PUMA",10.697520664760045,25.600010463169642,359.7114955357143,0.3597114955357143,0.3597114955357143
0606515,606515,G06006515,0606515,06,California,"Riverside County--Palm Desert, La Quinta (West) & Desert Hot Springs Cities PUMA",10.61041259765625,28.049579459176936,234.64051496478874,0.23464051496478874,0.23464051496478874
0606507,606507,G06006507,0606507,06,California,"Riverside County (North Central)--San Jacinto, Beaumont, Banning & Calimesa Cities PUMA",10.496600748697917,25.06357259114583,389.4086458333333,0.3894086458333333,0.3894086458333333
0606502,606502,G06006502,0606502,06,California,"Riverside County (Central)--Cathedral City, Palm Springs & Rancho Mirage Cities PUMA",9.73680024988511,25.944842170266543,343.6776482077206,0.3436776482077206,0.3436776482077206
0607101,607101,G06007101,0607101,06,California,San Bernardino County (Northeast)--Twentynine Palms & Barstow Cities PUMA,9.201486211573236,30.639469371609405,140.42928345388788,0.1404292834538879,0.1404292834538879
0607104,607104,G06007104,0607104,06,California,"San Bernardino County (Southwest)--Phelan, Lake Arrowhead & Big Bear City PUMA",6.2307934920753585,22.549830386513158,519.9960376794259,0.5199960376794258,0.5199960376794258
3200300,3200300,G32000300,3200300,32,Nevada,Rural Nevada PUMA,-0.6855862031955013,22.12732338878039,267.79054145060275,0.26779054145060277,0.26779054145060277
4100300,4100300,G41000300,4100300,41,Oregon,"Klamath, Malheur, Lake & Harney Counties PUMA",-1.2825777939618643,19.522903866525425,396.6325847457627,0.3966325847457627,0.3966325847457627
4100200,4100200,G41000200,4100200,41,Oregon,North Central Oregon--The Dalles City PUMA,-0.11037550633787557,19.27400568181818,495.3485362095532,0.49534853620955316,0.49534853620955316
5311706,5311706,G53011706,5311706,53,Washington,Snohomish County (North)--Marysville & Arlington Cities PUMA,0.9810671956015274,15.99421507146861,2255.4827634529147,2.255482763452915,2.255482763452915
5311705,5311705,G53011705,5311705,53,Washington,Snohomish County (Central & Southeast)--Lake Stevens & Monroe Cities PUMA,1.6245935880220854,16.48941157414363,2367.9459134615386,2.3679459134615386,2.3679459134615386
5310800,5310800,G53010800,5310800,53,Washington,Grant & Kittitas Counties PUMA,-1.601662858201581,20.15034430583004,567.1576704545455,0.5671576704545455,0.5671576704545455
5310902,5310902,G53010902,5310902,53,Washington,Yakima County (Outer)--Sunnyside & Grandview Cities PUMA,-1.1823901718468974,18.62103520308753,682.5374700239809,0.6825374700239809,0.6825374700239809
5311900,5311900,G53011900,5311900,53,Washington,Clallam & Jefferson Counties PUMA,3.341689466303981,15.450222988360323,2466.9966216216217,2.4669966216216217,2.4669966216216217
5310200,5310200,G53010200,5310200,53,Washington,"Skagit, Island & San Juan Counties PUMA",2.3181546690676043,15.937294407894736,1696.8142014519055,1.6968142014519056,1.6968142014519056
5311000,5311000,G53011000,5311000,53,Washington,"Lewis, Klickitat & Skamania Counties PUMA",1.1942320478723405,17.850146276595744,1575.3191489361702,1.5753191489361702,1.5753191489361702
5311616,5311616,G53011616,5311616,53,Washington,"King County (Northeast)--Snoqualmie City, Cottage Lake, Union Hill & Novelty Hill PUMA",1.1937596938189339,15.920863086821267,2584.570701357466,2.584570701357466,2.584570701357466
0100200,100200,G01000200,0100200,01,Alabama,Limestone & Madison (Outer) Counties--Huntsville City (Far West & Southwest) PUMA,4.491662711740654,25.984546126606308,1463.5825058411215,1.4635825058411214,1.4635825058411214
0101700,101700,G01001700,0101700,01,Alabama,"Dallas, Bibb, Marengo, Hale, Sumter, Perry & Greene Counties PUMA",7.48335509568118,27.332110252808988,1432.4912921348314,1.4324912921348314,1.4324912921348314
0101800,101800,G01001800,0101800,01,Alabama,"Chilton, Tallapoosa, Chambers & Coosa Counties PUMA",6.988095238095238,26.703634418966452,1404.6968344155844,1.4046968344155843,1.4046968344155843
0102200,102200,G01002200,0102200,01,Alabama,Southwest Alabama PUMA,8.602167338709677,27.23510224654378,1538.0006912442395,1.5380006912442394,1.5380006912442394
0100800,100800,G01000800,0100800,01,Alabama,St. Clair & Blount Counties PUMA,5.670321743184156,26.34062339248971,1469.647762345679,1.469647762345679,1.469647762345679
0100700,100700,G01000700,0100700,01,Alabama,Cullman & Winston Counties PUMA,4.992191691255365,26.00611294594957,1538.7065450643777,1.5387065450643778,1.5387065450643778
0100600,100600,G01000600,0100600,01,Alabama,Morgan & Lawrence Counties--Decatur City PUMA,4.942543189395921,26.13291260787134,1494.768959205021,1.494768959205021,1.494768959205021
0101200,101200,G01001200,0101200,01,Alabama,Shelby County PUMA,6.900454527579698,27.001702430264263,1442.1174496644296,1.4421174496644296,1.4421174496644296
0100301,100301,G01000301,0100301,01,Alabama,Huntsville (North) & Madison (East) Cities PUMA,4.55591615041097,26.070966084798176,1440.83447265625,1.44083447265625,1.44083447265625
0101302,101302,G01001302,0101302,01,Alabama,Birmingham City (East) PUMA,6.747500101725261,27.045989990234375,1476.675564236111,1.4766755642361111,1.4766755642361111
0101301,101301,G01001301,0101301,01,Alabama,Birmingham City (West) PUMA,6.906806945800781,27.142756870814733,1453.6884765625,1.4536884765625,1.4536884765625
0101303,101303,G01001303,0101303,01,Alabama,"Jefferson County (Southeast)--Hoover (North), Vestavia Hills & Homewood Cities PUMA",6.8898298933699325,27.108286264780407,1484.1471706081081,1.4841471706081082,1.4841471706081082
0101304,101304,G01001304,0101304,01,Alabama,"Jefferson County (Northeast)--Trussville, Center Point & Gardendale Cities PUMA",6.260410655628551,26.758472789417613,1484.4548117897727,1.4844548117897727,1.4844548117897727
0101305,101305,G01001305,0101305,01,Alabama,"Jefferson County (West)--Bessemer, Hueytown & Pleasant Grove Cities PUMA",6.791349641569368,27.121866414835164,1460.1219093406594,1.4601219093406594,1.4601219093406594
0400600,400600,G04000600,0400600,04,Arizona,Mohave & La Paz Counties--Lake Havasu City PUMA,7.851559057763483,30.016005022911525,225.68761015156855,0.22568761015156855,0.22568761015156855
0400500,400500,G04000500,0400500,04,Arizona,Yavapai County PUMA,6.159418301131928,26.22512319476971,391.1785226385636,0.3911785226385636,0.3911785226385636
0400400,400400,G04000400,0400400,04,Arizona,Coconino County--Flagstaff City PUMA,1.5969081417143711,23.735010466507177,345.3535757006152,0.3453535757006152,0.3453535757006152
0400300,400300,G04000300,0400300,04,Arizona,Navajo & Apache Counties PUMA,0.3025943992990498,22.961883890333436,292.06783420006116,0.29206783420006116,0.29206783420006116
0500300,500300,G05000300,0500300,05,Arkansas,"Baxter, Boone, Carroll, Marion, Madison, Newton & Searcy Counties PUMA",2.28976188378534,25.721539469504446,1240.5187420584498,1.2405187420584498,1.2405187420584498
0501300,501300,G05001300,0501300,05,Arkansas,"Pope, Johnson, Yell, Conway & Perry Counties PUMA",3.761708063710017,26.84141874473906,1336.9722222222222,1.3369722222222222,1.3369722222222222
0501500,501500,G05001500,0501500,05,Arkansas,"Logan, Polk, Franklin, Sevier, Howard & Scott Counties PUMA",4.3569213013548955,26.967228474650348,1406.2556818181818,1.4062556818181817,1.4062556818181817
0500400,500400,G05000400,0500400,05,Arkansas,"Independence, Cleburne, Van Buren, Sharp, Izard, Stone & Fulton Counties PUMA",2.7626581101190477,26.414269770408165,1292.9328231292518,1.2929328231292518,1.2929328231292518
0501400,501400,G05001400,0501400,05,Arkansas,Sebastian & Crawford Counties PUMA,3.711092594165157,27.07828540157005,1314.2355072463768,1.3142355072463767,1.3142355072463767
0500200,500200,G05000200,0500200,05,Arkansas,Washington County PUMA,2.402734734030331,25.870852481617646,1265.6301470588235,1.2656301470588234,1.2656301470588234
0500700,500700,G05000700,0500700,05,Arkansas,"St. Francis, Poinsett, Phillips, Cross, Lee & Monroe Counties PUMA",4.408173155641841,27.431529519086826,1321.2174401197606,1.3212174401197605,1.3212174401197605
0500600,500600,G05000600,0500600,05,Arkansas,"Crittenden, Mississippi & Craighead (East) Counties PUMA",3.689091435185185,27.38740039618946,1324.2456374643875,1.3242456374643876,1.3242456374643876
0500800,500800,G05000800,0500800,05,Arkansas,"White, Jackson, Prairie & Woodruff Counties PUMA",4.077021484375,27.45672265625,1295.8885,1.2958885,1.2958885
0606501,606501,G06006501,0606501,06,California,"Riverside County (East)--Indio, Coachella, Blythe & La Quinta (East) Cities PUMA",11.554683436633148,32.15915124393204,111.10785800970874,0.11110785800970874,0.11110785800970874
1203301,1203301,G12003301,1203301,12,Florida,Escambia County (North) PUMA,10.174598976417824,27.5147863317419,1709.868923611111,1.709868923611111,1.709868923611111
1203302,1203302,G12003302,1203302,12,Florida,Escambia County (South) PUMA,11.151064665421195,28.11008353855299,1678.0526494565217,1.6780526494565218,1.6780526494565218
1211300,1211300,G12011300,1211300,12,Florida,Santa Rosa County PUMA,10.341689818683156,27.68172940340909,1701.7705548128342,1.7017705548128341,1.7017705548128341
3500400,3500400,G35000400,3500400,35,New Mexico,Eastern Plains New Mexico PUMA,1.9212762640013865,23.694933960887333,413.5116024518389,0.4135116024518389,0.4135116024518389
3500300,3500300,G35000300,3500300,35,New Mexico,North Central New Mexico PUMA,-1.6143266648414685,20.1352227393617,449.4654776804339,0.4494654776804339,0.4494654776804339
3500600,3500600,G35000600,3500600,35,New Mexico,Sandoval County PUMA,-0.7725407412157168,21.677355220228385,348.5482259380098,0.3485482259380098,0.3485482259380098
3500100,3500100,G35000100,3500100,35,New Mexico,Northwest New Mexico--Navajo Nation PUMA,-0.8605821579628076,22.017585989932886,279.85920022371363,0.27985920022371363,0.27985920022371363
3500500,3500500,G35000500,3500500,35,New Mexico,Santa Fe County PUMA,-0.5275791378840347,21.311650750095858,379.7499041411043,0.3797499041411043,0.3797499041411043
4001302,4001302,G40001302,4001302,40,Oklahoma,"Muskogee, Okmulgee, Wagoner (East) & McIntosh Counties PUMA",3.4981258155447,27.64505403506424,1122.54028372591,1.12254028372591,1.12254028372591
4001501,4001501,G40001501,4001501,40,Oklahoma,"Payne, Seminole, Creek (Southwest), Hughes & Okfuskee Counties--Stillwater City PUMA",3.5551551555765086,27.69265557650862,1031.4817887931035,1.0314817887931036,1.0314817887931036
4000400,4000400,G40000400,4000400,40,Oklahoma,Southwest Oklahoma PUMA,3.4642180041352133,28.133260018872114,698.7698157193606,0.6987698157193606,0.6987698157193606
4000500,4000500,G40000500,4000500,40,Oklahoma,Panhandle & Northwest Oklahoma PUMA,1.8111562100799583,27.19523561695685,636.4017789553369,0.6364017789553369,0.6364017789553369
4001102,4001102,G40001102,4001102,40,Oklahoma,"Pottawatomie (North), Logan & Lincoln Counties--Shawnee City PUMA",3.202528866854581,27.861189408735797,940.6683238636364,0.9406683238636364,0.9406683238636364
4000200,4000200,G40000200,4000200,40,Oklahoma,"Cherokee, Sequoyah & Adair Counties PUMA",3.1891183826133145,26.98453545502833,1219.433073654391,1.219433073654391,1.219433073654391
4703000,4703000,G47003000,4703000,47,Tennessee,Madison & Chester Counties--Jackson City PUMA,3.611585235595703,26.369525146484374,1428.1544921875,1.4281544921875,1.4281544921875
4702900,4702900,G47002900,4702900,47,Tennessee,"Henderson, Hardeman, McNairy, Hardin, Haywood & Decatur Counties PUMA",3.7684908084117383,26.348954833109318,1436.0689964157707,1.4360689964157707,1.4360689964157707
4702800,4702800,G47002800,4702800,47,Tennessee,"Lawrence, Giles, Wayne, Lewis & Perry Counties PUMA",3.58098341333061,25.505808312908496,1493.0382625272332,1.4930382625272332,1.4930382625272332
4702200,4702200,G47002200,4702200,47,Tennessee,"Coffee, Franklin, Lincoln & Moore Counties PUMA",3.6726357521864332,25.189303140998295,1489.5962030716723,1.4895962030716723,1.4895962030716723
4703100,4703100,G47003100,4703100,47,Tennessee,"Tipton, Fayette & Lauderdale Counties PUMA",3.857168764352037,27.014464357028753,1376.6869009584664,1.3766869009584664,1.3766869009584664
4702700,4702700,G47002700,4702700,47,Tennessee,"Maury, Bedford & Marshall Counties PUMA",3.374004534821012,25.55352692105877,1445.0460587686566,1.4450460587686567,1.4450460587686567
4800100,4800100,G48000100,4800100,48,Texas,Panhandle Regional Planning Commission (Outside Potter & Randall Counties) PUMA,2.792233297777253,26.407230251618998,522.8810375067458,0.5228810375067457,0.5228810375067457
4800200,4800200,G48000200,4800200,48,Texas,Panhandle Regional Planning Commission--Potter County--Amarillo City (North) PUMA,2.8998623802548362,26.40974353608631,487.2684616815476,0.4872684616815476,0.4872684616815476
3704900,3704900,G37004900,3704900,37,North Carolina,"Columbus, Bladen & Robeson (East) Counties PUMA",7.016441584312678,27.092069533475783,1317.756054131054,1.317756054131054,1.317756054131054
3702400,3702400,G37002400,3702400,37,North Carolina,"Jackson (South), Macon, Cherokee & Clay Counties PUMA",2.383006275950612,21.949152166193183,1702.3417832167831,1.702341783216783,1.702341783216783
3702500,3702500,G37002500,3702500,37,North Carolina,Henderson & Transylvania Counties PUMA,2.6970204320447198,22.247561961206898,1752.403125,1.752403125,1.752403125
3704600,3704600,G37004600,3704600,37,North Carolina,Pender & New Hanover (North) Counties PUMA,7.169557051225142,26.970664284446023,1452.293057528409,1.452293057528409,1.452293057528409
3705100,3705100,G37005100,3705100,37,North Carolina,Robeson County (West)--Lumberton City PUMA,6.496761769261854,27.183450633081897,1224.8293103448275,1.2248293103448276,1.2248293103448276
4500700,4500700,G45000700,4500700,45,South Carolina,"Lancaster, Chesterfield & Marlboro Counties PUMA",6.266292560634328,27.0501807369403,1178.5044776119403,1.1785044776119402,1.1785044776119402
4500400,4500400,G45000400,4500400,45,South Carolina,"Cherokee, Newberry, Chester & Union Counties PUMA",5.7739169034090905,26.742248376623376,1159.2060064935065,1.1592060064935066,1.1592060064935066
4501000,4501000,G45001000,4501000,45,South Carolina,"Georgetown, Marion & Dillon Counties PUMA",7.802369277165654,27.260822330927052,1324.0503419452887,1.3240503419452887,1.3240503419452887
4500101,4500101,G45000101,4500101,45,South Carolina,Pickens & Oconee Counties--Easley & Clemson Cities PUMA,5.266312720070423,25.668502879254696,1512.1634389671362,1.5121634389671363,1.5121634389671363
4500102,4500102,G45000102,4500102,45,South Carolina,Greenville County (North)--Greer City (North & West) & Taylors (Central & East) PUMA,4.804511216107537,25.250453814338236,1556.1922794117647,1.5561922794117646,1.5561922794117646
4500501,4500501,G45000501,4500501,45,South Carolina,York County (West & Outside Rock Hill City) PUMA,5.257944567450162,26.422005488954742,1130.6756465517242,1.1306756465517243,1.1306756465517243
4500302,4500302,G45000302,4500302,45,South Carolina,Spartanburg County (Outside Spartanburg City)--Greer City (East) PUMA,5.385486011773768,26.253381863446304,1275.1082746478874,1.2751082746478875,1.2751082746478875
4500301,4500301,G45000301,4500301,45,South Carolina,Spartanburg County (Central)--Spartanburg City PUMA,5.402227228338068,26.245111638849433,1269.6564867424242,1.2696564867424243,1.2696564867424243
4702100,4702100,G47002100,4702100,47,Tennessee,"Rhea, Marion, Sequatchie, Grundy, Bledsoe & Meigs Counties PUMA",2.9142012465846996,24.407877604166668,1541.9868510928961,1.5419868510928962,1.5419868510928962
4701900,4701900,G47001900,4701900,47,Tennessee,"Bradley, McMinn & Polk Counties--Cleveland City PUMA",3.6801168001615086,25.210646409254807,1486.5229867788462,1.486522986778846,1.486522986778846
4702003,4702003,G47002003,4702003,47,Tennessee,Hamilton County (North)--Soddy-Daisy City PUMA,3.6526305458762427,25.28312266956676,1503.6841264204545,1.5036841264204546,1.5036841264204546
1801803,1801803,G18001803,1801803,18,Indiana,Hamilton County (East)--Noblesville City & Fishers Town (East) PUMA,-2.7820498817845394,23.4821488229852,1092.6547080592106,1.0926547080592106,1.0926547080592106
1801802,1801802,G18001802,1801802,18,Indiana,Hamilton County (Central)--Carmel City & Fishers Town (West) PUMA,-2.6109239487420943,23.71623302641369,1101.6802455357142,1.1016802455357142,1.1016802455357142
1801801,1801801,G18001801,1801801,18,Indiana,Boone & Hamilton (Northwest) Counties PUMA,-2.96857419788328,23.32378472222222,1080.2128071581196,1.0802128071581196,1.0802128071581196
1803400,1803400,G18003400,1803400,18,Indiana,"Dubois, Knox, Spencer, Perry, Pike & Crawford Counties PUMA",0.048657620337701615,24.992242103494625,1256.1971774193548,1.2561971774193548,1.2561971774193548
1800800,1800800,G18000800,1800800,18,Indiana,Kosciusko & Marshall Counties PUMA,-4.150209509808084,22.689853834069293,999.503566576087,0.999503566576087,0.999503566576087
1801300,1801300,G18001300,1801300,18,Indiana,"Howard, Cass & Tipton Counties--Kokomo City PUMA",-3.597813739677785,23.02533496599741,1048.9502914507773,1.0489502914507773,1.0489502914507773
1803500,1803500,G18003500,1803500,18,Indiana,"Floyd, Harrison & Washington Counties PUMA",0.1670816190574201,24.597192054372197,1260.461182735426,1.260461182735426,1.260461182735426
1802900,1802900,G18002900,1802900,18,Indiana,Bartholomew & Jackson Counties--Columbus City PUMA,-1.0249558773786662,24.04100744151536,1231.6282297486034,1.2316282297486034,1.2316282297486034
1801400,1801400,G18001400,1801400,18,Indiana,"Grant, Miami & Wabash Counties PUMA",-3.6724411077374453,23.012064171670307,1028.1416484716158,1.0281416484716157,1.0281416484716157
1802400,1802400,G18002400,1802400,18,Indiana,Johnson County--Greenwood City PUMA,-2.144176483154297,23.866134643554688,1146.144287109375,1.146144287109375,1.146144287109375
1800500,1800500,G18000500,1800500,18,Indiana,Elkhart County--Elkhart & Goshen Cities PUMA,-4.210501869956215,22.589173033997252,977.4957074175824,0.9774957074175824,0.9774957074175824
1802100,1802100,G18002100,1802100,18,Indiana,"Morgan, Putnam & Brown Counties PUMA",-2.2444235591565147,23.552734375,1175.7073622881355,1.1757073622881355,1.1757073622881355
1802306,1802306,G18002306,1802306,18,Indiana,Marion County--Warren & Franklin Townships--Indianapolis City (East & Southeast) PUMA,-2.501129150390625,23.71412404378255,1125.5948893229167,1.1255948893229168,1.1255948893229168
1802303,1802303,G18002303,1802303,18,Indiana,Marion County--Lawrence Township--Indianapolis (Northeast) & Lawrence Cities PUMA,-2.5751768258901744,23.725313626802883,1123.6573016826924,1.1236573016826923,1.1236573016826923
2100400,2100400,G21000400,2100400,21,Kentucky,Barren River Area Development District (Outer) PUMA,1.9512297930395388,25.374424037273474,1346.502780065898,1.346502780065898,1.346502780065898
2101300,2101300,G21001300,2101300,21,Kentucky,Lincoln Trail Area Development District (West) PUMA,0.9988724169774358,24.882800698640484,1301.3213746223564,1.3013213746223564,1.3013213746223564
2100500,2100500,G21000500,2100500,21,Kentucky,Barren River Area Development District (Central)--Warren County PUMA,1.9233653728778546,25.57743718073918,1349.9522235576924,1.3499522235576924,1.3499522235576924
2600200,2600200,G26000200,2600200,26,Michigan,Eastern Upper Peninsula PUMA,-8.492419345773381,18.81909940797362,848.3412912912913,0.8483412912912913,0.8483412912912913
2602101,2602101,G26002101,2602101,26,Michigan,Kalamazoo County (Outer) PUMA,-4.402023608867939,22.11468505859375,991.4812950721154,0.9914812950721154,0.9914812950721154
2601003,2601003,G26001003,2601003,26,Michigan,Kent County (Southeast) PUMA,-4.8217091746144485,21.7291212205763,970.9613433441558,0.9709613433441558,0.9709613433441558
2601004,2601004,G26001004,2601004,26,Michigan,Kent County (North) PUMA,-5.134463802798764,21.354996565934066,949.4761332417582,0.9494761332417583,0.9494761332417583
2601002,2601002,G26001002,2601002,26,Michigan,Kent County (Central)--Grand Rapids City Area PUMA,-4.599366505940755,21.811721801757812,969.6255425347222,0.9696255425347222,0.9696255425347222
2602300,2602300,G26002300,2602300,26,Michigan,Van Buren & Cass Counties PUMA,-4.177773189984159,22.180043022753456,1009.0719326036866,1.0090719326036865,1.0090719326036865
2601100,2601100,G26001100,2601100,26,Michigan,"Ionia, Montcalm, Mecosta & Osceola Counties PUMA",-5.960743120521497,20.87743207603503,916.4019373673036,0.9164019373673036,0.9164019373673036
2600400,2600400,G26000400,2600400,26,Michigan,Northwest Lower Peninsula (East) PUMA,-6.903092600743349,19.781758912852112,866.2924177115988,0.8662924177115988,0.8662924177115988
2600500,2600500,G26000500,2600500,26,Michigan,Northwest Lower Peninsula (West) PUMA,-5.51898534164816,20.298820689244923,870.0183217005076,0.8700183217005076,0.8700183217005076
2602200,2602200,G26002200,2602200,26,Michigan,St. Joseph & Branch Counties PUMA,-4.585130901427931,22.100798538427032,978.0923295454545,0.9780923295454546,0.9780923295454546
2600900,2600900,G26000900,2600900,26,Michigan,Allegan County PUMA,-4.125487129643278,21.770383438974058,1004.3999606918239,1.004399960691824,1.004399960691824
4702402,4702402,G47002402,4702402,47,Tennessee,Rutherford County (South)--Murfreesboro City PUMA,3.1884091025904606,25.55872385125411,1395.3781866776317,1.3953781866776316,1.3953781866776316
4702300,4702300,G47002300,4702300,47,Tennessee,Wilson County--Lebanon & Mount Juliet Cities PUMA,3.073054220824115,25.917914736587388,1370.0666482300885,1.3700666482300885,1.3700666482300885
4702401,4702401,G47002401,4702401,47,Tennessee,Rutherford County (North)--Smyrna Town & La Vergne City PUMA,3.117718505859375,25.891015625,1364.4490384615385,1.3644490384615384,1.3644490384615384
4700500,4700500,G47000500,4700500,47,Tennessee,Sumner County--Hendersonville City PUMA,2.5443007035688923,25.794568980823865,1347.5551136363636,1.3475551136363635,1.3475551136363635
4702501,4702501,G47002501,4702501,47,Tennessee,Nashville-Davidson (East) PUMA,3.2136787645744556,26.287416400331438,1335.6908143939395,1.3356908143939394,1.3356908143939394
5310400,5310400,G53010400,5310400,53,Washington,"Stevens, Okanogan, Pend Oreille & Ferry Counties PUMA",-3.743813066021914,18.30636809593023,632.4063618067978,0.6324063618067978,0.6324063618067978
5310300,5310300,G53010300,5310300,53,Washington,Chelan & Douglas Counties PUMA,-3.0245303912640593,18.39156561541411,844.8310327198365,0.8448310327198365,0.8448310327198365
5310100,5310100,G53010100,5310100,53,Washington,Whatcom County--Bellingham City PUMA,0.03150164417384826,15.420182627255155,2100.8615979381443,2.1008615979381444,2.1008615979381444
