,GISMATCH,STATEFIP,State,MIGPLAC,MIGPUMA,PWSTATE,PWPUMA,center,TYPE,CBSA_NAME
0,600100,06,California,006,00100,06,00100,POINT (-2234513.5186027084 322640.23786463443),T34,"San Francisco-Oakland-Hayward, CA Metro Area"
1,600700,06,California,006,00700,06,00700,POINT (-2150235.3608877943 534214.0203136775),Metro,"Chico, CA Metro Area"
2,601100,06,California,006,01100,06,01100,POINT (-2216786.2610064456 604917.4494366695),Nonmetro,"Red Bluff, CA Micro Area"
3,601300,06,California,006,01300,06,01300,POINT (-2229879.805136674 352695.13960709283),T34,"San Francisco-Oakland-Hayward, CA Metro Area"
4,601500,06,California,006,01500,06,01500,POINT (-2096371.819538961 692307.6508446125),Metro,"Redding, CA Metro Area"
5,601700,06,California,006,01700,06,01700,POINT (-2087339.0818066744 414184.82773163397),T34,"Sacramento--Roseville--Arden-Arcade, CA Metro Area"
6,601900,06,California,006,01900,06,01900,POINT (-2070500.0385958732 175923.5536188975),Metro,"Fresno, CA Metro Area"
7,602300,06,California,006,02300,06,02300,POINT (-2302538.071593191 698332.1798871111),Nonmetro,"Eureka-Arcata-Fortuna, CA Micro Area"
8,602900,06,California,006,02900,06,02900,POINT (-2028685.4823970208 2244.6366708038818),Metro,"Bakersfield, CA Metro Area"
9,603100,06,California,006,03100,06,03100,POINT (-2103406.2602396226 105312.15151100713),Metro,"Hanford-Corcoran, CA Metro Area"
10,603300,06,California,006,03300,06,03300,POINT (-2292380.788419982 537392.1519731148),Nonmetro,"Ukiah, CA Micro Area"
11,603700,06,California,006,03700,06,03700,POINT (-2010993.1873027533 -119561.57245645297),T34,"Los Angeles-Long Beach-Anaheim, CA Metro Area"
12,603900,06,California,006,03900,06,03900,POINT (-2067305.305941909 228215.85702568135),Metro,"Madera, CA Metro Area"
13,604100,06,California,006,04100,06,04100,POINT (-2291285.5589902545 388330.6204251727),T34,"San Francisco-Oakland-Hayward, CA Metro Area"
14,604700,06,California,006,04700,06,04700,POINT (-2149177.1281577605 246537.5921843773),Metro,"Merced, CA Metro Area"
15,605300,06,California,006,05300,06,05300,POINT (-2214378.19365991 164303.07222181422),Metro,"Salinas, CA Metro Area"
16,605500,06,California,006,05500,06,05500,POINT (-2245523.0856967582 425951.54008474963),Metro,"Napa, CA Metro Area"
17,605700,06,California,006,05700,06,05700,POINT (-2078206.6416401928 488460.79075895343),Nonmetro,"Truckee-Grass Valley, CA Micro Area"
18,605900,06,California,006,05900,06,05900,POINT (-1985454.6786815694 -196674.75984104228),T34,"Los Angeles-Long Beach-Anaheim, CA Metro Area"
19,606100,06,California,006,06100,06,06100,POINT (-2095270.8653344612 449321.6171441111),T34,"Sacramento--Roseville--Arden-Arcade, CA Metro Area"
20,606700,06,California,006,06700,06,06700,POINT (-2164533.3735171375 397288.5483051327),T34,"Sacramento--Roseville--Arden-Arcade, CA Metro Area"
21,607500,06,California,006,07500,06,07500,POINT (-2277982.9697124874 347644.51530429494),T34,"San Francisco-Oakland-Hayward, CA Metro Area"
22,607700,06,California,006,07700,06,07700,POINT (-2174248.663956962 339492.27234681783),Metro,"Stockton-Lodi, CA Metro Area"
23,607900,06,California,006,07900,06,07900,POINT (-2173674.985974461 43957.536555922496),Metro,"San Luis Obispo-Paso Robles-Arroyo Grande, CA Metro Area"
24,608100,06,California,006,08100,06,08100,POINT (-2278688.2694090367 308909.44138184976),T34,"San Francisco-Oakland-Hayward, CA Metro Area"
25,608300,06,California,006,08300,06,08300,POINT (-2159967.4632704477 -42183.69592047767),Metro,"Santa Maria-Santa Barbara, CA Metro Area"
26,608500,06,California,006,08500,06,08500,POINT (-2230794.7937275013 273324.8543884429),Metro,"San Jose-Sunnyvale-Santa Clara, CA Metro Area"
27,608700,06,California,006,08700,06,08700,POINT (-2262105.596078427 261685.37992560407),Metro,"Santa Cruz-Watsonville, CA Metro Area"
28,608900,06,California,006,08900,06,08900,POINT (-2153062.61908402 662591.9724010158),Metro,"Redding, CA Metro Area"
29,609500,06,California,006,09500,06,09500,POINT (-2218746.1410212233 392008.8911569663),Metro,"Vallejo-Fairfield, CA Metro Area"
30,609700,06,California,006,09700,06,09700,POINT (-2291010.134806198 441529.2626694913),Metro,"Santa Rosa, CA Metro Area"
31,609900,06,California,006,09900,06,09900,POINT (-2162271.1604343867 292651.6564544711),Metro,"Modesto, CA Metro Area"
32,610100,06,California,006,10100,06,10100,POINT (-2158717.420866184 477078.57805121253),Metro,"Yuba City, CA Metro Area"
33,610700,06,California,006,10700,06,10700,POINT (-2011628.6826020414 99069.81722053025),Metro,"Visalia-Porterville, CA Metro Area"
34,611100,06,California,006,11100,06,11100,POINT (-2083586.2018119239 -86511.37798027918),Metro,"Oxnard-Thousand Oaks-Ventura, CA Metro Area"
35,611300,06,California,006,11300,06,11300,POINT (-2204406.6542427763 435265.0412535654),T34,"Sacramento--Roseville--Arden-Arcade, CA Metro Area"
36,1500100,15,Hawaii,015,00100,15,00100,POINT (-6107726.536014881 259503.46755429386),Metro,"Urban Honolulu, HI Metro Area"
37,1500200,15,Hawaii,015,00200,15,00200,POINT (-6035014.406770269 -19873.04225620738),Nonmetro,"Hilo, HI Micro Area"
38,3200100,32,Nevada,032,00100,32,00100,POINT (-1963794.4342321518 599533.0442311924),Metro,"Reno, NV Metro Area"
39,3200200,32,Nevada,032,00200,32,00200,POINT (-1981847.9506819167 416841.60467765736),Nonmetro,"Gardnerville Ranchos, NV Micro Area"
40,4100400,41,Oregon,041,00400,41,00400,POINT (-1994898.0755205716 984373.9079720658),Metro,"Bend-Redmond, OR Metro Area"
41,4100500,41,Oregon,041,00500,41,00500,POINT (-2130304.3205008963 1200852.7911159762),Nonmetro,
42,4100600,41,Oregon,041,00600,41,00600,POINT (-2093504.389945778 1078602.1961946406),Metro,"Albany, OR Metro Area"
43,4100700,41,Oregon,041,00700,41,00700,POINT (-2118925.39282384 1022063.1207667289),Metro,"Eugene, OR Metro Area"
44,4100800,41,Oregon,041,00800,41,00800,POINT (-2242644.4573581186 909915.1977545245),Nonmetro,"Brookings, OR Micro Area"
45,4100900,41,Oregon,041,00900,41,00900,POINT (-2156613.291713314 857667.4775797805),Metro,"Medford, OR Metro Area"
46,4101000,41,Oregon,041,01000,41,01000,POINT (-2164049.314766451 958436.4866273385),Nonmetro,"Roseburg, OR Micro Area"
47,4101100,41,Oregon,041,01100,41,01100,POINT (-2069067.8361676536 1119478.7788601324),Metro,"Salem, OR Metro Area"
48,4101200,41,Oregon,041,01200,41,01200,POINT (-2122865.4537009383 1153913.862941233),Metro,"Salem, OR Metro Area"
49,4101325,41,Oregon,041,01325,41,01325,POINT (-2036629.5155469498 1184663.7728615329),T34,"Portland-Vancouver-Hillsboro, OR-WA Metro Area"
50,4101326,41,Oregon,041,01326,41,01326,POINT (-2032911.0190126984 1142096.5020822678),T34,"Portland-Vancouver-Hillsboro, OR-WA Metro Area"
51,4101327,41,Oregon,041,01327,41,01327,POINT (-2087485.6118168645 1200853.5592318359),T34,"Portland-Vancouver-Hillsboro, OR-WA Metro Area"
52,5311100,53,Washington,053,11100,53,11100,POINT (-2034614.6573876485 1210886.4383846025),T34,"Portland-Vancouver-Hillsboro, OR-WA Metro Area"
53,5311200,53,Washington,053,11200,53,11200,POINT (-2067920.3504788475 1286424.7342426938),Metro,"Longview, WA Metro Area"
54,5311300,53,Washington,053,11300,53,11300,POINT (-2070985.7777646363 1387640.90025902),Nonmetro,"Aberdeen, WA Micro Area"
55,5311400,53,Washington,053,11400,53,11400,POINT (-2025339.011447314 1339780.4835231947),Metro,"Olympia-Tumwater, WA Metro Area"
56,5311500,53,Washington,053,11500,53,11500,POINT (-1968640.965340751 1335487.7633144488),T34,"Seattle-Tacoma-Bellevue, WA Metro Area"
57,5311800,53,Washington,053,11800,53,11800,POINT (-1992927.5061723553 1410009.0388473377),Metro,"Bremerton-Silverdale, WA Metro Area"
58,100190,01,Alabama,001,00190,01,00190,POINT (754135.6986992772 -335452.4307189541),Nonmetro,
59,101590,01,Alabama,001,01590,01,01590,POINT (762533.9623780269 -438409.0186024433),Metro,"Tuscaloosa, AL Metro Area"
60,102600,01,Alabama,001,02600,01,02600,POINT (789650.6631455718 -721426.1284891433),Metro,"Daphne-Fairhope-Foley, AL Metro Area"
61,102700,01,Alabama,001,02700,01,02700,POINT (743080.9463110489 -719237.3837560732),Metro,"Mobile, AL Metro Area"
62,400100,04,Arizona,004,00100,04,00100,POINT (-1517301.0831891657 -332612.7236669361),T34,"Phoenix-Mesa-Scottsdale, AZ Metro Area"
63,400200,04,Arizona,004,00200,04,00200,POINT (-1476204.2804264475 -481013.03052528715),Metro,"Tucson, AZ Metro Area"
64,400700,04,Arizona,004,00700,04,00700,POINT (-1657886.2615578158 -372641.4153414689),Metro,"Yuma, AZ Metro Area"
65,400800,04,Arizona,004,00800,04,00800,POINT (-1342545.4419198101 -377441.2404413056),Nonmetro,"Payson, AZ Micro Area"
66,400900,04,Arizona,004,00900,04,00900,POINT (-1308576.1001559964 -538792.8995521126),Metro,"Sierra Vista-Douglas, AZ Metro Area"
67,500900,05,Arkansas,005,00900,05,00900,POINT (334776.2888878592 -299231.8611798428),Metro,"Little Rock-North Little Rock-Conway, AR Metro Area"
68,501100,05,Arkansas,005,01100,05,01100,POINT (354244.44635268365 -280291.6284186446),Metro,"Little Rock-North Little Rock-Conway, AR Metro Area"
69,501200,05,Arkansas,005,01200,05,01200,POINT (302179.0015041861 -314230.8920793031),Metro,"Little Rock-North Little Rock-Conway, AR Metro Area"
70,501600,05,Arkansas,005,01600,05,01600,POINT (250974.79712722445 -347791.12371047924),Nonmetro,"Malvern, AR Micro Area"
71,501790,05,Arkansas,005,01790,05,01790,POINT (390590.1181870103 -404076.2752232866),Metro,"Pine Bluff, AR Metro Area"
72,501900,05,Arkansas,005,01900,05,01900,POINT (298010.4922322253 -446798.3180524067),Nonmetro,"Camden, AR Micro Area"
73,502000,05,Arkansas,005,02000,05,02000,POINT (209873.13406769038 -429046.4003356362),Nonmetro,"Hope, AR Micro Area"
74,602500,06,California,006,02500,06,02500,POINT (-1785119.915078577 -316532.68125916185),Metro,"El Centro, CA Metro Area"
75,2200100,22,Louisiana,022,00100,22,00100,POINT (197709.89457513226 -548178.0587733119),Metro,"Shreveport-Bossier City, LA Metro Area"
76,2200200,22,Louisiana,022,00200,22,00200,POINT (233713.5717650495 -534660.9112108785),Metro,"Shreveport-Bossier City, LA Metro Area"
77,2200300,22,Louisiana,022,00300,22,00300,POINT (259056.15160035217 -601599.3686298875),Nonmetro,
78,2200400,22,Louisiana,022,00400,22,00400,POINT (359342.4205056116 -554424.2371154508),Metro,"Monroe, LA Metro Area"
79,2200500,22,Louisiana,022,00500,22,00500,POINT (392605.6258789089 -555170.8880840909),Nonmetro,
80,2200600,22,Louisiana,022,00600,22,00600,POINT (363738.3953617158 -655484.1898779417),Nonmetro,
81,2200700,22,Louisiana,022,00700,22,00700,POINT (298685.25180588855 -704222.6331114774),Nonmetro,"Fort Polk South, LA Micro Area"
82,2200890,22,Louisiana,022,00890,22,00890,POINT (273400.9597545388 -802133.3912726988),Metro,"Lake Charles, LA Metro Area"
83,2201000,22,Louisiana,022,01000,22,01000,POINT (365765.3111044257 -757465.6667021121),Nonmetro,"Opelousas, LA Micro Area"
84,2201100,22,Louisiana,022,01100,22,01100,POINT (351420.36728157557 -831233.1675267436),Metro,"Lafayette, LA Metro Area"
85,2201200,22,Louisiana,022,01200,22,01200,POINT (378315.52380026365 -806627.418385152),Metro,"Lafayette, LA Metro Area"
86,2201300,22,Louisiana,022,01300,22,01300,POINT (424898.03478518396 -835418.5231197042),Nonmetro,"Morgan City, LA Micro Area"
87,2201400,22,Louisiana,022,01400,22,01400,POINT (443362.9618666477 -757811.7502898701),Metro,"Baton Rouge, LA Metro Area"
88,2201500,22,Louisiana,022,01500,22,01500,POINT (469406.05629640585 -765540.5445746386),Metro,"Baton Rouge, LA Metro Area"
89,2201600,22,Louisiana,022,01600,22,01600,POINT (489017.9804198354 -801722.0532917721),Metro,"Baton Rouge, LA Metro Area"
90,2201700,22,Louisiana,022,01700,22,01700,POINT (505208.896123828 -759067.0188299672),Metro,"Baton Rouge, LA Metro Area"
91,2201800,22,Louisiana,022,01800,22,01800,POINT (549635.374124205 -738605.8831928059),Nonmetro,"Bogalusa, LA Micro Area"
92,2201900,22,Louisiana,022,01900,22,01900,POINT (525749.2040787558 -823207.6978311489),Metro,"New Orleans-Metairie, LA Metro Area"
93,2202000,22,Louisiana,022,02000,22,02000,POINT (523651.56614164787 -861152.8949190573),Metro,"Houma-Thibodaux, LA Metro Area"
94,2202100,22,Louisiana,022,02100,22,02100,POINT (498426.8229828245 -888272.4805177181),Metro,"Houma-Thibodaux, LA Metro Area"
95,2202200,22,Louisiana,022,02200,22,02200,POINT (580476.912236795 -769105.152874319),Metro,"New Orleans-Metairie, LA Metro Area"
96,2202390,22,Louisiana,022,02390,22,02390,POINT (608103.525566312 -859665.9053070256),Metro,"New Orleans-Metairie, LA Metro Area"
97,2202400,22,Louisiana,022,02400,22,02400,POINT (585757.2718553547 -815510.1397809164),Metro,"New Orleans-Metairie, LA Metro Area"
98,2800100,28,Mississippi,028,00100,28,00100,POINT (544365.7573155134 -276708.1092289242),Metro,"Memphis, TN-MS-AR Metro Area"
99,2800200,28,Mississippi,028,00200,28,00200,POINT (645039.8663756447 -282233.6079317623),Nonmetro,
100,2800300,28,Mississippi,028,00300,28,00300,POINT (527676.9088235655 -339803.17602250166),Nonmetro,
101,2800400,28,Mississippi,028,00400,28,00400,POINT (647944.3429794193 -359119.7887897647),Nonmetro,"Tupelo, MS Micro Area"
102,2800500,28,Mississippi,028,00500,28,00500,POINT (646852.4702786274 -331068.3905690478),Nonmetro,"Tupelo, MS Micro Area"
103,2800600,28,Mississippi,028,00600,28,00600,POINT (659325.4963410154 -439352.7876004269),Nonmetro,"Starkville, MS Micro Area"
104,2800700,28,Mississippi,028,00700,28,00700,POINT (564851.7946412099 -435285.35557555064),Nonmetro,"Greenwood, MS Micro Area"
105,2800800,28,Mississippi,028,00800,28,00800,POINT (480408.5046226999 -452408.16602472856),Nonmetro,"Greenville, MS Micro Area"
106,2800990,28,Mississippi,028,00990,28,00990,POINT (521812.8234708271 -555846.5628324486),Metro,"Jackson, MS Metro Area"
107,2801300,28,Mississippi,028,01300,28,01300,POINT (569185.5371932172 -583940.5538360588),Metro,"Jackson, MS Metro Area"
108,2801400,28,Mississippi,028,01400,28,01400,POINT (633858.3465569324 -542420.7978655531),Nonmetro,
109,2801500,28,Mississippi,028,01500,28,01500,POINT (673679.2092619477 -558652.24313596),Nonmetro,"Meridian, MS Micro Area"
110,2801600,28,Mississippi,028,01600,28,01600,POINT (493797.62450423563 -664678.6318033215),Nonmetro,
111,2801700,28,Mississippi,028,01700,28,01700,POINT (656148.4731126404 -643754.0426723331),Nonmetro,"Laurel, MS Micro Area"
112,2801800,28,Mississippi,028,01800,28,01800,POINT (628382.4781581934 -682322.5970343399),Metro,"Hattiesburg, MS Metro Area"
113,2801900,28,Mississippi,028,01900,28,01900,POINT (642575.8065239445 -734936.7605836205),Nonmetro,
114,2802000,28,Mississippi,028,02000,28,02000,POINT (658672.3906755442 -756617.1848796858),Metro,"Gulfport-Biloxi-Pascagoula, MS Metro Area"
115,2802100,28,Mississippi,028,02100,28,02100,POINT (704335.0625863429 -749730.9064014216),Metro,"Gulfport-Biloxi-Pascagoula, MS Metro Area"
116,3500790,35,New Mexico,035,00790,35,00790,POINT (-971154.2559229515 -237265.55896520414),Metro,"Albuquerque, NM Metro Area"
117,3500900,35,New Mexico,035,00900,35,00900,POINT (-1072705.5902194867 -395298.8445148092),Nonmetro,
118,3501000,35,New Mexico,035,01000,35,01000,POINT (-1012120.9900841708 -518020.4400051478),Metro,"Las Cruces, NM Metro Area"
119,3501100,35,New Mexico,035,01100,35,01100,POINT (-853284.5527370654 -441312.61612798146),Nonmetro,"Ruidoso, NM Micro Area"
120,3501200,35,New Mexico,035,01200,35,01200,POINT (-731457.6803377834 -513959.8573551419),Nonmetro,"Carlsbad-Artesia, NM Micro Area"
121,4000300,40,Oklahoma,040,00300,40,00300,POINT (76497.75843186135 -325927.70976419235),Nonmetro,
122,4000600,40,Oklahoma,040,00600,40,00600,POINT (-211197.33178953722 -323512.3346998939),Metro,"Lawton, OK Metro Area"
123,4000700,40,Oklahoma,040,00700,40,00700,POINT (-65771.45385235013 -353241.0167409595),Nonmetro,
124,4000800,40,Oklahoma,040,00800,40,00800,POINT (-178156.29890952687 -217418.70873063387),Metro,"Oklahoma City, OK Metro Area"
125,4000900,40,Oklahoma,040,00900,40,00900,POINT (-119725.94377915902 -256444.01819785664),Metro,"Oklahoma City, OK Metro Area"
126,4001000,40,Oklahoma,040,01000,40,01000,POINT (-126457.29984665617 -217327.73406026483),Metro,"Oklahoma City, OK Metro Area"
127,4703200,47,Tennessee,047,03200,47,03200,POINT (550844.869381956 -241706.33413111672),Metro,"Memphis, TN-MS-AR Metro Area"
128,4800300,48,Texas,048,00300,48,00300,POINT (-533670.1109046161 -267251.61703183636),Metro,"Amarillo, TX Metro Area"
129,4800400,48,Texas,048,00400,48,00400,POINT (-528770.8374783533 -412705.7995205478),Metro,"Lubbock, TX Metro Area"
130,4800500,48,Texas,048,00500,48,00500,POINT (-536040.8143627358 -418948.6269475242),Metro,"Lubbock, TX Metro Area"
131,4800600,48,Texas,048,00600,48,00600,POINT (-257260.03343290972 -422635.8724034525),Metro,"Wichita Falls, TX Metro Area"
132,4800700,48,Texas,048,00700,48,00700,POINT (-247904.94934680313 -389625.6308503146),Metro,"Wichita Falls, TX Metro Area"
133,4800800,48,Texas,048,00800,48,00800,POINT (-61354.29934628284 -433950.4383105644),Metro,"Sherman-Denison, TX Metro Area"
134,4800900,48,Texas,048,00900,48,00900,POINT (-12257.873702387478 -493336.6405094391),T34,"Dallas-Fort Worth-Arlington, TX Metro Area"
135,4801000,48,Texas,048,01000,48,01000,POINT (64932.91652810861 -456847.7498744126),Nonmetro,
136,4801100,48,Texas,048,01100,48,01100,POINT (149715.37324473466 -473412.31159223296),Metro,"Texarkana, TX-AR Metro Area"
137,4801200,48,Texas,048,01200,48,01200,POINT (135854.06666533835 -540302.0368533236),Nonmetro,"Marshall, TX Micro Area"
138,4801300,48,Texas,048,01300,48,01300,POINT (38382.93934196558 -534488.8537388778),Nonmetro,
139,4801400,48,Texas,048,01400,48,01400,POINT (-26861.392773038766 -548168.7649916104),T34,"Dallas-Fort Worth-Arlington, TX Metro Area"
140,4801500,48,Texas,048,01500,48,01500,POINT (68421.47860944265 -572949.677128358),Metro,"Tyler, TX Metro Area"
141,4801600,48,Texas,048,01600,48,01600,POINT (110586.41684083288 -560762.9339669141),Metro,"Longview, TX Metro Area"
142,4801700,48,Texas,048,01700,48,01700,POINT (114564.87202632547 -611806.9453115789),Metro,"Longview, TX Metro Area"
143,4801800,48,Texas,048,01800,48,01800,POINT (23865.293825364497 -614975.817751872),Nonmetro,"Palestine, TX Micro Area"
144,4801900,48,Texas,048,01900,48,01900,POINT (-53027.0132782436 -482363.54440485925),T34,"Dallas-Fort Worth-Arlington, TX Metro Area"
145,4802000,48,Texas,048,02000,48,02000,POINT (-103460.06397260801 -479979.1430763853),T34,"Dallas-Fort Worth-Arlington, TX Metro Area"
146,4802101,48,Texas,048,02101,48,02101,POINT (-74394.99923720895 -575861.6535538862),T34,"Dallas-Fort Worth-Arlington, TX Metro Area"
147,4802102,48,Texas,048,02102,48,02102,POINT (-127886.52183709112 -571842.8157156758),T34,"Dallas-Fort Worth-Arlington, TX Metro Area"
148,4802200,48,Texas,048,02200,48,02200,POINT (-201825.43681244997 -561989.1638928001),Nonmetro,"Stephenville, TX Micro Area"
149,4802300,48,Texas,048,02300,48,02300,POINT (-72452.89689914924 -529243.0922011114),T34,"Dallas-Fort Worth-Arlington, TX Metro Area"
150,4802400,48,Texas,048,02400,48,02400,POINT (-168099.03526386688 -526714.537730413),T34,"Dallas-Fort Worth-Arlington, TX Metro Area"
151,4802500,48,Texas,048,02500,48,02500,POINT (-120258.69252060656 -528173.0910357754),T34,"Dallas-Fort Worth-Arlington, TX Metro Area"
152,4802600,48,Texas,048,02600,48,02600,POINT (-349570.6659788862 -545763.9631593298),Metro,"Abilene, TX Metro Area"
153,4802700,48,Texas,048,02700,48,02700,POINT (-364359.90967674716 -573954.731130106),Metro,"Abilene, TX Metro Area"
154,4802800,48,Texas,048,02800,48,02800,POINT (-460478.47501778346 -676280.3610836642),Metro,"San Angelo, TX Metro Area"
155,4802900,48,Texas,048,02900,48,02900,POINT (-422558.8362061556 -671417.3921578889),Metro,"San Angelo, TX Metro Area"
156,4803000,48,Texas,048,03000,48,03000,POINT (-567772.7817685289 -611562.378194289),Metro,"Midland, TX Metro Area"
157,4803100,48,Texas,048,03100,48,03100,POINT (-615814.7254898626 -608379.9589673587),Metro,"Odessa, TX Metro Area"
158,4803200,48,Texas,048,03200,48,03200,POINT (-726217.4018269086 -707164.7356815404),Nonmetro,"Pecos, TX Micro Area"
159,4803300,48,Texas,048,03300,48,03300,POINT (-963393.3113138946 -588874.4795100864),Metro,"El Paso, TX Metro Area"
160,4803400,48,Texas,048,03400,48,03400,POINT (-223391.973081436 -703064.9213960115),Metro,"Killeen-Temple, TX Metro Area"
161,4803500,48,Texas,048,03500,48,03500,POINT (-140675.45052656243 -721032.3518120142),Metro,"Killeen-Temple, TX Metro Area"
162,4803601,48,Texas,048,03601,48,03601,POINT (-35591.65612507181 -748016.7485259933),Metro,"College Station-Bryan, TX Metro Area"
163,4803602,48,Texas,048,03602,48,03602,POINT (-28904.72319519423 -763998.664882314),Metro,"College Station-Bryan, TX Metro Area"
164,4803700,48,Texas,048,03700,48,03700,POINT (-77552.68386286387 -640531.2462650812),Nonmetro,
165,4803800,48,Texas,048,03800,48,03800,POINT (-113659.6227466895 -664140.8966604255),Metro,"Waco, TX Metro Area"
166,4803900,48,Texas,048,03900,48,03900,POINT (74197.31163737953 -732094.9375188018),Nonmetro,"Huntsville, TX Micro Area"
167,4804000,48,Texas,048,04000,48,04000,POINT (131265.3069182477 -675653.8330038909),Nonmetro,"Nacogdoches, TX Micro Area"
168,4804100,48,Texas,048,04100,48,04100,POINT (184887.77063035592 -714562.2122373718),Nonmetro,
169,4804200,48,Texas,048,04200,48,04200,POINT (168369.01049886545 -805494.2277385647),Metro,"Beaumont-Port Arthur, TX Metro Area"
170,4804300,48,Texas,048,04300,48,04300,POINT (176451.91369240277 -848579.8802576388),Metro,"Beaumont-Port Arthur, TX Metro Area"
171,4804400,48,Texas,048,04400,48,04400,POINT (121356.96455563775 -835758.1021757715),T34,"Houston-The Woodlands-Sugar Land, TX Metro Area"
172,4804500,48,Texas,048,04500,48,04500,POINT (47746.62843155568 -803958.2276716519),T34,"Houston-The Woodlands-Sugar Land, TX Metro Area"
173,4804600,48,Texas,048,04600,48,04600,POINT (58371.64412949377 -852911.3933341454),T34,"Houston-The Woodlands-Sugar Land, TX Metro Area"
174,4804700,48,Texas,048,04700,48,04700,POINT (100489.06646721202 -903769.5738540151),T34,"Houston-The Woodlands-Sugar Land, TX Metro Area"
175,4804800,48,Texas,048,04800,48,04800,POINT (53053.290634093704 -926983.2777373508),T34,"Houston-The Woodlands-Sugar Land, TX Metro Area"
176,4804900,48,Texas,048,04900,48,04900,POINT (22213.560855094674 -889793.0470244398),T34,"Houston-The Woodlands-Sugar Land, TX Metro Area"
177,4805000,48,Texas,048,05000,48,05000,POINT (-20221.755852893653 -901161.8159721891),Nonmetro,"El Campo, TX Micro Area"
178,4805100,48,Texas,048,05100,48,05100,POINT (-112863.72201752343 -833668.7739861765),T34,"Austin-Round Rock, TX Metro Area"
179,4805200,48,Texas,048,05200,48,05200,POINT (-153047.19910952545 -764148.2644510492),T34,"Austin-Round Rock, TX Metro Area"
180,4805300,48,Texas,048,05300,48,05300,POINT (-171027.96484342648 -798650.416956283),T34,"Austin-Round Rock, TX Metro Area"
181,4805400,48,Texas,048,05400,48,05400,POINT (-195595.547682963 -828873.498505345),T34,"Austin-Round Rock, TX Metro Area"
182,4805500,48,Texas,048,05500,48,05500,POINT (-133708.17880101936 -935189.1674652946),Nonmetro,
183,4805600,48,Texas,048,05600,48,05600,POINT (-82970.7661044008 -983461.5753482475),Metro,"Victoria, TX Metro Area"
184,4805700,48,Texas,048,05700,48,05700,POINT (-188750.63089721958 -881724.8034341843),T34,"San Antonio-New Braunfels, TX Metro Area"
185,4805800,48,Texas,048,05800,48,05800,POINT (-220070.757067908 -856054.2741075589),T34,"San Antonio-New Braunfels, TX Metro Area"
186,4805900,48,Texas,048,05900,48,05900,POINT (-244472.13917681438 -895290.268424942),T34,"San Antonio-New Braunfels, TX Metro Area"
187,4806000,48,Texas,048,06000,48,06000,POINT (-280730.8977112302 -815528.1233704826),Nonmetro,"Fredericksburg, TX Micro Area"
188,4806100,48,Texas,048,06100,48,06100,POINT (-289491.09079834603 -924159.7020730857),T34,"San Antonio-New Braunfels, TX Metro Area"
189,4806200,48,Texas,048,06200,48,06200,POINT (-407678.43634343415 -905694.8712515146),Nonmetro,
190,4806300,48,Texas,048,06300,48,06300,POINT (-329640.2389528957 -1079422.1203198952),Metro,"Laredo, TX Metro Area"
191,4806400,48,Texas,048,06400,48,06400,POINT (-260515.18247926244 -1109850.131987008),Nonmetro,
192,4806500,48,Texas,048,06500,48,06500,POINT (-141423.12083532673 -1029727.0489327424),Nonmetro,
193,4806600,48,Texas,048,06600,48,06600,POINT (-160945.09739659814 -1087872.0451125884),Metro,"Corpus Christi, TX Metro Area"
194,4806700,48,Texas,048,06700,48,06700,POINT (-154675.22250944114 -1263598.46400333),Metro,"Brownsville-Harlingen, TX Metro Area"
195,4806800,48,Texas,048,06800,48,06800,POINT (-219327.01008782844 -1232967.5153011354),Metro,"McAllen-Edinburg-Mission, TX Metro Area"
196,4806900,48,Texas,048,06900,48,06900,POINT (-187704.9974305769 -1152587.9593308656),Nonmetro,"Kingsville, TX Micro Area"
197,100400,01,Alabama,001,00400,01,00400,POINT (914901.0478109482 -270707.2771796302),Nonmetro,"Scottsboro, AL Micro Area"
198,100900,01,Alabama,001,00900,01,00900,POINT (911548.3324215241 -338913.4173667799),Metro,"Gadsden, AL Metro Area"
199,101000,01,Alabama,001,01000,01,01000,POINT (943537.2236275058 -391248.1253316418),Nonmetro,
200,101100,01,Alabama,001,01100,01,01100,POINT (933829.19872897 -367321.0897237347),Metro,"Anniston-Oxford-Jacksonville, AL Metro Area"
201,101900,01,Alabama,001,01900,01,01900,POINT (991451.379811324 -492402.1383596527),Metro,"Auburn-Opelika, AL Metro Area"
202,102090,01,Alabama,001,02090,01,02090,POINT (896899.1710872927 -529508.2525501377),Metro,"Montgomery, AL Metro Area"
203,102300,01,Alabama,001,02300,01,02300,POINT (908735.782548848 -624310.8446644569),Nonmetro,
204,102400,01,Alabama,001,02400,01,02400,POINT (977851.2816575071 -553689.3319935182),Nonmetro,
205,102500,01,Alabama,001,02500,01,02500,POINT (994174.8989757632 -638312.7682347593),Nonmetro,"Ozark, AL Micro Area"
206,1200100,12,Florida,012,00100,12,00100,POINT (1315543.644042088 -778902.0896727591),Metro,"Gainesville, FL Metro Area"
207,1200500,12,Florida,012,00500,12,00500,POINT (968831.3426681613 -720745.4549025702),Nonmetro,
208,1200900,12,Florida,012,00900,12,00900,POINT (1494888.149070232 -909564.8585127718),Metro,"Palm Bay-Melbourne-Titusville, FL Metro Area"
209,1201100,12,Florida,012,01100,12,01100,POINT (1557584.3982356398 -1134898.7549373396),T34,"Miami-Fort Lauderdale-West Palm Beach, FL Metro Area"
210,1201500,12,Florida,012,01500,12,01500,POINT (1404878.9192076677 -1074814.176102873),Metro,"Punta Gorda, FL Metro Area"
211,1201701,12,Florida,012,01701,12,01701,POINT (1317846.580161019 -870842.7195693329),Metro,"Homosassa Springs, FL Metro Area"
212,1201900,12,Florida,012,01900,12,01900,POINT (1358308.915907237 -738042.8878388903),Metro,"Jacksonville, FL Metro Area"
213,1202100,12,Florida,012,02100,12,02100,POINT (1473195.3080314416 -1152286.3166481054),Metro,"Naples-Immokalee-Marco Island, FL Metro Area"
214,1202300,12,Florida,012,02300,12,02300,POINT (1279094.5867671657 -778220.9786218154),Metro,"Gainesville, FL Metro Area"
215,1202790,12,Florida,012,02790,12,02790,POINT (1459403.7698713427 -1044225.1563328648),Metro,"Sebring, FL Metro Area"
216,1203100,12,Florida,012,03100,12,03100,POINT (1370211.0680373495 -697185.3067863475),Metro,"Jacksonville, FL Metro Area"
217,1203590,12,Florida,012,03590,12,03590,POINT (1432137.448470934 -817001.2385375311),Metro,"Deltona-Daytona Beach-Ormond Beach, FL Metro Area"
218,1205301,12,Florida,012,05301,12,05301,POINT (1327207.3714587926 -902742.5338976908),T34,"Tampa-St. Petersburg-Clearwater, FL Metro Area"
219,1205700,12,Florida,012,05700,12,05700,POINT (1348095.1442821585 -969233.3179715065),T34,"Tampa-St. Petersburg-Clearwater, FL Metro Area"
220,1206100,12,Florida,012,06100,12,06100,POINT (1517450.4936388228 -969647.8721059609),Metro,"Sebastian-Vero Beach, FL Metro Area"
221,1206300,12,Florida,012,06300,12,06300,POINT (1071676.4454365463 -736365.0242809345),Nonmetro,
222,1206900,12,Florida,012,06900,12,06900,POINT (1380904.5136158355 -873652.7999927781),T34,"Orlando-Kissimmee-Sanford, FL Metro Area"
223,1207100,12,Florida,012,07100,12,07100,POINT (1417697.9913672488 -1109458.6276756339),Metro,"Cape Coral-Fort Myers, FL Metro Area"
224,1207300,12,Florida,012,07300,12,07300,POINT (1120671.9710820513 -717351.9742628478),Metro,"Tallahassee, FL Metro Area"
225,1208100,12,Florida,012,08100,12,08100,POINT (1356221.680562762 -1019217.1805448591),Metro,"North Port-Sarasota-Bradenton, FL Metro Area"
226,1208300,12,Florida,012,08300,12,08300,POINT (1351880.174200066 -825616.1952344654),Metro,"Ocala, FL Metro Area"
227,1208500,12,Florida,012,08500,12,08500,POINT (1545986.7909898493 -1034095.7558735121),Metro,"Port St. Lucie, FL Metro Area"
228,1208690,12,Florida,012,08690,12,08690,POINT (1543757.435465941 -1204164.0673457016),T34,"Miami-Fort Lauderdale-West Palm Beach, FL Metro Area"
229,1208900,12,Florida,012,08900,12,08900,POINT (1333327.939056416 -686224.4293563012),Nonmetro,
230,1209100,12,Florida,012,09100,12,09100,POINT (897111.4212113948 -714542.3971923137),Metro,"Crestview-Fort Walton Beach-Destin, FL Metro Area"
231,1209500,12,Florida,012,09500,12,09500,POINT (1434277.2377992223 -890991.3463920554),T34,"Orlando-Kissimmee-Sanford, FL Metro Area"
232,1209700,12,Florida,012,09700,12,09700,POINT (1458930.5359101812 -937692.7290722304),T34,"Orlando-Kissimmee-Sanford, FL Metro Area"
233,1209900,12,Florida,012,09900,12,09900,POINT (1550659.5740646895 -1080927.7263081989),T34,"Miami-Fort Lauderdale-West Palm Beach, FL Metro Area"
234,1210100,12,Florida,012,10100,12,10100,POINT (1333899.4320915078 -928973.4696874197),T34,"Tampa-St. Petersburg-Clearwater, FL Metro Area"
235,1210300,12,Florida,012,10300,12,10300,POINT (1307530.501674549 -974973.7454266018),T34,"Tampa-St. Petersburg-Clearwater, FL Metro Area"
236,1210500,12,Florida,012,10500,12,10500,POINT (1407375.4148878185 -958368.6127650081),Metro,"Lakeland-Winter Haven, FL Metro Area"
237,1210790,12,Florida,012,10790,12,10790,POINT (1385964.5898781798 -761163.9281837675),Nonmetro,"Palatka, FL Micro Area"
238,1211100,12,Florida,012,11100,12,11100,POINT (1536040.1193252043 -1001958.3671810057),Metro,"Port St. Lucie, FL Metro Area"
239,1211500,12,Florida,012,11500,12,11500,POINT (1358525.8723841936 -1051263.6317908969),Metro,"North Port-Sarasota-Bradenton, FL Metro Area"
240,1211700,12,Florida,012,11700,12,11700,POINT (1439248.576850325 -867551.4808393527),T34,"Orlando-Kissimmee-Sanford, FL Metro Area"
241,1212100,12,Florida,012,12100,12,12100,POINT (1217839.6176343986 -732133.7083719725),Nonmetro,
242,1300100,13,Georgia,013,00100,13,00100,POINT (1366047.7100416033 -601793.3796025871),Metro,"Brunswick, GA Metro Area"
243,1300200,13,Georgia,013,00200,13,00200,POINT (1355332.3422620439 -526379.5134585993),Metro,"Hinesville, GA Metro Area"
244,1300300,13,Georgia,013,00300,13,00300,POINT (1341300.1627578617 -455594.29359921475),Nonmetro,
245,1300400,13,Georgia,013,00400,13,00400,POINT (1391760.9504660037 -504895.1494581168),Metro,"Savannah, GA Metro Area"
246,1300500,13,Georgia,013,00500,13,00500,POINT (1277876.5907209623 -624776.5898942334),Nonmetro,"Waycross, GA Micro Area"
247,1300600,13,Georgia,013,00600,13,00600,POINT (1211134.7880481777 -663546.1238920002),Metro,"Valdosta, GA Metro Area"
248,1300700,13,Georgia,013,00700,13,00700,POINT (1189935.778510771 -608520.5684836679),Nonmetro,
249,1300800,13,Georgia,013,00800,13,00800,POINT (1151131.851055964 -629710.4948086952),Nonmetro,"Moultrie, GA Micro Area"
250,1300900,13,Georgia,013,00900,13,00900,POINT (1113651.6782272013 -583371.1158596376),Metro,"Albany, GA Metro Area"
251,1301090,13,Georgia,013,01090,13,01090,POINT (1065191.2831852008 -350804.1544405214),T34,"Atlanta-Sandy Springs-Roswell, GA Metro Area"
252,1301100,13,Georgia,013,01100,13,01100,POINT (1086205.3121487764 -639023.0729584706),Metro,"Albany, GA Metro Area"
253,1301200,13,Georgia,013,01200,13,01200,POINT (1281706.1705574333 -533444.2940249378),Nonmetro,
254,1301300,13,Georgia,013,01300,13,01300,POINT (1230312.321159148 -484585.09976405033),Nonmetro,"Dublin, GA Micro Area"
255,1301400,13,Georgia,013,01400,13,01400,POINT (1142097.0858364885 -451047.756697941),Metro,"Macon-Bibb County, GA Metro Area"
256,1301500,13,Georgia,013,01500,13,01500,POINT (1158363.150125087 -498165.92980911146),Metro,"Warner Robins, GA Metro Area"
257,1301600,13,Georgia,013,01600,13,01600,POINT (1154908.4554451578 -436617.5895024908),Metro,"Macon-Bibb County, GA Metro Area"
258,1301700,13,Georgia,013,01700,13,01700,POINT (1042584.1827014921 -506480.41638894414),Metro,"Columbus, GA-AL Metro Area"
259,1301800,13,Georgia,013,01800,13,01800,POINT (1081023.352667886 -524808.8828271664),Metro,"Columbus, GA-AL Metro Area"
260,1301900,13,Georgia,013,01900,13,01900,POINT (1088982.7703968906 -425823.0477738263),T34,"Atlanta-Sandy Springs-Roswell, GA Metro Area"
261,1302100,13,Georgia,013,02100,13,02100,POINT (1036454.7452581974 -402689.2476153506),T34,"Atlanta-Sandy Springs-Roswell, GA Metro Area"
262,1302200,13,Georgia,013,02200,13,02200,POINT (1025824.1904532851 -432451.34479711554),Nonmetro,"LaGrange, GA Micro Area"
263,1302300,13,Georgia,013,02300,13,02300,POINT (1004457.3635810678 -380649.09242847835),T34,"Atlanta-Sandy Springs-Roswell, GA Metro Area"
264,1302400,13,Georgia,013,02400,13,02400,POINT (1060346.563048864 -393017.95407913876),T34,"Atlanta-Sandy Springs-Roswell, GA Metro Area"
265,1302500,13,Georgia,013,02500,13,02500,POINT (986705.1279633822 -327815.1357388073),Nonmetro,"Cedartown, GA Micro Area"
266,1302600,13,Georgia,013,02600,13,02600,POINT (968220.3704091312 -258542.17067227312),Metro,"Chattanooga, TN-GA Metro Area"
267,1302700,13,Georgia,013,02700,13,02700,POINT (998927.7680697899 -243692.10558243206),Metro,"Dalton, GA Metro Area"
268,1302800,13,Georgia,013,02800,13,02800,POINT (1036412.3325911609 -253284.61842425866),Nonmetro,
269,1302900,13,Georgia,013,02900,13,02900,POINT (1017791.231978999 -305401.3545545988),T34,"Atlanta-Sandy Springs-Roswell, GA Metro Area"
270,1303000,13,Georgia,013,03000,13,03000,POINT (1045712.2448574131 -335430.1353512442),T34,"Atlanta-Sandy Springs-Roswell, GA Metro Area"
271,1303100,13,Georgia,013,03100,13,03100,POINT (1050772.9519998454 -300760.68471366615),T34,"Atlanta-Sandy Springs-Roswell, GA Metro Area"
272,1303200,13,Georgia,013,03200,13,03200,POINT (1103668.606011283 -239513.7316409555),Nonmetro,
273,1303300,13,Georgia,013,03300,13,03300,POINT (1082886.0956519078 -298861.4958989801),T34,"Atlanta-Sandy Springs-Roswell, GA Metro Area"
274,1303400,13,Georgia,013,03400,13,03400,POINT (1109270.613234883 -285213.26526743075),Metro,"Gainesville, GA Metro Area"
275,1303500,13,Georgia,013,03500,13,03500,POINT (1154018.6190462974 -264106.84553673654),Nonmetro,
276,1303600,13,Georgia,013,03600,13,03600,POINT (1155655.106433658 -320343.39388122427),Metro,"Athens-Clarke County, GA Metro Area"
277,1303700,13,Georgia,013,03700,13,03700,POINT (1179942.3558947672 -323148.3143343539),Metro,"Athens-Clarke County, GA Metro Area"
278,1303800,13,Georgia,013,03800,13,03800,POINT (1131263.5053505425 -308078.3771013675),Nonmetro,"Jefferson, GA Micro Area"
279,1303900,13,Georgia,013,03900,13,03900,POINT (1136910.6602801813 -367638.61618266255),T34,"Atlanta-Sandy Springs-Roswell, GA Metro Area"
280,1304100,13,Georgia,013,04100,13,04100,POINT (1262458.9413755652 -351349.4941658879),Metro,"Augusta-Richmond County, GA-SC Metro Area"
281,1304200,13,Georgia,013,04200,13,04200,POINT (1245134.2860127303 -388119.65826053725),Nonmetro,
282,1304300,13,Georgia,013,04300,13,04300,POINT (1111737.607156336 -367132.5072798013),T34,"Atlanta-Sandy Springs-Roswell, GA Metro Area"
283,1304400,13,Georgia,013,04400,13,04400,POINT (1031439.7824354413 -364103.4488453749),T34,"Atlanta-Sandy Springs-Roswell, GA Metro Area"
284,1304500,13,Georgia,013,04500,13,04500,POINT (1019504.3894197679 -340910.39784433704),T34,"Atlanta-Sandy Springs-Roswell, GA Metro Area"
285,1305000,13,Georgia,013,05000,13,05000,POINT (1071115.9047203173 -377305.1678436742),T34,"Atlanta-Sandy Springs-Roswell, GA Metro Area"
286,1306000,13,Georgia,013,06000,13,06000,POINT (1090976.8678601 -384838.95955760253),T34,"Atlanta-Sandy Springs-Roswell, GA Metro Area"
287,3704800,37,North Carolina,037,04800,37,04800,POINT (1617079.048054404 -231934.61171865196),Metro,"Myrtle Beach-Conway-North Myrtle Beach, SC-NC Metro Area"
288,4500200,45,South Carolina,045,00200,45,00200,POINT (1213053.2661353766 -248369.5863774756),Metro,"Greenville-Anderson-Mauldin, SC Metro Area"
289,4500800,45,South Carolina,045,00800,45,00800,POINT (1455509.4035791797 -293413.12676085526),Nonmetro,
290,4500900,45,South Carolina,045,00900,45,00900,POINT (1474664.4839145883 -248912.8606936917),Metro,"Florence, SC Metro Area"
291,4501100,45,South Carolina,045,01100,45,01100,POINT (1552329.561439308 -261352.80741906093),Metro,"Myrtle Beach-Conway-North Myrtle Beach, SC-NC Metro Area"
292,4501200,45,South Carolina,045,01200,45,01200,POINT (1473517.5372581466 -373903.8725815192),Metro,"Charleston-North Charleston, SC Metro Area"
293,4501300,45,South Carolina,045,01300,45,01300,POINT (1387323.7965886705 -381294.5804225061),Nonmetro,
294,4501400,45,South Carolina,045,01400,45,01400,POINT (1407148.5765878458 -456736.6994069169),Metro,"Hilton Head Island-Bluffton-Beaufort, SC Metro Area"
295,4501500,45,South Carolina,045,01500,45,01500,POINT (1308990.4784020022 -336195.4442445961),Metro,"Augusta-Richmond County, GA-SC Metro Area"
296,4501600,45,South Carolina,045,01600,45,01600,POINT (1249868.925490698 -289700.2886063776),Nonmetro,"Greenwood, SC Micro Area"
297,7200101,72,Puerto Rico,072,00101,72,00101,POINT (3126007.4444926605 -1629263.360225995),Metro,"Aguadilla-Isabela, PR Metro Area"
298,7200102,72,Puerto Rico,072,00102,72,00102,POINT (3127535.057712443 -1616171.3617271353),Metro,"Aguadilla-Isabela, PR Metro Area"
299,7200201,72,Puerto Rico,072,00201,72,00201,POINT (3136412.310579629 -1657349.234099991),Metro,"San Germán, PR Metro Area"
300,7200202,72,Puerto Rico,072,00202,72,00202,POINT (3123812.122092383 -1646588.493892068),Metro,"Mayagüez, PR Metro Area"
301,7200301,72,Puerto Rico,072,00301,72,00301,POINT (3168123.700882792 -1608105.3573924943),Metro,"Arecibo, PR Metro Area"
302,7200302,72,Puerto Rico,072,00302,72,00302,POINT (3157201.838229475 -1621618.962128127),Metro,"Aguadilla-Isabela, PR Metro Area"
303,7200401,72,Puerto Rico,072,00401,72,00401,POINT (3162425.4815300335 -1646369.1580877875),Metro,"Ponce, PR Metro Area"
304,7200402,72,Puerto Rico,072,00402,72,00402,POINT (3182664.1278511207 -1637784.557435879),Metro,"Ponce, PR Metro Area"
305,7200403,72,Puerto Rico,072,00403,72,00403,POINT (3202803.3806554456 -1634529.5897540038),Nonmetro,"Coamo, PR Micro Area"
306,7200501,72,Puerto Rico,072,00501,72,00501,POINT (3189329.325237798 -1606950.1544737201),Metro,"San Juan-Carolina-Caguas, PR Metro Area"
307,7200502,72,Puerto Rico,072,00502,72,00502,POINT (3209533.583393759 -1591904.4892961658),Metro,"San Juan-Carolina-Caguas, PR Metro Area"
308,7200503,72,Puerto Rico,072,00503,72,00503,POINT (3206337.65651295 -1598315.2335366162),Metro,"San Juan-Carolina-Caguas, PR Metro Area"
309,7200601,72,Puerto Rico,072,00601,72,00601,POINT (3206693.489695629 -1614130.8311668176),Metro,"San Juan-Carolina-Caguas, PR Metro Area"
310,7200602,72,Puerto Rico,072,00602,72,00602,POINT (3226444.321685767 -1617584.6023900786),Metro,"San Juan-Carolina-Caguas, PR Metro Area"
311,7200701,72,Puerto Rico,072,00701,72,00701,POINT (3236423.2034882153 -1630163.8010983416),Metro,"Guayama, PR Metro Area"
312,7200803,72,Puerto Rico,072,00803,72,00803,POINT (3225338.5289750258 -1595289.2359532788),Metro,"San Juan-Carolina-Caguas, PR Metro Area"
313,7200807,72,Puerto Rico,072,00807,72,00807,POINT (3220436.9097717553 -1597823.4882333777),Metro,"San Juan-Carolina-Caguas, PR Metro Area"
314,7200808,72,Puerto Rico,072,00808,72,00808,POINT (3230461.164408141 -1590422.0813061518),Metro,"San Juan-Carolina-Caguas, PR Metro Area"
315,7200900,72,Puerto Rico,072,00900,72,00900,POINT (3244194.5521114864 -1588423.9029416773),Metro,"San Juan-Carolina-Caguas, PR Metro Area"
316,7201001,72,Puerto Rico,072,01001,72,01001,POINT (3237256.180625253 -1607784.9447230848),Metro,"San Juan-Carolina-Caguas, PR Metro Area"
317,7201002,72,Puerto Rico,072,01002,72,01002,POINT (3249507.4416102595 -1605655.1091071446),Metro,"San Juan-Carolina-Caguas, PR Metro Area"
318,7201101,72,Puerto Rico,072,01101,72,01101,POINT (3278089.113066179 -1587600.8891471864),Metro,"San Juan-Carolina-Caguas, PR Metro Area"
319,7201102,72,Puerto Rico,072,01102,72,01102,POINT (3263234.1861088644 -1606529.7252383118),Metro,"San Juan-Carolina-Caguas, PR Metro Area"
320,500100,05,Arkansas,005,00100,05,00100,POINT (155077.3229197697 -128682.87602916484),Metro,"Fayetteville-Springdale-Rogers, AR-MO Metro Area"
321,800100,08,Colorado,008,00100,08,00100,POINT (-791856.4033514366 394263.18557322636),Metro,"Fort Collins, CO Metro Area"
322,800190,08,Colorado,008,00190,08,00190,POINT (-641130.618148068 264159.92864048324),Nonmetro,
323,800200,08,Colorado,008,00200,08,00200,POINT (-1003588.1725495157 367269.73783470085),Nonmetro,
324,800400,08,Colorado,008,00400,08,00400,POINT (-881606.6845366535 322921.6707412912),Nonmetro,
325,800690,08,Colorado,008,00690,08,00690,POINT (-770082.5548775437 79136.78981334562),Nonmetro,
326,800900,08,Colorado,008,00900,08,00900,POINT (-1013382.7495060586 97500.41661500046),Nonmetro,
327,801000,08,Colorado,008,01000,08,01000,POINT (-1056164.6008664572 194871.26342345594),Nonmetro,"Montrose, CO Micro Area"
328,804100,08,Colorado,008,04100,08,04100,POINT (-743424.503195877 184372.16387760604),Metro,"Colorado Springs, CO Metro Area"
329,1600190,16,Idaho,016,00190,16,00190,POINT (-1530083.7375171059 1305923.7606578777),Metro,"Coeur d'Alene, ID Metro Area"
330,1600300,16,Idaho,016,00300,16,00300,POINT (-1474993.1474533782 992971.536201055),Nonmetro,
331,1600490,16,Idaho,016,00490,16,00490,POINT (-1632727.0290876308 798379.5153549436),Metro,"Boise City, ID Metro Area"
332,1600900,16,Idaho,016,00900,16,00900,POINT (-1469849.0786320567 679477.249328566),Nonmetro,"Burley, ID Micro Area"
333,1601000,16,Idaho,016,01000,16,01000,POINT (-1492867.5191089672 788700.2412408947),Nonmetro,"Hailey, ID Micro Area"
334,1601190,16,Idaho,016,01190,16,01190,POINT (-1291290.2040340411 732630.5471638383),Nonmetro,"Blackfoot, ID Micro Area"
335,1601200,16,Idaho,016,01200,16,01200,POINT (-1253351.529233744 762424.1452927531),Metro,"Idaho Falls, ID Metro Area"
336,1700104,17,Illinois,017,00104,17,00104,POINT (508966.07146355894 516448.7214240896),Nonmetro,
337,1700105,17,Illinois,017,00105,17,00105,POINT (450029.06923211325 457392.2342871552),Metro,"Davenport-Moline-Rock Island, IA-IL Metro Area"
338,1700202,17,Illinois,017,00202,17,00202,POINT (451869.0999622154 380425.7557935119),Nonmetro,
339,1700300,17,Illinois,017,00300,17,00300,POINT (445124.5016269297 287491.8632601716),Nonmetro,
340,1700401,17,Illinois,017,00401,17,00401,POINT (490570.51500017993 232395.52317428606),Nonmetro,
341,1700501,17,Illinois,017,00501,17,00501,POINT (583703.8579189845 187133.4523764091),Nonmetro,
342,1700600,17,Illinois,017,00600,17,00600,POINT (674360.7150474433 261521.18386013547),Nonmetro,"Charleston-Mattoon, IL Micro Area"
343,1700700,17,Illinois,017,00700,17,00700,POINT (678816.9355413637 177843.77936663353),Nonmetro,
344,1700800,17,Illinois,017,00800,17,00800,POINT (646509.2555253974 49580.74657825975),Nonmetro,
345,1700900,17,Illinois,017,00900,17,00900,POINT (594336.9691230847 64892.78786307088),Metro,"Carbondale-Marion, IL Metro Area"
346,1701001,17,Illinois,017,01001,17,01001,POINT (570534.5749094347 112636.88674622777),Nonmetro,
347,1701100,17,Illinois,017,01100,17,01100,POINT (524402.2576858879 125499.66264179727),T34,"St. Louis, MO-IL Metro Area"
348,1701200,17,Illinois,017,01200,17,01200,POINT (523817.86421883554 165853.99263724292),T34,"St. Louis, MO-IL Metro Area"
349,1701300,17,Illinois,017,01300,17,01300,POINT (537993.6481223237 271042.59055271785),Metro,"Springfield, IL Metro Area"
350,1701500,17,Illinois,017,01500,17,01500,POINT (596223.2464493635 286579.1856797717),Metro,"Decatur, IL Metro Area"
351,1701602,17,Illinois,017,01602,17,01602,POINT (589362.2629515155 278342.46841268),Metro,"Decatur, IL Metro Area"
352,1701701,17,Illinois,017,01701,17,01701,POINT (521868.807821999 385596.34929088334),Metro,"Peoria, IL Metro Area"
353,1701900,17,Illinois,017,01900,17,01900,POINT (544603.0188340867 355631.8107610234),Metro,"Peoria, IL Metro Area"
354,1702000,17,Illinois,017,02000,17,02000,POINT (600565.5293669809 357791.9105810158),Metro,"Bloomington, IL Metro Area"
355,1702100,17,Illinois,017,02100,17,02100,POINT (658098.35164382 322884.7650487564),Metro,"Champaign-Urbana, IL Metro Area"
356,1702200,17,Illinois,017,02200,17,02200,POINT (664374.0337821674 378091.1187912952),Nonmetro,
357,1702300,17,Illinois,017,02300,17,02300,POINT (676925.7743106135 436631.0761622083),Metro,"Kankakee, IL Metro Area"
358,1702400,17,Illinois,017,02400,17,02400,POINT (590187.7811375756 452778.2938016512),Nonmetro,"Ottawa-Peru, IL Micro Area"
359,1702501,17,Illinois,017,02501,17,02501,POINT (531035.6716462368 419963.34903979336),Metro,"Peoria, IL Metro Area"
360,1702601,17,Illinois,017,02601,17,02601,POINT (595092.8184574053 514825.3944713409),T34,"Chicago-Naperville-Elgin, IL-IN-WI Metro Area"
361,1702700,17,Illinois,017,02700,17,02700,POINT (535796.2353939781 542046.2941036664),Nonmetro,"Rochelle, IL Micro Area"
362,1702890,17,Illinois,017,02890,17,02890,POINT (569182.5058230576 562060.9511180489),Metro,"Rockford, IL Metro Area"
363,1703000,17,Illinois,017,03000,17,03000,POINT (622750.9043345007 522092.2232899737),T34,"Chicago-Naperville-Elgin, IL-IN-WI Metro Area"
364,1703100,17,Illinois,017,03100,17,03100,POINT (664353.2831907914 470071.507679777),T34,"Chicago-Naperville-Elgin, IL-IN-WI Metro Area"
365,1703200,17,Illinois,017,03200,17,03200,POINT (651709.653781687 514709.0035573098),T34,"Chicago-Naperville-Elgin, IL-IN-WI Metro Area"
366,1703300,17,Illinois,017,03300,17,03300,POINT (654022.9089518328 567800.7254421535),T34,"Chicago-Naperville-Elgin, IL-IN-WI Metro Area"
367,1703400,17,Illinois,017,03400,17,03400,POINT (673963.0322299236 515214.57473332784),T34,"Chicago-Naperville-Elgin, IL-IN-WI Metro Area"
368,1703600,17,Illinois,017,03600,17,03600,POINT (617376.1747235031 564926.5209315995),T34,"Chicago-Naperville-Elgin, IL-IN-WI Metro Area"
369,1703700,17,Illinois,017,03700,17,03700,POINT (627884.8505674328 463797.24923134805),T34,"Chicago-Naperville-Elgin, IL-IN-WI Metro Area"
370,1800100,18,Indiana,018,00100,18,00100,POINT (713904.3660178564 471206.14755472634),T34,"Chicago-Naperville-Elgin, IL-IN-WI Metro Area"
371,1800200,18,Indiana,018,00200,18,00200,POINT (739460.7961995953 478507.3940521052),T34,"Chicago-Naperville-Elgin, IL-IN-WI Metro Area"
372,1800300,18,Indiana,018,00300,18,00300,POINT (765518.9587725804 490626.4314706358),Metro,"Michigan City-La Porte, IN Metro Area"
373,1800400,18,Indiana,018,00400,18,00400,POINT (801801.171640728 502235.05430847337),Metro,"South Bend-Mishawaka, IN-MI Metro Area"
374,1800700,18,Indiana,018,00700,18,00700,POINT (760747.3368045742 435226.33714073163),Nonmetro,
375,1801100,18,Indiana,018,01100,18,01100,POINT (769879.5980523258 367736.0077179504),Metro,"Lafayette-West Lafayette, IN Metro Area"
376,1801200,18,Indiana,018,01200,18,01200,POINT (765222.585918631 360408.4840310264),Metro,"Lafayette-West Lafayette, IN Metro Area"
377,1801600,18,Indiana,018,01600,18,01600,POINT (738500.982122793 284793.31578022),Nonmetro,
378,1801700,18,Indiana,018,01700,18,01700,POINT (733376.6392088089 249620.12447527592),Metro,"Terre Haute, IN Metro Area"
379,1802200,18,Indiana,018,02200,18,02200,POINT (804311.5490194599 294549.55017581256),T34,"Indianapolis-Carmel-Anderson, IN Metro Area"
380,1802700,18,Indiana,018,02700,18,02700,POINT (791107.7870520733 191405.21789661545),Nonmetro,
381,1802800,18,Indiana,018,02800,18,02800,POINT (809993.6179825555 226567.8191229331),Metro,"Bloomington, IN Metro Area"
382,1803200,18,Indiana,018,03200,18,03200,POINT (729700.8125880564 105588.8882038546),Metro,"Evansville, IN-KY Metro Area"
383,1803300,18,Indiana,018,03300,18,03300,POINT (730673.4106350718 91215.73884397946),Metro,"Evansville, IN-KY Metro Area"
384,1900100,19,Iowa,019,00100,19,00100,POINT (41934.29177674334 639280.3722617024),Nonmetro,
385,1900200,19,Iowa,019,00200,19,00200,POINT (202248.11128545427 641420.5380067412),Nonmetro,
386,1900400,19,Iowa,019,00400,19,00400,POINT (337237.43485811184 630239.4352039654),Nonmetro,
387,1900500,19,Iowa,019,00500,19,00500,POINT (301544.223256488 562543.697981196),Metro,"Waterloo-Cedar Falls, IA Metro Area"
388,1900600,19,Iowa,019,00600,19,00600,POINT (203990.33567947135 570000.5550475335),Nonmetro,
389,1900700,19,Iowa,019,00700,19,00700,POINT (397285.38932442584 557997.1310233639),Nonmetro,
390,1900800,19,Iowa,019,00800,19,00800,POINT (416634.480676471 497540.1540335265),Nonmetro,
391,1900900,19,Iowa,019,00900,19,00900,POINT (444384.8060740932 476096.1422194341),Metro,"Davenport-Moline-Rock Island, IA-IL Metro Area"
392,1901000,19,Iowa,019,01000,19,01000,POINT (361519.46063922823 521309.02151173144),Metro,"Cedar Rapids, IA Metro Area"
393,1901100,19,Iowa,019,01100,19,01100,POINT (364533.08382260014 475827.4997205554),Metro,"Iowa City, IA Metro Area"
394,1901200,19,Iowa,019,01200,19,01200,POINT (294364.8549998255 501545.8423089987),Nonmetro,
395,1901300,19,Iowa,019,01300,19,01300,POINT (189230.2759006145 510502.3561585427),Metro,"Ames, IA Metro Area"
396,1901490,19,Iowa,019,01490,19,01490,POINT (204027.57357748592 453071.08919433784),Metro,"Des Moines-West Des Moines, IA Metro Area"
397,1901800,19,Iowa,019,01800,19,01800,POINT (167640.11685481906 398828.52345402935),Nonmetro,
398,1901900,19,Iowa,019,01900,19,01900,POINT (69890.00096787998 542431.9653239433),Nonmetro,
399,1902000,19,Iowa,019,02000,19,02000,POINT (-10481.901113952537 567020.9391237028),Metro,"Sioux City, IA-NE-SD Metro Area"
400,1902100,19,Iowa,019,02100,19,02100,POINT (48603.40643795774 419590.5848526239),Metro,"Omaha-Council Bluffs, NE-IA Metro Area"
401,1902200,19,Iowa,019,02200,19,02200,POINT (318176.5553245174 409780.5652998702),Nonmetro,"Ottumwa, IA Micro Area"
402,1902300,19,Iowa,019,02300,19,02300,POINT (386233.2345703782 393004.1252090939),Nonmetro,
403,2000100,20,Kansas,020,00100,20,00100,POINT (-374239.8066116725 197729.31845154933),Nonmetro,
404,2000200,20,Kansas,020,00200,20,00200,POINT (-126263.6052107876 211788.1305760602),Nonmetro,
405,2000300,20,Kansas,020,00300,20,00300,POINT (-47849.71951374184 198660.86197862154),Metro,"Manhattan, KS Metro Area"
406,2000400,20,Kansas,020,00400,20,00400,POINT (65763.07646711651 214799.71314023362),Metro,"Topeka, KS Metro Area"
407,2000500,20,Kansas,020,00500,20,00500,POINT (105841.01848114286 181662.00846011375),T34,"Kansas City, MO-KS Metro Area"
408,2000600,20,Kansas,020,00600,20,00600,POINT (101208.53348406409 155718.6477643485),T34,"Kansas City, MO-KS Metro Area"
409,2000700,20,Kansas,020,00700,20,00700,POINT (60795.811504199 155417.85895321006),Metro,"Lawrence, KS Metro Area"
410,2000800,20,Kansas,020,00800,20,00800,POINT (14282.005564654917 184507.41824392503),Metro,"Topeka, KS Metro Area"
411,2000990,20,Kansas,020,00990,20,00990,POINT (-140418.78483316628 35443.58549043171),Metro,"Wichita, KS Metro Area"
412,2001000,20,Kansas,020,01000,20,01000,POINT (-171703.0431487707 78926.8919997854),Nonmetro,
413,2001200,20,Kansas,020,01200,20,01200,POINT (-419587.7637779529 25147.453307238375),Nonmetro,
414,2001300,20,Kansas,020,01300,20,01300,POINT (-100707.40409433213 33816.07882550555),Metro,"Wichita, KS Metro Area"
415,2001400,20,Kansas,020,01400,20,01400,POINT (81737.61326562098 80847.28064583238),T34,"Kansas City, MO-KS Metro Area"
416,2001500,20,Kansas,020,01500,20,01500,POINT (68411.48131453809 -20098.13168628235),Nonmetro,"Parsons, KS Micro Area"
417,2100100,21,Kentucky,021,00100,21,00100,POINT (645006.6937799894 -54752.20730914254),Nonmetro,"Mayfield, KY Micro Area"
418,2100200,21,Kentucky,021,00200,21,00200,POINT (725246.4983723735 3834.04820896233),Nonmetro,"Madisonville, KY Micro Area"
419,2100300,21,Kentucky,021,00300,21,00300,POINT (739972.3463625456 -37139.98428761434),Metro,"Clarksville, TN-KY Metro Area"
420,2101400,21,Kentucky,021,01400,21,01400,POINT (750673.4842273141 44940.32572837592),Metro,"Owensboro, KY Metro Area"
421,2101500,21,Kentucky,021,01500,21,01500,POINT (784487.7793027814 66794.37501328402),Metro,"Owensboro, KY Metro Area"
422,2600100,26,Michigan,026,00100,26,00100,POINT (572816.63668845 1033617.3596221881),Nonmetro,
423,2600600,26,Michigan,026,00600,26,00600,POINT (800831.6648584211 743391.0492556045),Nonmetro,
424,2600700,26,Michigan,026,00700,26,00700,POINT (793792.8024794463 689599.4375582282),Metro,"Muskegon, MI Metro Area"
425,2600800,26,Michigan,026,00800,26,00800,POINT (810187.0729719445 654096.8013426221),Metro,"Grand Rapids-Wyoming, MI Metro Area"
426,2602400,26,Michigan,026,02400,26,02400,POINT (787902.8102948254 538808.1862147491),Metro,"Niles-Benton Harbor, MI Metro Area"
427,2700100,27,Minnesota,027,00100,27,00100,POINT (-23575.7428340176 1178104.0922821779),Nonmetro,
428,2700200,27,Minnesota,027,00200,27,00200,POINT (63545.86002197624 1147037.782832826),Nonmetro,"Bemidji, MN Micro Area"
429,2700390,27,Minnesota,027,00390,27,00390,POINT (237638.93961643256 1121038.7260375496),Metro,"Duluth, MN-WI Metro Area"
430,2700600,27,Minnesota,027,00600,27,00600,POINT (226208.6951733878 943626.0566071772),Nonmetro,
431,2700700,27,Minnesota,027,00700,27,00700,POINT (118309.18934486258 978819.7371987457),Nonmetro,
432,2700800,27,Minnesota,027,00800,27,00800,POINT (8660.240306265698 943827.5808409175),Nonmetro,
433,2700900,27,Minnesota,027,00900,27,00900,POINT (108340.77798808244 901125.7273584272),Metro,"St. Cloud, MN Metro Area"
434,2701000,27,Minnesota,027,01000,27,01000,POINT (165403.29710082366 903711.8756309185),Metro,"St. Cloud, MN Metro Area"
435,2701100,27,Minnesota,027,01100,27,01100,POINT (215917.6410584488 872450.0836298015),T34,"Minneapolis-St. Paul-Bloomington, MN-WI Metro Area"
436,2701200,27,Minnesota,027,01200,27,01200,POINT (245183.52070371804 847215.9017532638),T34,"Minneapolis-St. Paul-Bloomington, MN-WI Metro Area"
437,2701300,27,Minnesota,027,01300,27,01300,POINT (228293.93802384328 844310.919398204),T34,"Minneapolis-St. Paul-Bloomington, MN-WI Metro Area"
438,2701400,27,Minnesota,027,01400,27,01400,POINT (198652.47233478338 842066.8776902403),T34,"Minneapolis-St. Paul-Bloomington, MN-WI Metro Area"
439,2701500,27,Minnesota,027,01500,27,01500,POINT (232170.66461131506 805980.4820041629),T34,"Minneapolis-St. Paul-Bloomington, MN-WI Metro Area"
440,2701690,27,Minnesota,027,01690,27,01690,POINT (184135.83014273993 811752.3149034489),T34,"Minneapolis-St. Paul-Bloomington, MN-WI Metro Area"
441,2701800,27,Minnesota,027,01800,27,01800,POINT (159962.82511277884 859987.8481245373),T34,"Minneapolis-St. Paul-Bloomington, MN-WI Metro Area"
442,2701900,27,Minnesota,027,01900,27,01900,POINT (104795.97809660248 827309.2213738448),Nonmetro,
443,2702000,27,Minnesota,027,02000,27,02000,POINT (26517.241004648065 794823.6873173385),Nonmetro,"Marshall, MN Micro Area"
444,2702100,27,Minnesota,027,02100,27,02100,POINT (62357.19933173245 706727.5204712525),Nonmetro,
445,2702200,27,Minnesota,027,02200,27,02200,POINT (160141.35060570535 742590.64891535),Metro,"Mankato-North Mankato, MN Metro Area"
446,2702300,27,Minnesota,027,02300,27,02300,POINT (225664.16895166034 773702.6738751688),Nonmetro,"Faribault-Northfield, MN Micro Area"
447,2702400,27,Minnesota,027,02400,27,02400,POINT (236467.5959459342 709463.7889189454),Nonmetro,"Austin, MN Micro Area"
448,2702500,27,Minnesota,027,02500,27,02500,POINT (287476.3482912183 733386.9747918231),Metro,"Rochester, MN Metro Area"
449,2702600,27,Minnesota,027,02600,27,02600,POINT (327071.71934124373 720971.515525262),Nonmetro,"Winona, MN Micro Area"
450,2900100,29,Missouri,029,00100,29,00100,POINT (166943.92588169128 305544.91487801576),Nonmetro,
451,2900200,29,Missouri,029,00200,29,00200,POINT (112699.76844282798 263988.8682251415),Metro,"St. Joseph, MO-KS Metro Area"
452,2900300,29,Missouri,029,00300,29,00300,POINT (331690.8105994262 284844.45870987256),Nonmetro,
453,2900400,29,Missouri,029,00400,29,00400,POINT (399654.805204035 188726.74079960136),Nonmetro,
454,2900500,29,Missouri,029,00500,29,00500,POINT (336881.4210127807 134661.61233884183),Metro,"Jefferson City, MO Metro Area"
455,2900600,29,Missouri,029,00600,29,00600,POINT (316601.446274792 173189.07929064348),Metro,"Columbia, MO Metro Area"
456,2900700,29,Missouri,029,00700,29,00700,POINT (253259.44505959755 192397.7851141559),Nonmetro,"Marshall, MO Micro Area"
457,2900800,29,Missouri,029,00800,29,00800,POINT (175327.54262154707 191968.77043092102),T34,"Kansas City, MO-KS Metro Area"
458,2900900,29,Missouri,029,00900,29,00900,POINT (119467.0747090571 207818.1389801938),T34,"Kansas City, MO-KS Metro Area"
459,2901000,29,Missouri,029,01000,29,01000,POINT (141880.65953492097 170304.41233378445),T34,"Kansas City, MO-KS Metro Area"
460,2901100,29,Missouri,029,01100,29,01100,POINT (142959.94826697538 105859.09615112636),T34,"Kansas City, MO-KS Metro Area"
461,2901200,29,Missouri,029,01200,29,01200,POINT (175769.9729090957 30764.1679586231),Nonmetro,
462,2901300,29,Missouri,029,01300,29,01300,POINT (252989.9625947169 42508.040932202464),Metro,"Springfield, MO Metro Area"
463,2901400,29,Missouri,029,01400,29,01400,POINT (296138.5300557898 75480.70077924935),Nonmetro,
464,2901500,29,Missouri,029,01500,29,01500,POINT (383686.3741372471 62149.59173574813),Nonmetro,"Rolla, MO Micro Area"
465,2901600,29,Missouri,029,01600,29,01600,POINT (425811.8180202665 113150.98521490785),T34,"St. Louis, MO-IL Metro Area"
466,2901700,29,Missouri,029,01700,29,01700,POINT (458006.1614066099 156519.67492709187),T34,"St. Louis, MO-IL Metro Area"
467,2901800,29,Missouri,029,01800,29,01800,POINT (478831.2737292886 141842.57814823673),T34,"St. Louis, MO-IL Metro Area"
468,2901900,29,Missouri,029,01900,29,01900,POINT (495946.89664596366 142321.77106736123),T34,"St. Louis, MO-IL Metro Area"
469,2902000,29,Missouri,029,02000,29,02000,POINT (473181.99266446487 98884.85161680929),T34,"St. Louis, MO-IL Metro Area"
470,2902100,29,Missouri,029,02100,29,02100,POINT (487230.9952296899 54671.62635515452),Nonmetro,
471,2902200,29,Missouri,029,02200,29,02200,POINT (545608.5694462636 -7452.649027930703),Metro,"Cape Girardeau, MO-IL Metro Area"
472,2902300,29,Missouri,029,02300,29,02300,POINT (550739.5816439484 -85524.13891641231),Nonmetro,
473,2902400,29,Missouri,029,02400,29,02400,POINT (467720.3475468925 -30931.050264767815),Nonmetro,
474,2902500,29,Missouri,029,02500,29,02500,POINT (354850.12590002955 -49541.69136375361),Nonmetro,"West Plains, MO Micro Area"
475,2902600,29,Missouri,029,02600,29,02600,POINT (251136.70828551747 -32427.320880920277),Metro,"Springfield, MO Metro Area"
476,2902700,29,Missouri,029,02700,29,02700,POINT (207216.51284957485 -88622.94910078768),Nonmetro,
477,2902800,29,Missouri,029,02800,29,02800,POINT (146236.06482419235 -48447.62695938264),Metro,"Joplin, MO Metro Area"
478,3000100,30,Montana,030,00100,30,00100,POINT (-1350931.6624863439 1353668.2399575696),Nonmetro,"Kalispell, MT Micro Area"
479,3000200,30,Montana,030,00200,30,00200,POINT (-1397301.9001070936 1207355.4111299224),Metro,"Missoula, MT Metro Area"
480,3000300,30,Montana,030,00300,30,00300,POINT (-1277164.8537410386 1060908.3143423216),Nonmetro,"Butte-Silver Bow, MT Micro Area"
481,3000400,30,Montana,030,00400,30,00400,POINT (-1078582.0593174754 1224331.7123219438),Nonmetro,
482,3000500,30,Montana,030,00500,30,00500,POINT (-1099024.897941957 980399.8305158151),Nonmetro,
483,3000690,30,Montana,030,00690,30,00690,POINT (-789403.1992935013 1096577.5021858998),Nonmetro,
484,3100100,31,Nebraska,031,00100,31,00100,POINT (-470837.1908694617 546711.924170945),Nonmetro,
485,3100200,31,Nebraska,031,00200,31,00200,POINT (-115140.6866699634 515103.45034246205),Nonmetro,"Norfolk, NE Micro Area"
486,3100300,31,Nebraska,031,00300,31,00300,POINT (-254995.8885826871 447904.7199880386),Nonmetro,
487,3100400,31,Nebraska,031,00400,31,00400,POINT (-412536.69604776887 398515.5643407572),Nonmetro,"North Platte, NE Micro Area"
488,3100500,31,Nebraska,031,00500,31,00500,POINT (-234028.64995825643 332337.6219176567),Nonmetro,"Kearney, NE Micro Area"
489,3100600,31,Nebraska,031,00600,31,00600,POINT (-73130.94630395803 340316.14984237583),Metro,"Lincoln, NE Metro Area"
490,3100701,31,Nebraska,031,00701,31,00701,POINT (-36937.74340270616 424159.15459281043),Metro,"Omaha-Council Bluffs, NE-IA Metro Area"
491,3100702,31,Nebraska,031,00702,31,00702,POINT (-9333.238014825676 404858.1150186192),Metro,"Omaha-Council Bluffs, NE-IA Metro Area"
492,3100800,31,Nebraska,031,00800,31,00800,POINT (-57563.7906899541 368212.6586507857),Metro,"Lincoln, NE Metro Area"
493,3100900,31,Nebraska,031,00900,31,00900,POINT (-12833.743411551266 425285.0070156752),Metro,"Omaha-Council Bluffs, NE-IA Metro Area"
494,3200400,32,Nevada,032,00400,32,00400,POINT (-1682597.0128412289 24789.229804117105),T34,"Las Vegas-Henderson-Paradise, NV Metro Area"
495,3800100,38,North Dakota,038,00100,38,00100,POINT (-485741.2428589186 1130822.151377889),Nonmetro,
496,3800200,38,North Dakota,038,00200,38,00200,POINT (-221192.22869964113 1109044.8156995273),Nonmetro,
497,3800300,38,North Dakota,038,00300,38,00300,POINT (-327170.5612986056 1027675.9176968802),Nonmetro,
498,3800400,38,North Dakota,038,00400,38,00400,POINT (-146369.43738596427 1196487.898148881),Nonmetro,
499,3800500,38,North Dakota,038,00500,38,00500,POINT (-95448.96324072187 1054071.3633927433),Metro,"Fargo, ND-MN Metro Area"
500,4001400,40,Oklahoma,040,01400,40,01400,POINT (-125468.03251873565 -107425.00806098779),Nonmetro,
501,4100100,41,Oregon,041,00100,41,00100,POINT (-1701312.8633610995 1069448.2618725416),Nonmetro,"La Grande, OR Micro Area"
502,4600100,46,South Dakota,046,00100,46,00100,POINT (-556746.9062992607 831881.6979011594),Nonmetro,
503,4600200,46,South Dakota,046,00200,46,00200,POINT (-394340.1357949487 749070.6665691225),Nonmetro,
504,4600300,46,South Dakota,046,00300,46,00300,POINT (-181634.27959573563 875482.1286811818),Nonmetro,"Aberdeen, SD Micro Area"
505,4600400,46,South Dakota,046,00400,46,00400,POINT (-163575.1160805934 728459.5853511624),Nonmetro,
506,4600590,46,South Dakota,046,00590,46,00590,POINT (-80993.02507928676 649324.4609338748),Metro,"Sioux Falls, SD Metro Area"
507,4700100,47,Tennessee,047,00100,47,00100,POINT (607603.2084039954 -133516.13495679988),Nonmetro,"Dyersburg, TN Micro Area"
508,4700200,47,Tennessee,047,00200,47,00200,POINT (691116.588638337 -122198.90347884508),Nonmetro,"Paris, TN Micro Area"
509,4700300,47,Tennessee,047,00300,47,00300,POINT (744583.8685138894 -79221.81871174254),Metro,"Clarksville, TN-KY Metro Area"
510,4700400,47,Tennessee,047,00400,47,00400,POINT (780950.5155465656 -115151.53003874686),Metro,"Nashville-Davidson--Murfreesboro--Franklin, TN Metro Area"
511,4702600,47,Tennessee,047,02600,47,02600,POINT (813015.2187538043 -140978.49526486004),Metro,"Nashville-Davidson--Murfreesboro--Franklin, TN Metro Area"
512,4903001,49,Utah,049,03001,49,03001,POINT (-1420592.6076391523 516305.26863757696),Metro,"Salt Lake City, UT Metro Area"
513,4905001,49,Utah,049,05001,49,05001,POINT (-1265645.4544742082 525882.7913649383),Metro,"Ogden-Clearfield, UT Metro Area"
514,4911000,49,Utah,049,11000,49,11000,POINT (-1338128.1937388338 504854.19377667713),Metro,"Ogden-Clearfield, UT Metro Area"
515,4913001,49,Utah,049,13001,49,13001,POINT (-1199006.491627668 266036.96503065294),Nonmetro,
516,4921001,49,Utah,049,21001,49,21001,POINT (-1404435.8066300903 228171.3690943503),Nonmetro,
517,4935000,49,Utah,049,35000,49,35000,POINT (-1328765.152497295 466554.5914080241),Metro,"Salt Lake City, UT Metro Area"
518,4949000,49,Utah,049,49000,49,49000,POINT (-1317806.1132438288 402502.57011859346),Metro,"Provo-Orem, UT Metro Area"
519,4953001,49,Utah,049,53001,49,53001,POINT (-1528759.877210077 116591.9575141864),Metro,"St. George, UT Metro Area"
520,4957000,49,Utah,049,57000,49,57000,POINT (-1316656.837900189 532939.0047434334),Metro,"Ogden-Clearfield, UT Metro Area"
521,5310500,53,Washington,053,10500,53,10500,POINT (-1606353.6366243844 1311093.0824194418),Metro,"Spokane-Spokane Valley, WA Metro Area"
522,5310600,53,Washington,053,10600,53,10600,POINT (-1667999.2071760187 1249355.3373985174),Nonmetro,"Othello, WA Micro Area"
523,5310700,53,Washington,053,10700,53,10700,POINT (-1759874.762823653 1200164.0438054074),Metro,"Kennewick-Richland, WA Metro Area"
524,5500200,55,Wisconsin,055,00200,55,00200,POINT (634037.8011905045 804640.9131054828),Metro,"Green Bay, WI Metro Area"
525,5500600,55,Wisconsin,055,00600,55,00600,POINT (520287.5030730853 926661.5660994509),Nonmetro,
526,5500700,55,Wisconsin,055,00700,55,00700,POINT (382359.2846576717 748177.186170498),Nonmetro,
527,5500800,55,Wisconsin,055,00800,55,00800,POINT (464385.7348000654 619910.7371414327),Metro,"Madison, WI Metro Area"
528,5500900,55,Wisconsin,055,00900,55,00900,POINT (390737.94201817486 727141.2259085309),Metro,"La Crosse-Onalaska, WI-MN Metro Area"
529,5501000,55,Wisconsin,055,01000,55,01000,POINT (511133.67467869393 682834.3679766514),Nonmetro,"Baraboo, WI Micro Area"
530,5501001,55,Wisconsin,055,01001,55,01001,POINT (586366.0648723489 667542.1886042517),Nonmetro,"Beaver Dam, WI Micro Area"
531,5501300,55,Wisconsin,055,01300,55,01300,POINT (622391.5608188796 896358.2526126473),Nonmetro,"Marinette, WI-MI Micro Area"
532,5501301,55,Wisconsin,055,01301,55,01301,POINT (656794.1326483637 785622.0026047836),Nonmetro,"Manitowoc, WI Micro Area"
533,5501400,55,Wisconsin,055,01400,55,01400,POINT (555400.0679106106 790927.5900284639),Nonmetro,
534,5501401,55,Wisconsin,055,01401,55,01401,POINT (608207.6785572967 736888.5206623311),Metro,"Fond du Lac, WI Metro Area"
535,5501500,55,Wisconsin,055,01500,55,01500,POINT (597865.0480563092 797620.0106885801),Metro,"Appleton, WI Metro Area"
536,5501501,55,Wisconsin,055,01501,55,01501,POINT (586625.5517946975 757914.9808439863),Metro,"Oshkosh-Neenah, WI Metro Area"
537,5501600,55,Wisconsin,055,01600,55,01600,POINT (491816.96966252767 843777.8074234679),Metro,"Wausau, WI Metro Area"
538,5501601,55,Wisconsin,055,01601,55,01601,POINT (488889.3235039197 767527.4239232247),Nonmetro,
539,5502400,55,Wisconsin,055,02400,55,02400,POINT (564004.8716034959 599741.415545059),Metro,"Janesville-Beloit, WI Metro Area"
540,5502500,55,Wisconsin,055,02500,55,02500,POINT (645546.7846045935 723791.4596195103),Metro,"Sheboygan, WI Metro Area"
541,5510000,55,Wisconsin,055,10000,55,10000,POINT (648455.8186690004 595791.754866007),T34,"Chicago-Naperville-Elgin, IL-IN-WI Metro Area"
542,5520000,55,Wisconsin,055,20000,55,20000,POINT (633781.1774188579 683917.3141506851),Metro,"Milwaukee-Waukesha-West Allis, WI Metro Area"
543,5530000,55,Wisconsin,055,30000,55,30000,POINT (645364.0315618695 614677.7265977674),Metro,"Racine, WI Metro Area"
544,5540100,55,Wisconsin,055,40100,55,40100,POINT (650577.8273453063 644209.6460417771),Metro,"Milwaukee-Waukesha-West Allis, WI Metro Area"
545,5550000,55,Wisconsin,055,50000,55,50000,POINT (607059.4712408403 602694.2949623786),Nonmetro,"Whitewater-Elkhorn, WI Micro Area"
546,5555100,55,Wisconsin,055,55100,55,55100,POINT (357942.7240943079 856801.1520367253),Metro,"Eau Claire, WI Metro Area"
547,5555102,55,Wisconsin,055,55102,55,55102,POINT (302971.74309698027 843610.098613599),T34,"Minneapolis-St. Paul-Bloomington, MN-WI Metro Area"
548,5570100,55,Wisconsin,055,70100,55,70100,POINT (623179.6311754205 643181.8627642617),Metro,"Milwaukee-Waukesha-West Allis, WI Metro Area"
549,5600100,56,Wyoming,056,00100,56,00100,POINT (-1070632.2997764274 803345.4404381526),Nonmetro,
550,5600200,56,Wyoming,056,00200,56,00200,POINT (-755889.6193775699 726122.4115225747),Nonmetro,"Gillette, WY Micro Area"
551,5600300,56,Wyoming,056,00300,56,00300,POINT (-771208.4401207033 488343.07486997335),Nonmetro,"Laramie, WY Micro Area"
552,5600400,56,Wyoming,056,00400,56,00400,POINT (-861234.5078669379 595697.659532508),Nonmetro,
553,5600500,56,Wyoming,056,00500,56,00500,POINT (-1065394.2899331616 623444.8800580528),Nonmetro,
554,900100,09,Connecticut,009,00100,09,00100,POINT (1861778.2898145579 645335.9178462739),Metro,"Bridgeport-Stamford-Norwalk, CT Metro Area"
555,900300,09,Connecticut,009,00300,09,00300,POINT (1900290.949072103 716244.7748228823),Metro,"Hartford-West Hartford-East Hartford, CT Metro Area"
556,900500,09,Connecticut,009,00500,09,00500,POINT (1859612.298397276 704583.3108256218),Nonmetro,"Torrington, CT Micro Area"
557,900700,09,Connecticut,009,00700,09,00700,POINT (1925391.300691113 683088.0239470723),Metro,"Hartford-West Hartford-East Hartford, CT Metro Area"
558,900900,09,Connecticut,009,00900,09,00900,POINT (1894954.2970059004 669343.5416031913),Metro,"New Haven-Milford, CT Metro Area"
559,901100,09,Connecticut,009,01100,09,01100,POINT (1959591.5134202575 694614.5797645197),Metro,"Norwich-New London, CT Metro Area"
560,901300,09,Connecticut,009,01300,09,01300,POINT (1930653.024272177 729504.5824583451),Metro,"Hartford-West Hartford-East Hartford, CT Metro Area"
561,901500,09,Connecticut,009,01500,09,01500,POINT (1959220.305625953 733936.1665629395),Metro,"Worcester, MA-CT Metro Area"
562,1000100,10,Delaware,010,00100,10,00100,POINT (1718756.6180210693 417429.4162433683),T34,"Philadelphia-Camden-Wilmington, PA-NJ-DE-MD Metro Area"
563,1000200,10,Delaware,010,00200,10,00200,POINT (1737525.0892452912 365197.88343407045),Metro,"Dover, DE Metro Area"
564,1000300,10,Delaware,010,00300,10,00300,POINT (1761880.9678024875 321991.38213503227),Metro,"Salisbury, MD-DE Metro Area"
565,1100100,11,District of Columbia,011,00100,11,00100,POINT (1620150.7694516075 320414.91162788525),T34,"Washington-Arlington-Alexandria, DC-VA-MD-WV Metro Area"
566,1800600,18,Indiana,018,00600,18,00600,POINT (890455.9397211678 500366.3946000114),Nonmetro,"Kendallville, IN Micro Area"
567,1800900,18,Indiana,018,00900,18,00900,POINT (893397.880282806 426544.15677498863),Metro,"Fort Wayne, IN Metro Area"
568,1801000,18,Indiana,018,01000,18,01000,POINT (909149.1115094472 454728.2264104256),Metro,"Fort Wayne, IN Metro Area"
569,1801500,18,Indiana,018,01500,18,01500,POINT (913004.9739822908 355659.2552106065),Nonmetro,
570,1801900,18,Indiana,018,01900,18,01900,POINT (866327.0056639231 345185.8721748166),T34,"Indianapolis-Carmel-Anderson, IN Metro Area"
571,1802000,18,Indiana,018,02000,18,02000,POINT (892564.7065736194 355520.0230425201),Metro,"Muncie, IN Metro Area"
572,1802500,18,Indiana,018,02500,18,02500,POINT (867042.3949106924 287790.7581281161),T34,"Indianapolis-Carmel-Anderson, IN Metro Area"
573,1802600,18,Indiana,018,02600,18,02600,POINT (916955.4924746276 299628.2101928802),Nonmetro,"Connersville, IN Micro Area"
574,1803000,18,Indiana,018,03000,18,03000,POINT (894462.616466738 215177.23171230432),Nonmetro,"North Vernon, IN Micro Area"
575,1803100,18,Indiana,018,03100,18,03100,POINT (931782.0545818468 237795.21183394283),T34,"Cincinnati, OH-KY-IN Metro Area"
576,1803600,18,Indiana,018,03600,18,03600,POINT (887735.6120617525 157642.2249809238),Metro,"Louisville/Jefferson County, KY-IN Metro Area"
577,2100600,21,Kentucky,021,00600,21,00600,POINT (946544.091905734 9772.013385470585),Nonmetro,
578,2100700,21,Kentucky,021,00700,21,00700,POINT (1001289.9002427048 -5839.498040727293),Nonmetro,"Somerset, KY Micro Area"
579,2100800,21,Kentucky,021,00800,21,00800,POINT (1050558.2166062861 37714.389941226014),Nonmetro,"London, KY Micro Area"
580,2100900,21,Kentucky,021,00900,21,00900,POINT (1082854.5901995401 -7068.104242139148),Nonmetro,"Middlesborough, KY Micro Area"
581,2101000,21,Kentucky,021,01000,21,01000,POINT (1112617.214717798 58716.93194733971),Nonmetro,
582,2101100,21,Kentucky,021,01100,21,01100,POINT (1164269.2604719908 94562.43176886252),Nonmetro,
583,2101690,21,Kentucky,021,01690,21,01690,POINT (921784.6925267198 136164.469079654),Metro,"Louisville/Jefferson County, KY-IN Metro Area"
584,2101700,21,Kentucky,021,01700,21,01700,POINT (895400.0842808279 125783.24621103682),Metro,"Louisville/Jefferson County, KY-IN Metro Area"
585,2101900,21,Kentucky,021,01900,21,01900,POINT (1000838.1369237319 121625.04839901286),Metro,"Lexington-Fayette, KY Metro Area"
586,2102000,21,Kentucky,021,02000,21,02000,POINT (965401.4367539784 114147.58327215085),Nonmetro,"Frankfort, KY Micro Area"
587,2102100,21,Kentucky,021,02100,21,02100,POINT (989588.756261625 71860.45313303261),Nonmetro,"Danville, KY Micro Area"
588,2102200,21,Kentucky,021,02200,21,02200,POINT (1036626.1974180262 91356.19269622977),Nonmetro,
589,2102300,21,Kentucky,021,02300,21,02300,POINT (1013459.2540859946 147011.07911763887),Metro,"Lexington-Fayette, KY Metro Area"
590,2102400,21,Kentucky,021,02400,21,02400,POINT (982375.938604052 219994.06057621335),T34,"Cincinnati, OH-KY-IN Metro Area"
591,2102500,21,Kentucky,021,02500,21,02500,POINT (965309.2061507853 222053.0256088829),T34,"Cincinnati, OH-KY-IN Metro Area"
592,2102600,21,Kentucky,021,02600,21,02600,POINT (974682.4366794644 189470.92703756512),T34,"Cincinnati, OH-KY-IN Metro Area"
593,2102700,21,Kentucky,021,02700,21,02700,POINT (1069853.1750041095 158263.76729526144),Nonmetro,
594,2102800,21,Kentucky,021,02800,21,02800,POINT (1130927.1088618895 165138.62068349327),Nonmetro,
595,2300100,23,Maine,023,00100,23,00100,POINT (2111326.1024197275 1280932.0825248288),Nonmetro,
596,2300200,23,Maine,023,00200,23,00200,POINT (2015821.885057967 1158496.5082161834),Nonmetro,
597,2300300,23,Maine,023,00300,23,00300,POINT (2111430.5634240163 1189012.3194783893),Metro,"Bangor, ME Metro Area"
598,2300400,23,Maine,023,00400,23,00400,POINT (2057429.936168797 1058896.4869475304),Nonmetro,"Augusta-Waterville, ME Micro Area"
599,2300500,23,Maine,023,00500,23,00500,POINT (2128559.594043616 1088761.3002469132),Nonmetro,
600,2300600,23,Maine,023,00600,23,00600,POINT (2031135.7734942157 1023338.4549401196),Metro,"Lewiston-Auburn, ME Metro Area"
601,2300790,23,Maine,023,00790,23,00790,POINT (2023527.4967959307 966546.324726093),Metro,"Portland-South Portland, ME Metro Area"
602,2400100,24,Maryland,024,00100,24,00100,POINT (1435685.9506929633 359918.87348912883),Nonmetro,
603,2400200,24,Maryland,024,00200,24,00200,POINT (1538036.8572606917 383397.9672428685),Metro,"Hagerstown-Martinsburg, MD-WV Metro Area"
604,2400300,24,Maryland,024,00300,24,00300,POINT (1575618.9762410168 375734.2876518197),T34,"Washington-Arlington-Alexandria, DC-VA-MD-WV Metro Area"
605,2400400,24,Maryland,024,00400,24,00400,POINT (1604993.4282897392 391982.1881639242),T34,"Baltimore-Columbia-Towson, MD Metro Area"
606,2400500,24,Maryland,024,00500,24,00500,POINT (1638781.1297939566 387838.7133918725),T34,"Baltimore-Columbia-Towson, MD Metro Area"
607,2400600,24,Maryland,024,00600,24,00600,POINT (1663683.1780688078 404091.1654583675),T34,"Baltimore-Columbia-Towson, MD Metro Area"
608,2400700,24,Maryland,024,00700,24,00700,POINT (1694730.9536092135 412226.45384728076),T34,"Philadelphia-Camden-Wilmington, PA-NJ-DE-MD Metro Area"
609,2400800,24,Maryland,024,00800,24,00800,POINT (1644669.36743366 371010.2405794354),T34,"Baltimore-Columbia-Towson, MD Metro Area"
610,2400900,24,Maryland,024,00900,24,00900,POINT (1619590.712543519 359259.89422436577),T34,"Baltimore-Columbia-Towson, MD Metro Area"
611,2401000,24,Maryland,024,01000,24,01000,POINT (1599222.2044274425 342073.1452636847),T34,"Washington-Arlington-Alexandria, DC-VA-MD-WV Metro Area"
612,2401100,24,Maryland,024,01100,24,01100,POINT (1636255.5293679356 314776.6898083093),T34,"Washington-Arlington-Alexandria, DC-VA-MD-WV Metro Area"
613,2401200,24,Maryland,024,01200,24,01200,POINT (1651872.44675832 337847.8542611282),T34,"Baltimore-Columbia-Towson, MD Metro Area"
614,2401300,24,Maryland,024,01300,24,01300,POINT (1707805.117383871 330104.7649426253),Nonmetro,"Easton, MD Micro Area"
615,2401400,24,Maryland,024,01400,24,01400,POINT (1759360.490452046 273191.97903513745),Metro,"Salisbury, MD-DE Metro Area"
616,2401500,24,Maryland,024,01500,24,01500,POINT (1667281.1249002507 271370.31938254135),Metro,"California-Lexington Park, MD Metro Area"
617,2401600,24,Maryland,024,01600,24,01600,POINT (1631203.8659990653 276611.2701065973),T34,"Washington-Arlington-Alexandria, DC-VA-MD-WV Metro Area"
618,2500100,25,Massachusetts,025,00100,25,00100,POINT (1847361.0844722567 768125.4636542274),Metro,"Pittsfield, MA Metro Area"
619,2500290,25,Massachusetts,025,00290,25,00290,POINT (1893673.0622198288 778942.9237674861),Metro,"Springfield, MA Metro Area"
620,2500390,25,Massachusetts,025,00390,25,00390,POINT (1995010.0166457475 793862.7259026829),T34,"Boston-Cambridge-Newton, MA-NH Metro Area"
621,2503300,25,Massachusetts,025,03300,25,03300,POINT (2017385.8282830087 807278.0300282093),T34,"Boston-Cambridge-Newton, MA-NH Metro Area"
622,2504790,25,Massachusetts,025,04790,25,04790,POINT (2095928.4957587537 746724.1634917188),Metro,"Barnstable Town, MA Metro Area"
623,2600300,26,Michigan,026,00300,26,00300,POINT (932218.8700143825 898547.1531692011),Nonmetro,
624,2601200,26,Michigan,026,01200,26,01200,POINT (900358.2000378823 740764.1408053637),Nonmetro,"Mount Pleasant, MI Micro Area"
625,2601300,26,Michigan,026,01300,26,01300,POINT (941529.0493989565 812383.7325289291),Nonmetro,
626,2601400,26,Michigan,026,01400,26,01400,POINT (944590.2636494578 749919.413000004),Metro,"Midland, MI Metro Area"
627,2601500,26,Michigan,026,01500,26,01500,POINT (961518.3854604407 713841.0758527315),Metro,"Saginaw, MI Metro Area"
628,2601600,26,Michigan,026,01600,26,01600,POINT (1036688.6178843232 749924.6225153822),Nonmetro,
629,2601700,26,Michigan,026,01700,26,01700,POINT (997289.4841890695 683730.2888223195),Metro,"Flint, MI Metro Area"
630,2601800,26,Michigan,026,01800,26,01800,POINT (945934.6218886886 628818.5566378027),Metro,"Lansing-East Lansing, MI Metro Area"
631,2601900,26,Michigan,026,01900,26,01900,POINT (915546.1676249518 644509.279677964),Metro,"Lansing-East Lansing, MI Metro Area"
632,2602000,26,Michigan,026,02000,26,02000,POINT (886316.1232529719 599753.3900499553),Metro,"Battle Creek, MI Metro Area"
633,2602500,26,Michigan,026,02500,26,02500,POINT (961572.0409423187 551313.3292285906),Nonmetro,"Adrian, MI Micro Area"
634,2602600,26,Michigan,026,02600,26,02600,POINT (946630.214996264 589640.7163938403),Metro,"Jackson, MI Metro Area"
635,2602700,26,Michigan,026,02700,26,02700,POINT (994115.3811541697 596136.9192049765),Metro,"Ann Arbor, MI Metro Area"
636,2602800,26,Michigan,026,02800,26,02800,POINT (983243.1243388443 634153.0416148172),T34,"Detroit-Warren-Dearborn, MI Metro Area"
637,2602900,26,Michigan,026,02900,26,02900,POINT (1024907.6898400014 646073.0045436874),T34,"Detroit-Warren-Dearborn, MI Metro Area"
638,2603000,26,Michigan,026,03000,26,03000,POINT (1060980.3432532754 654954.9216182419),T34,"Detroit-Warren-Dearborn, MI Metro Area"
639,2603100,26,Michigan,026,03100,26,03100,POINT (1077254.6621455348 684988.3628407213),T34,"Detroit-Warren-Dearborn, MI Metro Area"
640,2603200,26,Michigan,026,03200,26,03200,POINT (1038509.9458065924 605468.8214072707),T34,"Detroit-Warren-Dearborn, MI Metro Area"
641,2603300,26,Michigan,026,03300,26,03300,POINT (1023117.4908938927 563412.6081511253),Metro,"Monroe, MI Metro Area"
642,3300100,33,New Hampshire,033,00100,33,00100,POINT (1922602.6300891738 1012099.4415883636),Nonmetro,"Berlin, NH-VT Micro Area"
643,3300290,33,New Hampshire,033,00290,33,00290,POINT (1962762.0496098613 907395.1064362852),Nonmetro,"Concord, NH Micro Area"
644,3300500,33,New Hampshire,033,00500,33,00500,POINT (1903753.3885887177 867392.173576978),Nonmetro,"Keene, NH Micro Area"
645,3400190,34,New Jersey,034,00190,34,00190,POINT (1801420.2234588817 413087.98582399025),Metro,"Atlantic City-Hammonton, NJ Metro Area"
646,3400300,34,New Jersey,034,00300,34,00300,POINT (1814062.7435681561 598030.7011002434),T34,"New York-Newark-Jersey City, NY-NJ-PA Metro Area"
647,3400400,34,New Jersey,034,00400,34,00400,POINT (1794172.644631086 601700.8865324202),T34,"New York-Newark-Jersey City, NY-NJ-PA Metro Area"
648,3400600,34,New Jersey,034,00600,34,00600,POINT (1819736.745786808 574087.8453916962),T34,"New York-Newark-Jersey City, NY-NJ-PA Metro Area"
649,3400800,34,New Jersey,034,00800,34,00800,POINT (1755908.6845336158 539351.5251414652),T34,"New York-Newark-Jersey City, NY-NJ-PA Metro Area"
650,3400900,34,New Jersey,034,00900,34,00900,POINT (1800024.168630465 534637.0845434219),T34,"New York-Newark-Jersey City, NY-NJ-PA Metro Area"
651,3401000,34,New Jersey,034,01000,34,01000,POINT (1780225.3532258088 544445.9077298307),T34,"New York-Newark-Jersey City, NY-NJ-PA Metro Area"
652,3401100,34,New Jersey,034,01100,34,01100,POINT (1819953.8766638455 518587.79660773167),T34,"New York-Newark-Jersey City, NY-NJ-PA Metro Area"
653,3401200,34,New Jersey,034,01200,34,01200,POINT (1822792.5155847443 478948.01885288785),T34,"New York-Newark-Jersey City, NY-NJ-PA Metro Area"
654,3401300,34,New Jersey,034,01300,34,01300,POINT (1804625.1392017575 575919.4670900459),T34,"New York-Newark-Jersey City, NY-NJ-PA Metro Area"
655,3401500,34,New Jersey,034,01500,34,01500,POINT (1778617.0891345055 578382.8075245207),T34,"New York-Newark-Jersey City, NY-NJ-PA Metro Area"
656,3401600,34,New Jersey,034,01600,34,01600,POINT (1759831.2056762332 605946.8596497313),T34,"New York-Newark-Jersey City, NY-NJ-PA Metro Area"
657,3401700,34,New Jersey,034,01700,34,01700,POINT (1741835.5890333008 569466.2108710964),Metro,"Allentown-Bethlehem-Easton, PA-NJ Metro Area"
658,3401800,34,New Jersey,034,01800,34,01800,POINT (1802806.5030824041 560761.005056523),T34,"New York-Newark-Jersey City, NY-NJ-PA Metro Area"
659,3402000,34,New Jersey,034,02000,34,02000,POINT (1793096.2841899523 468582.9814488947),T34,"Philadelphia-Camden-Wilmington, PA-NJ-DE-MD Metro Area"
660,3402100,34,New Jersey,034,02100,34,02100,POINT (1770826.117216706 455001.32005730324),T34,"Philadelphia-Camden-Wilmington, PA-NJ-DE-MD Metro Area"
661,3402200,34,New Jersey,034,02200,34,02200,POINT (1758314.718307963 441903.57993227063),T34,"Philadelphia-Camden-Wilmington, PA-NJ-DE-MD Metro Area"
662,3402300,34,New Jersey,034,02300,34,02300,POINT (1780218.8920203024 512267.3999739006),Metro,"Trenton, NJ Metro Area"
663,3402490,34,New Jersey,034,02490,34,02490,POINT (1758642.8572523624 412895.7053985367),Metro,"Vineland-Bridgeton, NJ Metro Area"
664,3600100,36,New York,036,00100,36,00100,POINT (1647740.9338323842 964445.4196710597),Nonmetro,"Ogdensburg-Massena, NY Micro Area"
665,3600200,36,New York,036,00200,36,00200,POINT (1729390.2424103864 952419.989721309),Nonmetro,
666,3600300,36,New York,036,00300,36,00300,POINT (1784324.4047960958 876196.8126998303),Metro,"Glens Falls, NY Metro Area"
667,3600400,36,New York,036,00400,36,00400,POINT (1684314.5618260328 809682.9179058361),Metro,"Utica-Rome, NY Metro Area"
668,3600500,36,New York,036,00500,36,00500,POINT (1613613.8973082143 890940.1242235844),Nonmetro,
669,3600600,36,New York,036,00600,36,00600,POINT (1588766.256179644 830093.4161876375),Metro,"Syracuse, NY Metro Area"
670,3600700,36,New York,036,00700,36,00700,POINT (1581662.5171779739 775764.9683787546),Metro,"Syracuse, NY Metro Area"
671,3600800,36,New York,036,00800,36,00800,POINT (1534315.0533971775 771222.0130155312),Nonmetro,"Seneca Falls, NY Micro Area"
672,3600900,36,New York,036,00900,36,00900,POINT (1471987.0292557313 774454.1313318434),Metro,"Rochester, NY Metro Area"
673,3601000,36,New York,036,01000,36,01000,POINT (1431829.1567876588 762834.3997155578),Nonmetro,"Batavia, NY Micro Area"
674,3601100,36,New York,036,01100,36,01100,POINT (1387776.6980650814 764767.8107769026),Metro,"Buffalo-Cheektowaga-Niagara Falls, NY Metro Area"
675,3601200,36,New York,036,01200,36,01200,POINT (1397462.8725048753 716619.4294117098),Metro,"Buffalo-Cheektowaga-Niagara Falls, NY Metro Area"
676,3601300,36,New York,036,01300,36,01300,POINT (1457522.2401614352 722659.8795499058),Nonmetro,
677,3601400,36,New York,036,01400,36,01400,POINT (1517194.391131409 740922.4098268736),Metro,"Rochester, NY Metro Area"
678,3601500,36,New York,036,01500,36,01500,POINT (1627598.985845769 764121.8447291498),Metro,"Syracuse, NY Metro Area"
679,3601600,36,New York,036,01600,36,01600,POINT (1733599.6896103816 815948.8052747772),Nonmetro,"Gloversville, NY Micro Area"
680,3601700,36,New York,036,01700,36,01700,POINT (1768108.6321467366 800618.2774415325),Metro,"Albany-Schenectady-Troy, NY Metro Area"
681,3601800,36,New York,036,01800,36,01800,POINT (1776080.9469213672 835673.197079614),Metro,"Albany-Schenectady-Troy, NY Metro Area"
682,3601900,36,New York,036,01900,36,01900,POINT (1814322.897461907 799297.7332594106),Metro,"Albany-Schenectady-Troy, NY Metro Area"
683,3602000,36,New York,036,02000,36,02000,POINT (1780424.6563226378 778486.5112796986),Metro,"Albany-Schenectady-Troy, NY Metro Area"
684,3602100,36,New York,036,02100,36,02100,POINT (1796604.117289934 743644.6564753765),Nonmetro,
685,3602200,36,New York,036,02200,36,02200,POINT (1667874.6666831924 713981.4143785825),Nonmetro,
686,3602300,36,New York,036,02300,36,02300,POINT (1584766.2770641732 718050.0065030564),Metro,"Ithaca, NY Metro Area"
687,3602400,36,New York,036,02400,36,02400,POINT (1532011.0402942272 685791.091295005),Nonmetro,"Corning, NY Micro Area"
688,3602500,36,New York,036,02500,36,02500,POINT (1434979.300078676 665699.2742962983),Nonmetro,"Olean, NY Micro Area"
689,3602600,36,New York,036,02600,36,02600,POINT (1356951.6012036845 648675.4059346349),Nonmetro,"Jamestown-Dunkirk-Fredonia, NY Micro Area"
690,3602700,36,New York,036,02700,36,02700,POINT (1758941.0579996991 682616.9673498085),Metro,"Kingston, NY Metro Area"
691,3602800,36,New York,036,02800,36,02800,POINT (1820419.9862598998 691970.6424099403),T34,"New York-Newark-Jersey City, NY-NJ-PA Metro Area"
692,3602900,36,New York,036,02900,36,02900,POINT (1784397.8398515764 641784.7945206977),T34,"New York-Newark-Jersey City, NY-NJ-PA Metro Area"
693,3603000,36,New York,036,03000,36,03000,POINT (1812584.6823216504 619809.7692214749),T34,"New York-Newark-Jersey City, NY-NJ-PA Metro Area"
694,3603100,36,New York,036,03100,36,03100,POINT (1833143.5270165992 636618.7144579993),T34,"New York-Newark-Jersey City, NY-NJ-PA Metro Area"
695,3603200,36,New York,036,03200,36,03200,POINT (1859553.2183264336 583573.8720191971),T34,"New York-Newark-Jersey City, NY-NJ-PA Metro Area"
696,3603300,36,New York,036,03300,36,03300,POINT (1915017.171438647 612793.550248184),T34,"New York-Newark-Jersey City, NY-NJ-PA Metro Area"
697,3603700,36,New York,036,03700,36,03700,POINT (1834049.011983343 590245.2955188185),T34,"New York-Newark-Jersey City, NY-NJ-PA Metro Area"
698,3603800,36,New York,036,03800,36,03800,POINT (1827809.5041632517 580109.9493596129),T34,"New York-Newark-Jersey City, NY-NJ-PA Metro Area"
699,3603900,36,New York,036,03900,36,03900,POINT (1817694.7582895812 555135.9936370609),T34,"New York-Newark-Jersey City, NY-NJ-PA Metro Area"
700,3604000,36,New York,036,04000,36,04000,POINT (1832925.5449744484 566017.6163359132),T34,"New York-Newark-Jersey City, NY-NJ-PA Metro Area"
701,3604100,36,New York,036,04100,36,04100,POINT (1841766.0444827387 575378.3762160413),T34,"New York-Newark-Jersey City, NY-NJ-PA Metro Area"
702,3700100,37,North Carolina,037,00100,37,00100,POINT (1254816.0808068654 -56276.02046540797),Nonmetro,
703,3700200,37,North Carolina,037,00200,37,00200,POINT (1329629.5686891226 -26591.56626139103),Nonmetro,"North Wilkesboro, NC Micro Area"
704,3700300,37,North Carolina,037,00300,37,00300,POINT (1416870.4309956399 -3676.5279237979694),Metro,"Greensboro-High Point, NC Metro Area"
705,3700400,37,North Carolina,037,00400,37,00400,POINT (1507063.8640403906 7479.109268692062),Metro,"Durham-Chapel Hill, NC Metro Area"
706,3700590,37,North Carolina,037,00590,37,00590,POINT (1612101.9521312786 21042.33707014329),Nonmetro,"Roanoke Rapids, NC Micro Area"
707,3700700,37,North Carolina,037,00700,37,00700,POINT (1732404.878750156 48670.1199376786),Nonmetro,"Elizabeth City, NC Micro Area"
708,3700800,37,North Carolina,037,00800,37,00800,POINT (1731635.492811382 -11329.002298330492),Nonmetro,
709,3700900,37,North Carolina,037,00900,37,00900,POINT (1617440.3279035888 -19275.46106451182),Metro,"Rocky Mount, NC Metro Area"
710,3701000,37,North Carolina,037,01000,37,01000,POINT (1622750.1675307518 -55587.632445200405),Nonmetro,"Wilson, NC Micro Area"
711,3701100,37,North Carolina,037,01100,37,01100,POINT (1576376.4378155696 -75393.01542029352),Metro,"Raleigh, NC Metro Area"
712,3701200,37,North Carolina,037,01200,37,01200,POINT (1545671.0495687567 -50072.88273474544),Metro,"Raleigh, NC Metro Area"
713,3701300,37,North Carolina,037,01300,37,01300,POINT (1520831.596663824 -26640.614056975963),Metro,"Durham-Chapel Hill, NC Metro Area"
714,3701400,37,North Carolina,037,01400,37,01400,POINT (1498867.1609765254 -27730.86616792049),Metro,"Durham-Chapel Hill, NC Metro Area"
715,3701500,37,North Carolina,037,01500,37,01500,POINT (1497237.3119867533 -75729.84480813402),Metro,"Durham-Chapel Hill, NC Metro Area"
716,3701600,37,North Carolina,037,01600,37,01600,POINT (1474694.373524345 -34003.63707523705),Metro,"Burlington, NC Metro Area"
717,3701700,37,North Carolina,037,01700,37,01700,POINT (1439755.845043935 -36057.280126931626),Metro,"Greensboro-High Point, NC Metro Area"
718,3701800,37,North Carolina,037,01800,37,01800,POINT (1397688.3812684547 -37397.16944599613),Metro,"Winston-Salem, NC Metro Area"
719,3701990,37,North Carolina,037,01990,37,01990,POINT (1358472.4945270044 -66211.24911860323),T34,"Charlotte-Concord-Gastonia, NC-SC Metro Area"
720,3702000,37,North Carolina,037,02000,37,02000,POINT (1298952.6523418492 -74704.82174563037),Metro,"Hickory-Lenoir-Morganton, NC Metro Area"
721,3702100,37,North Carolina,037,02100,37,02100,POINT (1262899.210415831 -105535.9817431689),Metro,"Hickory-Lenoir-Morganton, NC Metro Area"
722,3702200,37,North Carolina,037,02200,37,02200,POINT (1205512.8432389142 -126001.73594978619),Metro,"Asheville, NC Metro Area"
723,3702690,37,North Carolina,037,02690,37,02690,POINT (1281843.5444283874 -140912.70880552675),Nonmetro,"Forest City, NC Micro Area"
724,3702800,37,North Carolina,037,02800,37,02800,POINT (1321460.0048227953 -102817.54374310627),Metro,"Hickory-Lenoir-Morganton, NC Metro Area"
725,3703000,37,North Carolina,037,03000,37,03000,POINT (1330899.2449325307 -143063.20562471295),T34,"Charlotte-Concord-Gastonia, NC-SC Metro Area"
726,3703100,37,North Carolina,037,03100,37,03100,POINT (1362689.5028331191 -143413.3162145148),T34,"Charlotte-Concord-Gastonia, NC-SC Metro Area"
727,3703290,37,North Carolina,037,03290,37,03290,POINT (1399955.4828643587 -125886.22500102474),Nonmetro,"Albemarle, NC Micro Area"
728,3703400,37,North Carolina,037,03400,37,03400,POINT (1383003.5867451904 -95545.8713058287),T34,"Charlotte-Concord-Gastonia, NC-SC Metro Area"
729,3703500,37,North Carolina,037,03500,37,03500,POINT (1407784.0149104046 -74009.9281012254),Metro,"Winston-Salem, NC Metro Area"
730,3703600,37,North Carolina,037,03600,37,03600,POINT (1445255.5688075938 -77055.26554409403),Metro,"Greensboro-High Point, NC Metro Area"
731,3703700,37,North Carolina,037,03700,37,03700,POINT (1465877.161130204 -117838.67404152954),Nonmetro,"Pinehurst-Southern Pines, NC Micro Area"
732,3703800,37,North Carolina,037,03800,37,03800,POINT (1534834.4699731385 -100025.57411846195),Nonmetro,"Dunn, NC Micro Area"
733,3703900,37,North Carolina,037,03900,37,03900,POINT (1605403.2330664445 -132732.2707763976),Nonmetro,
734,3704000,37,North Carolina,037,04000,37,04000,POINT (1611548.2477244202 -86245.77853751653),Metro,"Goldsboro, NC Metro Area"
735,3704190,37,North Carolina,037,04190,37,04190,POINT (1668632.830955765 -123163.9742701649),Metro,"Jacksonville, NC Metro Area"
736,3704200,37,North Carolina,037,04200,37,04200,POINT (1662207.5726061738 -50160.32937320344),Metro,"Greenville, NC Metro Area"
737,3704300,37,North Carolina,037,04300,37,04300,POINT (1697070.6774723756 -96578.90955564874),Metro,"New Bern, NC Metro Area"
738,3704400,37,North Carolina,037,04400,37,04400,POINT (1722790.746827976 -80363.93659335707),Metro,"New Bern, NC Metro Area"
739,3705000,37,North Carolina,037,05000,37,05000,POINT (1544998.0685363542 -134583.779918159),Metro,"Fayetteville, NC Metro Area"
740,3705200,37,North Carolina,037,05200,37,05200,POINT (1485995.9452435644 -154581.1377529571),Nonmetro,"Laurinburg, NC Micro Area"
741,3705390,37,North Carolina,037,05390,37,05390,POINT (1411839.499590822 -165389.26172232738),T34,"Charlotte-Concord-Gastonia, NC-SC Metro Area"
742,3900100,39,Ohio,039,00100,39,00100,POINT (958371.911942728 488048.3883694704),Nonmetro,"Defiance, OH Micro Area"
743,3900290,39,Ohio,039,00290,39,00290,POINT (1017962.2680766745 514808.80716931826),Metro,"Toledo, OH Metro Area"
744,3900700,39,Ohio,039,00700,39,00700,POINT (1080469.0333697277 506775.9877055384),Nonmetro,"Fremont, OH Micro Area"
745,3900800,39,Ohio,039,00800,39,00800,POINT (1146701.2859089859 508984.3861722858),T34,"Cleveland-Elyria, OH Metro Area"
746,3900900,39,Ohio,039,00900,39,00900,POINT (1185005.8844962688 529304.1036030423),T34,"Cleveland-Elyria, OH Metro Area"
747,3901090,39,Ohio,039,01090,39,01090,POINT (1220077.5956008676 551289.8040125652),T34,"Cleveland-Elyria, OH Metro Area"
748,3901300,39,Ohio,039,01300,39,01300,POINT (1254542.1484122572 572260.011187824),Nonmetro,"Ashtabula, OH Micro Area"
749,3901490,39,Ohio,039,01490,39,01490,POINT (1262144.9542590475 515513.8898880616),Metro,"Youngstown-Warren-Boardman, OH-PA Metro Area"
750,3901700,39,Ohio,039,01700,39,01700,POINT (1227288.0570270205 506742.69327546755),Metro,"Akron, OH Metro Area"
751,3901800,39,Ohio,039,01800,39,01800,POINT (1200457.1442831713 497844.0108304387),Metro,"Akron, OH Metro Area"
752,3901900,39,Ohio,039,01900,39,01900,POINT (1170319.401629727 492348.27343499626),T34,"Cleveland-Elyria, OH Metro Area"
753,3902000,39,Ohio,039,02000,39,02000,POINT (1176072.0076614446 460516.0605815918),Nonmetro,"Wooster, OH Micro Area"
754,3902100,39,Ohio,039,02100,39,02100,POINT (1127031.6489195835 473508.7081598705),Nonmetro,"Norwalk, OH Micro Area"
755,3902200,39,Ohio,039,02200,39,02200,POINT (1123271.0096497652 446652.46175520355),Metro,"Mansfield, OH Metro Area"
756,3902300,39,Ohio,039,02300,39,02300,POINT (1072164.5042266485 460394.6138016463),Nonmetro,
757,3902400,39,Ohio,039,02400,39,02400,POINT (1007783.2396633199 457820.1728122439),Nonmetro,
758,3902500,39,Ohio,039,02500,39,02500,POINT (993103.0067261399 428848.70989125496),Metro,"Lima, OH Metro Area"
759,3902600,39,Ohio,039,02600,39,02600,POINT (963029.1296214818 411105.1263904527),Nonmetro,"Celina, OH Micro Area"
760,3902700,39,Ohio,039,02700,39,02700,POINT (1029576.5597584279 391962.8473238398),Nonmetro,"Bellefontaine, OH Micro Area"
761,3902800,39,Ohio,039,02800,39,02800,POINT (1109334.7975104433 412944.9410414832),T34,"Columbus, OH Metro Area"
762,3902900,39,Ohio,039,02900,39,02900,POINT (1194537.2768845675 401969.6396714891),Nonmetro,"Coshocton, OH Micro Area"
763,3903000,39,Ohio,039,03000,39,03000,POINT (1231319.977681087 418039.33523860545),Nonmetro,"New Philadelphia-Dover, OH Micro Area"
764,3903190,39,Ohio,039,03190,39,03190,POINT (1230476.6308317676 456340.5860156305),Metro,"Canton-Massillon, OH Metro Area"
765,3903400,39,Ohio,039,03400,39,03400,POINT (1268965.0123860545 468121.621321005),Nonmetro,"Salem, OH Micro Area"
766,3903500,39,Ohio,039,03500,39,03500,POINT (1270109.4805551716 400989.2250835841),Nonmetro,
767,3903600,39,Ohio,039,03600,39,03600,POINT (1231448.967961505 332149.3331364308),Nonmetro,"Marietta, OH Micro Area"
768,3903700,39,Ohio,039,03700,39,03700,POINT (1177786.170181008 353156.1462422551),Nonmetro,"Zanesville, OH Micro Area"
769,3903800,39,Ohio,039,03800,39,03800,POINT (1138526.5373488471 371557.4537156377),T34,"Columbus, OH Metro Area"
770,3903900,39,Ohio,039,03900,39,03900,POINT (1131527.8066148583 332071.6620032138),T34,"Columbus, OH Metro Area"
771,3904000,39,Ohio,039,04000,39,04000,POINT (1092014.4485285676 386159.067913748),T34,"Columbus, OH Metro Area"
772,3904100,39,Ohio,039,04100,39,04100,POINT (1096346.531421178 351819.29080060334),T34,"Columbus, OH Metro Area"
773,3904200,39,Ohio,039,04200,39,04200,POINT (1076280.4054953586 344514.94675325823),T34,"Columbus, OH Metro Area"
774,3904300,39,Ohio,039,04300,39,04300,POINT (1032113.2165829822 337296.824997102),Metro,"Springfield, OH Metro Area"
775,3904400,39,Ohio,039,04400,39,04400,POINT (992823.0547025483 347740.15849645576),Metro,"Dayton, OH Metro Area"
776,3904500,39,Ohio,039,04500,39,04500,POINT (968966.5164559725 347095.2466783351),Nonmetro,"Greenville, OH Micro Area"
777,3904600,39,Ohio,039,04600,39,04600,POINT (991749.1160513998 313858.32223965455),Metro,"Dayton, OH Metro Area"
778,3904700,39,Ohio,039,04700,39,04700,POINT (1026416.0243381967 311105.5700275267),Metro,"Dayton, OH Metro Area"
779,3904800,39,Ohio,039,04800,39,04800,POINT (1088255.591782647 288569.02756514726),Nonmetro,"Chillicothe, OH Micro Area"
780,3904900,39,Ohio,039,04900,39,04900,POINT (1136823.0839728904 271520.3720692677),Nonmetro,
781,3905000,39,Ohio,039,05000,39,05000,POINT (1184499.2506986489 264461.454610919),Nonmetro,
782,3905100,39,Ohio,039,05100,39,05100,POINT (1133502.092584042 215217.3821814444),Nonmetro,"Portsmouth, OH Micro Area"
783,3905200,39,Ohio,039,05200,39,05200,POINT (1058608.8895369645 250466.07836287058),Nonmetro,
784,3905300,39,Ohio,039,05300,39,05300,POINT (1006743.4317495294 278797.1214603632),T34,"Cincinnati, OH-KY-IN Metro Area"
785,3905400,39,Ohio,039,05400,39,05400,POINT (971974.2660265445 275777.90362709854),T34,"Cincinnati, OH-KY-IN Metro Area"
786,3905500,39,Ohio,039,05500,39,05500,POINT (978039.984065482 249070.75110131156),T34,"Cincinnati, OH-KY-IN Metro Area"
787,3905690,39,Ohio,039,05690,39,05690,POINT (1026671.012027495 231727.2135085728),T34,"Cincinnati, OH-KY-IN Metro Area"
788,4200100,42,Pennsylvania,042,00100,42,00100,POINT (1307578.0136470443 613289.3634776575),Metro,"Erie, PA Metro Area"
789,4200200,42,Pennsylvania,042,00200,42,00200,POINT (1337558.795505753 590516.6814933897),Nonmetro,"Meadville, PA Micro Area"
790,4200300,42,Pennsylvania,042,00300,42,00300,POINT (1453339.9836713371 581018.6209114804),Nonmetro,
791,4200400,42,Pennsylvania,042,00400,42,00400,POINT (1573317.4238821443 632770.8176084242),Nonmetro,"Sayre, PA Micro Area"
792,4200500,42,Pennsylvania,042,00500,42,00500,POINT (1688360.989485693 646468.1002213612),Nonmetro,
793,4200600,42,Pennsylvania,042,00600,42,00600,POINT (1709044.1662807632 585206.5043160687),Metro,"East Stroudsburg, PA Metro Area"
794,4200700,42,Pennsylvania,042,00700,42,00700,POINT (1661791.5256389587 622651.3230904659),Metro,"Scranton--Wilkes-Barre--Hazleton, PA Metro Area"
795,4200800,42,Pennsylvania,042,00800,42,00800,POINT (1642482.6191540821 579270.2127100143),Metro,"Scranton--Wilkes-Barre--Hazleton, PA Metro Area"
796,4200900,42,Pennsylvania,042,00900,42,00900,POINT (1543450.0792836584 577862.949362307),Metro,"Williamsport, PA Metro Area"
797,4201000,42,Pennsylvania,042,01000,42,01000,POINT (1602050.7405842915 543137.7729114506),Nonmetro,"Sunbury, PA Micro Area"
798,4201100,42,Pennsylvania,042,01100,42,01100,POINT (1555687.4413563348 512300.6623260191),Nonmetro,"Selinsgrove, PA Micro Area"
799,4201200,42,Pennsylvania,042,01200,42,01200,POINT (1509486.2763683284 528001.329412915),Metro,"State College, PA Metro Area"
800,4201300,42,Pennsylvania,042,01300,42,01300,POINT (1375090.978361939 545615.5992166001),Nonmetro,
801,4201400,42,Pennsylvania,042,01400,42,01400,POINT (1302024.2661428256 534114.6042904698),Metro,"Youngstown-Warren-Boardman, OH-PA Metro Area"
802,4201500,42,Pennsylvania,042,01500,42,01500,POINT (1303901.9196056619 479828.1850659053),T34,"Pittsburgh, PA Metro Area"
803,4201600,42,Pennsylvania,042,01600,42,01600,POINT (1337626.8127193623 495779.38973810896),T34,"Pittsburgh, PA Metro Area"
804,4201700,42,Pennsylvania,042,01700,42,01700,POINT (1340334.8881809993 445935.8139967049),T34,"Pittsburgh, PA Metro Area"
805,4201900,42,Pennsylvania,042,01900,42,01900,POINT (1395526.8242980025 484454.27904787305),Nonmetro,"Indiana, PA Micro Area"
806,4202000,42,Pennsylvania,042,02000,42,02000,POINT (1386008.1762882983 435861.75090593717),T34,"Pittsburgh, PA Metro Area"
807,4202100,42,Pennsylvania,042,02100,42,02100,POINT (1444700.7758677911 467411.9914971383),Metro,"Johnstown, PA Metro Area"
808,4202200,42,Pennsylvania,042,02200,42,02200,POINT (1495082.6509152015 470628.11636775744),Nonmetro,"Huntingdon, PA Micro Area"
809,4202300,42,Pennsylvania,042,02300,42,02300,POINT (1569046.4843788594 466913.4110216305),Metro,"Harrisburg-Carlisle, PA Metro Area"
810,4202400,42,Pennsylvania,042,02400,42,02400,POINT (1606085.9959316403 489682.70412365027),Metro,"Harrisburg-Carlisle, PA Metro Area"
811,4202500,42,Pennsylvania,042,02500,42,02500,POINT (1633695.7129976149 489898.82239047444),Metro,"Lebanon, PA Metro Area"
812,4202600,42,Pennsylvania,042,02600,42,02600,POINT (1645749.1347987063 531183.4884950424),Nonmetro,"Pottsville, PA Micro Area"
813,4202700,42,Pennsylvania,042,02700,42,02700,POINT (1676339.1055352704 504534.84398497315),Metro,"Reading, PA Metro Area"
814,4202890,42,Pennsylvania,042,02890,42,02890,POINT (1699989.3253708459 549861.8304536951),Metro,"Allentown-Bethlehem-Easton, PA-NJ Metro Area"
815,4203000,42,Pennsylvania,042,03000,42,03000,POINT (1745629.9580833754 510596.7450306565),T34,"Philadelphia-Camden-Wilmington, PA-NJ-DE-MD Metro Area"
816,4203100,42,Pennsylvania,042,03100,42,03100,POINT (1727242.0364689615 492050.5426343479),T34,"Philadelphia-Camden-Wilmington, PA-NJ-DE-MD Metro Area"
817,4203200,42,Pennsylvania,042,03200,42,03200,POINT (1751402.555249586 474252.46964817663),T34,"Philadelphia-Camden-Wilmington, PA-NJ-DE-MD Metro Area"
818,4203300,42,Pennsylvania,042,03300,42,03300,POINT (1731446.9638284214 459497.5075787368),T34,"Philadelphia-Camden-Wilmington, PA-NJ-DE-MD Metro Area"
819,4203400,42,Pennsylvania,042,03400,42,03400,POINT (1701414.7710617655 459135.98850870563),T34,"Philadelphia-Camden-Wilmington, PA-NJ-DE-MD Metro Area"
820,4203500,42,Pennsylvania,042,03500,42,03500,POINT (1658514.1504559699 457911.8505398635),Metro,"Lancaster, PA Metro Area"
821,4203600,42,Pennsylvania,042,03600,42,03600,POINT (1621650.8450641576 436222.63687134336),Metro,"York-Hanover, PA Metro Area"
822,4203700,42,Pennsylvania,042,03700,42,03700,POINT (1556183.5501057594 421341.8866916213),Metro,"Chambersburg-Waynesboro, PA Metro Area"
823,4203800,42,Pennsylvania,042,03800,42,03800,POINT (1460122.989023796 411375.12940405833),Nonmetro,
824,4203900,42,Pennsylvania,042,03900,42,03900,POINT (1378519.1155552473 390103.755091233),T34,"Pittsburgh, PA Metro Area"
825,4204000,42,Pennsylvania,042,04000,42,04000,POINT (1326713.927593696 396578.45367230783),T34,"Pittsburgh, PA Metro Area"
826,4400100,44,Rhode Island,044,00100,44,00100,POINT (1990436.0984582414 746990.5861552308),Metro,"Providence-Warwick, RI-MA Metro Area"
827,4400201,44,Rhode Island,044,00201,44,00201,POINT (1995048.0349567318 725015.5346578355),Metro,"Providence-Warwick, RI-MA Metro Area"
828,4400300,44,Rhode Island,044,00300,44,00300,POINT (2025458.503738193 723230.3482740335),Metro,"Providence-Warwick, RI-MA Metro Area"
829,4400400,44,Rhode Island,044,00400,44,00400,POINT (1998561.8307142959 702521.5023324258),Metro,"Providence-Warwick, RI-MA Metro Area"
830,4700600,47,Tennessee,047,00600,47,00600,POINT (897559.7520546903 -114524.14001236288),Nonmetro,
831,4700700,47,Tennessee,047,00700,47,00700,POINT (937427.6885609956 -76317.3865369548),Nonmetro,"Cookeville, TN Micro Area"
832,4700800,47,Tennessee,047,00800,47,00800,POINT (967521.6992043469 -109990.90558032128),Nonmetro,"Crossville, TN Micro Area"
833,4700900,47,Tennessee,047,00900,47,00900,POINT (1049632.193608957 -60513.56319165506),Metro,"Knoxville, TN Metro Area"
834,4701090,47,Tennessee,047,01090,47,01090,POINT (1181420.8257252288 -31740.005762637207),Metro,"Kingsport-Bristol-Bristol, TN-VA Metro Area"
835,4701200,47,Tennessee,047,01200,47,01200,POINT (1205347.6515401453 -53357.7664035591),Metro,"Johnson City, TN Metro Area"
836,4701300,47,Tennessee,047,01300,47,01300,POINT (1197601.2914658778 -49984.0713357452),Metro,"Johnson City, TN Metro Area"
837,4701400,47,Tennessee,047,01400,47,01400,POINT (1131906.6124125042 -81370.7278012071),Metro,"Morristown, TN Metro Area"
838,4701500,47,Tennessee,047,01500,47,01500,POINT (1115573.847194654 -108399.05361106781),Nonmetro,"Sevierville, TN Micro Area"
839,4701600,47,Tennessee,047,01600,47,01600,POINT (1068226.5396212842 -89622.07040746197),Metro,"Knoxville, TN Metro Area"
840,4701700,47,Tennessee,047,01700,47,01700,POINT (1080265.161457688 -134353.30344727315),Metro,"Knoxville, TN Metro Area"
841,4701800,47,Tennessee,047,01800,47,01800,POINT (1043700.8572545412 -146290.31027816757),Nonmetro,
842,5000100,50,Vermont,050,00100,50,00100,POINT (1799434.8849796185 1022554.6838512054),Metro,"Burlington-South Burlington, VT Metro Area"
843,5000200,50,Vermont,050,00200,50,00200,POINT (1862556.4138175983 1026256.8322505909),Nonmetro,
844,5000300,50,Vermont,050,00300,50,00300,POINT (1866934.1221617172 904002.36779817),Nonmetro,"Claremont-Lebanon, NH-VT Micro Area"
845,5000400,50,Vermont,050,00400,50,00400,POINT (1824670.2336749665 901457.4419049423),Nonmetro,"Rutland, VT Micro Area"
846,5101300,51,Virginia,051,01300,51,01300,POINT (1613595.9243765587 315494.9040498805),T34,"Washington-Arlington-Alexandria, DC-VA-MD-WV Metro Area"
847,5104100,51,Virginia,051,04100,51,04100,POINT (1605007.155983737 142363.14236338297),Metro,"Richmond, VA Metro Area"
848,5110700,51,Virginia,051,10700,51,10700,POINT (1563956.488047728 329860.38309909654),T34,"Washington-Arlington-Alexandria, DC-VA-MD-WV Metro Area"
849,5151010,51,Virginia,051,51010,51,51010,POINT (1202300.6417735356 27856.312597045966),Nonmetro,
850,5151020,51,Virginia,051,51020,51,51020,POINT (1293241.6081381345 23868.77044804387),Nonmetro,
851,5151040,51,Virginia,051,51040,51,51040,POINT (1355401.821948003 68011.4712458183),Metro,"Blacksburg-Christiansburg-Radford, VA Metro Area"
852,5151080,51,Virginia,051,51080,51,51080,POINT (1434517.7120829816 191776.93375338052),Metro,"Staunton-Waynesboro, VA Metro Area"
853,5151084,51,Virginia,051,51084,51,51084,POINT (1516135.7888391626 330479.3077664376),Metro,"Winchester, VA-WV Metro Area"
854,5151085,51,Virginia,051,51085,51,51085,POINT (1499821.2104188045 284106.64145981503),Nonmetro,
855,5151087,51,Virginia,051,51087,51,51087,POINT (1545025.042429518 263670.83201080875),T34,"Washington-Arlington-Alexandria, DC-VA-MD-WV Metro Area"
856,5151095,51,Virginia,051,51095,51,51095,POINT (1460018.749041455 119358.28503667405),Metro,"Lynchburg, VA Metro Area"
857,5151096,51,Virginia,051,51096,51,51096,POINT (1477241.5450118678 100616.30797459323),Metro,"Lynchburg, VA Metro Area"
858,5151097,51,Virginia,051,51097,51,51097,POINT (1432713.224413231 39068.453328887044),Nonmetro,"Martinsville, VA Micro Area"
859,5151100,51,Virginia,051,51100,51,51100,POINT (1751144.5160729873 100112.9398295778),Metro,"Virginia Beach-Norfolk-Newport News, VA-NC Metro Area"
860,5151105,51,Virginia,051,51105,51,51105,POINT (1542935.1280718495 91284.16660166456),Nonmetro,
861,5151110,51,Virginia,051,51110,51,51110,POINT (1471211.0677650895 246165.17438697483),Metro,"Harrisonburg, VA Metro Area"
862,5151115,51,Virginia,051,51115,51,51115,POINT (1593259.4666782091 258646.71509903166),T34,"Washington-Arlington-Alexandria, DC-VA-MD-WV Metro Area"
863,5151120,51,Virginia,051,51120,51,51120,POINT (1602358.382116814 227058.99603016966),Metro,"Richmond, VA Metro Area"
864,5151125,51,Virginia,051,51125,51,51125,POINT (1696017.2826396304 203253.52920678467),Nonmetro,
865,5151135,51,Virginia,051,51135,51,51135,POINT (1633586.6107312453 104460.16639155302),Metro,"Richmond, VA Metro Area"
866,5151145,51,Virginia,051,51145,51,51145,POINT (1680460.3497555591 85937.92389923886),Metro,"Virginia Beach-Norfolk-Newport News, VA-NC Metro Area"
867,5151175,51,Virginia,051,51175,51,51175,POINT (1703121.5803801354 130928.69793724729),Metro,"Virginia Beach-Norfolk-Newport News, VA-NC Metro Area"
868,5151186,51,Virginia,051,51186,51,51186,POINT (1717314.3649716594 127978.80592888167),Metro,"Virginia Beach-Norfolk-Newport News, VA-NC Metro Area"
869,5151187,51,Virginia,051,51187,51,51187,POINT (1727713.7351850274 109787.16831885533),Metro,"Virginia Beach-Norfolk-Newport News, VA-NC Metro Area"
870,5151200,51,Virginia,051,51200,51,51200,POINT (1617135.2252713195 162966.33521778372),Metro,"Richmond, VA Metro Area"
871,5151206,51,Virginia,051,51206,51,51206,POINT (1686008.9638508917 147278.70071731982),Metro,"Virginia Beach-Norfolk-Newport News, VA-NC Metro Area"
872,5151215,51,Virginia,051,51215,51,51215,POINT (1611241.6485127797 172948.37848282076),Metro,"Richmond, VA Metro Area"
873,5151235,51,Virginia,051,51235,51,51235,POINT (1611311.8352376248 160837.39422203114),Metro,"Richmond, VA Metro Area"
874,5151255,51,Virginia,051,51255,51,51255,POINT (1616114.0420301498 309157.51236368925),T34,"Washington-Arlington-Alexandria, DC-VA-MD-WV Metro Area"
875,5151256,51,Virginia,051,51256,51,51256,POINT (1585270.952889865 290045.9769316911),T34,"Washington-Arlington-Alexandria, DC-VA-MD-WV Metro Area"
876,5155000,51,Virginia,051,55000,51,55000,POINT (1731579.917304234 87940.28272274797),Metro,"Virginia Beach-Norfolk-Newport News, VA-NC Metro Area"
877,5159300,51,Virginia,051,59300,51,59300,POINT (1599487.6046924647 308143.93667114514),T34,"Washington-Arlington-Alexandria, DC-VA-MD-WV Metro Area"
878,5400100,54,West Virginia,054,00100,54,00100,POINT (1293919.366204012 392186.93783530593),Metro,"Wheeling, WV-OH Metro Area"
879,5400200,54,West Virginia,054,00200,54,00200,POINT (1327614.6800391562 316130.8524572421),Nonmetro,"Clarksburg, WV Micro Area"
880,5400300,54,West Virginia,054,00300,54,00300,POINT (1372903.14121861 344483.89043100673),Metro,"Morgantown, WV Metro Area"
881,5400400,54,West Virginia,054,00400,54,00400,POINT (1490883.3186939529 350534.3914812735),Metro,"Winchester, VA-WV Metro Area"
882,5400500,54,West Virginia,054,00500,54,00500,POINT (1398067.7029713348 279818.9358273652),Nonmetro,"Elkins, WV Micro Area"
883,5400600,54,West Virginia,054,00600,54,00600,POINT (1276542.5985935354 267995.5221444366),Nonmetro,
884,5400700,54,West Virginia,054,00700,54,00700,POINT (1243984.625185883 284057.4914118069),Metro,"Parkersburg-Vienna, WV Metro Area"
885,5400800,54,West Virginia,054,00800,54,00800,POINT (1185550.6873507488 190456.22135176838),Metro,"Huntington-Ashland, WV-KY-OH Metro Area"
886,5400900,54,West Virginia,054,00900,54,00900,POINT (1219670.5396675018 169907.40583700294),Metro,"Huntington-Ashland, WV-KY-OH Metro Area"
887,5401000,54,West Virginia,054,01000,54,01000,POINT (1258222.825169033 194450.29479645818),Metro,"Charleston, WV Metro Area"
888,5401100,54,West Virginia,054,01100,54,01100,POINT (1344757.0736097943 177193.3446843923),Nonmetro,
889,5401200,54,West Virginia,054,01200,54,01200,POINT (1290336.684521438 132637.94491991954),Metro,"Beckley, WV Metro Area"
890,5401300,54,West Virginia,054,01300,54,01300,POINT (1236887.4118319 106471.24797330795),Nonmetro,
891,200100,02,Alaska,002,00100,02,00100,POINT (-3054279.067533236 3438027.06666151),Metro,"Anchorage, AK Metro Area"
892,200200,02,Alaska,002,00200,02,00200,POINT (-3101746.086382044 3508262.9031152786),Metro,"Anchorage, AK Metro Area"
893,200300,02,Alaska,002,00300,02,00300,POINT (-2712190.6275404138 3368600.924308974),Nonmetro,
894,200400,02,Alaska,002,00400,02,00400,POINT (-3153161.0098519237 3866661.269708487),Nonmetro,
895,600300,06,California,006,00300,06,00300,POINT (-1957061.9322428585 202674.16726785165),Nonmetro,
896,606500,06,California,006,06500,06,06500,POINT (-1825742.6759226099 -227350.9248830735),T34,"Riverside-San Bernardino-Ontario, CA Metro Area"
897,607100,06,California,006,07100,06,07100,POINT (-1816363.2087489625 -104114.35961783704),T34,"Riverside-San Bernardino-Ontario, CA Metro Area"
898,607300,06,California,006,07300,06,07300,POINT (-1909313.5303227466 -290388.11072683195),T34,"San Diego-Carlsbad, CA Metro Area"
899,1500300,15,Hawaii,015,00300,15,00300,POINT (-6130849.552062707 304751.97273488005),Metro,"Urban Honolulu, HI Metro Area"
900,3200300,32,Nevada,032,00300,32,00300,POINT (-1730971.0426015793 412595.1562791073),Nonmetro,"Elko, NV Micro Area"
901,4100200,41,Oregon,041,00200,41,00200,POINT (-1885375.2813563761 1057076.6708217093),Nonmetro,
902,4100300,41,Oregon,041,00300,41,00300,POINT (-1879346.237485893 845399.5108074807),Nonmetro,
903,5310200,53,Washington,053,10200,53,10200,POINT (-1911951.5663853996 1484041.5504293302),Metro,"Mount Vernon-Anacortes, WA Metro Area"
904,5310800,53,Washington,053,10800,53,10800,POINT (-1810513.9467060445 1309548.900125358),Nonmetro,"Ellensburg, WA Micro Area"
905,5310900,53,Washington,053,10900,53,10900,POINT (-1884382.220755174 1247344.7803704403),Metro,"Yakima, WA Metro Area"
906,5311000,53,Washington,053,11000,53,11000,POINT (-1967136.130725584 1240636.0254573966),T34,"Portland-Vancouver-Hillsboro, OR-WA Metro Area"
907,5311600,53,Washington,053,11600,53,11600,POINT (-1932543.5378039114 1378766.214889417),T34,"Seattle-Tacoma-Bellevue, WA Metro Area"
908,5311700,53,Washington,053,11700,53,11700,POINT (-1908682.4284106886 1436232.340753578),T34,"Seattle-Tacoma-Bellevue, WA Metro Area"
909,5311900,53,Washington,053,11900,53,11900,POINT (-2062717.7716900208 1463472.9351884313),Nonmetro,"Port Angeles, WA Micro Area"
910,100290,01,Alabama,001,00290,01,00290,POINT (852954.9535778261 -276214.2919568907),Metro,"Huntsville, AL Metro Area"
911,100600,01,Alabama,001,00600,01,00600,POINT (809531.3350207292 -299019.83533773286),Metro,"Decatur, AL Metro Area"
912,100700,01,Alabama,001,00700,01,00700,POINT (813579.1958682218 -338022.1555293465),Nonmetro,"Cullman, AL Micro Area"
913,100800,01,Alabama,001,00800,01,00800,POINT (876759.7759990642 -364664.47350315476),Metro,"Birmingham-Hoover, AL Metro Area"
914,101200,01,Alabama,001,01200,01,01200,POINT (863028.7196726559 -431556.32735941553),Metro,"Birmingham-Hoover, AL Metro Area"
915,101300,01,Alabama,001,01300,01,01300,POINT (838198.7510917917 -401434.7513982841),Metro,"Birmingham-Hoover, AL Metro Area"
916,101700,01,Alabama,001,01700,01,01700,POINT (783541.427841332 -514896.4466876134),Metro,"Tuscaloosa, AL Metro Area"
917,101800,01,Alabama,001,01800,01,01800,POINT (923303.9269319884 -467509.97773497895),Nonmetro,"Talladega-Sylacauga, AL Micro Area"
918,102200,01,Alabama,001,02200,01,02200,POINT (791304.726662401 -624542.435213176),Nonmetro,
919,400300,04,Arizona,004,00300,04,00300,POINT (-1245562.9919619497 -145410.08785436285),Nonmetro,"Show Low, AZ Micro Area"
920,400400,04,Arizona,004,00400,04,00400,POINT (-1405357.8054365872 -69610.72385138772),Metro,"Flagstaff, AZ Metro Area"
921,400500,04,Arizona,004,00500,04,00500,POINT (-1498491.7630817494 -193974.90736525098),Metro,"Prescott, AZ Metro Area"
922,400600,04,Arizona,004,00600,04,00600,POINT (-1599198.1239867513 -106818.75598864043),Metro,"Lake Havasu City-Kingman, AZ Metro Area"
923,500200,05,Arkansas,005,00200,05,00200,POINT (159445.2179914946 -168905.14638503268),Metro,"Fayetteville-Springdale-Rogers, AR-MO Metro Area"
924,500300,05,Arkansas,005,00300,05,00300,POINT (260195.83677264338 -149309.65506493938),Nonmetro,"Harrison, AR Micro Area"
925,500400,05,Arkansas,005,00400,05,00400,POINT (364145.4603915973 -171918.61042821247),Nonmetro,
926,500590,05,Arkansas,005,00590,05,00590,POINT (486847.1637671179 -160853.83723224065),Metro,"Jonesboro, AR Metro Area"
927,500700,05,Arkansas,005,00700,05,00700,POINT (467897.3532885861 -270463.8579937421),Nonmetro,"Forrest City, AR Micro Area"
928,500800,05,Arkansas,005,00800,05,00800,POINT (407328.7093559014 -245772.14957811046),Nonmetro,"Searcy, AR Micro Area"
929,501300,05,Arkansas,005,01300,05,01300,POINT (257443.24982981727 -248573.40676632154),Nonmetro,"Russellville, AR Micro Area"
930,501400,05,Arkansas,005,01400,05,01400,POINT (156858.2252639409 -233359.67081374585),Metro,"Fort Smith, AR-OK Metro Area"
931,501500,05,Arkansas,005,01500,05,01500,POINT (179178.72033719518 -309898.74437882775),Nonmetro,
932,1203300,12,Florida,012,03300,12,03300,POINT (822922.9158053064 -722117.6729381675),Metro,"Pensacola-Ferry Pass-Brent, FL Metro Area"
933,1211300,12,Florida,012,11300,12,11300,POINT (856823.2561942369 -715634.8542109437),Metro,"Pensacola-Ferry Pass-Brent, FL Metro Area"
934,3500190,35,New Mexico,035,00190,35,00190,POINT (-1091522.438741756 -129599.89437351743),Nonmetro,"Gallup, NM Micro Area"
935,3500300,35,New Mexico,035,00300,35,00300,POINT (-863949.6799004687 -109806.29850801587),Nonmetro,"Taos, NM Micro Area"
936,3500400,35,New Mexico,035,00400,35,00400,POINT (-718938.9591272378 -203944.79155812305),Nonmetro,"Las Vegas, NM Micro Area"
937,3500500,35,New Mexico,035,00500,35,00500,POINT (-895423.2649572003 -176305.7012239711),Metro,"Santa Fe, NM Metro Area"
938,3500600,35,New Mexico,035,00600,35,00600,POINT (-972531.4669104787 -147318.54433152694),Metro,"Albuquerque, NM Metro Area"
939,4000190,40,Oklahoma,040,00190,40,00190,POINT (54773.60105244586 -148160.46279259922),Nonmetro,
940,4000200,40,Oklahoma,040,00200,40,00200,POINT (105764.98941289393 -194465.3852195118),Nonmetro,"Tahlequah, OK Micro Area"
941,4000400,40,Oklahoma,040,00400,40,00400,POINT (-303193.02011605684 -252937.24152137892),Nonmetro,
942,4000500,40,Oklahoma,040,00500,40,00500,POINT (-333101.1340003433 -102149.22147672236),Nonmetro,
943,4001100,40,Oklahoma,040,01100,40,01100,POINT (-120455.36558823624 -237564.91666828663),Metro,"Oklahoma City, OK Metro Area"
944,4001290,40,Oklahoma,040,01290,40,01290,POINT (-36133.563250035266 -163157.52110056527),Metro,"Tulsa, OK Metro Area"
945,4702200,47,Tennessee,047,02200,47,02200,POINT (876034.069051217 -207652.01964057432),Nonmetro,"Tullahoma-Manchester, TN Micro Area"
946,4702700,47,Tennessee,047,02700,47,02700,POINT (825847.8014755343 -178882.85370820254),Nonmetro,"Lewisburg, TN Micro Area"
947,4702800,47,Tennessee,047,02800,47,02800,POINT (764766.2292469171 -209913.01873268414),Nonmetro,"Lawrenceburg, TN Micro Area"
948,4702900,47,Tennessee,047,02900,47,02900,POINT (663658.1721366012 -211961.0523175063),Metro,"Jackson, TN Metro Area"
949,4703000,47,Tennessee,047,03000,47,03000,POINT (649865.0430455679 -194226.3792282571),Metro,"Jackson, TN Metro Area"
950,4703100,47,Tennessee,047,03100,47,03100,POINT (577614.1497254772 -209991.29222170834),Metro,"Memphis, TN-MS-AR Metro Area"
951,4800100,48,Texas,048,00100,48,00100,POINT (-494156.6199571402 -218518.66657015018),Metro,"Amarillo, TX Metro Area"
952,4800200,48,Texas,048,00200,48,00200,POINT (-530384.0317867632 -218636.76521801797),Metro,"Amarillo, TX Metro Area"
953,3702390,37,North Carolina,037,02390,37,02390,POINT (1133769.7936378487 -161608.9998293168),Nonmetro,
954,3702500,37,North Carolina,037,02500,37,02500,POINT (1201077.6085194878 -165341.7760176625),Nonmetro,"Brevard, NC Micro Area"
955,3704690,37,North Carolina,037,04690,37,04690,POINT (1639365.640768266 -182361.01322709717),Metro,"Wilmington, NC Metro Area"
956,3704990,37,North Carolina,037,04990,37,04990,POINT (1560334.9208972608 -193685.1154600105),Nonmetro,
957,4500100,45,South Carolina,045,00100,45,00100,POINT (1249970.3035102834 -222773.94307779486),Metro,"Greenville-Anderson-Mauldin, SC Metro Area"
958,4500101,45,South Carolina,045,00101,45,00101,POINT (1183219.470376491 -219522.08027095805),Nonmetro,"Seneca, SC Micro Area"
959,4500300,45,South Carolina,045,00300,45,00300,POINT (1264639.1499292993 -194313.19467062617),Metro,"Spartanburg, SC Metro Area"
960,4500400,45,South Carolina,045,00400,45,00400,POINT (1314654.9915240135 -220112.36529976912),Metro,"Spartanburg, SC Metro Area"
961,4500500,45,South Carolina,045,00500,45,00500,POINT (1336080.2288577703 -178450.50040641308),T34,"Charlotte-Concord-Gastonia, NC-SC Metro Area"
962,4500700,45,South Carolina,045,00700,45,00700,POINT (1430472.1975551103 -200536.63025716366),Nonmetro,
963,4501000,45,South Carolina,045,01000,45,01000,POINT (1521595.8125561732 -275550.2511474849),Nonmetro,
964,4701900,47,Tennessee,047,01900,47,01900,POINT (1021790.9450196489 -192194.6716602867),Metro,"Cleveland, TN Metro Area"
965,4702000,47,Tennessee,047,02000,47,02000,POINT (976338.047474274 -204044.711142774),Metro,"Chattanooga, TN-GA Metro Area"
966,4702100,47,Tennessee,047,02100,47,02100,POINT (957986.5211308736 -180095.37183095395),Metro,"Chattanooga, TN-GA Metro Area"
967,1800500,18,Indiana,018,00500,18,00500,POINT (837499.05268051 503797.2021492653),Metro,"Elkhart-Goshen, IN Metro Area"
968,1800800,18,Indiana,018,00800,18,00800,POINT (826278.2750449236 466926.326290907),Nonmetro,"Warsaw, IN Micro Area"
969,1801300,18,Indiana,018,01300,18,01300,POINT (821662.85965258 384924.6845651959),Metro,"Kokomo, IN Metro Area"
970,1801400,18,Indiana,018,01400,18,01400,POINT (850965.0224085074 405235.67082738207),Nonmetro,"Wabash, IN Micro Area"
971,1801800,18,Indiana,018,01800,18,01800,POINT (821602.7298954407 329199.0228389565),T34,"Indianapolis-Carmel-Anderson, IN Metro Area"
972,1802100,18,Indiana,018,02100,18,02100,POINT (804355.4289161841 262038.53526394395),T34,"Indianapolis-Carmel-Anderson, IN Metro Area"
973,1802300,18,Indiana,018,02300,18,02300,POINT (835545.181159661 299115.94316493603),T34,"Indianapolis-Carmel-Anderson, IN Metro Area"
974,1802400,18,Indiana,018,02400,18,02400,POINT (842054.4486120527 266922.53387540294),T34,"Indianapolis-Carmel-Anderson, IN Metro Area"
975,1802900,18,Indiana,018,02900,18,02900,POINT (858052.4884781577 217820.12338404814),Metro,"Columbus, IN Metro Area"
976,1803400,18,Indiana,018,03400,18,03400,POINT (780411.9909131988 129752.29701521121),Nonmetro,"Jasper, IN Micro Area"
977,1803500,18,Indiana,018,03500,18,03500,POINT (856519.0708053182 144777.27805575824),Metro,"Louisville/Jefferson County, KY-IN Metro Area"
978,2100400,21,Kentucky,021,00400,21,00400,POINT (860251.3612661491 -13741.73059556073),Metro,"Bowling Green, KY Metro Area"
979,2100500,21,Kentucky,021,00500,21,00500,POINT (842890.2882782852 -14249.781685634534),Metro,"Bowling Green, KY Metro Area"
980,2101290,21,Kentucky,021,01290,21,01290,POINT (880367.8053034318 68520.55934621174),Metro,"Elizabethtown-Fort Knox, KY Metro Area"
981,2600200,26,Michigan,026,00200,26,00200,POINT (773171.5563664756 1006393.5142418342),Nonmetro,
982,2600400,26,Michigan,026,00400,26,00400,POINT (853704.2959418575 868271.0434395637),Nonmetro,"Traverse City, MI Micro Area"
983,2600500,26,Michigan,026,00500,26,00500,POINT (801536.0985887145 838806.9369810418),Nonmetro,"Traverse City, MI Micro Area"
984,2600900,26,Michigan,026,00900,26,00900,POINT (823249.6082041888 614081.4570047514),Nonmetro,"Holland, MI Micro Area"
985,2601000,26,Michigan,026,01000,26,01000,POINT (845349.9393875512 666000.9827819741),Metro,"Grand Rapids-Wyoming, MI Metro Area"
986,2601100,26,Michigan,026,01100,26,01100,POINT (866929.6943471179 716553.6151672092),Metro,"Grand Rapids-Wyoming, MI Metro Area"
987,2602100,26,Michigan,026,02100,26,02100,POINT (856472.665014317 578790.5800393649),Metro,"Kalamazoo-Portage, MI Metro Area"
988,2602200,26,Michigan,026,02200,26,02200,POINT (879969.0855173345 544284.3338333612),Nonmetro,"Sturgis, MI Micro Area"
989,2602300,26,Michigan,026,02300,26,02300,POINT (819360.6513164453 558463.6801467448),Metro,"Kalamazoo-Portage, MI Metro Area"
990,4700500,47,Tennessee,047,00500,47,00500,POINT (845555.134644438 -73006.0309577466),Metro,"Nashville-Davidson--Murfreesboro--Franklin, TN Metro Area"
991,4702300,47,Tennessee,047,02300,47,02300,POINT (863542.0019148963 -106590.47167646795),Metro,"Nashville-Davidson--Murfreesboro--Franklin, TN Metro Area"
992,4702400,47,Tennessee,047,02400,47,02400,POINT (856487.7994762273 -142448.6615225108),Metro,"Nashville-Davidson--Murfreesboro--Franklin, TN Metro Area"
993,4702500,47,Tennessee,047,02500,47,02500,POINT (820153.8979418399 -109283.13879209451),Metro,"Nashville-Davidson--Murfreesboro--Franklin, TN Metro Area"
994,5310300,53,Washington,053,10300,53,10300,POINT (-1811096.5073001045 1383753.5114905215),Metro,"Wenatchee, WA Metro Area"
995,5310400,53,Washington,053,10400,53,10400,POINT (-1684664.9078774194 1429380.2688971197),Nonmetro,
996,5310100,53,Washington,053,10100,53,10100,POINT (-1887228.2197889574 1519303.5694334353),Metro,"Bellingham, WA Metro Area"
997,5500100,55,Wisconsin,055,00100,55,00100,POINT (377492.91650262923 958484.95109472),Nonmetro,
998,5500104,55,Wisconsin,055,00104,55,00104,POINT (532760.0397332468 641889.8623948998),Metro,"Madison, WI Metro Area"
999,1304000,13,Georgia,013,04000,13,04000,POINT (1282849.7615043172 -369180.9504939075),Metro,"Augusta-Richmond County, GA-SC Metro Area"
1000,1304007,13,Georgia,013,04007,13,04007,POINT (1095790.6019100703 -326953.0717414605),T34,"Atlanta-Sandy Springs-Roswell, GA Metro Area"
1001,5151000,51,Virginia,051,51000,51,51000,POINT (1400332.7134498274 105297.11551733885),Metro,"Roanoke, VA Metro Area"
1002,5151001,51,Virginia,051,51001,51,51001,POINT (1519180.668946094 191928.83683415997),Metro,"Charlottesville, VA Metro Area"
1003,4500600,45,South Carolina,045,00600,45,00600,POINT (1379968.5656293535 -263620.6657097285),Metro,"Columbia, SC Metro Area"
1004,4500606,45,South Carolina,045,00606,45,00606,POINT (1330459.9818276432 -296224.7005016987),Metro,"Columbia, SC Metro Area"
